par_nr	head	sentence
1	 Maa ja armastus 3 	 Maa ja armastus 3 
2	NA	 Arno Kasemaa 
3	NA	 Romaan 
4	 3 . 	 3 . 
5	NA	 Aastad olid läinud märkamatult ning Tagavälja Villemist oli kasvanud noormees , heledate vurruudemetega nina all ning lõual . 
5	NA	 Ainult silmad olid jäänud niisama siniseks ja nukraks , nagu kunagi lapsena , kui ta Tereesega liivaaugus mängimas käis . 
5	NA	 Ka nüüd said nad seal kokku , kuid mitte enam lühikesel lõunatunnil nagu varem , oma mängutalu ehitades , vaid õhtuti , kui päevased tööd juba tehtud olid . 
5	NA	 Ka simlit ei võtnud Villem enam liivaauku kaasa , sest ta ei mänginud teda ammu enam . 
5	NA	 Villemil oli nüüd tema lapsepõlveunistus – viiul – mida ta poognaga mängis . 
5	NA	 Kuigi Tagavälja Mari oma kõige nooremat poega haritud meheks tahtis kasvatada , ei läinud see tal ometi mitte korda . 
5	NA	 Ajad olid endiselt rasked ning talu ei toonud midagi sisse , vähemalt mitte sel määral , et poega linna kooli oleks võinud saata . 
5	NA	 Ja kui Villem juba paar aastat niisama kodus oli , polnud tal endal ka enam õiget tahtmist õppima hakata . 
5	NA	 Koolimineku asemel hakkas teda ahvatlema hoopis mereleminek . 
5	NA	 Ta tahtis võõraid tundmatuid maid näha ning raha teenida , et oleks , millega ükskord oma isiklikku elu alustada . 
5	NA	 Kui ka muud lapseea ihked ja soovid olid ununenud või olude sunnil maha maetud , siis soov Tereesega abielluda ei läinud meelest . 
5	NA	 Seda kandis ta hinges edasi . 
5	NA	 Ta oli seda endale ning Tereeselegi tõotanud ja tahtis seda ka täita . 
6	NA	 Ka Tereese polnud enam laps . 
6	NA	 Kuigi Villemist paar aastat noorem , oli ta neiuikka jõudnud varem kui teised õed . 
6	NA	 Mustlaslikult tõmmu nahaga , tumedate lokkis juuste ning suurte elavate pruunide silmadega köitis ta otsekohe kõikide tähelepanu . 
6	NA	 Ja kui külapoisid Ann-Leena pruulitud puskarit käisid joomas ning vintis peaga saunakaldas lillutasid , ei pannud nad teisi Vaherpõllu tüdrukuid tähelegi , vaid püüdsid aina Tereesega naljatada , sest teist niisugust prinki iludust polnud ei Kivinõmme ega ka Väliku külas . 
6	NA	 Kuid Tereese lükkas kõikide lähenemiskatsed tagasi , sest temal oli südames heledapäine Tagavälja Villem , kes teda juba lapsena naiseks oli lubanud võtta . 
6	NA	 Villem polnud nii nagu teised külapoisid , kes kahekesi jäädes otsekohe ligi tikkusid ja suudelda tahtsid . 
6	NA	 Temaga võis Tereese terve õhtu liivaaugu kaldal lamedal kivil istuda , ilma et Villem midagi lubamatut oleks üritanud . 
6	NA	 Tereese oleks vahel isegi tahtnud , et Villem teda pisutki teiste poiste moodi oleks kohelnud , sest ta tundis temaga kõrvuti istudes tihti imelikku pakitsevat rahutust endas , mis sundis poisile ligi liibuma . 
6	NA	 Kuid Villem vist ei taibanud seda , sest miks ta muidu Tereesesse suhtus , nagu oleksid nad ikka alles lapsed , kes liivaaugus kunagi mängutalu ehitasid . 
6	NA	 Tõsi küll , ka Villem võttis teda mõnikord oma sülle istuma ning suudleski , kuid see polnud ikkagi see , mida Tereese ihkas . 
6	NA	 Ta oleks tahtnud midagi enamat , mis teda oleks erutanud , südame kiiremini põksuma pannud ja keha kuumaks kütnud . 
6	NA	 Kuid siiski oli Villemiga kahekesi kangesti hea olla . 
6	NA	 Ta oli ainuke , keda Tereese ei kartnud ning ka ainuke , kes teda ei vihanud . 
6	NA	 Maast madalast oli ta pidanud teisi inimesi pelgama , sest kodus vihkasid teda kõik . 
6	NA	 Seepärast ta Villemisse nii sügavalt kiinduski . 
6	NA	 Villem oli talle nagu mingi kants , tugi või varjupaik . 
6	NA	 Villemis ei kahelnud ta kunagi . 
6	NA	 Kõik see , mis tuli temalt , oli hea ja õiglane . 
6	NA	 Temalt sai ta nagu elamiseks jõudu . 
6	NA	 Kuid enam ei leidnud ta temaga kohtumisest täit rahuldust . 
6	NA	 Kusagil alateadvuses pakitses midagi , mis otsis väljapääsu , kihutas tagant kusagile minema , midagi nimetut otsima , seda , mida ta Villemi juurest ei leidnud . 
6	NA	 Ja see tegi Tereese meeletuks , tegi ta rahutuks , tihti isegi tigedaks ja tõrksaks . 
6	NA	 Ta teadis vähe mehe ja naise vahelistest suhetest . 
6	NA	 Ta ei olnud sellel teemal kunagi endast vanemate õdedega vestelnud , sest Vaherpõllul ei olnud kombeks üksteise ees oma südant avada . 
6	NA	 Kaksikõde Leonooregi oli Tereesele võõras . 
6	NA	 Õde suhtles ainult emaga ning kandis Tereese peale keelt ja kui Tereese seda Leonoorele kord ette heitis ning juustest sakutas , kaebas õde ka selle emale ära ning Ann-Leena uhmerdas Tereese tagumiku selle eest rihmaga läbi . 
6	NA	 Tereese vihkas võrdselt nii ema kui ka Leonooret . 
6	NA	 Ja nõnda kasvasid Vaherpõllul kõik lapsed omaette , üksteist mõistmata , üksteist armastamata , üksteise hädadele kaasa tundmata , nagu polekski nad ühe ema ja isa lapsed . 
6	NA	 Aina pidid nad ennast küünte ja hammastega tugevamate vägivalla ja ülekohtu vastu kaitsma , sest Vaherpõllul ei saanud muidu läbi . 
6	NA	 Miks see nõnda oli , vaevalt et selle üle keegi pead murdis , õigemini – pead murda oskaski . 
6	NA	 Seal lihtsalt elati ilma armastuseta , üksteist vihates ja see oligi kõik . 
6	NA	 Võib-olla oli selles süüdi Vaherpõllu ise oma kiviste ja liivaste põldudega , mis ei olnud helde oma harijaile , võib-olla sünge ja tume , rändrahne täis Kivimäe kuusik , kus südasuvelgi oli niiske ja pime , aga võib-olla olid süüdi ka Vaherpõllu inimesed ise , kellel oli rinnus kalk ja kõva süda , mis ei lasknud neil oma lapsi armastada . 
6	NA	 Mornid ja sünged olid Vaherpõllu inimeste näod , sõnatult möödusid nad üksteisest , noor ja lustakas meel oli nendele võõras . 
6	NA	 Vaherpõllul elas igaüks oma elu , tegeles oma mõtete ja tunnetega , ilma et oleks kedagi teist oma südameasjadesse pühendanud . 
6	NA	 Vaherpõllu ei olnud helde oma lastele . 
6	NA	 Ta nõudis rohkem kui andis ja seepärast kippusid nad aina laia maailma . 
6	NA	 Aliide ja Elviira olid juba läinud , äraminekust rääkisid omavahel ka Leo ja Volli . 
6	NA	 Mõlemad tüdrukud lahkusid kodunt , ilma et oleksid oma minekust eelnevalt kellelegi sõnakestki lausunud . 
6	NA	 Nad läksid salaja , jumalaga jätmata , nagu lahkutakse mingist juhuslikust võõrastemajast , kus on vaid ajutine eluase . 
6	NA	 Ei teadnud õed-vennad , ei teadnud ema ja isa , kuhu nad läksid või millega tegelesid . 
6	NA	 Mahajääjad ei kurtnud neid taga , ei võtnud kordagi nende nime hiljem suhu ega muretsenud nende käekäigu pärast . 
6	NA	 Samuti ei oodanud keegi neid tagasi . 
6	NA	 Võib-olla et Vaherpõllu Ann-Leena oma südames lapsi taga igatses , kuid seda ei saanud keegi kunagi teada , sest tema kramplikult kinnipigistatud suu ning tigedalt vilkuvad silmad ei reetnud tema sisemaailmast midagi . 
6	NA	 Kiiresti toimetas ta hommikust õhtuni toa , lauda ja aida vahet , tõi allikast vett , askeldas loomadega ning valmistas perele süüa . 
6	NA	 Kunagi ei kurtnud ta , et ta tööd tehes väsis , keegi ei teadnud , et ta kunagi oleks olnud haige , ja keegi ei näinud teda ka voodis pikutamas , sest ta oli hommikul esimene ja õhtul viimane . 
6	NA	 Seepärast jäi lastele mulje , et ema kunagi ei magagi . 
7	NA	 Oli karge kevadeõhtu . 
7	NA	 Päike oli laskunud silmapiiri taha ja punane veretav laik teisel pool jõge Paalipere kõrge kuusiku kohal näitas , kuhu ta oli kadunud . 
7	NA	 Tereese ja Villem istusid liivaaugu kaldal laial kivil . 
7	NA	 Siia tulid nad ikka , nii kaua kui nad mäletasid . 
7	NA	 Villemi päevitunud nägu oli mehistunud , esimest korda pani Tereese seda tähele . 
7	NA	 Ka liivaauk , kus alles mõni aasta tagasi asus Villemi suur talumajapidamine hoonete , karjatara , keldri ning õunaaiaga , oli märkamatult rohtunud . 
7	NA	 Praegu kasvas selle kohal juba küünrapikkune vaher . 
7	NA	 Kõik oli toimunud nagu üleöö , ilma et kumbki seda tähele oleks pannud . 
7	NA	 Jah , enam ei olnud nad lapsed . 
7	NA	 Villem oli juba kaheksateist ning kavatses suveks merele minna . 
7	NA	 Kunagi , aastaid tagasi , oli ta lubanud Tereese naiseks võtta ja ta tahtis oma lubadust täita , enne aga laeval raha teenida ning siis Tereesega abielluda . 
7	NA	 Seda ta täna õhtul ütlema tuligi . 
7	NA	 Aga millegipärast oli tal raske sellest rääkima hakata . 
7	NA	 Ta teadis , et tema minekuplaan Tereesele ei meeldinud , ja seepärast ei saanudki ta alustada . 
7	NA	 Kuid ta pidi , sest juba nädala pärast lahkub ta kodunt ning sõidab Tallinnasse , nii oli kapteniga kokkulepe. Villem võttis tüdruku kevadistest tuultest pisut kareda käe ning vaatas talle silma . 
7	NA	 Tereese pani tähele , et Villemi silmad olid ikka samasugused nagu kunagi aastate eest . 
7	NA	 Niisama sinised ja põhjatud nagu kevadine kõrge taevas . 
7	NA	 Kui ka kõik muu oli muutunud , siis silmad olid jäänud samaks . 
7	NA	 Tereese oli neid silmi ikka imetlenud , sest ühelgi teisel ei olnud selliseid . 
7	NA	" "" Tereese , "" alustas Villem tasa , peaaegu sosinal : "" Ma sõidan nädala pärast ära , Tallinnasse , lähen suveks laevale . "
7	NA	" Seda ma sulle ütlema tulingi . "" "
7	NA	 Tereese vaatas oma kõrval istuvale poisile otsa , nagu ei saaks ta aru , mis talle praegu öeldi . 
7	NA	 Tegelikult polnudki see enam mingi uudis , sest sellest minekust oli juba varemgi juttu olnud , aga et Villem seda praegu nii ootamatult ütles , pani see teda jahmatama . 
7	NA	 Ja korraga oli Tereesel tunne , et keegi nagu lõikas järsku neid ühendavad sidemed jõhkralt ja hoolimatult läbi ning lahutab nad ära . 
7	NA	 Juba lapsepõlvest peale , nii kaugele kui kumbki neist mäletas , olid nad koos . 
7	NA	 Nad olid sedavõrd teineteisega seotud , et ei kujutanud elu ette ilma teineteist nägemata , ilma teineteisega kokku saamata . 
7	NA	 Lapsepõlve sõprusest oli märkamatult saanud armastus , puhas ja kirgas armastus , millist võivad tunda ainult väga noored inimesed , kes ise on veel siirad , puhtad , süütud ja rikkumata . 
7	NA	 Ja nüüd peavad nad teineteisest lahku minema terveks pikaks suveks . 
7	NA	 Tereese arvates oli see lausa kohutav . 
7	NA	 Tereese nihutas enda poisile veelgi lähemale ning põimis oma käed ümber Villemi päevitunud kaela . 
7	NA	" "" Villem , kui kallis sa mulle oled . "" "
7	NA	" – "" Sina mulle samuti , "" sosistas poiss . "
7	NA	 Ja esimest korda ühinesid nende huuled armastava mehe ja naise suudluseks . 
7	NA	 Nad olid varemgi suudelnud , kuid mitte kunagi nii nagu praegu . 
7	NA	 Ikka oli see olnud nagu naljaga pooleks , pigem laste mäng . 
7	NA	 Täna aga tundsid mõlemad , et mäng on lõppenud ja nad on noor naine ja noor mees , kes teineteist ihaldavad . 
7	NA	 Eriti selgesti tajus seda Tereese . 
7	NA	 Seepärast tundus ka Villemi minek terveks suveks nii talumatult raske . 
7	NA	" "" Villem , kallis , ära mine , ära jäta mind üksinda . "
7	NA	" Ma kardan , "" halises Tereese ja võttis poisil kaela ümbert veelgi tugevamini kinni . "
7	NA	" "" Miks sa kardad ? "
7	NA	 Keda ? 
7	NA	" Kas minu pärast ? "" – "" Ei , enda pärast . "
7	NA	 Kas ma suudan sind oodata , kuni sa tagasi tuled . 
7	NA	" Ma mõtlen , ausana oodata , nii nagu praegu , kui sind enam minu kõrval ei ole . "" "
7	NA	" – "" Aga sa ju armastad mind ? "" vastas Villem , kes ei suutnud taibata , miks Tereese enda pärast kartis . "
7	NA	" "" Armastan , kuid ikkagi kardan . "
7	NA	 Ma ei ole nii tugev kui sina , kes endast võitu saab , kui ainult tahab . 
7	NA	 Villem , kallis , mõtle veel järele , enne kui lähed . 
7	NA	 Sa tuled ju alles sügisel , sinna on nii palju päevi . 
7	NA	 Ma ei jaksa sind nii kaua oodata , väsin enne ära . 
7	NA	" Mis siis saab ? "" – "" Aga mina ei väsi , "" vastas Villem ja vaatas tüdruku tumedatesse silmadesse , milles peegeldus tõsine hirm . "
7	NA	 Kuidas ka Tereese Villemit veenda ei püüdnud , jäi poiss oma otsuse juurde kindlaks . 
7	NA	 Tema läheb merele , teenib raha ning tuleb siis Tereeset kosima . 
7	NA	 Nii on ta ka oma vanematele lubanud ja ta ei muuda seda . 
7	NA	 Isegi uue viiuli lubas välismaalt kaasa tuua . 
7	NA	 Kuid Tereeset ei lohutanud miski . 
7	NA	 Tema tahtis , et Villem jääks , oleks tema kõrval , sest siis ei karda ta kedagi ega midagi . 
7	NA	 Kaua istusid nad liivaaugu kaldal laial kivil karges kevadöös ning suudlesid ja kallistasid . 
7	NA	 Tereese otse põles poisi järele , kuid Villem ei läinud lubatud piiridest kaugemale . 
7	NA	 Seda aga ei mõistnud Tereese . 
7	NA	 Kuidas suutis poiss ennast niimoodi vaos hoida , kuigi ta tüdrukut armastas . 
7	NA	 Kui Tereese lõpuks tuppa läks ja voodisse heitis , puhkes ta nutma . 
7	NA	 Ta surus oma kuuma , õhetava näo patja ning nuttis kaua ja lohutamatult , isegi teadmata , miks . 
7	NA	 Ta oleks tahtnud juba täna õhtul Villemi omaks saada , kuid noormees tegi , nagu ei märkakski ta seda . 
7	NA	 Võib-olla ei tunne ta hiljem enam kunagi midagi niisugust poisi vastu nagu praegu . 
7	NA	 Ja Tereesel oli sellest hirmsasti kahju . 
7	NA	 Ehk ei olegi Villem talle sügisel enam nii armas kui täna õhtul . 
7	NA	 Niisuguste mõtetega Tereese lõpuks uinuski . 
8	NA	 Kui Umboja Juku meheikka jõudis , hakkas vanemaid , eriti aga ema , vaevama poja naisevõtu küsimus . 
8	NA	 Kuigi Juku oli juba kahekümnene , ei olnud Almiira veel märganud , et poiss ühegi tütarlapse vastu huvi oleks tundnud , rääkimata mingist lähenemiskatsest . 
8	NA	 See täitis ema südame murega . 
8	NA	 Ei võinud ju ometi lubada , et Umboja ükskord võhivõõraste inimeste kätte läheb . 
8	NA	 Seepärast oli vaja pojale naist , kes talle lapsi sünnitab . 
8	NA	 Kui ema Jukuga sel teemal kõnelust püüdis alustada , vedas poiss oma suumulgu totrale irvitusele ning saatis ema pikemalt mõtlemata sinna , kuhu keegi ei lähe . 
8	NA	 Poiss käitus üldse veidralt , mis emale põrmugi ei meeldinud . 
8	NA	 Ta oleks tahtnud poega näha tarmuka töömehena , kellest tulevikus Umboja vääriline peremees saaks , mitte niisugune uimupea , laisk ja naistega ümberajaja nagu vana Mihkel . 
8	NA	 Kuid Juku paistis olevat isast veelgi armetum . 
8	NA	 Peale lorilaulude meisterdamise ei tundnud ta millegi muu vastu huvi . 
8	NA	 Aina hulkus küla mööda , jorises oma roppe laule , naerust rõkkav poistekari järel , ning tegi muidki lollusi . 
8	NA	 Kunagi ei võinud kindel olla , et ta mõne tobedusega hakkama ei saa . 
8	NA	 Igasugusest tööst hoidis ta kõrvale . 
8	NA	 Seepärast otsustas siis ka ema pojale naise ära võtta , kuna ta nägi , et poiss sellega ise hakkama ei saa . 
8	NA	 Aga kuidas ka nutikas Almiira ei pingutanud , ei tahtnud poja naisevõtust mitte kuidagi asja saada . 
8	NA	 Kõik vähegi ema arust sobivad tüdrukud ütlesid otsekohe ära ega teinud Jukust enam väljagi , kui selgus , et tal naisevõtu mõtted peas mõlguvad . 
8	NA	 Ei aidanud ka rohked kingitused . 
8	NA	 Need võeti küll vastu , kuid muus asjas olid neiud tohmaka poisi lähenemiskatsetele järeleandmatud . 
8	NA	 Lõpuks jäi Almiira pilk peatuma Putkala Loona õel , lapsega tüdrukul – Ainal . 
8	NA	 Arukese poolest ei paistnud sohkiläinud Aina eriti hiilgavat . 
8	NA	 Ehk ei märka , et Juku on pisut metsa poole . 
8	NA	 Seda viimast oli nüüd sunnitud ka poisi lihane ema tunnistama , kuigi ainult iseenda ees . 
8	NA	 Aina kallal hakkaski nüüd Almiira ääri-veeri oma misjonitööd tegema . 
8	NA	 Paistis , et tüdruk oli asjaga enam-vähem päri . 
8	NA	 Nüüd aga põrkas kosjasobitaja täiesti ootamatu takistuse vastu , mida ta varem ei osanud ette näha . 
8	NA	 Poisist endast polnud asja . 
8	NA	 Aja peale kuidas tahad , poiss tüdrukule ligi ei lähe . 
8	NA	 Juku ei andnud Ainale mitte näolegi , rääkimata millestki enamast . 
8	NA	 Almiira oli meeleheitel . 
8	NA	 Kuid nagu ütleb vanasõna : kus häda kõige suurem , seal abi kõige lähem . 
8	NA	 Äpardustest segadusse sattunud Almiira rääkis asjast oma mehele . 
8	NA	 Mihkel nohises tükk aega ega lausunud sõnagi , siis vedas oma kõvera , veerandkuud meenutava suumulgu laiale muigele ning mügistas naerda , mille tähendust naine ei mõistnud . 
8	NA	" Lõpuks lausus : "" Kui plika poisist ära jääks , oleks asi otsustatud . "
8	NA	" Kuhu ta kahe sohilapsega ikka läheb . "" "
8	NA	 Selle mõttega oli ka ema paugupealt päri . 
8	NA	 Aga kuidas asja ikkagi niikaugele viia , et laps tulema hakkaks , sellele ei leidnud Almiira lahendust , sest poiss kartis tüdrukut nagu vanakurat välku ega läinud talle ligigi . 
8	NA	 Järsku jäi nutika Almiira pilk peatuma oma mehel , Mihklil . 
8	NA	" "" On see nüüd nii tähtis , et plika jääb ära Jukust endast . "
8	NA	" Peaasi , et see oleks oma pere meeste teost , "" arvas ta lõpuks ning sihtis Mihkli vesihallidesse silmadesse . "
8	NA	 Almiira tundis oma mehe võimsust ja vägevust ning leidis selle kaudu tekkinud ummikolukorras ainukese kindlalt sihile viiva pääsetee . 
8	NA	 Ju vist esimest korda nende abielu jooksul tabas mees paugupealt ära naise mõistu öeldud nappide sõnade geniaalse mõtte , sest abikaasad vahetasid teineteisega mõistva pilgu ja sellega oli asi otsustatud . 
8	NA	 Naiste suhtes rohkete ning asjalikkude kogemustega Mihkel võttis asja käsile ja teatas kuu aja pärast naisele , et kõik on korraldatud , ning andis käima peal pruudi pojale üle . 
8	NA	 Ei tea mis imeväel suutis aga tragi Aina ise asja niikaugele viia , et Juku isa teo ja tegemise veel kergelt üle käis ja Umbojal oligi külarahva suureks imestuseks minia majas . 
8	NA	 Kui aga maimukene lõpuks isa ja poja ühisest teost ilmale tuli , selgus , et ta oli nagu vana Mihkli enda suust kukkunud . 
8	NA	 Seda märkas isegi Almiira suure kohkumisega . 
8	NA	" Esimene mõte , mida ta lapsukest silmitsedes mõtles , oli : "" Mis nüüd külarahvas ütleb . "" "
8	NA	 Kuid külarahvas ei öelnud midagi , sest kõik olid juba sellega harjunud , et Umbojal asju veidralt aeti , oli see siis töö või mõni muu ettevõtmine . 
8	NA	" Ja kui siis mõnel teiselgi külas mingi äpardus juhtus , öeldi naljatades : "" See ju nagu vana Umboja Mihkel , ei saa millestki aru . "" "
8	NA	 Seepärast ei pandud siis ka Kõverkaela-Juku isevärki paariminekut käima peal Putkala Ainaga eriti suure kella külge . 
9	NA	 Oli tuuline ja kõle kevadpäev , kui Villem ära sõitis . 
9	NA	 Tereese ahastas , sest tal oli tunne , et Villem sõidab ära igaveseks . 
9	NA	 Kuigi poiss teda igati lohutada püüdis , ei aidanud see midagi . 
9	NA	" "" Ma nagu tunnen ette , et see on mu esimene ja viimane armastus . "
9	NA	" Nii nagu sind , ei armasta ma enam kedagi teist , "" nuuksus Tereese , käsi Villemi peos . "
9	NA	" "" Miks sa endale niisugust asja püüad sisendada ? "" – "" Ma ei sisenda , see tuleb iseenesest . "
9	NA	 Sa ei tea , kuidas mind kodus on vihatud . 
9	NA	 Aina olen ma pidanud ennast kõikide vastu kaitsma , et nad mind maha ei murraks , nagu metsloom , küüned väljapoole . 
9	NA	 Sina oled ainuke , kes mind inimesena kohtles . 
9	NA	 Sinult sain nagu jõudu elamiseks . 
9	NA	" Ja nüüd , kus ma sellest toest ilma jään , olen ma täiesti üksi . "" "
9	NA	" – "" Ära nüüd ikka nõnda . "
9	NA	 Ma tulen ju tagasi . 
9	NA	 Pikk see suvi siis nüüd on . 
9	NA	 Ainult see mõni kuu . 
9	NA	" Selle kannatad ära , "" püüdis Villem lohutada . "
9	NA	 Tereese tõstis Villemi käe ja surus selle tugevasti oma kuuma põse vastu ning vaatas enda ees seisvale poisile silma . 
9	NA	" "" Kui ma ainult suudaksin sind nii puhtana oodata , nagu praegu olen , muud ma ei mõtlegi . "" "
9	NA	" – "" Mina küll ootan , oota sina samuti . "" "
9	NA	 Buss sõitis ette , Villem astus oma sumadaniga peale ja läks . 
9	NA	 Veel tükk aega seisis Tereese Kivinõmme bussipeatuses , enne kui minema hakkas . 
9	NA	 Veel palju aastaid hiljem mõtles ta sellele külmale ja kõledale kevadpäevale , mis sai tema edaspidisele elule nagu mingiks pöördepunktiks . 
9	NA	 Sellest päevast alates hakkas ta kokku puutuma karmi ja halastamatu elu kõigi varjukülgedega . 
10	NA	 Pärast Villemi lahkumist ei osanud Tereese enam kuidagi olla . 
10	NA	 Ei istunud enam töö ega miski muu . 
10	NA	 Õhtuti hiilis ta toast välja ning istus liivaaugu kaldale lamedale kivile , kus ta Villemiga oli istunud . 
10	NA	 Kuid see ei lohutanud teda enam . 
10	NA	 Ta oleks tahtnud midagi muud , midagi enamat , ta isegi ei teadnud , mida . 
10	NA	 Siin liivaaugus olid ainult mälestused , kuid nendest ei jätkunud kogu elueaks , ei piisa võib-olla selleks suvekski mitte . 
10	NA	 Nii nagu liivaauk ise kippus rohtuma , nõnda hakkasid mälestusedki tuhmuma , pikkamisi , kuid järjekindlalt . 
10	NA	 Ta polnud enam laps , vaid täiskasvanud neiu ning võrreldes teiste õdedega nagu liiga ruttu küpsenud tütarlaps . 
10	NA	 Oma kaksikõega ei saanud teda mitte võrreldagi , sest Leonoore oli alles tita . 
10	NA	 Ema sallimatus Tereese vastu näis kasvavat iga päevaga . 
10	NA	 Teda häiris , et Tereese oma arengus Leonoorest , tema lemmiktütrest , ette jõudis . 
10	NA	 Ta oleks meelsasti ka Leonooret näinud jumeka , õitsva neiuna , mitte aga sellisena , nagu ta praegu oli . 
10	NA	 Kõhn ja kahvatu näoga , alatasa kõhuvalu kaebav , punaseid vistrikke täis kapriisne plika , kelle luise keha juures polnud märgata veel ainsatki neiuks saamise märki . 
10	NA	" "" Mis sul ometi on , justkui kurjast vaimust ära tehtud , ei kosu ega kasva , "" tusendas Ann-Leena , kui Leonoore taas oma ihuhäda üle kaebas . "
10	NA	" "" Söö rohkem , ehk võtad siis natukenegi varju peale . "
10	NA	" Joo lüpsisooja piima ja söö linnumagusat värske leivaga , vaata siis , kuidas kosuma hakkad . "" "
10	NA	 Kuid Leonoore ei võtnud kärjemett suu sissegi ning ka lüpsisooja piima ta ei tahtnud , ajas südame läikima . 
10	NA	 Ja jälle mõtles Vaherpõllu Ann-Leena kibedusega , et küllap see hädine ja kurnatud ihuga plika on tema kunagise patu palk , niisama nagu Tereesegi , kes oleks nagu Lagenõmme Kusti teisik , särtsakas ja jumekas , priskust ning elujõudu täis . 
10	NA	 Küllap hakkab poisse vahtima varem kui vaja , alailma istus selle Tagavälja poolearulise pillivingutajaga kalda otsas kivi peal . 
10	NA	 Õnn , et see linapea kodunt ära läks , jääb ehk tüdruk enneaegu solgutamata . 
10	NA	 Ann-Leena ohkas , kui ta oma lastele mõtles . 
10	NA	 Jah , kui sul pole endal õiget meest , siis ei ole ka lastest midagi head loota . 
10	NA	 Aliide hakkas juba plikast peale litsi lööma ja mehi taga ajama . 
10	NA	 Niikaua tõmbas , kui sai väntsiku kaela . 
10	NA	 Hea , et ta selle värdja ära kägistas , kes teda oleks kasvatanud . 
10	NA	 Maiel pole nagu eluvaimu sees olemaski , käib mööda palvetundisid , käed ristis , silmad taeva poole pahupidi , hüüab jumalat appi , nagu oleks tal maa peal mingi häda kallal , millest lahti tahab saada . 
10	NA	 Muust ei räägigi , kui patust pööramisest . 
10	NA	 Ei tea , kust ta niisugused lollid mõtted on võtnud . 
10	NA	 Mis pattu võiks nii noorel plikal juba hinge peal olla , et sellepärast alatasa vinguma peaks , küüned püsti , silmad valged nagu kooljal . 
10	NA	 Elviira läks linna , kes teab , millist elu seegi seal elab . 
10	NA	 Leod , seda pole rääkidagi , taarutab ühelt simmanilt teisele , puskaripudel taskus , puss saapasääres . 
10	NA	 Kui põllule tööle läheb , siis rohkem magab peenra ääres , perse püsti , kui tööd teeb . 
10	NA	 Tige ka , kuraasi täis veel pealegi . 
10	NA	 Kui suutäie samagonni ära võtab , on aru kadunud . 
10	NA	 Tikub Jürilegi rindu kinni , emast rääkimata . 
10	NA	 Vaata , et pussi kõrisse ei torka , kui joobnud peaga koju tuleb . 
10	NA	 Ja mis sest Vollistki paremat loota on , kui Leoga alatasa kaasas jõlgub . 
10	NA	 Pikad näpud veel pealekauba . 
10	NA	 Aga mine sa keelama , saad sõnu nii , et ole mees ja kuula ära , mis nad sulle kõik nina peale laovad . 
10	NA	 Nõnda oma lapsi arutades jõudis Vaherpõllu Ann-Leena järeldusele , et laste hoolele ja abile vanaduspäevil loota ei maksa . 
10	NA	 Pole neist ühtegi , kellest vanematele tuge oleks . 
11	NA	 Nõnda käis Tereese noruspäi ning leinas oma südames Tagavälja Villemit taga . 
11	NA	 Õhtul voodisse minnes oli viimane mõte temast , hommikul ärgates esimene . 
11	NA	 Isegi öösel kiusasid unenäod teda kallimaga . 
11	NA	" See aina suurendas igatsust , nii et lõpuks õrna ja tundliku hingega Maiegi seda märkas ning küsis : "" Mis sul viga on , Tereese , kõnnid nagu haige , veekalkvel silmad maas ? "" – "" Pole mul häda midagi . "" "
11	NA	" – "" On , on , ei sa mind petta saa . "" "
11	NA	 Tereese oli tükk aega vait ega teadnud , kas Maiele tõtt rääkida või mitte . 
11	NA	" Lõpuks lausus : "" See on Villemi pärast . "
11	NA	 Läks merele ja ei tule enne kui sügisel . 
11	NA	" Ma kardan , et ei jõua ära oodata . "" "
11	NA	 Maie mõtles natuke , siis elavnesid järsku ta vesihallid silmad , nagu oleks seal nähtamatu tuluke süttinud . 
11	NA	" Ta võttis Tereese käe ja ütles : "" Tule meie keskele , palvetundi . "
11	NA	 Sealt saad tuge ja kinnitust , nii et kuri kiusama ei pääse . 
11	NA	" See annab jõudu . "" "
11	NA	" – "" Palvetundi ! "
11	NA	" Ei ma sinna tule . "" "
11	NA	" – "" Tule ikka . "
11	NA	 Vend Juljus oskab nii ilusasti rääkida . 
11	NA	 Süda kohe sulab sees . 
11	NA	 Seal on palju sinusuguseid , kes endas kahtlevad . 
11	NA	 Isegi Raiesmiku tüdrukud , need lapsetapjad , käivad seal . 
11	NA	 Jumal annab kõik patud andeks , kui hästi paluda oskad . 
11	NA	" Vend Juljus ütles . "" "
11	NA	" – "" Võib-olla et ma tõesti tulen ükskord , vaatan , kuidas seal on . "
11	NA	" Aga kui mulle seal ei meeldi , siis ma teinekord enam ei tule . "" "
11	NA	" – "" Ega me seal ainult ei palveta , laulame ka . "
11	NA	" Vend Juljus ja Tingu Liine mängivad pilli , teised laulavad . "" "
11	NA	 Nüüd jäi Tereese nõusse , sest kui see vend niisama ilusasti pilli oskab mängida kui Tagavälja Villem , siis tasub juba sellepärast palvetunnist osa võtta . 
11	NA	 Ja kui hing ka seal kosutust leiab , nagu Maie ütles , on kasu kahekordne . 
11	NA	 Kui Maie nädala pärast ennast palvetundi minema seadis , läks Tereese kaasa . 
12	NA	 Allika kõrgesti koolitatud perepreili oli segaduses . 
12	NA	 Sulane oli viinud ta hingerahu ja see tegi Manda tigedaks . 
12	NA	 Kui tal ometi avaneks võimalus sulasele midagi niisugust öelda , mis teda hingepõhjani solvaks , selle adrataguse tiibu kärbiks , võib-olla saaks ta siis oma südamerahu tagasi . 
12	NA	 Ta oli paljude noormeestega flirtinud , kuid ükski neist ei suutnud teda sel määral erutada , et ta nendele hiljem oleks mõelnud . 
12	NA	 Allika talu sulasega polnud tal aga midagi enamat kui vaid paar-kolm juhuslikku kokkusattumist jõeäärsel heinamaal ja juba oligi tema sisemine tasakaal häiritud . 
12	NA	 Kui tegemist oleks olnud mõne haritud noormehega või vähemalt jõuka ja lugupeetud perepojagagi , kellega tutvumine poleks nõnda alandav , võib-olla oleks Manda tundnud sellest head meeltki , aga see mees oli ainult Allika sulane , Vainu Harald . 
12	NA	 Mis siis , kui ka Harald seda lõpuks märkab , et peretütar tema vastu ükskõikne ei suuda olla . 
12	NA	 Kus selle häbi ots , kui see mats järsku temale , peenele haritud preilile läheneda püüab . 
12	NA	 Mine sa rumalat tea , milliseid mõtteid peas mõlgutab . 
12	NA	 Ta püüdis Haraldiga kohtumisi vältida , kuid nagu kiuste sattus sulane talle teele ette just seal , kus ta teda kõige vähem lootis näha . 
12	NA	 Mandale ei jäänud märkamata irooniline muie sulase näol , kui ta teda teretas . 
12	NA	 Paksude tumedate kulmukaarte järsk tõus rohekashallide suurte silmade kohal ajas Manda iga kord vihale . 
12	NA	" "" Miks te mind niisuguse imeliku pilguga vaatate ? "" küsis ta kord , kui sulane talle , hobused käekõrval , põlluvaheteel vastu juhtus . "
12	NA	" "" Mulle ei meeldi see . "" "
12	NA	" – "" Kas minu pilk solvab teid ? "" "
12	NA	 Haraldi toonis oli midagi teravat . 
12	NA	" "" Jaa . "" "
12	NA	" – "" Ärge siis liikuge seal , kus mina . "
12	NA	" Teie võite oma marsruuti jalutuskäikudeks valida , mina mitte . "" "
12	NA	 Ütles ning astus edasi . 
12	NA	 Jälle oli Manda solvunud . 
12	NA	 Et tal ka parajal momendil sobiv vastus keelele ei tulnud . 
12	NA	 Just praegu oli ta lasknud heal juhusel käest libiseda ja Mandal oli sellest tuline kahju . 
12	NA	 Kuid juhus viis neid peagi taas kokku . 
13	NA	 Manda ainukeseks kasulikuks ja ühtlasi ka meelistegevuseks oli seenelkäimine . 
13	NA	 Mitte sellepärast , et ta neid ise väga süüa oleks armastanud . 
13	NA	 Ta vaevalt maitses seeni , kui ema need valmis tegi ning lauale andis . 
13	NA	 Manda käis seenel sellepärast , et talle meeldis neid korjata . 
13	NA	 Eriti armsad olid Umboja jõe kõrgel liivakaldal männimetsa all tumepruunid puravikud ning tihedas kuusikus siiruviirulised kuuseriisikad . 
13	NA	 Seepärast siis hülgaski Allika peen perepreili suve teisel poolel vahel terveteks päevadeks umbse ärklitoa , hulkus metsi ning heinamaid pidi ja korjas seeni . 
13	NA	 Kord leidis Manda karjakoplis vana haopinu asemel suure platsi imeilusaid sirmikuid . 
13	NA	 Ta oli seentest nii võlutud , et unustas täiesti ümbruse ega märganudki , et lambakari tema selja taha oli tulnud . 
13	NA	 Ja kui ta seened korjatud sai ning ümber pööras , seisis ta oma suureks ehmatuseks silm silma vastu suure oinaga , kes teda üksisilmi põrnitses . 
13	NA	 Manda jahmus ja kiljatas . 
13	NA	 Oina ninasõõrmed värisesid ning Manda pani tähele , et tal olid imelikud roosad silmad heledate ripsmetega . 
13	NA	 Ta oli kuulnud , et oinad võivad mõnikord tigedad olla ning inimesigi rünnata . 
13	NA	 Oinas lõi esijalaga vastu maad ning langetas pea , nagu kavatseks ta perepreilile kallale karata . 
13	NA	 Manda jättis seenekorvi ning pistis jooksma , oinas tema kannul . 
13	NA	 Korraga kostis üsna peretütre lähedal kellegi lõbus naer . 
13	NA	 Manda jahmus ning seisatas momendiks . 
13	NA	 Aia ääres seisis Harald , kirves ning naelakast käes , ja naeris kõige muretuma inimese kombel . 
13	NA	 Manda vihastas . 
13	NA	 Kuidas võis see mühakas praegu nõnda lõbusalt naerda , kui tema surmahirmus kõigest väest oina eest jooksis , nii et isegi seenekorv ilusate sirmikutega võsa äärde ununes . 
13	NA	" "" Tulge appi ! "" kiljus peretütar , hirmu pärast näost kaame , sest nüüdsama võttis oinas taganedes hoogu ning tormas nagu marutuul peale . "
13	NA	 Viimasel silmapilgul kargas Manda kõrvale , kuid komistas ning kukkus pikali . 
13	NA	 Vihane oinas , ninasõõrmed puhevil , kargas temast mööda . 
13	NA	 Harald haaras aiast kuuskise roika ning jooksis perepreilile appi , sest oinas , vihane oma äsjasest äpardusest , kavatses peretütart ilmselt uuesti rünnata . 
13	NA	 Harald virutas täiest jõust raevusele loomale , kuid see ainult seisatas ega taganenud sammugi . 
13	NA	" "" Tõuske üles ja minge teisele poole aeda , "" hüüdis ta Mandale . "
13	NA	" "" Ma ei saa , olen vist jala välja väänanud , "" hädaldas perepreili , kuid ajas enda siiski püsti . "
13	NA	 Harald jagas oinale hoope , kuid see seisis notina paigal , nagu oleks teibaga tümitamine talle niivõrd meeltmööda , et ei raatsinud paigastki liikuda . 
13	NA	 Kuuskine teivas murdus tükkideks , kuid oinas ei teinud väljagi . 
13	NA	 Ta silmad valgusid verd täis , kuid ära ta ei läinud . 
13	NA	 Ja Harald jättis vihase looma ning tõttas Mandale appi , kes pikkamööda aia poole komberdas . 
13	NA	" "" Kas ma tohin teid aidata ? "" küsis ta , kui oli perepreilile järele jõudnud . "
13	NA	" "" Saan isegi hakkama , "" vastas Manda nipsakalt ning lonkas edasi . "
13	NA	" "" Ma olen teie peale rohkem vihane kui oina peale , "" ütles Manda lõpuks ja seisatas . "
13	NA	" "" Miks ? "" imestas sulane . "
13	NA	" "" Miks te minu üle naerate ! "
13	NA	 Teil on üldse kombeks teiste inimeste üle irvitada . 
13	NA	" Ma ei tea kas kõikide , aga minu üle küll . "" "
13	NA	" – "" Ma naeran ainult nende üle , kes on teistmoodi kui teised inimesed . "" "
13	NA	" – "" Kas mina olen teie arvates üks nendest ? "" – "" Muidugi . "" "
13	NA	" – "" Kuidas ? "" – "" No näiteks kas või sellegi poolest , et te oina eest ära jooksete . "" "
13	NA	" – "" Aga mulle tuli hirm peale . "
13	NA	" Nägite ju , kuidas ta hoogu võttis , et mulle virutada . "" "
13	NA	" – "" Mis sest , aga ikkagi oli see naljakas ja üldse väga põnev . "" "
13	NA	" – "" Põnev ! "" imestas Manda . "
13	NA	" "" Aga kui oinas oleks mu surnuks löönud , mis siis ? "
13	NA	" Kas siis oleks ka olnud põnev , või ehk koguni naljakas ? "" – "" Seda poleks juhtunud . "
13	NA	 Oinas tuleb ainult nendele kallale , kes niimoodi kiljudes jooksevad nagu teie . 
13	NA	" Nägite ju , kuidas ta minu ees seisis , kui ma talle teibaga andsin . "" "
13	NA	" – "" Jah , nägin küll . "
13	NA	" Ah siis sellepärast , "" venitas Manda imestades . "
13	NA	" "" Aga kus teie seenekorv on ? "" "
13	NA	 Alles nüüd meenus peretütrele korv sirmikutega . 
13	NA	" "" Ma toon ära , oinas tikub teile võibolla uuesti ligi , "" ütles sulane ning sammus kasetuka poole . "
13	NA	 Manda ronis sulase abiga läbi aia , kuid siis juhtus midagi niisugust , mida Allika perepreili poleks osanud uneski ette näha . 
13	NA	 Kui ta parajasti teisel pool aeda püsti tõusis , haaras sulane ta oma tugevate käte vahele ning surus suu Manda huultele . 
13	NA	 Sealjuures pigistas ta teda nii tugevasti , et Manda kartis , et sureb . 
13	NA	 Mitte niivõrd pigistamise tugevuse , vaid selle uue ja imeliku tunde pärast , mida sulase suudlus tekitas . 
13	NA	 Ta sulges isegi silmad ja haaras Haraldil ümber kaela kinni , sest kartis , et kaotab muidu tasakaalu . 
13	NA	 Alles siis , kui sulane ta lõpuks vabastas , taipas Manda , mis temaga praegu toimus . 
13	NA	 Haraldi nägu oli tõsinenud ning tema rohekashallides silmades oli midagi niisugust , mis Mandale veelgi rohkem hirmu nahka ajas kui oina veripunased silmad heledate ripsmetega . 
13	NA	 Ta haaras oma seenekorvi ning pistis kõigest väest üle heinamaa kodu poole punuma , sest ta tundis , et kui noormees teda veel kord oma kaenlasse tõmbab , ei suuda ta vastu panna , vaid vajub siiasamasse ristikuädala peale . 
13	NA	 Natukese aja pärast vaatas Manda tagasi , sest millegipärast arvas ta , et sulane talle järele jookseb . 
13	NA	 Kuid Harald ei jooksnud talle hoopiski järele , vaid seisis sealsamas aia ääres ning vaatas üksisilmi Manda poole . 
13	NA	 Kuid enam ta ei naernud , nii nagu suvel , kui ta teisel pool jõge kivil lebas , käed pea all , ning perepreili üle irvitas . 
13	NA	 Sellest järeldas Allika kõrgesti koolitatud peretütar , et sulasega on mingi muutus toimunud , sest miks ta muidu kodu poole jooksvat perepreilit nõnda tõsiselt ja üksisilmi vaatas , mis ei olnud põrmugi tema moodi . 
13	NA	 Koju jõudes ruttas Manda oma ärklituppa , viskus voodisse ja kuulatas oma vastu ribisid põmmutavaid südamelööke , mis olid tema arust nii tugevad , et nad vist allagi kostsid , kus ema parajasti õhtusööki valmistas . 
14	NA	 Kogu õhtupooliku ei saanud Manda kusagil asu . 
14	NA	 Ta aina tõusis voodist , tatsas tuba mööda ringi ning rinnutas aeg-ajalt aknal . 
14	NA	 Ta oleks tahtnud Haraldit näha , tema rohekashallidesse silmadesse vaadata ning veel ja veel kord tema käte vahel olla . 
14	NA	 Kannatamatult ootas ta õhtut , et sulast salamahti vaadata . 
14	NA	 Kuid all peretoas ta teda ei näinud . 
14	NA	 Tusasena läks Manda oma tuppa tagasi ning rinnutas harjumuse kohaselt aknale . 
14	NA	 Kuid täna õhtul ei näinud ega kuulnud ta midagi . 
14	NA	 Ei näinud halli udukangast Umboja jõe kohal , ei kuulnud koju ruttava karja kellade kõlinat ega lammaste määgimist , üldse mitte midagi , mida ta oli harjunud aknal rinnutades nägema ja kuulma . 
14	NA	 Sulase suudlus põles veel praegugi ta suul ning rinnus pakitses , nagu hoiaks Harald ikka veel teda oma tugevate käte vahel , nii et tal oli raske hingata . 
14	NA	 Alles siis , kui pimedus maa peale laskus ning Allika talu hooned oma hõlma peitis ja kõik õhtused hääled vaikisid , riietus Manda lahti ning viskus voodile , jättes akna avatuks , sest toas tundus olevat sedavõrd vähe õhku , et ei jätkunud Allika perepreilile hingamiseks . 
14	NA	 Manda oli juba unne suikumas , kui kuulis vaikseid samme trepil . 
14	NA	 Kes võis küll nii hilja tema tuppa tulla ? 
14	NA	 Vahest ehk ema , kuigi ta Manda mäletamist mööda seda kunagi niisugusel kellaajal polnud teinud . 
14	NA	 Uks avanes , sest talus polnud kombeks neid lukustada , ning keegi astus sisse . 
14	NA	 Manda tõusis voodi servale istuma . 
14	NA	 Tulija ei olnud ema , seda märkas ta kohe . 
14	NA	" "" Kes tuli ? "" küsis ta hirmunud sosinal . "
14	NA	" "" Mina , Harald . "" "
14	NA	 Manda jahmus . 
14	NA	" "" Kuidas te julgesite ! "
14	NA	 Niisugusel kellaajal ! 
14	NA	" Kas te ei näe , ma olen juba voodis . "" "
14	NA	 Samas aga tundis ta , et otsatu õnnelaine voogas temast läbi . 
14	NA	" "" Minge ära , ma kardan . "" "
14	NA	" – "" Kas mind ? "" – "" Muidugi , seda te veel küsite ? "" – "" Aga mis siis , kui ma ei lähe , "" lausus noormees vastu ning lähenes voodile . "
14	NA	" "" Siis karjun appi , nii et kõik kuulevad . "" "
14	NA	" – Seda te küll ei tee . "" "
14	NA	 Manda oli nõutu . 
14	NA	 Ja taas haaras noormees ta oma käte vahele ning surus tugevasti enda vastu . 
14	NA	 Manda teadis , et praegu ei aita enam ükski vastupuiklemine , sest noormehe kallistuses oli midagi niisugust , millele tema oma ahta jõuga vastu ei suutnud panna . 
14	NA	 Harald võttis ta sülle ning asetas voodile , siis riietus temagi lahti ning puges peretütre kõrvale teki alla . 
14	NA	 Manda ei tõrkunud vastu ja ihast värisedes haaras Harald Allika peretütre oma kaisutusse . 
15	NA	 Kui vend Juljus Tereeset esimest korda palvetunnis nägi , seiras ta jumekat pruunisilmset neidu varjamatu uudishimuga . 
15	NA	 Kes võis see prink iludus küll olla ? 
15	NA	" Et Tereese Maie lähedale hoidus , siis küsis ta pärast palvetundi Maielt : "" Kes oli see tumedajuukseline õekene sinu kõrval ? "
15	NA	" Ma pole teda varem näinud . "" "
15	NA	" – "" Minu noorem õde Tereese , "" vastas Maie vaikselt . "
15	NA	" "" On ta juba ärganud ? "" – "" Ei veel . "
15	NA	 Ta on esimest korda . 
15	NA	 Tereese on alles kuueteistaastane . 
15	NA	 Ema ei salli teda . 
15	NA	" Siin saab ta hing ehk kosutust , "" rääkis Maie maha vaadates . "
15	NA	" "" On juba pattu teinud ? "" – "" Ei usu . "
15	NA	 Ema pole teda üldse kodunt välja lasknud . 
15	NA	" Ta on süütu nagu talleke . "" "
15	NA	" – "" Väga hea , väga hea ! "" rääkis vend Juljus kiirustades . "
15	NA	" "" Katsume teda äratada . "
15	NA	" Kutsu ta minu juurde . "" "
15	NA	 Maie läks Tereese järele , kes teda juba väljas ootas . 
15	NA	" "" Vend Juljus tahab sinuga rääkida . "" "
15	NA	" – "" Mihuke vend ? "" ei saanud Tereese järsku aru . "
15	NA	" "" Seesama vend ikka , kes palvetundi pidas . "
15	NA	 Meil on kõik vennad ja õed . 
15	NA	" Meie ei tee vahet . "" "
15	NA	" – "" Mida ta minust tahab ? "" – "" Ma ei tea , vist äratada . "" "
15	NA	" – "" Mis see äratamine on ? "" – "" Äratamine ehk ärkamine on see , kui keegi kõike seda , mis siin räägitakse , kogu südamest uskuma hakkab ning venna sõnade järgi teeb ja talitab . "
15	NA	" Siis on ta hing ärganud ja meie võtame ta oma seltsi vastu , "" seletas Maie . "
15	NA	" "" Aga kui ma uskuma ei hakka , mis siis ? "" – "" Siis ei kõlba sa meie hulka , vaid hakkad pattu tegema ja lähed hukka . "" "
15	NA	" – "" On see nii hirmus , et seda kartma peab ? "" – "" Muidugi hirmus . "
15	NA	" Kui viimnepäev tuleb , põletatakse elusalt ja lastakse madudel paljast ihu nõelata . "" "
15	NA	" – "" Kust sina seda kõike nii hästi tead ? "" – "" Vend Juljus ütles . "" "
15	NA	 Tereese mõtles natuke . 
15	NA	" "" Kus see vend on ? "
15	NA	" Lähen siis ja vaatan , mida ta mulle räägib . "" "
15	NA	 Ning Tereese läks . 
15	NA	 Tingu Liine juhatas ta oma tagakambrisse , kus vend Juljus kokkupandud kätega , põlvili maas , pilk ülespoole pööratud , ennast parasjagu äratamiseks ette valmistas . 
15	NA	 Tereeset nähes tõusis ta püsti ning jäi tütarlapse ette seisma . 
15	NA	" "" Armas õekene , kes sind siia saatis ? "" – "" Maie ütles , et peab tulema . "
15	NA	" Sa tahtvat mind äratada , "" lausus Tereese julgelt . "
15	NA	" "" Jaa . "
15	NA	" Seda nüüd küll , aga enne pead sa , armas õekene , mulle pihtima . "" "
15	NA	" – "" Mis see veel on ? "" – "" Pihtimine on pattude ülestunnistamine . "
15	NA	" Oled sa juba pattu teinud ? "" – "" Ei mina saa aru , mis sa must tahad . "
15	NA	 Räägi selgemini , et ma mõistaksin . 
15	NA	" Kust mina tean , mida sa patuks nimetad . "" "
15	NA	" – "" Vaata , kallis laps , patt on see , kui kuri kiusama tikub ja sa temale järele annad . "
15	NA	" Kui su liha nõdraks lööb ja sa patusele himule enam vastu ei suuda panna , vaid meesterahvaga maha heidad ja teda tõrkumatult oma õliastjat lased kasta . "" "
15	NA	" – "" Kas sa mõtled meesterahvaga magamist , nii et laps tulema hakkab ? "" – "" Just seda jah . "
15	NA	" Ainult et niisugust roppu asja väljendatakse pisut teisiti , kui sina seda teed. Ja nüüd , õekene , vasta mulle Jumala nime juures , on sind juba kuri kiusamas käinud või mitte ? "" – "" Kuri ei ole , aga poisid küll , "" vastas Tereese siiralt ega suutnud naeruturtsatust tagasi hoida . "
15	NA	" "" Need poisid ongi kurja , see tähendab saatana enda poolt saadetud . "
15	NA	 Aga sina ? 
15	NA	" Oled sa nendele järele andnud ning lasknud oma surutõrres neil kuradi käsilastel viinamarju sõtkuda ? "" "
15	NA	 Vend Juljus vaatas Tereesele oma ümmarguste kullisilmadega pingsalt otsa . 
15	NA	" "" Miks sa nii palju mõistu räägid ? "
15	NA	 Ütle kohe otse välja , mida sa nende sõnadega mõtled , ära keeruta . 
15	NA	" Niimoodi ei oska ma sulle midagi vastata . "" "
15	NA	" – "" Hea küll . "
15	NA	 Oled sa mõne mehega juba armastusepattu teinud ? 
15	NA	" Kas jah või ei ? "" – "" Ei . "
15	NA	 Mul on peigmees , Tagavälja Villem , hoian ennast tema jaoks . 
15	NA	" Villem lubas mu naiseks võtta , kui ma teda truult ootan . "" "
15	NA	" – "" Väga armas kuulda . "
15	NA	" Aga kus su peigmees praegu on ? "" – "" Merd seilab . "
15	NA	 Teenib raha . 
15	NA	" Siis on , millega peale hakata , kui paari läheme . "" "
15	NA	 Uks avanes ning Tingu Liine pistis pea ukse vahelt sisse . 
15	NA	" "" Vend Juljus , tule nüüd õhtust sööma . "" "
15	NA	" – "" Kohe , kohe , õde Liine . "
15	NA	" Lõpetan selle noore õekesega varsti ja siis tulen . "" "
15	NA	 Liine saatis Tereesele hävitava pilgu ning tõmbas ukse kinni . 
15	NA	" "" Ja nüüd armas lapsuke , kuula , mida ma sulle räägin . "
15	NA	 Järgmine palvetund on tuleval nädalal , küll õde Liine sulle ütleb , millal . 
15	NA	 Siis võtan ma sind uuesti ette ning puhastan su hinge patustest mõtetest ning ihu ropust lihahimust . 
15	NA	 Nüüd aga mine oma õekese seltsis koju ja katsu nii olla , et kuri sind kiusama ei tiku . 
15	NA	 Ja kui ta peakski sind rüdama , siis mõtle minu sõnade üle järele , sest jumal annab varsti inimesele teada , et viimnepäev on ligidal , kus kõik need , kes tema armuõpetuse ära põlgavad , hirmsates piinades otsa saavad . 
15	NA	" Need aga , kes teda usuvad ning tema kümnest käsust kinni peavad , kogub ta kokku ning saadab nendele valge laeva järele , mis neid igavesse armuriiki siit patusest ilmast ära viib . "" "
15	NA	" – "" Aga kuidas Villemiga jääb ? "
15	NA	 Kas tema ka sinna saab ? 
15	NA	" Ilma temata ei tule ma kusagile , "" rääkis Tereese resoluutselt . "
15	NA	" "" Kõik oleneb sellest , kas sinu peigmees ennast pöörab ja igavest armuõpetust uskuma hakkab või mitte . "
15	NA	 Ja nüüd , kallis õeke , luba ennast suudelda , sest mind on Issand ise läkitanud , et teid kõiki õigele teele juhtida . 
15	NA	 Minu käed ja huuled ning kogu minu ihu on pühitsetud ja puhtad igasugusest ilmalikust lihahimust ning patulustist . 
15	NA	" Mind suudeldes saad sa veelgi puhtamaks kui praegu oled . "" "
15	NA	 Ning vend Juljus tõmbas Tereese endale lähedale ning surus oma verdtäis huuled tüdruku suule . 
15	NA	" Tereese ei tõrkunud , aga kui vend Juljus teda ikka innukamalt muljuma hakkas , nii et hing rindu kinni kippus jääma , tõukas ta mehe endast järsu liigutusega eemale : "" Mängid siin , va lollakas ! "
15	NA	" Pole sa põrmugi parem kui muudki külapoisid . "" "
15	NA	 Ütles ning tormas uksest välja , nii et Tingu Liine , kes kõrv vastu lukuauku ukse taga röitsutas , pikali maha kukkus . 
15	NA	 Ähkiv ja punetav vend Juljus aga seisis veel tükk aega keset Tingu Liine magamistuba ning vaatas Tereesele järele . 
16	NA	" "" Mis seal juhtus ? "" küsis Liine , kui nad õhtulauas istusid . "
16	NA	" "" Oh , ei midagi erilist . "
16	NA	 Tahtsin talle selgeks teha , et viimnepäev on ligidal ja tal tuleks ennast patust pöörata ning jumala armuõpetus vastu võtta . 
16	NA	" Tema aga tormas , asja ees , teist taga , nagu tuulepööris minust mööda ja toast välja , nagu oleks viimnepäev juba praegu käes . "" "
16	NA	 Tingu Liine ei vastanud midagi , vaid kummardas pea sügavale taldriku kohale , et mitte oma armukadedusest kiiskavaid silmi vennale näidata . 
16	NA	" "" Kes ta niisugune on ? "" küsis vend Juljus alles tüki aja pärast . "
16	NA	" "" Oh , on üks hooruses sigitatu . "
16	NA	 Ema korjas ta oma talu sulasega , va Lagenõmme Kustiga . 
16	NA	 Küllap oli oma mehest vähe , ega ta muidu sulasega litsi lööma hakanud . 
16	NA	 Plika tuli aga õnnetuseks täpselt selle mustapealise kuradikäsilase nägu . 
16	NA	 Seepärast vana Ann-Leena teda vihkama hakkaski , sest plika kaudu said kõik teada , et ta sulasele kätte andis ning temaga magas . 
16	NA	 Nüüd ajas see hooravõsu enda siis palvetundi . 
16	NA	" Küllap on samasugune patuhunnik nagu ta emagi . "" "
16	NA	" – "" Õde Liine ? "" manitses vend Juljus . "
16	NA	" "" Sinus räägib praegu saatan ise . "
16	NA	 Ära lase kurja endale nii lähedale , et ta sinu üle võimust saab . 
16	NA	 Plika on puhas ja süütu . 
16	NA	 Ja ega see pole tema süü , kuidas ta maailma on sigitatud . 
16	NA	" Mina viin aga asja niikaugele , et ta jumala armuõpetuse omaks võtab ning oma ihu ja hinge kõigevägevama hooleks annab . "" "
16	NA	 Tingu Liine tegi , nagu ei kuulekski ta vend Juljuse valeliku suu läbi lausutud sõnu , kuigi terav vastus keelel kipitas . 
16	NA	 Küllap ta juba teab , kelle kätte selle Vaherpõllu plika hing ja ihu varsti lähevad . 
17	NA	 Kaua mõtles Allika perepreili järgmisel hommikul sellest , mis õhtul juhtus . 
17	NA	 Aastaid oli ta rikast ja haritud kosilast oodanud ja nüüd laskis ta korraga oma talu sulase enda juurde voodisse , nagu oleks ta ennast tema jaoks hoidnudki . 
17	NA	 Miks ta ometi Haraldile vastu ei tõrkunud , teda alandavate sõnadega minema ei kihutanud . 
17	NA	 Kust küll sulane niisuguse julguse võttis , et tema juurde tuppa tuli . 
17	NA	 Küllap ta ise ikka põhjust andis , ega Harald muidu poleks julgenud . 
17	NA	 Millise näo ta küll teeb , kui ta nüüd sulast kohtab ? 
17	NA	 Tagantjärele mõeldes tundus kõik see , mis eile õhtul juhtus , lausa ennekuulmatu mõtlematusena . 
17	NA	 Allika talu sulane , Vainu Harald , keda tema isa , vana Kustu , kogu hingest vihkas ning iga hinna eest temast lahti saada püüdis , tuleb treppi mööda üles peretütre magamistuppa , ilma et ta kedagi või midagi pelgaks , ning haarab kõrgesti koolitatud preili oma käte vahele nagu karu kaitsetu hirvetalle ning viib voodisse ja ei lahku sealt enne kui hommikul puhteajal . 
17	NA	 Ja tema , Allika Manda , lamas öö otsa selle harimatu mühaka kaenlas . 
17	NA	 Selle asemel et teda minema kihutada , hoidis kaelast kinni , et ta ära ei läheks , vaid teda aina suudleks ja kallistaks . 
17	NA	 Ja mis kõige imelikum , Manda ei teinud endale selle pärast etteheiteid ega tundnud ka mingit südametunnistuse piina . 
17	NA	 Ja kui Harald ka täna õhtul peaks tulema , laseb ta sulase oma tuppa ning suudleb ja kallistab teda täpselt samuti nagu eile õhtul . 
18	NA	 Ning Harald tuli . 
18	NA	 Tuli sel ja järgmisel ning ka ülejärgmiselgi õhtul , just nagu peaks see nii olemagi , et sulane magab üleval ärklitoas peretütrega ühes voodis ja suudleb ning kallistab teda kuni hommikuse puhteajani ja läheb alles siis aita õlgkoikule , kus on tema suvine magamisase . 
18	NA	 Kuid siis ühel hommikul unustas Harald enda liiga kauaks peretütre voodisse ja tuli alles siis treppi mööda alla , kui peremees teda juba taga otsis , et veskile saata . 
18	NA	 Kustu astus just parajasti õuest esikusse , kui sulane treppi mööda alla tuli , särgiväel , kalossid paljaste jalgade otsas . 
18	NA	 Kustu põrnitses teda , nagu näeks ta enda ees mingit ilmaimet , mitte Allika talu sulast Vainu Haraldit . 
18	NA	" "" Kust sa tuled ? "" küsis Kustu . "
18	NA	 Harald ei vastanud . 
18	NA	" "" Kust sa tuled ? "" kordas peremees oma küsimust . "
18	NA	" "" Ülevalt ärklitoast , "" oli julge vastus . "
18	NA	" "" Mis sul sinna asja on ? "" – "" See ei lähe sulle korda . "" "
18	NA	" – "" Läheb küll . "
18	NA	" Ma ei luba sul oma tütre toas käia . "" "
18	NA	" – "" Seda sina ei otsusta . "
18	NA	 Sinu tütar on täiskasvanud inimene ja teab ise , mis ta teeb . 
18	NA	 Kui ta mind lubab , siis lähen , kui ei , jätan minemata . 
18	NA	" Sinuga pole mul asja . "" "
18	NA	" – "" Olen isa ja pean oma tütart üleval . "
18	NA	" Ta on minust sõltuv . "" "
18	NA	" – "" Mis sa sest mulle räägid , seda mine ütle talle endale . "" "
18	NA	" – "" Ma ütlen sulle koha üles . "
18	NA	" Kao mu talust ! "" – "" Maksa palk välja , siis kohe . "" "
18	NA	" – "" Ma ei maksa sulle sentigi . "
18	NA	" Sa oled mulle oma kangekaelsusega rohkem kahju teinud , kui su palk väärt on . "" "
18	NA	" – "" Siis ei lähe ma kusagile . "
18	NA	" Ja kui sa Mandat minuga kokku saamast peaksid takistama , saad seda , "" ning Harald pistis oma hiiglasuure kondise rusika Kustule nina alla . "
18	NA	" "" Mina endaga mängida küll ei lase . "
18	NA	" Ega ma ei ole karjaplika , kellele sa jõuga kallale lähed ja ära vägistad . "" "
18	NA	 Harald lahkus , jättes viha pärast hingeldava peremehe esikusse . 
18	NA	 Tükk aega ei teadnud Allika peremees , mida peale hakata . 
18	NA	 Ta kahetses hinge seest , et ta eelmise sulase nii kergekäeliselt ja põhjalikult läbi kolkis ning vabrikusse tagasi kupatas . 
18	NA	 Nüüd oli ta mitu korda hullema endale kaela saanud . 
18	NA	 Täis raevu astus Kustu treppi mööda üles ärklituppa , kus Manda alles voodis lebas . 
18	NA	" "" Mida see sulasekaltsakas siit sinu toast otsis ? "
18	NA	" Lasksid ta ise sisse või tuli ta vastu sinu tahtmist ? "" – "" Ise lasksin . "" "
18	NA	" – "" Miks ? "" – "" Tahtsin . "" "
18	NA	" – "" Olgu see esimene ja viimane kord , kus ma niisugust asja näen . "" "
18	NA	" – "" Nonoh ! "
18	NA	" Kas mul pole õigust suhelda , kellega tahan ? "" "
18	NA	 Manda tõusis voodis istuma . 
18	NA	" "" Sulasega küll mitte . "" "
18	NA	" – "" Ta meeldib mulle . "" "
18	NA	 Kustu nõksatas , nagu oleks keegi teda torganud . 
18	NA	" "" Meeldib sulle ! "" kordas ta ähkides . "
18	NA	" "" Kas ma selleks sind koolitasin , et nüüd sulase oma juurde lased . "" "
18	NA	" – "" Ma ei tea , milleks sa mind koolitasid . "
18	NA	 Mina seda sinult nõudnud ei ole . 
18	NA	" Ja kui sa seda oma vabast tahtmisest tegid , mida on sul siis minule ette heita . "" "
18	NA	" – "" Seda , et sa selle kaabakaga magad , "" pahvatas Kustu . "
18	NA	" "" Ära karju . "
18	NA	 Need ajad on möödas , kus ma seda lubasin . 
18	NA	 Nüüd räägi minuga viisakalt , kui tahad . 
18	NA	" Ja kui sa arvad , et võid minu juures häält kõrgendada , siis jaluta toast välja . "" "
18	NA	" – "" Ah või niimoodi ! "
18	NA	 Kogu Allika talu oled sa nahka pannud . 
18	NA	 Oled nagu pump , kes iga sendi välja imeb , mis kusagilt õnnestub saada . 
18	NA	 Ma lootsin , et sa peale kooli lõpetamist väärilisele mehele lähed , nagu haritud perepreilile sünnis . 
18	NA	 Ja nüüd ütled mulle suu sisse , et sulane sulle meeldib . 
18	NA	" Võib-olla et tahad ehk temaga koguni abielluda ? "" – "" Ka võib olla , kui ta ainult mind tahab . "" "
18	NA	 Kustu suu vajus üllatusest pärani . 
18	NA	" "" Sind tahab ! "
18	NA	" Mida on niisugusel kaltsakal tahta ? "" – "" Kui mitte muud , siis vähemalt endale väärilist naist . "
18	NA	 Minusugune ei kõlba temale . 
18	NA	" Tema vajab naist , kes tööd teeb , mitte minusugust jõudeleivasööjat , kes Allika ärklitoas hallitab . "" "
18	NA	" – "" Sa oled lolliks läinud . "" "
18	NA	" – "" Veel mitte . "
18	NA	" Aga võib-olla et lähen ka , kui veel paar aastat siin ilma tegevuseta istun . "" "
18	NA	" – "" Ja sa julged mulle suu sisse öelda , et sulane sulle meeldib ning et sina pole talle vääriline naine ! "" – "" Jah , sest see on tõsi . "
18	NA	 Ma ei kohku kunagi tõe ees . 
18	NA	 Sina igatahes pelgad tõde . 
18	NA	 Ma ei mõista ühte asja , isa . 
18	NA	 Kui sinule peaaegu eranditult juba aastaid kõik Allika karjaplikad ja teenijatüdrukud on meeldinud ja isegi nii hullusti , et sa nad ära vägistad , kui muidu kätte ei saa , ning siis suve otsa nendega magad , miks ei või siis sinu tütrele kord ka Allika talu sulane meeldida , nii et ta temaga ühte voodisse läheb . 
18	NA	" On siis sulane karjaplikast odavam , või maksad sina ise vähem kui su gümnaasiumiharidusega tütar ? "" "
18	NA	 Kustu ahmis õhku , sest ta tundis järsku , et seda oli tütre magamistoas napivõitu . 
18	NA	" "" Kas sa tõesti usud , et seda keegi ei tea , mis Allikal sünnib . "
18	NA	 Ega sa ometi ei arva , et need tütarlapsed , keda sa õnnetuks teed , Allikalt lahkudes oma suud kinni hoiavad ? 
18	NA	 Ja mida küla teab , võivad ehk ka sinu perekonnaliikmed teada . 
18	NA	 Nii on lood , Allika peremees . 
18	NA	 Nüüd aga ole hea ja jaluta minu toast välja , ma tahan ennast riidesse panna . 
18	NA	 Mis puutub aga Haraldisse , siis lasen ma ta alati oma tuppa , kui ta ainult tahtma tuleb . 
18	NA	 Sinu käest ma luba ei küsi . 
18	NA	" "" "
19	NA	 Nagu peksasaanud koer koperdas Kustu trepist alla . 
19	NA	 Esimene mõte oli : kust võtta raha , millega sulasele palk kinni maksta , et temast võimalikult pea lahti saada , enne kui Manda lõplikult aru kaotab . 
19	NA	 Ja et vähemalt pool , kui mitte kaks kolmandikku tütre mõistusest juba sulase nahas on , selles Kustu ei kahelnud. Tema tütar Vainu Haraldiga , Allika talu adratagusega ! 
19	NA	 Millega see mats ometi tema koolitatud tütre ära võluda suutis , sellest ei saanud Kustu aru . 
19	NA	 Ta maksaks selle jäära siinsamas paigas kinni ning kihutaks ta otsemaid Allikalt minema , nii et ta lõhnagi enam siin poleks , aga raha ! 
19	NA	 Ja esimest korda sähvas Allika peremehe peas hulljulge mõte , mille eest ta tänini rangelt oli hoidunud : obligatsioon talu peale ! 
19	NA	 Ainuke pääsetee , kui ta tahab tütart selle sitatuhnija käest päästa . 
19	NA	 Küll ta hiljem kuidagi välja rabeleb ja tagasi maksab , peaasi , et vihatud sulasest lahti saab . 
19	NA	 Et aga Manda tema suhetest karjaplikadega teab , see tuli küll üllatusena ning kiskus meeleolu alla . 
19	NA	 Kuidas julges tütar niisuguseid asju isale näkku öelda ! 
19	NA	 Kas tal siis põrmugi austust ja lugupidamist oma vanemate vastu ei ole ! 
19	NA	 Kuid see , kuidas ta need probleemid oma tütre ja naisega lahendab , oli Kustu arvates teisejärgulise tähtsusega . 
19	NA	 Esimesel kohal oli ikkagi talule obligatsiooni tegemine , et saadud rahaga sulane kinni maksta ning päevapealt Allikalt minema kihutada . 
19	NA	 Juba paljas mõtegi sellest tekitas temas mingi seesmise rahuldustunde . 
19	NA	 Kustu otsis lauasahtlist tüki paberit ja pliiatsi ning arvutas , kui palju Haraldil välja teenitud on . 
19	NA	 Kolmkümmend viis krooni kuus , see tegi viie kuu eest ükssada seitsekümmend viis krooni . 
19	NA	 Summa ei olnud ju tegelikult nii hirmus , et tema pärast koha peale obligatsiooni oleks maksnud tegema minna , kuid et Kustul raha kusagilt mujalt võtta polnud , pani see mõtlema ning kiskus juuksed püsti . 
19	NA	 Aga kui ennast siiski alandada ning naabrite käest laenata ? 
19	NA	 Kuid kelle käest ! 
19	NA	 Ainuke , kellel raha võis olla , oli Kusikabu Aabu . 
19	NA	 Aabut ei olnud aga Kustu kunagi täisväärtuslikuks peremeheks pidanud juba tema teenijatüdrukust perenaise tõttu – ja nüüd korraga niisuguse häbiväärse asja pärast Aabu jutule minna , seda ei pidanud Kustu sündsaks . 
19	NA	 Ei pea naaber sellist asja ainult enda teada ja varsti kuulevad sellest kõik Kivinõmme ning Väliku küla talupidajad . 
19	NA	 Kus selle häbi ots ! 
19	NA	 Allika Kustu käis Kusikabu Aabu käest raha laenamas , et sulasele palka välja maksta ning talust minema kupatada , sest muidu raiskab sulane koolitatud tütre ära . 
19	NA	 Kuid kusagilt peab ta selle raha saama ning sulasele kurku toppima , peaasi , et see närakas kaoks . 
19	NA	 Või minu koolitatud tütart solgutama ! 
19	NA	 Oleks ta seda teadnud , et asi selle plikaga niimoodi läheb , poleks ta teda üldse kooli pannudki . 
19	NA	 Sulastega magamiseks oleks kõlvanud ka ilma hariduseta . 
19	NA	 Nüüd on talu tema kuradi persses ja ise sulase lits veel pealekauba . 
19	NA	 Kes teab , kui kaua see molkus juba Manda magamistoas vehib käia . 
19	NA	 Võib-olla on suve otsa kokku elanud , viimati tittki juba tulemas . 
19	NA	 Kustu meel muutus üha süngemaks , kui ta sellele mõtles . 
19	NA	 Et see naiseniru ka midagi pole märganud . 
19	NA	 Näost tuhkjashall nagu muumia , istub toas sohva peal ja vahib ühte punkti , ei näe ega kuule , mis majas toimub . 
19	NA	 Tütar ikka nagu rohkem ema kamandada . 
19	NA	 Aga koerasitta . 
19	NA	 Polnud sest naisekõhvatsist noorest peastki asja , nüüd ei maksa rääkidagi . 
19	NA	 Aina valud sees , soe kott kõhu peal , nii on ta kõik need aastad Allikal ringi köögutanud , perse piipus nagu üheksakümnesel vanaeidel . 
19	NA	 Ja viha pärast punetav Kustu astus tahatuppa , et naist tütre asjus informeerida . 
19	NA	 Elisabeth lebas ristseliti sohval ega teinud mehe tulekust väljagi . 
19	NA	 Kustu oleks sellele hallinäolisele seal sohva peal meelsasti ühe tubli nähvaka äianud , küll ta siis jalule saaks , sest Allika peremees uskus oma naise pidevat kõhuvalu sama palju kui muidki olematuid asju . 
19	NA	" "" Sa aina röitsutad sohva peal . "
19	NA	" Parem vaataksid Manda järele . "" "
19	NA	" – "" Mis ma temast vaatan , ega ta enam tita ole , kes õues lehmahunnikusse astub . "" "
19	NA	" – "" Sulasega magab , see veel hullem . "" "
19	NA	" – "" Kesse ? "
19	NA	" Manda või ? "" – "" Kellest see jutt siis on . "" "
19	NA	" – "" Kas seda tulidki mulle , haigele inimesele , ütlema ? "" – "" Kas seda veel vähe on ? "" – "" Sa magad eluaeg karjaplikade ja teenijatüdrukutega . "
19	NA	" Olen ma sulle seda kunagi ütlema tulnud , "" lausus Elisabeth vaenulikult ning tõusis istuma . "
19	NA	 Kustu jahmus . 
19	NA	 Siis ka naine teadis . 
19	NA	 Ütle kus on saatanahing , mis nad kõik välja pole nuhkinud . 
19	NA	" "" Eks sa võta ta siis käsile , keela ära , kui sulle ei meeldi . "
19	NA	" Mida sa minu nina alla tuled kaagutama . "" "
19	NA	" – "" Tütrega õiendamine ikka nagu rohkem ema asi . "" "
19	NA	" – "" Vaat , mida sa veel leidsid ! "
19	NA	" Eks nüüd ole mina jah see paras , kes temaga õiendama peab , hing niidiga kaelas . "" "
19	NA	" – "" Pole sul häda midagi . "
19	NA	 Taguots laiskust täis . 
19	NA	" Oleksid ise tööd teinud , oleks ka tütar tööle hakanud , "" arvas Kustu südametäiega . "
19	NA	" Elisabeth silmitses meest tükk aega oma vesiste väsinud silmadega , enne kui vastas : "" Sinult ma selle häda sain . "
19	NA	 Oled sa ka mõni mees , nagu metsloom naise kallal . 
19	NA	 Ööl ega päeval ei andnud asu . 
19	NA	 Ei oleks jõudnud mina neid lapsi ilmale kanda . 
19	NA	 Tead isegi , kui palju mul neid abortisid teha tuli . 
19	NA	 Sinna nahka mu tervis läkski . 
19	NA	 Ja nüüd veel mina süüdi ! 
19	NA	 Ja mis puutub Mandasse , siis ei tee mina tema pärast endale muret . 
19	NA	" On täiskasvanud inimene , tehku mis tahab . "" "
19	NA	 Ning Allika perenaine lahkus kööki , jättes Kustu üksinda tuppa . 
19	NA	 No ütle kus on kurat . 
19	NA	 Mis päev see küll täna oli , et kõik asjad nii koledasti viltu kiskusid ! 
19	NA	 Kõik hauguvad vastu nagu koerad , sulasega alates ning oma naisega lõpetades . 
19	NA	 Ning Allika peremees veendus , et ära sa teiste asjadesse oma nina topi , kui su oma ukseesine päris puhas pole , siis antakse sulle endale , nii et tead . 
19	NA	 Magagu tütar üleval ärklitoas sulastega , röitsutagu naine sohval , soe kott kõhul , kuid sina ära oma suud paota . 
19	NA	 Vaata pealt ja ole vait , kui tahad teiste majalistega rahus elada . 
19	NA	 Isegi Haraldi palga jaoks raha muretsemisest otsustas ta naise ja tütre ees vaikida . 
19	NA	 Saab ta selle kust saab , kas laenab naabritelt või teeb talu peale obligatsiooni . 
19	NA	 Pole naisperel seda vaja teada . 
19	NA	 Kui ükskord sulane läinud , las nad siis mõtlevad ja murravad pead , kust ta selle raha võttis , millega sulase kinni maksis . 
20	NA	 Kaua arutles ja vaagis Kustu , kas minna naabritelt raha küsima või mitte . 
20	NA	 Obligatsiooni tegemine oleks muidugi kõige kindlam ning lihtsam raha hankimise moodus , kuid see heidaks Allika talu heale nimele varju , kuna see oli ikkagi see kõige viimane pääsetee , kui muu miski enam ei aita . 
20	NA	 Kustu arvates oli see sama hea kui talu küljest tükk ära lõigata ning sulasele lõugade vahele visata . 
20	NA	 Mida rohkem ta pead murdis , seda suuremaks kasvas viha ning põlgus sulase vastu . 
20	NA	 Võlg kasvab iga päevaga aina suuremaks ja kui ta nüüd kohe seda summat ei leia , millega talle palk välja maksta , paisub see lõpuks nii suureks , et muu abinõu enam ei aita , kui mine tõepoolest Allika talu kallale ja lõika tal veresooned läbi. Kõike muud oleks ta võinud ette näha , kuid niisugust olukorda mitte . 
20	NA	 Ja kõiges oli süüdi sulane , see hirmus inimeseloom , koos Kustu enda lihase tütrega . 
20	NA	 Küll ennustasid tuttavad peremehed talle juba ammu , et sa , Kustu , lõpetad vaestemajas , kui tütart koolitama hakkad . 
20	NA	" "" Küll näed , kuidas ta sul talu tühjaks imeb . "" "
20	NA	" Kuid Kustu ei uskunud ja vastas : "" Vaestemajja , sinna ma küll ei lähe . "" "
20	NA	 Praegu aga ei pidanud ta seda üldse võimatuks , sest Manda koolitamine oli Allika tõepoolest tühjaks imenud . 
21	NA	 Paalipere Liinal oli kombeks enne heinaaega kõik muud tööd korda seada , et kibekiirel tööajal poleks kõrvaliste asjadega jändamist . 
21	NA	 Kuigi ta ise kaugel Naistemetsas ja Mädaojal niitmas ega ka loogu võtmas ei käinud , kulus aeg koduste õiendamiste peale ära , nõnda et vaevalt niisugust päeva kusagilt üle jäi , et seepi keetma hakata . 
21	NA	 Seepärast otsustas Paalipere perenaine selle töö veel jaanilaupäeval ära teha , sest peremees oli lubanud kohe ülehomme hommikul Naistemetsas heinatööga alustada . 
21	NA	 Liina tegi tule saunaahju , sest toas seebi keetmine oleks söögitegemist seganud ja üldse ei sobinud niisugust asja eluhoones teha . 
21	NA	 Terve õhtupooliku jooksul ei lahkunud perenaine seebipaja juurest , sest see oli töö , mida ei tohtinud jätta omapead . 
21	NA	 Isegi hoolsa kontrollimise ning jälgimise korral juhtus , et seep ei tulnud hästi välja . 
21	NA	 Seda oli Paalipere perenaine rohkem kui üks kord kogenud . 
21	NA	 Õhtu eeli , kui Liina juba seebipaja juurest ära tulla kavatses , ilmus ei tea kust järsku sauna juurde Jõepere Miili . 
21	NA	 Et nad olid naabrid ning meeste kaudu kaugelt sugulasedki ja et Miili Paalipere omadega tihti kokku puutus , ei näinud Liina selles midagi imelikku , et naabrinaine teelt kõrvale astus ja temaga sauna juurde juttu vestma tuli . 
21	NA	" "" Käisin teil sees , Ella ütles , et keedad sauna juures seepi , tulin vaatama , kuidas ta sul seekord välja kukub , "" sädistas Miili . "
21	NA	" "" Või seda enne teab , kui ära on jahtunud , "" arvas Liina . "
21	NA	" "" Kuhu sa siis nüüd veel nii vastu õhtut uues riides lähed ? "" – "" Lähen Selivere mõisast põrsaid vaatama , "" vastas Miili kiiresti . "
21	NA	" "" Jaan käis meie omadega koos laadal , kas ta siis ei toonud ? "" "
21	NA	 Ent sellele ei vastanud Miili enam midagi , vaid tegi kiiresti minekut , nagu oleks tal nende põrsastega tõepoolest tuline kiire taga . 
21	NA	 Liina lõpetas sauna juures töö ning jättis seebipaja jahtuma , et seda hommikul lõikama tulla . 
21	NA	 Suur oli aga Paalipere vanaperenaise imestus , kui ta hommikul tühja paja eest leidis . 
21	NA	 Ainult soobakord oli paja põhjas , seep oli aga lahti lõigatud ja ära viidud . 
21	NA	 Kes võis seda teha ? 
21	NA	 Mitte keegi peale Jõepere Miili ei käinud eile tema juures , kui ta seepi keetis . 
21	NA	 Ega siis ometi tema ? 
21	NA	 Perenaine tatsas toa juurde ning rääkis asjast teistele majalistele . 
21	NA	 Minia kinnitust mööda ei käinud eilse päeva jooksul nendel mitte kedagi peale Jõepere Miili . 
21	NA	 Temale oli ta tõesti ilma paha aimamata öelnud , et Liina keedab sauna juures seepi . 
21	NA	 Peremees kutsus politsei asja uurima , sest pärast Moorasääre röövimist olid külas vargused lausa igapäevased asjad . 
21	NA	 Jõeperes teostati läbiotsimine , kuid midagi ei leitud , mis oleks Paalipere omade kahtlusi kinnitanud . 
21	NA	 Alles mitu aastat hiljem rääkis üks Jõepere teenijatüdrukutest , et kui temal kord pesupesemiseks seepi vaja läks , viinud Miili teda lakka ja näidanud , kus seebitagavara seisab . 
21	NA	 Seebitükid olid topitud elumaja õlgkatuse sisse , nii et juhuslik lakkasattuja midagi ei märganud . 
22	NA	 Vargused aga sagenesid . 
22	NA	 Teati päris surmkindlalt , et varasteks olevat kaks meest , Sirp ja Vaats , ning nendega seltsivat keegi madal ja matsakas meesterahvariietuses naine . 
22	NA	 Kust nimetatud mehed pärit võisid olla , mis ametit nad pidasid või kellega suhtlesid , seda ei teadnud päris täpselt keegi . 
22	NA	 Küll olevat mehi nähtud Vaherpõllul ja Jõeperel ning veel metsatööliste majas Putkalas . 
22	NA	 Kuid see oli ka kõik , mis nendest teati . 
22	NA	 Ühtki surmkindlat fakti nende kohta aga ei olnud , millest oleks võinud kinni hakata , sest vargad oskasid iga kord oma kuritöö jäljed nii peenelt ära segada , et kahtlustustest kaugemale ei olnud kellelgi võimalik minna . 
22	NA	 Teati küll , et see kolmik vargustes süüdi on , kuid tõestada ei suutnud keegi midagi . 
23	NA	 Teistele Vaherpõllu omadele ei meeldinud , et Maie ja Tereese palvetunnis käisid . 
23	NA	 Kui veel Maiele kuidagi andestati , siis Tereese minek ärritas kõik teised vihale , eriti Leo . 
23	NA	" "" Mida see Kusti selle Maie sabas sörgib ! "
23	NA	" Kas lähed ka palvetundi või ? "" – "" Ikka palvetundi , "" vastas Leonoore , kes lastest kõige rohkem ema järgi oli meelestatud . "
23	NA	" "" Kusti palvetundi ! "" hüüdis Leo . "
23	NA	" "" Sellest veel ei aita , et Maie seal jõlgub . "
23	NA	 Nüüd hakkab Kusti ka paluma . 
23	NA	" Vaja püss võtta ja soola kuraditele persse lasta . "" "
23	NA	 Ja kui Maie ning Tereese läinud olid , võttiski Leo Ann-Leena ja Jüri keelust hoolimata vana jahipüssi , laadis padrunid jämeda soolaga ning läks . 
23	NA	" "" Ei kuula see tulitand käsku ega keeldu , "" lausus Jüri ning lirtsatas läbi hammaste pliidi ette . "
23	NA	" "" Las läheb , "" arvas Ann-Leena . "
23	NA	" "" Ega ta selle soolaga kellelegi suurt häda saa teha . "
23	NA	 Hirmutab ehk natuke neid usuhullustajaid . 
23	NA	 Va Tingu Liine kuulukse peast juba päris ogar olema . 
23	NA	 Muud juttu polevatki enam kui viimsepäeva tulek . 
23	NA	 Aina kõõrutavad laulda , silmad taeva poole pahupidi . 
23	NA	" Las poiss tõmbab paar särakat soola teistele seal , kui parajasti perssed püsti , silmili maas on , ehk tuleb siis aru tagant otsast pähe tagasi . "" "
23	NA	 Jüri ei vastanud naisele midagi , ainult pungitas harjumuse kohaselt oma roosakaid silmamune . 
23	NA	 Ilmselt oli ta seekord naisega ühel arvamisel . 
24	NA	 Suures Tõnu-Hansu talu tühjas masinarehes oli palvetund parajasti täies hoos , kui Leo , jahipüss õlal , enda vaikselt sisse poetas . 
24	NA	 Keegi ei pannud tema tulekut tähele , sest kõik kuulasid vend Juljust , kes seisis kummulikeeratud kasti otsas püsti ning rääkis üle harduses vaikiva rahvahulga . 
24	NA	" "" Armsad õed ja vennad issandas . "
24	NA	 Varsti saab Jumal meile märku andma , et viimnepäev on ligidal . 
24	NA	 Kutsuge oma ligimesi , õdesid ja vendi osa saama armuõpetusest , et nad ennast patust pööraksid ja õigele teele asuksid , sest muidu saavad nad hukka , kui viimnepäev tuleb ning maa oma sisikonna avab , kus praegu põrguvürstid ahelais on . 
24	NA	 Kutsuge üles kõiki pimedusejüngreid meile järgnema , sest meie mõtted on puhtad ja meie teod võrratud . 
24	NA	 Ütelge lahti oma patusest lihahimust , mis viib hinge hukatusse . 
24	NA	 Ärge kartke oma pahede pärast , sest jumal armastab pahesid , kuna siis on , mida andeks anda . 
24	NA	 Noored neiud ja naised , hoidke oma ihu hingepeiukesele , kes teid taevariigis ootab , niipea kui valge laev teid , äravalituid , viimsepäeva põrgupiinade käest päästab . 
24	NA	 Põrgupiinade , mis tuleb maa peale põlevate väävlikatelde ning sarviliste , teie hädade üle irvitavate saatanatega , kus madu ei sure ega tuli ei kustu . 
24	NA	" Õde Liine , alustagem lauluga : Milleks ehitab laeva nüüd Noa , nüüd ta eksib ja teeb suure vea . "" "
24	NA	 Tingu Liine ja vend Juljus võtsid kitarrid ning mängisid , rahvas laulis kaasa . 
24	NA	" "" Kaugel merest ja jõest , laeva ehitab tõest , ükski meitest ei tunne ta tööd . "" "
24	NA	" Tereese kuulas võlutult , sest praegu oli tal tunne , nagu istuks Tagavälja Villem ta kõrval , pill põlvedel ning laulaks : "" Pea õitseb sirel ja laulab ööbik ja uuel ilul hõiskab ilm … "" Seda laulu , mida siin lauldi , Tereese ei osanud . "
24	NA	 Ta polnud seda kuulnudki . 
24	NA	 Kuid ka see oli ilus . 
24	NA	" Kui laul lõppes , laskus vend Juljus oma kasti otsas põlvili ning lausus : "" Palugem ! "" "
24	NA	 Ja kui kõik olid palvevenna korralduse täitnud ning vaikses hardumuses , kokkupandud kätega , ülespoole vaatasid , juhtus midagi koledat , midagi hirmsat ja ennekuulmatut , mis kõikide soontes vere tarduma pani . 
24	NA	 Keset harrast vaikust lajatas järsku kaks püssipauku teineteise järel ning midagi krabises vastu masinarehe seina . 
24	NA	 Vend Juljus kukkus ehmatuse pärast jahukotina kasti otsast maha ja jäi liikumatult lamama . 
24	NA	 Tingu Liine kiljatas läbilõikavalt , viskas kitarri kolinal nurka ning jooksis marutuulena masinarehest välja . 
24	NA	 Momendiks valitses hämaras ruumis hingetu vaikus , siis puhkes meeletu kiljumine ja lärm . 
24	NA	 Keegi ei teadnud , mis juhtus . 
24	NA	 Kes laskis , kust lasti , või kas üldse lasti ja kui – siis millega . 
24	NA	 Ruumi täitis mõrkjalt hapukas püssirohulõhn . 
24	NA	" "" Viimnepäev ! "
24	NA	 Viimnepäev ! 
24	NA	" Appi , päästke meid ! "" karjusid surmani kohkunud inimesed . "
24	NA	" "" Saatanate kari on valla pääsenud ! "
24	NA	 Tunnete põleva väävli lõhna ! 
24	NA	 Kohe tulevad maod meid salvama ! 
24	NA	" Appi !!! "" "
24	NA	 Segadus oli kirjeldamatu . 
24	NA	 Kõik trügisid väljapääsu poole. Paljud ei suutnud ennast ehmatuse pärast liigutadagi , vaid seisid sambana keset põrandat , silmad pärani , näost kooljana kaamed . 
24	NA	" "" Tule ruttu , jookseme ! "" tõmbas Tereese Maiet käest , kes tardunud pilgul lamava vend Juljuse poole vaatas ning üle keha värises . "
24	NA	 Maie veretud huuled liikusid , kuid Tereese ei kuulnud ainsatki sõna . 
24	NA	 Õde ainult maigutas suud , suutmata kõnelda . 
24	NA	" "" Tule ometi ! "" ning Tereese tõmbas ta liikvele . "
24	NA	 Koduteel jäi Mai järsku seisma , kiljatas läbilõikavalt , ajas silmad pärani , nagu näeks ta enda ees koletut nägemust , ning pani siis kui tuulepööris jooksma . 
24	NA	 Tereese ruttas talle järele , kuid Maie pöördus teelt kõrvale metsa ning kadus silmist . 
24	NA	 Küll hüüdis Tereese teda veel tükk aega ning püüdis õde leida , kuid asjata . 
24	NA	" "" Kuhu Maie jäi ? "" küsis Ann-Leena , kui ta Tereeset üksinda tulemas nägi . "
24	NA	 Tütre kohkunud nägu nähes aimas ta halba . 
24	NA	 Tereese jutustas , kuidas Tingu Liine ja vend Juljus kitarri mängisid ning teised kaasa laulsid . 
24	NA	 Kõik olnud väga ilus , kuid siis , keset palvust , kui kõik põlvili maas olid , lajatanud ukse lähedal järsku kaks püssilasku . 
24	NA	 Palvevend kukkunud hingetult maha , teised aga tormasid karjudes välja , sest kõik arvasid , et viimnepäev on saabunud . 
24	NA	 Vend Juljus rääkinud just enne seda , et kõik , kes ennast patust ei pööra , leiavad viimsepäeva põrgutule leitsakus ja väävlisuitsus koleda otsa . 
24	NA	 Seepeale siis käinudki hirmus kärgatus . 
24	NA	" "" Aga kuhu siis Maie sai ? "" – "" Maie ehmatas nii hirmsasti , et ei saanud paigastki ära . "
24	NA	 Oli näost ära langenud , nagu hakkaks surema , ainult vaatas vend Juljuse poole , kui see hingetuna maas röitsutas . 
24	NA	 Tirisin ta välja , et koju tulla . 
24	NA	 Terve tee ei rääkinud ta ainsatki sõna , ainult huuled liikusid . 
24	NA	 Kuid meie koplis , kuusiku vahel hakkas ta järsku kiljuma ning pistis jooksma . 
24	NA	" Püüdsin küll teda kätte saada , aga tihnikus kadus silmist , "" seletas Tereese õnnetult . "
24	NA	" "" Kuradi palvevennad tuleks kõik üles puua , va Tingu Liinega eesotsas . "
24	NA	 Ise ta on juba peast soe suurest palumisest , nüüd vaja teistega sedasama teha . 
24	NA	 Ma arvasin kohe , ega see enne ei lõpe , kui plikal aru peast kaob . 
24	NA	" Eks nüüd olegi käes . "" "
24	NA	 Ja Vaherpõllu perenaine kiirustas põllule , kus Jüri kartulivagusid sisse ajas , et halba uudist ka mehele teatada . 
24	NA	 Jüri peatas vana Mammi põllupeenral ning lirtsas läbi esihammaste tubli lõuatäie mahorkasegust sülge ning pungitas silmi . 
24	NA	" "" Seda see poiss läks sealt oma püssilörtsuga otsima . "
24	NA	 Ehmatas plika peast segaseks . 
24	NA	 Maretsoo praegu vett täis nagu järv , ega muud , kui uputas enda ära . 
24	NA	" Eks selle pärast ole inimesed endale varemgi otsa peale teinud . "" "
24	NA	 Jüri rakendas vana Mammi adra eest lahti , pani peenra äärde sööma ning kogu pere läks Maiet otsima . 
24	NA	 Kuid mingisugune otsimine ei andnud tagajärgi . 
24	NA	 Jüri nohises kurjalt , Ann-Leena vandus tuhat kuradit kokku ja sajatas Tingu Liine maa põhja , kes olevat kõiges süüdi , kuid Maiet ei leitud kusagilt , nagu oleks ta tõepoolest Maretsoo mädamülkas endale otsa peale teinud . 
24	NA	 Kuid kui Maie ka kolme päeva pärast lagedale ei ilmunud , läks Jüri ühel õhtul vallavanema , Tagavälja Gustavi jutule , et see aitaks kogu küla osavõtul otsimist korraldada . 
24	NA	 Maiet elusalt leida ei lootnud Vaherpõllul enam keegi . 
24	NA	 Ann-Leena usutles ka Leod , kas ehk tema oma püssitörtsuga plikale häda ei teinud . 
24	NA	 Kuid Leo tunnistas , et tema palvetunnis Maiet ja Tereeset üldse ei näinudki , sest ruum olnud hämar ja kõik parasjagu põlvili maas , küüned ülespoole . 
24	NA	 Tema saatnud oma soolalaengu selle meesterahva pihta , kes röötsakile kasti otsas kükitas ning parajasti kõri lahti laulis . 
24	NA	 Teise täie aga kihutanud ta Tingu Liine tagumikku . 
24	NA	 Meesterahvas kukkunud kõksti kasti otsast põrandale maha nagu jahukott , Tingu eit aga visanud pilli kolinal nurka , haaranud kahe käega perssest kinni ning lidunud kiljudes masinarehest välja . 
24	NA	 Rohkem ei teadvat tema midagi . 
24	NA	 Ja Leo lõpetas oma jutu mökitava naeruga ning pidas asja igati õnnestunuks . 
24	NA	 Mis puutub aga Maiesse , siis oleks ta varem või hiljem ikkagi peast lolliks läinud , ka ilma püssi paugutamiseta , sest niisugusele ulgumisele , põlvili maas , küüned püsti taeva poole , silmad pahupidi , ei pidanud ükski arudega inimene kuigi kaua vastu . 
25	NA	 Kui Maiet ka külakaupa otsides ei leitud , oli selge , et tütarlaps endale meeltesegaduses kusagil otsa peale tegi . 
25	NA	 Usklikud olid hirmul , kooskäimised katkestati mitmeks nädalaks , sest vend Juljus olevat saanud viimases palvetunnis tõsiselt häda. Ka Tingu Liine lebas mitu päeva suurest ehmatusest saadud närvivapustuse tagajärjel voodis . 
25	NA	 Mitmed aga lõid usus kõikuma ja hülgasid kogu selle kahtlase krempli , ega läinudki enam armuõpetusest osa saama . 
25	NA	 Alles jaanipäeva paiku toibus vend Juljus sedavõrd , et võis palvetunde jätkata . 
26	NA	 Umbes nädala pärast ilmus Vaherpõllu Maie välja . 
26	NA	 Kui Ann-Leena hommikul lauda juurde lehmi läks lüpsma , istus tütar reheall õlekool ja vaatas ema segase pilguga , nagu näeks ta teda esimest korda elus . 
26	NA	 Küsimuse peale , kus ta need seitse-kaheksa päeva oli , ei vastanud tütar midagi . 
26	NA	 Ka ei tulnud ta ema kutsumise peale tuppa , vaid istus edasi , vaadates ühte punkti enda ees . 
26	NA	 Ta oli näost otsa lõppenud , nahk tuhkjashall nagu katkutõbisel , juuksed sassis ja pulstunud ning riided lõhki kärisenud . 
26	NA	 Ann-Leena lõi kartma , sest tütre ilmes ja pilgus oli midagi võõrast . 
26	NA	 Alles siis , kui Tereese tuli ja Maie käest kinni võttis , elavnes õnnetu tütarlaps pisut ning laskis enda tuppa talutada . 
26	NA	 Tereese võttis ta riidest lahti , pesi jaheda veega puhtaks ning andis süüa . 
26	NA	 Siis pani ta Maie magama ning jäi ise valvama , et õde jalga ei laseks . 
26	NA	 Pikkamisi hakkas Maie paranema . 
26	NA	 Tereese püüdis teda normaalse mõistuse juurde tagasi tuua ning hoolitses tema eest kuis oskas . 
26	NA	 Puhuti haaras Maiet aga ikkagi veel seletamatu hirmutunne ning teda pidi lausa jõuga kinni hoidma , et ta jälle metsa ei jookseks . 
26	NA	 Kui Tereese küsis , mida ta kardab ja miks ta ära joosta tahab , vastas õde , et hääled käsivad . 
26	NA	 Tema kuulvat lakkamatult enda ümber salapäraseid hääli , kes teda igatsugu tegudele sunnivad . 
26	NA	 Hääled käskinud teda ka palvetunnist tulles metsa joosta ning ennast inimeste eest peita . 
26	NA	 Suure osa sellest ajast varjanud ta ennast Raja talu heinaküünis ja karjamaal , kuhu karjalaps talle pisut toitu toonud . 
26	NA	 Alles siis , kui peremees talle heinaküünis peale sattus , hakanud ta koduteed otsima . 
27	NA	 Tereese hoolitsemise tagajärjeks oli see , et Maie peale jaanipäeva , kui juba heinamaale mindi , normaalse mõistuse tagasi sai . 
27	NA	 Ta ei kannatanud enam hirmutunde all ja ka salapärased hääled ei kippunud segama . 
27	NA	 Tereesel polnud enam vaja teda valvata , sest õde ei ilmutanud mingit märki , et ta ära joosta tahab . 
27	NA	 Kuid ühel päeval oli Maie taas kadunud . 
27	NA	 Kui Tereese õhtul laudalakka läks , et puhkama heita , oli Maie magamisase tühi . 
27	NA	 Ta tuli alles pärast keskööd ning kui Tereese küsis , kus ta käis , siis vastas õde , et palvetunnis . 
27	NA	 Tema näinud eile Tingu Liinet , kes Pudruniitu heinaloole läks , ning Liine siis öelnudki talle , et palvetunnid käivad edasi , kuna vend Juljus on jälle tervise juures ning kutsub kõiki tagasi issanda armuõpetusest osa saama . 
27	NA	 Et kuradi käsilased palvetundi ei saaks tulla , peetakse neid jälle Tingu Liine kambrites , kus olevat küll pisut kitsavõitu , kuid selle eest täiesti ohutu . 
27	NA	" "" Tule sina ka , kui sa tunned , et kuri kiusama kipub , "" ütles Maie Tereesele . "
27	NA	 Ja Tereese läks , sest peale Villemi lahkumist tundis ta , et mingi tasakaal temas on kadunud . 
27	NA	 Varem ei tulnud tal pähegi , et ta peaks kusagile minema või peale Villemi kellegagi suhtlema , kuid nüüd vaevas teda alatasa mingi rahutus , mis sundis õhtuti aknast välja teele vaatama . 
27	NA	 Kuid tulemas polnud kedagi . 
27	NA	 Voodisse heites mõtles ta ainult Villemile , nii nagu poiss teda oli õpetanud , kuid see pigem suurendas igatsust tema järele kui rahustas . 
27	NA	 Ja Tereese läkski koos Maiega palvetundi , et seal pisutki sellest pingest vabaneda , mis teda lakkamatult rõhus . 
28	NA	 Tingu Liine väikest eeskambrit täitis usklike vaikne palvesosin , kui Vaherpõllu tüdrukud uksest sisse astusid . 
28	NA	 Tava kohaselt pidid ka nemad kohe põlvili laskuma ning teistega ühinema . 
28	NA	 Tereesele , kes neid kombeid ja pruuke veel hästi ei tundnud , paistis asi pisut naljakaski , kuid et teiste hulgast mitte silma paista , tegi ta siiski kõik kaasa . 
28	NA	 Maie silmad lõid aga otsekohe imelikult kumama ning põskedele ilmus isevärki õhetus . 
28	NA	 Täis hardumust vaatas ta üksisilmi vend Juljuse suu peale , et sealt ainsatki sõna kaotsi ei läheks . 
28	NA	 Paistis , et ta kogu südamest kõike seda uskus , mida palvevend rääkis . 
28	NA	 Ka Tereese vaatas vend Juljusele julgelt otsa . 
28	NA	 Talle meenus viimane kohtumine usuvennaga siinsamas Tingu Liine magamistoas . 
28	NA	 Tookord oli äratamine läinud untsu , sest palvevenna käitumine ei meeldinud talle . 
28	NA	 Ehk üritab ta täna õhtul uuesti , mõtles Tereese ning tundis südames järsku erutusevõbinat . 
28	NA	 Ta jälgis usuvenna näoilmet ja iga tema liigutust ning leidis , et vend Juljus on üsnagi sümpaatne mees , mitte nii nagu need poolpurjus külapoisid , kes teda Vaherpõllu saunakaldas suudlema kippusid . 
28	NA	 Ka palvevend saatis Tereese poole aeg-ajalt mõne ihara pilgu , nii et Tingu Liine , kes esimeses reas istus ja Vaherpõllu Maie kombel vend Juljusele lausa suhu vahtis , juba tagasi vaatas , et näha , keda kallis usuvend seal toa kõige hämaramas nurgas nõndaviisi oma pilkudega pommitab . 
28	NA	 Näed Tereeset seal Maie seltsis istumas , muigatas Liine halvustavalt huuli ning sosistas midagi enda kõrval istuvale Lätteaasu Mannile , mille peale mõlemad naised ühekorraga tagasi vaatasid ning suu ette tõstetud käe varjus naerda kihistasid . 
28	NA	 Tereese ei saanud oma silmi vend Juljuselt ning ei pannud tähelegi , mis tema ümber toimub . 
28	NA	 Usuvend kõneles niisuguse veenmisjõuga , et kõik muu Tereese peast ununes . 
28	NA	" "" Lasku põlvili ! "" müksas Maie talle järsku külge . "
28	NA	 Tereese jahmus ning langes kiiresti põlvedele maha . 
28	NA	 Ettevaatamatust liigutusest läks tool kolinal ümber ning kõik vaatasid selja taha . 
28	NA	 Tereesel oli piinlik ja ta lõi silmad põrandale , et vend Juljuse pilku mitte enam kohata . 
28	NA	 Kannatamatult ootas ta palvetunni lõppu , sest ta tajus ilma üles vaatamatagi , et usuvend teda üksisilmi sihtis . 
28	NA	 Kui viimaks lõpulaul lauldud , järgmine kokkutulek kindlaks määratud ning kõigile teatavaks tehtud , palus vend Juljus Tingu Liinet tema magamistuba paariks tunniks oma käsutusse , sest ta tahtvat toda Vaherpõllu õekest pihile võtta ning talle ei meeldivat , kui teda selle üliraske toimingu juures keegi kõrvaline isik segab . 
28	NA	 Liine vaatas vend Juljusele mõistvalt otsa ning lubas asja niimoodi korraldada , et lähemate tundide jooksul on tema jumala poolt ära märgitud koda kalli venna käsutuses . 
28	NA	 Tal olevat külas asjaõiendamist ning ta käib oma käimised sel ajal ära , kui vend Juljus Vaherpõllu plikaga pihilaual vaeva näeb . 
28	NA	 Liine ütles seda pilkavalt , terava tooniga hääles , mis ei jäänud vend Juljusele märkamata . 
28	NA	" "" Õde Liine . "
28	NA	 Sinus räägib jälle kuri sarviline ise . 
28	NA	 Sinu sõnad on niisama mustad ja mürgised nagu su mõttedki . 
28	NA	" Palveta ja kihuta kuri endast eemale , sest muidu võtab ta sinu üle täielikult võimust . "" "
28	NA	 Tingu Liine ei vastanud midagi , vaid langetas pilgu nagu vagale naisterahvale kohane ning astus õue , kus Tereese vend Juljuse sissekutsumist juba ootas . 
28	NA	" "" Astu sisse , kallis lapsukene . "
28	NA	" Õde Liine läks välja ning meie võime segamata rahus sinu ihu ja hinge salvimisega alustada . "" "
28	NA	" Nende sõnadega astus vend Juljus Tereesega koos Tingu Liine magamistuppa ja näitas valge päevatekiga kaetud voodi poole : "" Istu , õekene , ja püüa pihitalituseks oma mõtteid koguda . "
28	NA	 Räägi kõik oma hinge igatsused ja soovid südame pealt ära , midagi salgamata , midagi ilustamata . 
28	NA	" Ainult siis võtab jumal sind kuulda , kui su süda puhas on . "" "
28	NA	 Ning ta vaatas Tereeset kaua ja ihalevalt , umbes nii , nagu tiiger pühvlimullikat . 
28	NA	 Siis võttis ta Tereese ümara käsivarre ning paitas seda oma kuumade , higist niiskete pihkudega . 
28	NA	" "" Armas õekene , palugem sinu hingeõnnistuse eest . "" "
28	NA	 Vend Juljus laskus põlvili ning palvetas kokkupandud kätega ja ülespoole pööratud pilguga . 
28	NA	 Sõnu Tereese ei kuulnud , nägi ainult , et huuled liikusid . 
28	NA	 Olles palvetamisega valmis , tõusis mees püsti ja astus voodi äärel istuva Tereese juurde . 
28	NA	" "" Kui sa pihtimiseks valmis oled , siis ütle mulle ja me alustame . "" "
28	NA	 Tereese viivitas . 
28	NA	 Mida peab ta sellele võhivõõrale mehele rääkima ? 
28	NA	 Kas ta peab tema ees oma südame avama ning kõik selle , mida ta Tagavälja Villemi vastu tundis ning salaja oma hinges kandis , välja lobisema ? 
28	NA	 Võib-olla peab ta isegi oma päritolu mainima , isegi ema patud lagedale tooma . 
28	NA	 Kuid seda ta päris kindlasti ei teadnud ju . 
28	NA	 Ta teadis sellest ainult niipalju , kui teiste õdede ja vendade suust kuulis . 
28	NA	" "" Kui su jumal nii vägev on , et kõik minust teab ning isegi minu mõtteid loeb , nagu sa räägid , mida on minul siis veel temale öelda . "" "
28	NA	" – "" Armas lapsukene , muidugi teab jumal sinust kõik , kuid ta tahab seda sellepärast sinu suu läbi kuulda , et kontrollida , kas sa tõtt kõneled ja kas sa oled vääriline tema taevariigi tasu saama , kui viimnepäev maa peale tuleb ning kõik teised igaveses põrgutules otsa saavad . "
28	NA	" Sest jumal võtab oma armuriiki vastu ainult ausaid , kes ei peta ega valeta , ega üldse tema kümne käsu vastu ei eksi . "" "
28	NA	 Ning vend Juljus vaatas Tereesele pingsalt otsa . 
28	NA	 Tereese mõtles veel veidi . 
28	NA	 Siis alustas . 
28	NA	 Ta rääkis ära kõik , mida Aliide ja Leo talle tema päritolu kohta oli öelnud . 
28	NA	" Rääkis sellest , kuidas ta lapsest peale Tagavälja liivaaugus Villemiga käis , kuidas Villem temale simlit mängis ja ise peenikese häälega kaasa laulis : "" Pea õitseb sirel ja laulab ööbik ja uuel ilul hõiskab ilm . "" "
28	NA	 Ka sellest , et ema teda vihkas , nii kaugele kui ta mäletas , ja kuidas Tagavälja Villem teda endale naiseks lubas võtta , kui nad ükskord suureks saavad . 
28	NA	 Kuidas nende lapsepõlve sõprusest pikkamisi armastus arenes , siiras ja puhas nagu vesi Vaherpõllu ja Tagavälja vahel piiriallikas . 
28	NA	 Ja kui Villem kevadel merele läks , lubas ta Tereeset oodata ning raha koguda , et siis otsekohe abielluda , kui vajalik summa koos on . 
28	NA	 Ka oma salajastest igatsustest ei saanud ta rääkimata jätta , sest neid pidas Tereese eriti tähtsaks ja sellepärast ta Maiega koos palvetundi tuligi , et neid ihkeid ning pakitsevat rahutust endas maha suruda . 
28	NA	 Ihkeid ja rahutust , mida Villem ei mõistnud . 
28	NA	 Küll tahtnud ta juba kevadel kohe , enne Villemi lahkumist tema omaks saada , kuid Villem ei teinud sellest väljagi , vaid soovitanud Tereesel temale mõelda , kui igatsus väga suureks läheb . 
28	NA	 Seda tema teebki , kuid rahutus aina kasvab , mida rohkem ta poisi peale mõtleb . 
28	NA	 Vend Juljus kuulas Tereeset kokkupandud käte ning langetatud pilguga ega öelnud ainsatki sõna vahele . 
28	NA	" Aga kui Tereese oli lõpetanud , lausus vend Juljus : "" Armas õekene . "
28	NA	 Tundub , et sinu jutt on siiras ja vaba valedest . 
28	NA	 See on väga hea , et sa Maiega koos palvetundi tulid , sest siin vabaned sa oma rahutusest ning igatsustest , mis ei ole midagi muud kui kurja kiusamine , kes sind patuteele püüab ahvatleda . 
28	NA	 Nüüd aga , kallis õekene , heida siia voodi peale pikali , sule silmad ning püüa unustada ümbrus , kus sa oled . 
28	NA	 Mõtle sellele , et see on taevalik armuvägi , mis sinu ihu salvab ja patust puhastab . 
28	NA	 Ja et minu hing astub praegu jumala trooni ette taevasse ja see , mis sinu ihuga siin maa peal toimub , tuleb sulle kõik minu ihu läbi jumala suurest armunõust . 
28	NA	" Luba endalt tõrkumatult võtta kõik sinu neitsiihu katvad riided , et jumal ka sinu keha puhtuses võiks veenduda , enne kui ma su patusest lihahimust vabastan . "" "
28	NA	 Vend Juljuse poolsosinal lausutud sõnad ning pehmed soojast higist niisked käed olid nagu uimastav mürk , mis Tereeset roiutasid . 
28	NA	 Ta lebas suletud silmil nagu poolunes . 
28	NA	 Tundis küll , et vend Juljus pikkamööda ta keha katvaid riietusesemeid üksteise järel ära võtab , kuid tema takistamiseks puudus tal tahtejõud . 
28	NA	 Kõik see , mis temaga praegu toimus , tundus olevat nii üllatavalt hea . 
28	NA	 Vend Juljuse käed paitasid ning kompasid tema käsivarsi , rindu , kõhtu ning häbedust , libisesid hellitavalt üle näo , kaela ning kintsude , kuid häbi ta ei tundnud . 
28	NA	" Nagu kusagilt mõõtmatust kaugusest kuulis ta vend Juljuse unne suigutavaid sõnu : "" Sinu suu on nagu pakatav tulipunane roosipung koidukullas , sinu rinnad nagu küpse nisu kuhilad ja sinu õliastja on nagu kosutav allikas , mis on täidetud kõige parema armuõliga . "
28	NA	 Kui heldelt on jumal sinu ihule oma armuande jaganud ! 
28	NA	 Oi , kui kaunis ta on , ei ainsatki üleliigset kurdu , nii prink ja voltideta . 
28	NA	 Kohe õige pea vabastan ma sinu ihu igasugusest patulustist ja siis võid sa karskena ja puhtana koos oma peigmehega jumala armuriigis altari ette astuda . 
28	NA	 Mind on taevane valitseja selleks välja valinud , et noori õekesi patusest lihahimust vabastada , et nad mitte ropus mehevalus ringi hoorama ei hakkaks , sest see ei ole mitte jumalale meelepärane ja ta saab neid selle eest rängalt karistama . 
28	NA	" Varsti saad sa , kallis õekene , maitsta taevalikku õndsust , mida jumal sulle minu ihu läbi osaks laseb saada . "" "
28	NA	 Tereese viibis nagu unes . 
28	NA	 Kõik , mis temaga toimus , seisis nagu temast väljaspool . 
28	NA	 Ikka julgemaks ja julgemaks läksid vend Juljuse rünnakud ja Tereesel oli tunne , et tema peale on laskunud midagi suurt ja võimast , midagi niisugust , mis teda tervenisti haarab ja millele ta vastu panna ei suuda . 
28	NA	 Ta laskis ennast tõrkumatult vend Juljusest paitada ja muljuda , sest ainult tema keha oli praegu siin , hing aga viibis kusagil mujal , väljaspool seda tuba , Villemi juures , ning vaatas ükskõikselt pealt , mis tema ihuga toimub . 
28	NA	 Alles siis , kui vend Juljus kogu oma keha raskusega talle peale vajus , ärkas ta oma painajalikust tardumusest ja püüdis ennast vabastada , kuid oli juba hilja . 
29	NA	 Kui Tingu Liine külast tagasi tuli , oli Tereese juba ammu läinud . 
29	NA	 Vend Juljus magas poolpaljalt Liine valgel päevatekil nagu aus inimene kunagi , kes pärast ränkrasket päevatööd korraliku puhkuse on ära teeninud . 
29	NA	 Liine lükkas kambri ukse lahti ning põrnitses vihast kiiskavate silmadega . 
29	NA	 Teadagi , mis siin toimus . 
29	NA	 Küllap sai too Vaherpõllu plika oma noosi kätte ning laskis jalga . 
29	NA	 Ja see kõik toimus tema puhtas abieluvoodis ! 
29	NA	 Sellele Vaherpõllu hooravõsule ta veel ükskord näitab . 
29	NA	" Ja kui vend Juljus ärkas ning ettetuppa astus , küsis Liine : "" Kas sa nägid õde Tereese äratamisega pihilaual palju vaeva ? "" – "" Mitte just eriti . "" "
29	NA	" – "" Oli ta alles puutumata või langes see au sulle esimesena osaks ? "" ei suutnud Tingu Liine küsimata jätta . "
29	NA	" "" Õde Liine . "
29	NA	 Sa küsid liiga palju – ja asju , mis jumalale ei meeldi . 
29	NA	 Kui sa tahad olla vaga ja jumalakartlik õde , siis pead sa teravaid sõnu , mis saatan sulle suhu paneb , ütlemata jätma . 
29	NA	 Sa tead ju , et meie peame puhtad ja kasinad olema nii oma mõtetes , sõnades kui ka tegudes . 
29	NA	 Minu tegudel ei ole midagi ühist ropu lihahimuga . 
29	NA	" See on jumala käsk , et ma noori õekesi nende ihuhädas pean aitama , sest muidu lähevad nad patuteele . "" "
29	NA	 Tingu Liine jäi vait , sest ta teadis , et vend Juljusega sellel teemal vaielda ei maksa . 
30	NA	 Tereese läks ka järgmisse palvetundi . 
30	NA	 See , mis tema ja vend Juljuse vahel Tingu Liine magamistoas juhtus , oli sedavõrd ihaldusväärne , et Tereese enam muule mõelda ei saanudki . 
30	NA	 Ta ei suutnud kuidagi järgmist palvetundi ära oodata . 
30	NA	 Villem oma suudluste ja kallistustega ei tulnud talle enam kordagi meelde . 
30	NA	 Teda nagu polnud enam olemaski . 
30	NA	 Ainult vahetevahel vilksatas mõni mõttekilluke kõledast kevadpäevast Kivinõmme bussipeatuses , kus ta Villemi kätt oma peos hoidis , endal pisarad kurgus , et poiss ta terveks suveks maha jätab . 
30	NA	 Kuid mis olid Villemi suudlused ja kallistused selle kõrval , mida vend Juljus talle pakkus . 
30	NA	 Tereesele tundus , et tema ees on avanenud uus , senitundmatu maailm , salapärane ja ihaldatav , hullupööraselt magus nauding . 
30	NA	 Kas see siis ongi see taevalik õndsus , millest vend Juljus rääkis . 
30	NA	 On see ainult temaga nõnda , või ehk koguni kõikide meestega ? 
30	NA	 Miks küll Villem sellest ära ütles ? 
30	NA	 Kas ta tõesti ei märganud , et Tereese teda ihaldas ? 
30	NA	 Aga võib-olla ei teadnud Villem sellest taevalikust õndsusest ise ka midagi , sest polnud ta ju mingi jumala poolt äravalitud meesterahvas nagu vend Juljus , vaid lihtne külapoiss . 
30	NA	 Ja Tereesele paistis , et tema tunnetelgi Villemi vastu polnud enam seda võlu ja väärtust mis varem . 
30	NA	 Kas ta teda üldse armastaski ? 
30	NA	 Võib-olla oli see ainult lapsepõlvest säilinud harjumus , mis sundis teda poisiga kokku saama . 
30	NA	 Ehk on õige armastus hoopis see hingemattev nauding , mis tuleb mehega ühises voodis . 
30	NA	 Tereese oli täielikus segaduses . 
30	NA	 Ta võrdles mõttes kokkusaamist Villemiga ja vend Juljusega , ning tegi järelduse , et see igatsus , mida ta kevadel ja ka praegugi veel Villemi vastu tunneb , polnud midagi selle kõrval , mida ta usuvennaga kohtumisele mõeldes läbi elas . 
30	NA	 Seepärast otsustas ta minna ka järgmisse palvetundi ning leida võimalus usuvennaga taas kokku saada . 
30	NA	 Miks ära öelda niisugusest mõistust röövivast naudingust , mida jumal talle vend Juljuse ihu läbi osaks laseb saada . 
31	NA	" Kui palvus lõppes , astus vend Juljus Tereese juurde ja ütles : "" Luba , kallis õekene , et ma sind sinu koduteel saadan . "
31	NA	" On juba hilja ja see ei ole hea , kui noor ja kaitsetu , jumala armunõu maitsta saanud tütarlaps üksinda teele läheb , kus saatana käsilased teda kergesti kimbutama võivad tulla . "" "
31	NA	 Tereese noogutas nõusoleku märgiks , saatis Maie ees minema ja jäi ootama . 
31	NA	 Kuid koduteel kadus järsku jalgrada otse üle heinamaa minnes käest ja Tereese ning vend Juljus seisid küüni ees , kus poolik heinavirn nii meeletult ja kutsuvalt lõhnas , et kuidagi ei saanud muidu , kui nad pidid sinna otsa ronima , et üheskoos oma hinge ja ihu eest palvetada . 
31	NA	 Ja taas sai Tereese vend Juljuse jumala poolt äravalitud ihu läbi seda taevalikku õndsust tunda , millele ta terve nädala mõtles ning lakkamatult unistas . 
31	NA	 Ning Tereese põletas kallist usuvenda kogu oma noore keha lõõmava tulega . 
