par_nr	head	sentence
1	 Kuu Ordu 	 Kuu Ordu 
2	NA	 Siim Veskimees 
3	NA	 Aasta 2120 lend 
4	NA	 Mehed kohtusid helkivast terasest koridoris . 
4	NA	 Raskepärasema olemisega , turd ja põhjamaiselt hele ebamäärases vanuses tegelane oli pöördunud liftiuste avanemise hääle peale ja selle asemel , et edasi minna , ootama jäänud . 
4	NA	 Pisut kõhnem kergelt jaapanipärase välimusega mees oli samuti teise kohe ära tundnud , nii et ta suunurkades võbeles kerge naeratus , kui ta nõrgale gravitatsioonile iseloomulikul pikasammulisel hõljuval kõnnakul lähemale astus . 
5	NA	" "" Hau , Kent , "" ütles ta peatudes kahe meetri kaugusel teisest . "
5	NA	 Ta ei noogutanud ega pakkunud kätt . 
6	NA	" "" Tere , Tamaco . "" "
6	NA	 Teine mees naeratas ka kergelt , viipas siis ustele , mille poole oli teel olnud ja mis , nagu kõik muu siin , helkis tuhmi roostevaba terase peegeldusega . 
6	NA	" "" Komandotorni ? "" "
7	NA	" "" Judge kutsus , "" noogutas kõhnem mees , ja nad astusid järjekordsesse lifti . "
8	NA	 Nende pilgud ristusid korraks , kui mõlemad tajusid , kuidas tehisintellekt nende pealuudesse kasvatatud protsessoriga ühendust võttis ja nende isikuid kontrollis . 
8	NA	 Seintel , mis olid ka ekraanid , veiklesid kirjad ja nende läbivalgustatud kujutised , tehisintellekt registreeris ka nende relvad ja salvestusseadmed . 
9	NA	 Uksed avanesid , ja nende ees laius Kuu hõbejas päikesest valgustatud maastik , mille taustal esiplaanil olid mõned toolid ja lauad . 
9	NA	 Toolid olid pilooditoole meenutavad — pea- ja käsitugedega ja vaevumärgatavate energiarihmade peitpesadega , laudade kohal hõljusid õhus värvikirevad kolmemõõtmelised kujutised . 
9	NA	" Avatud maastikku nähes otsisid mõlema mehe sõrmed alateadlikult kombinesoonide õlgadel paksude , paarisentimeetriste kraedena lebavate kergete elutagamissüsteemide , nn. "" veerandskafandrite "" kontrollnuppe , ehkki teadsid hästi , et tegu pole kupliga , vaid ruum on ligi kilomeeter Kuu pinna all . "
10	NA	 Nad astusid üle põranda lähemale ja jõudsid pisut paremini valgustatud keskmise osani . 
10	NA	 Mees , kes seal toolil seljaga nende poole üht kujutist jälgis , viipas neile pöördumata . 
10	NA	 Kumbki laskus tooli ja nad jäid ootama . 
10	NA	 Pilk ümbrusele näitas , et põrand oli muutunud läbipaistvaks , nii et võis vaadata horisondi taga olevat Maad , ja taevas virvendas teljestik ning helendavate mitmevärviliste punktikeste juurde olid tekkinud selgitavad kirjad . 
11	NA	 Mehe sõrmest sähvatas helesinine kiir , mis osutas ühele objektile määramatus kauguses . 
12	NA	" "" "" Astrolabe "" . "
12	NA	 ASL18 , seega A-seeria . 
12	NA	 Mudeli täpsed tähised pole olulised . 
12	NA	" Komandör — Mick Hodder "" Tiger "" . "
12	NA	 ( Te peaks teda tundma . ) 
12	NA	 Kui te olete jälginud koolituse või lendude graafikuid , siis teate , et ta tuleb tagasi 81 kursandiga ja neil on sooritada viimane test — Põrguvärav . 
12	NA	 Te teate , et test ebaõnnestub keskmiselt 3-l %-l , kaks pääsevad , üks saab surma . 
12	NA	 Mida te ei tea , on see , et viimasel testil , eile , oli ebaõnnestumisi 20% . 
12	NA	 Surma sai üks , ja kaks poisi on raskelt vigastatud . 
12	NA	 Kui hukkunu oli sellest liigist , kellele õpetaja annab mõista , et ta ei peaks testile minema , siis teiste hulgas on — vastupidi — selliseid , kes kindlasti oleks pidanud testi ära tegema , näiteks Avallon Smithee , kahe aasta tagune Junior Grand Earth Tour'i teine koht . 
12	NA	 Midagi on valesti . 
12	NA	 Et ennetada teie küsimusi — oleme kontrollinud kõiki süsteeme ja oleme teinud juhtunu arvutisimulatsioonid . 
12	NA	 Kõik süsteemid on töökorras . 
12	NA	 Simulatsioonid näitavad kergeid erinevusi , mis mingil viisil , millest me veel aru ei ole saanud , ei mahu tõenäosuslike hälvete piiresse . 
12	NA	 Me oleme otsinud põhiliselt mingit välist faktorit . 
12	NA	 Sellega tegeldakse ka praegu . 
13	NA	 Mis ma teist tahan ? 
13	NA	 Kolme asja — esiteks tegelesite te võimaliku vaenuaktiga piloodikoolis . 
13	NA	" Asi , nagu ma mäletan , lõppes tulemusteta ja maeti poole aasta eest maha seoses põhikahtlusaluste äralennuga "" Astrolabe'il "" — polnud enam nagu mida uurida . "
13	NA	 Ja nüüd tabasime tõenäolise ühendusekatse — Kansase HC raadioteleskoop andis tuhandiksekundilise kõrgelt kodeeritud impulsi saabuva laeva suunas . 
13	NA	 Me ei suuda seda lahti harutada ja infot oli ka nii vähe , et see võib põhimõtteliselt võimatu olla . 
13	NA	 Igatahes oli ta piisavalt võimas ja täpselt sihitud , et olla vastuvõetav tavaliste seadmetega , mida igal mehel mitu on . 
13	NA	" Seega "" — ta osutas laua suunas — "" siin on meeste toimikud ; kui , kui seal on võimalik agent , tahaksin teada , kellele te panused paneksite . "
13	NA	 Kui Tiger asjast kuuleb , küsib ta seda esimesena . 
13	NA	 Teiseks tahaks ma teie arvamust , mida võidakse planeerida , mida üldse tänaste algtingimustega on võimalik meie vastu ette võtta . 
13	NA	" Ja kolmandaks ... "" "
13	NA	 Ta vaikis viisteist sekundit , pöördus siis lõpuks tooliga teiste suunas . 
13	NA	 Ta oli kiilaspäine ja suurte jääsiniste silmadega . 
13	NA	 Ta oli suur ja raske ning kuigi tundus küllaltki heas vormis olevat , õhkus tema liigutustest kõrge vanuse talitsetust . 
14	NA	" "" Ma tahaksin , et te käepärast oleksite , kui midagi juhtuma hakkab . "
14	NA	 Siin ei ole teisi teie kaliibriga tegelasi . 
14	NA	 Kõik on Marsil ... või mujal . 
14	NA	 Tegutsege . 
14	NA	 Ma ... me ei saa lubada , et täna selle testiga midagi juhtuks . 
14	NA	 Esiteks on see risk noorte eludega , teiseks aga ... noh , te kujutate ise ette , kuulujutud , usaldus kogu süsteemi vastu . 
14	NA	" Tööle . "" "
14	NA	 Ta viipas lauale . * 
15	NA	 Sellest ajast , kui inimene hakkas aru saama , mida ta tähisel ööl ülesse vaadates õieti näeb , on kõige meeliülendavam , tohutum asi , mida abivahenditeta suudame tajuda , aeglaselt ruumis pöörlev Galaktika täheketas . 
15	NA	 See on ainult natuke noorem kui Universum , miljardeid aastaid on ta saatnud kiirgust ruumi , kuulutades nii oma olemasolu . 
15	NA	 Ja ta teeb seda veel hirmus kaua , kuni raugeb tähtede jõud , lõppeb nende eluandvat tuld toitev vesinik ... või juhtub Universumiga muid huvitavaid asju . 
15	NA	 Kõigi nende saja miljardi tähe hulgas on tema säravast südamest kümnete tuhandete parsekite pikkuselt ruumi sirutuvatest spiraalharudest ühel silmapaistmatu spektriklassi dG2 kuuluv põhijada kollane kääbustäht , mille kolmandal planeedil on sündinud tsivilisatsioon , kes , kas juhuse või ettemääratusena , on pööranud oma pilgu ülesse selle üleva helgi poole , on tunginud välja planeedi kaitsva gaaskesta varjust . 
15	NA	 Uskumatult , arutult tühisena tundub ta selle majesteetliku suuruse kõrval , olles meile ülimalt tähtis ainult sellel lihtsal põhjusel , et kuulume ka ise nende kummaliste olendite hulka , kes pole rahul , et nende koduks on ainult planeet , kes juba siis , kui nad asustasid laotuse jumalatega , on soovinud viimaste elupaika tõusta , alistada Ruum , muuta oma koduks terve Universum 
16	NA	 Kas läheb see meil korda , ei tea . 
16	NA	 On ju möödunud viis miljardit aastat ajast , mil tihenenud gaasipilves kulgev termotuumareaktsioon kuulutas uue tähe sündi . 
16	NA	 Mõnikümmend tiiru on teinud see täht ümber Galaktika keskme , kuid siinkirjeldatud sündmuste ajaks vähem kui miljondiku ajast , mil inimolend esmakordselt astus teise taevakeha pinnale . 
16	NA	 Tohutu , masendav tühjus lahutab kosmoses neid väheseid kohti , kus põhimõtteliseltki oleks võimalik elada . 
16	NA	 Ei ole veel leitud rohtu entroopiaseaduse ja valgusbarjääri vastu , teisest küljest aga ei ole ka leitud mitte üht konkurenti kogu sellele mõõtmatusele . 
16	NA	 Ühegi välise jõu mõjust oma saatusele ei ole inimkond seni mingit tõsiseltvõetavat jälge leidnud , nii et ainuke oht , mis ähvardab ta eksistentsi , tuleneb vaid temast endast . * 
17	NA	 Kosmiline tuli lõõmas tühjuses , hõreda ülikuuma heeliumi plasma vool kihutas läbi ruumi , lagunedes , hajudes . 
17	NA	 Vabanev lühilaineline kiirgus , mis hetke jooksul tapaks kaitseta silmad sellel , kes liiga lähedal juhtuks olema ja muudaks atomaarseks auruks selle , kes allika lähedal voogu peaks juhtuma , tegi nähtavaks tuhandete kilomeetrite pikkuse nõelja tulekanali . 
17	NA	 Selle tipus toimus sama reaktsioon , mis annab tähtedele energiat , kuid siin polnud ta tekkinud ühegi loodusliku alge sunnil . 
17	NA	 See termotuumaleek põles inimmõistuse loodud neutronainest reflektorite fookuses ja andis jõu kõrghoonetaolisele ümar- peegeljale ruumisõidukile . 
18	NA	 Pooleaastane retk sinna , kus päike peaaegu ei ole enam eristatav teiste tähtede hulgast , hakkas lõppema . 
18	NA	 Oli see päikesesüsteemi ääremaa või avaruum , on nimetuse küsimus , aga see pimedus varjas objekte , mis tegelikult ei olnud enam Päikesesüsteemi osad , pigem vabad planeedi , isegi terved ebaõnnestunud tähesüsteemid , mille keskmisel suuremal keral ei ole kunagi jätkunud raskust aatomeid kokku pigistada nii , et nad ühinema hakkaksid . 
19	NA	 Laeva sadatuhat tonni pidurdusid kiirendusega kakssada meetrit sekundi ruudu kohta , kõike ja kõiki rõhus kahekümnekordne raskus . 
19	NA	 Inimene ei suuda elada sellises raskusväljas — ja ei elagi , vaid lamab hiberneeritult metallkastis spetsiaallahuses , sellal kui tehisintellekt tema eest töö ära teeb . 
20	NA	" "" Astrolabe "" tagasipöördumist jälgisid masinad , palja silma jaoks oli ta liiga kaugel . "
20	NA	 Teleskoobiski oleks ta halvasti näha olnud , sest kuigi mootori kiirgus oli väga kitsalt suunatud , oli voog , eriti laeva lähedal , kümneid suurusjärke heledam laevalt endalt peegeldunud valgusest . 
20	NA	 Kui kiir oleks otse Maale suunatud , oleks ta päikese heledusega võrreldav olnud . 
20	NA	 Laevalt loomulikult olid Maa sinakasvalge kera , tema kõrval Kuu väiksem pruunikas kuulike selgelt ja suurelt näha selle umbes miljoni kilomeetri kauguselt , kui peamootori pinge langes Maa raskuskiirenduseni , sellal kui laev ikka veel kähku Kuu suunas liikus . 
20	NA	" Veel midagi tegi kompuuter — lahus voolas ära , "" kirstud "" avanesid ja inertsiaatoriteruumi tuhmis hämaras valguses lamas meeskond energiapatjadel , mis moodustasid võimalikest pehmeima voodi . "
20	NA	 Masinavärk , üks komplitseeritumaid ja samal ajal häirekindlamaid , nägi vaeva , et inimesi surmataolisest unest tagasi tuua . 
20	NA	" Pika teadvusetuse mõju üle kehale ja vaimule vaidlesid teadlased sellest ajast , kui töökindel "" talveuni "" välja mõeldi . "
20	NA	 Kuigi protseduur oli üldiselt ohutuks tunnistatud , jäid igasugused seletamatud ja mitte just positiivsed kõrvalmõjud , nii et meetodit kasutati ainult seetõttu , et see oli ainus viis läbida mingi vastuvõetava ajaga sadade astronoomiliste ühikute pikkusi vahemaid . 
20	NA	 See oli ka põhjus , miks äratus võttis tunde , kuigi seda oleks võinud teha mõnekümne sekundiga olukorras , kus kaotada pole suurt midagi . 
21	NA	 Lõpuks asendus sügav teadvusetus normaalse unega . 
21	NA	 Esimesena ärkas sellest Tiger . 
21	NA	 Hädaohurefleks oli kindlalt juurdunud , alateadlikult pingutas ta lihaseid ning ta esimene pilk libises üle tabloo , kuhu kompuuter kandis jooksvaid lennuandmeid . 
21	NA	 Esimene oli ta esiteks sellepärast , et tema keha ja aju olid harjunud sellise protseduuridega — sõitis ta juba üle 40 aasta kosmoses . 
21	NA	 ( Et ta nii vana oli — aga ta oli ligi 65 — poleks välimuse järgi talle keegi pakkunud . ) 
21	NA	 Ja teiseks oli see hind , mida tal komandörina tuli maksta — teda äratati pisut kiiremini . 
22	NA	 Ekraanidel polnud ühtegi punast või vilkuvat rida , ka kiirendustuled , mis tavaliste valgustitega peaaegu et võisteldes põlesid kõikjal , kuhu pilk langes , olid rahustavalt rohelised . 
23	NA	 Tiger tõstis käe kõrva taha ja vajutas sinna peidetud sensorile . 
23	NA	 Pealuusse istutatud koli hakkas aktiveeruma , ta jäi lamama ja ootama , kuni laeva tehisintellektiga otsese kontakti saavutab . 
24	NA	 Ta adus juba kasvavat tühjusetunnet — veel ainult õige pisut rabelemist ja siis on reis läbi . 
24	NA	 See , et ta seda teadis ja ootas , ei muutnud asja kergemaks . 
24	NA	 See oli alati nii ja alati oli ta jõudnud harjuda tolle lõbusa kambaga , kellest alul tundus rohkem tüli kui abi olevat . 
24	NA	 Ta teadis , et on nendega koos vaid pool aastat , millest kuu nad pealegi veedavad magades . 
24	NA	" Teadis , et homme helistab Magnutaki ja küsib "" kas kordame ? "" ja ta noogutab , mis tähendab , et mõne kuu pärast lendab ta järgmise portsuga Kuiperi Vöö suunas , kuid ometi tundis ta alati nukrust , kui tähelaev Kuule lähenes . "
24	NA	 Järsult langes pinge , mis teda kogu retke ajal vallanud oli , sest siitmaalt oli kõik lihtsam . 
24	NA	 Baas oli kolme valgussekundi kaugusel ja lähenes kiiresti . 
24	NA	" Kui ta annaks eetrisse "" Mayday "" , oleks kolme sekundiga hädasignaal seal ja veel nelja pärast võiks Kuu pinna lähedal alati üleval olevate valvelaevade mootorite leeke näha . * "
25	NA	 Kent tõstis õhukesele paberile trükitud lehti , vaatas imestunult Judge'i poole . 
26	NA	" "" Paberkoopia jah , "" vastas see ta sõnatule küsimusele . "
26	NA	" "" Iga mees teab , mis on kirjas tema täistoimikus , ja saab teada , kes ja mida on lugenud . "
26	NA	 Ühel päeval saab see loodetavasti nii ka olema . 
26	NA	 Seni , paraku , ei ole meil teist võimalust , kui käituda riigina , ükskõik , kui vastik meile oleks meie endi kehtestatud põhimõtteid rikkuda . 
26	NA	 Teie kuulute sisemisse ringi , mis seob teid vaikimiskohustusega . 
26	NA	" Ja omakorda ärge minult küsige , kuidas ma need nende toimikute primitiivsed koopiad tekitasin . "" "
27	NA	 Tamaco näperdas lehti , uuris üht vastu valgust . 
27	NA	" "" Päevapaber ? "" "
28	NA	 Judge noogutas . 
28	NA	" "" Homseks on nad tolm . "" "
29	NA	 Kent muigas korraga ja näitas Tamacole üht lehte . 
30	NA	" "" Mis veidrad sümbolid ... "" uuris viimane seda paar sekundit , siis taipas , muigas samuti ja küsis või pigem tõdes Judge'i poole vaadates : "" Peidetud 'tumb print' käsk ? "" "
31	NA	" "" Lahendage ülejäänu ka sama sujuvalt , "" porises vanem mees tooli jälle ekraanide poole pöörates . "
32	NA	" "" Oota , "" lausus Kent kiiresti , et teine ei jõuaks millegi muuga tegelema hakata . "
32	NA	" "" Miks nad kompleksi saboteerivad ( olgu need siis USA eriteenistused või kes iganes ) ? "
32	NA	 Mis nad sellest saavad ? 
32	NA	 Tahetakse informatsiooni , tahetakse meie tehnilisi leiutisi — selge . 
32	NA	 Otsitakse viise meie üle kontrolli saavutada , tekitatakse intsidente oma sisetasakaalu muutmiseks — arusaadav . 
32	NA	" Ent mis huve teenib koolilõpetajate tapmine ? "" "
33	NA	 Judge heitis neile üle õla pilgu ja nohises kõhklevalt enne vastamist . 
34	NA	" "" Kent , Tamaco — vanad te olete ? "
34	NA	 Nelikümmend kolm minu mäletamist mööda ? 
34	NA	" Need aastad Marsil "" - - "" Kaheksateist aastat , "" pistis Tamaco vahele — "" on teid muutnud praeguste noorte sarnaseks — te ei tea enam , mis on rumal kurjus ; ja see aasta siin ei ole teid uuesti seda tajuma pannud . "
34	NA	 See oli möödunud sajandil , kui meid peeti ... mhh , ja teatud lähenduses me olimegi Kuul baseeruv röövlijõuk . 
34	NA	 Kahekümne esimene sajand oli meile olemasolu eest võitlemise sajand . 
34	NA	 Enamik meistki ei saa aru , et see aeg on läbi . 
34	NA	 Mingil viisil aga mõned Maa valitsused saavad , kui nende käitumise järgi otsustada . 
34	NA	 Meie täht või surm ei sõltu enam Maast — seda sõnumit kannavad endas Marsi linnades sündinud generatsioonid . 
34	NA	" See on uue rahva tõus , ja otsust Vana Maa kohta , mida nad juba oma olemasoluga endas kannavad , ei suuda paljud seal all taluda . "" "
34	NA	 Ta libistas käe üle näo . 
34	NA	" "" See on nüüd filosoofia . "
34	NA	 Nii et võib-olla on asi lihtsam — meie olemasoluga on tulnud leppida , nüüd üritatakse meid kaugemale ajada . 
34	NA	 Igatahes viimastel aastatel on juhtunud palju intsidente , mis ei sobi hästi senistesse luureteenistuste käitumismustritesse — meie inimesi ei proovita enam mõjutada , ära osta , tühjaks pigistada , enda kasuks tööle panna , pigem üritatakse neid esimesel võimalusel maha lüüa . 
34	NA	 Seega ( kui see on mingisugune aktsioon alt ) öeldakse meile — kerige minema . 
34	NA	" Võitlus on Maalt kena ilutulestikuna näha , ehk peavad nad seda võimsuse demonstratsiooniks ? "" * "
35	NA	 Tiger nihutas käe nuppudele , leidis kobamisi õiged , lasi voodil end poolistukile tõsta ja , viitsimata tõusta , kuna hädavajadust polnud , jälgis talle juba eelmistest kiirenduse kasutamistest tuttavaks saanud ärkamisstseeni . 
35	NA	 Esimese liikumise fikseeris silm ekraanidel , kus teistes tiibades hakkasid end kõigepealt liigutama ja pead raputades üles ajama Tacca ja Jalef , laeva piloodid ja Šunkto , insener , komandöri abi . 
35	NA	 Nooremate , rikkumata inimestena ei võinud nad sallida teadvuseta olekut ja tegid pingutusi , et sellest ärgata . 
35	NA	 Nemad neljakesi olidki kogu püsiv meeskond , teist neli oli kooli õpetajad ja treenerid . 
35	NA	 Pool kogu sellest seltskonnast oli muide kunagi lõpetanud oma õppeaja Tigeri laeval , ja nüüd sinna tagasi sattunud . 
35	NA	 Nad olid palju kosmoses rännanud ning kauguse mõiste oli neil atrofeerunud — nende maailm oli ruumilaevade maailm , nende koduks oli päikesesüsteem ja kaugusi arvutasid nad ühtviisi sundimatult kilo- ja terameetrites ( aeg-ajalt neid muidugi segamini ajades ) . 
36	NA	" "" Siin Astra , "" heikles õrnalt komandöri teadvuses laeva tehisintellekti hääl . "
36	NA	" "" Tiger , su modem on täielikult aktiveerunud , DoubleVision on täitnud 31% testidest ja aktiveerub kümne minuti pärast , TotalRecall on töövalmis , kuid ootel . "
36	NA	 Kena , et sa oled ärganud . 
36	NA	" Reis on seni möödunud arvestatavate kõrvalekalleteta plaanist . "" "
37	NA	" "" Tere , Astra , "" vormis Tigeri teadvus sõnu otse modemile edastamiseks . "
37	NA	" "" Kuidas ärkamine kulgeb ? "" "
38	NA	" "" Nagu tavaliselt , "" vastas arvuti kehatu mõte nagu tuule sosin . "
38	NA	" "" Meeskond ja õpetajad on praktiliselt teadvusel , teised ärkavad kohe . "
38	NA	" Ka senistelt uinutamistelt kursantide kohta kogutud statistikat kasutades võin öelda , et tõenäosuslike hälvete piires . "" "
39	NA	" "" Seda ma näen ekraanidelt , et minu mehed on üleval . "
39	NA	 Need 19 siin ... 
39	NA	 Enamikku juhtumisi võin minagi ennustada . 
39	NA	" Võin kihla vedada , et esimene on Lion . "" "
40	NA	" "" Sa tead , et kihlvedu pole aus , kuna mina jälgin kogu aeg väga täpselt nende organismi parameetreid — mina ju neid äratangi . "" "
41	NA	" "" Jah , seda sa tead , aga seda , et Lion raputab puristades oma sasipead , toetab jalad põrandale , pea kätele ja tardub selles asendis , tean mina paremini . "
41	NA	" Kas Indis kukkus ? "" "
42	NA	" "" Jah . "
42	NA	 Hüppas püsti enne , kui jõud tagasi tuli ja maandus põrandal . 
42	NA	" Ma tean isegi seda , et ta vannub . "" "
43	NA	" "" Nüüd läheb ta puldi najal teisele katsele — "" "
44	NA	" "" ... mis samuti , nagu alati , ebaõnnestub . "
44	NA	" Aliesha tõuseb . "" "
45	NA	" "" Pikaldane veniv haigutamine — ta püüab korraga võimalikult suure koguse õhku kätte saada . "" "
46	NA	" "" Kerge hapnikuvaegus , mis järgneb elutagamissüsteemide lahtiühendamisele . "
46	NA	" Venturi . "" "
47	NA	" "" Jah , tema hasartne vandumine — kindel märk , et ta on teadvusele tulnud . "" "
48	NA	" "" Draco ja Chadis . "" "
49	NA	" "" Nad kirjeldavad värvikalt ja võrdlemisi naturalistlikult teineteisele oma emotsioone ja unenägusid ... "" "
50	NA	" "" Hibernatsioonis und ei näe . "" "
51	NA	" "" ... ja tegelevad agaralt ümberolijaile võimalikult lühida ja ammendava iseloomustuse väljamõtlemisega . "
51	NA	 Varsti peaks Venturi kõrval lamaval Björil mõõt täis saama , siis ta viskab Venturit millegagi ... 
51	NA	" Testriga . "" "
52	NA	" "" Kerged valuaistingud Athosel . "
52	NA	 Venturi põikas kõrvale . 
52	NA	 Arhiiv näitab , et Björ viskab 80-l %-l juhtudest midagi Venturi suunas , enamasti silmi avamata harjunud liigutusega . 
52	NA	" Tabavus 20% . "" "
53	NA	" "" Homo homini lupus est "" , konstateeris Athos nukralt testrit käel kaaludes ja suundus siis esimesena pisut kõikuva sammuga dušširuumide poole . "
54	NA	" "" Deathface . "" "
55	NA	" "" Tal on juba sünnist saati loomulik surnupealuunägu , "" mõtles Tiger rohkem omaette , hoolimata sellest , et kuna lülitused olid aktiivsed , tajus seda ka tehisintellekt . "
55	NA	" "" Peale seda kahe aasta tagust plahvatus , kui ta lõust veel kriimud ja kõrvetada sai ... kui ta plastilist operatsiooni teha ei lase , kannab ta oma nime auga elulõpuni . "" "
56	NA	" "" Ma ei ole kompetentne arvamust avaldama inimeste sedalaadi otsuste üle . "
56	NA	 Muide , Angel ja Ulla togivad Silverit . 
56	NA	 Viimane on küll ärkvel , kuid ei soovi veel tõusta — seda tavatsete te , inimesed , nimetada laiskuseks . 
56	NA	 See on küll allpool seda taset , et peaks sekkuma , aga ma tajun ta kasvavat ärritust ... 
56	NA	" Nüüd keerasid naised ta põrandale ja otsesed monitooringusignaalid katkesid . "" "
57	NA	" "" Ja seal pole enam mõnus edasi tukkuda . "
57	NA	 Ma räägin nendega , kuigi see on tõenäoliselt viimane äratus selles seltskonnas . 
57	NA	" Kas Indis on üleval ? "" "
58	NA	" "" Ka tema signaale ei ole enam , ent ma näen , et Pipi hiivab teda jalule , teised naeravad ümberringi . "
58	NA	" Nüüd on kõik ärkvel , mul ei ole enam otseseid signaale . "" "
59	NA	 Tiger avas silmad , et parasjagu näha , kuidas keegi Soleyle jala ette pani ja ta komistas . 
60	NA	" "" Ta komistab masendava järjekindlusega . "
60	NA	" Kes seda tegi ? "" "
61	NA	 Ta ei oodanud vastust , aga Astra oli ikka veel kuuldel . 
62	NA	" "" Merou . "" "
63	NA	 Tiger tundis kerget ebameeldivust , sest autunne keelas teda kasutamast arvutit meeskonna järele nuhkimiseks , ent komandörile vastas masin kiiresti ja kõhklemata . 
63	NA	 Ta ohkas . 
64	NA	" "" Okei , nüüd on nad läinud . "
64	NA	 See Merou , ta ka toetas Soleyt , seda ma nägin — selline heasüdamlik kloun nagu ta on — kõigi tema tegemiste peale tuleb naerutuju või tahtmine ta laiaks lüüa . 
64	NA	" Tõusen , mine taustale . "" "
65	NA	 Tiger jäi Fate'iga kahekesi . 
65	NA	 Too noorepoolne treener oli samuti üks Tigeri õpilastest . 
65	NA	 Ta vaatas kursantidele järele , hakkas samuti minema , ent pööras siis pilgu komandöri poole . 
66	NA	" "" Meie osa oli siin peaaegu läbi . "
66	NA	 Kahju natuke . 
66	NA	" Mitu korda sina seda teinud oled ? "" "
67	NA	" "" Kakskümmend . "
67	NA	 Sellega ei harju , ära loodagi — kui sa seda küsid . 
67	NA	" Võid neid kõrvupidi läbi peldikutorude vedada , aga ikka saab keegi surma . "" "
68	NA	" "" Jah . "
68	NA	 Ma tean . 
68	NA	" Vaatan oma gruppi ja mõtlen , et kes nendest . "" "
69	NA	" "" See on statistiline keskmine — paljudest gruppidest saavad kõik läbi , "" tuletas Tiger talle meelde . "
70	NA	" "" Ma tean , "" muigas Fate rõõmutult . "" "
70	NA	" Aga või see mind aitab — minu esimesed lõpetajad , nagu sa tead . "" "
71	NA	 Kahe tunni pärast kogunesid kõik peale pilootide ruumilaeva Peasaali . 
71	NA	 Sellist ruumi laevas muidugi polnudki , kuhu kaheksakümmend meest ja naist oleks mahtunud . 
71	NA	 Nad olid erinevatel sildadel ja ühiskajutites , mis kõik holoekraanidega kokku olid lingitud , nii et tõesti ühe suure ruumi mulje jätsid . 
71	NA	 Laeva mootorid seisid ning ainult spetsiaalsaapad hoidsid inimesi õhku kerkimast . 
72	NA	 Fate sisenes ja vaatas oma grupi üle . 
72	NA	 Ta kõnnak oli siin kummaliselt taaruv ning ta ei teinud erilist vahet põrandate , seinte ja lae vahel . 
72	NA	 Ta lülitas midagi randmekellal ja tabloole kiiganud kursandid nägid , et Fate'i kuuleb ainult tema grupp . 
72	NA	 Ta naeratas . 
73	NA	" "" Teised räägivad muidugi üldjoontes sama juttu , aga , osaliselt sellepärast , et see on kombeks ning ma niikuinii oleks tahtnud seda isiklikult öelda — "" ta tegi käega ebamäärase viipe . "
73	NA	" "" Nii , kursus alfa-20 ! "
73	NA	" Kuigi te teate sama hästi kui mina , et see on puhas juhus , et me oleme "" alfa "" , ei saa üle ega ümber faktist , et mingi müstiline esimeseksolemise aura seda ümbritseb . "
73	NA	 Kursust alustas 25. 
73	NA	 Nüüd on teid rivis 19. 
73	NA	 Viis lahkus — keegi ei süüdista neid , kes ise õigel ajal jalga lasid . 
73	NA	 Loodetavasti õpivad nad teisel viisil ja sooritavad ühel päeval oma testid . 
73	NA	" Võib-olla ei ole praegu kohane meenutada Johnny't , John Douglast , aga ta vähemalt tegi lõpuni seda , mida tahtis , puhaku ta rahus . "" "
74	NA	 Fate oli kõneldes teinud aeglase kaare ja jäänud poolviltu seinale seisma . 
74	NA	 Ta vaatas displei poole . 
75	NA	" "" Juhtimiskeskus , staatus ? "" "
76	NA	" "" Kõik korras siiani . "
76	NA	" Orienteeruv null miinus kuuesajal , faas kaks — miinus 30 roheliseni . "" "
76	NA	 * 
77	NA	 Kummaline oli see nende keel , sest nad rääkisid Kuu Ordu dialektis , arvutite abil täiesti uuele süsteemile ehitatud tehiskeeles , mis kasutas muidugi tuntud keelte sõnu . 
77	NA	 Dialekt oli lihtne , loogiline ja ratsionaalne , kuid süsteem erines niivõrd palju tavalisest inimkeelest , et teiste keelte konstruktsioone vastavusse seada oli peaaegu võimatu . 
77	NA	 Kunagi eelmise sajandi alguspoolel , kui see dialekt loodi , ei arvanud loojad , et seda rääkima hakatakse , sest katsed esperanto ja muude sellistega olid näidanud , et inimesed ei hülga oma igapäevaseid harjumusi , pealegi ei olnud vajadus luua keelt , vaid lühikeste üheselt arusaadavate masinlähedaste komandode kooskõlastatud süsteemi . 
77	NA	 Paraku oli ta sisemine grammatiline loogika nii tugev , süntaks nii selge ja arusaadav et , kuigi baseerudes peamiselt inglise keelel , oli ta kahekümne aastaga tülgastuseni ajuvaba americano selle paljurahvuselise seltskonna omavahelise suhtlemise keelena asendanud , ja isegi Madagaskaril sündinud , rääkimata Kuu ja Marsi rahvast , pidasid seda oma emakeeleks . * 
78	NA	 Fate pöördus aeglaselt imaginaarse rivi poole . 
79	NA	" "" Mis siis ikka . "
79	NA	 Ees seisab viimane eksam . 
79	NA	 Kõige raskem . 
79	NA	 Päras seda olete Kuu Ordu piloodid ja kogu maailm on teile lahti . 
79	NA	 Aga enne tuleb see läbi teha . 
79	NA	" Tingimusi teate te peast esimestest päevadest , nagu ka ebaõnnestumiste ja surmajuhtumite statistikat . "" "
80	NA	 Informatsioonitablool süttis uus rida , Fate heitis sellele põgusa pilgu . 
81	NA	" "" Alustage ! "" "
82	NA	 Viie sekundi pärast oli ruum tühi . * 
83	NA	 Kent viskas toimiku lauale ja küünitas käe kohvitassi järele . 
83	NA	 Tamaco kiikas tema poole ja lasi samuti paberid käest , tõusis ja ringutas . 
83	NA	 Judge , kes nendega koos pabereid oli lugenud , kõhkles hetke , kallutas end siis tagasi , masseeris silmi ja palus käeviipega Kenti baarirobot lähemale läkitada . 
84	NA	" "" Nii , mis me siis teada oleme saanud ? "" "
85	NA	" "" Palju ja mitte midagi , "" vastas Kent , kui oli korraks küsivalt Tamaco poole vaadanud ja taibanud , et , nagu enamasti , jätab sõber sõnalise osa talle . "
86	NA	" "" Niisiis — küsimus , mida me õieti otsime ? "
86	NA	" Vastus — "" ebatavalist "" , ei sobi , sest tavaline on ... "" — ta sobras kaustades — "" Indis . "
86	NA	 Jah , kui meil kästaks leida tüüpiline Ordulane , meeldiks meile tema ette tuua . 
86	NA	 Ta saab täna ( loodetavasti ) piloodiks ja ta on teinud ka arvestatava tasemega teaduslikku tööd . 
86	NA	 Ühesuguse kergusega võib ta end pildituks juua , kui ka eluga riskides suuri tegusid teha . 
87	NA	 Või Athos . 
87	NA	 Mees , keda iseloomustatakse aadlimehena — uhke , piinlikult aus , paindumatu ( mitu kaklust , mida nad ise duellideks nimetavad ) , tahtejõuline . 
87	NA	" Kolm aastat "" Magna Charta "" korporatsiooni seenior ( pani pool aastat tagasi ameti maha , kui minema lendas ) , ühesõnaga sündinud juht . "
88	NA	 Nii et ebatavalisi vastandmõistes piloodikooli viimasel kursusel lihtsalt ei ole . 
89	NA	 Erilisi vedamisi — Chadis . 
89	NA	 Neli aastat tagasi lennuavarii . 
89	NA	" Põrkasid treeninglennul teise mehega kokku , katapuldi mootorid said viga , langevari läks sassi , aga ta kukkus tiiki . "" "
90	NA	" Tamaco võttis jutujärje üle : "" Ühesõnaga , kuigi sa meile mingeid juhiseid ei andnud , oleme liikunud umbes sama mõtteskeemi järgides — otsides liiga normaalseid ja liiga ebanormaalseid . "
90	NA	 Meie eeliseks on muidugi , et tunneme enamikku , kellest jutt . 
91	NA	 Monkey . 
91	NA	 Põhimõtteline opositsionäär , kui mitte öelda tola , kellele meeldib inimesi šokeerida labasustega — kui ta natuke püüaks , sarnaneks ta inimesega , tema aga pingutab teises suunas , tõsi küll , tagajärjekalt . 
92	NA	 Lion . 
92	NA	 Ei varja oma biseksuaalseid huvisid . 
92	NA	 Kena ja kõigega toimetulev naine , aga kaks korda on psühholoogid maininud kibestumist . 
92	NA	 Tahab kaugekspeditsioonile . 
93	NA	 Lex . 
93	NA	 Ainuke , kel on tõsisem tervisehäda — tal on kunstmagu . 
93	NA	 Maismokk , mis muidugi võib olla kompensatsioon nende kahe aasta eest enne uue mao saamist — kuigi maitsta ju võib , ainult neelata ei ole kuhugi , ei võtnud temagi , nagu enamik sellises olukorras , mitte midagi suu sisse . 
93	NA	" Häälestanud on ta oma seedimise selliseks , et on kõhn nagu releemast . "" "
94	NA	 Judge oli seda kuulanud langetatud laugudega , ise kohvi peale puhudes . 
95	NA	" "" Jah . "
95	NA	 Deathface . 
95	NA	 Mina põgeneks oma laevaga võimalikult kiiresti ükskõik kuhu , kui sellist lõusta esmakordselt sideekraanil näeks . 
95	NA	 Ja nii edasi . 
95	NA	 Andke andeks , ma usun niigi , et te tööd tegite . 
95	NA	 Ja ei ole vaja minuga õelutseda . 
95	NA	" Eilsed sündmused on kurb reaalsus . "" "
96	NA	 Kent ja Tamaco vahetasid pilke , Judge vaatas kiiresti ühe otsast teise otsa , siis nende pilkude suunas lauale ja ohkas . 
97	NA	" "" Ma kartsin , et sinna me välja jõuame . "
97	NA	" Lee Paul Roy , ehk Soley . "" "
98	NA	" "" Pidev viimane . "
98	NA	" Kui sealt üldse kellegi kohta võib öelda "" jobu "" — "" "
99	NA	" "" Pikad perioodid virtuaalreaalsuses , intensiivne side Maaga . "
99	NA	" Kahju , et me ei logi ega jälgi seda ... "" "
100	NA	 Judge ohkas veelkord . 
100	NA	" "" Fate'i raport enne viimast uinutamist , salajane lisa — ei soovita Soleyl testile minna . "" "
101	NA	 Tamaco sirvis hajameelselt toimikut . 
101	NA	" "" Tunneb päris hästi arvuteid . "
101	NA	 Üritab häkkida laeva arvutit , et saada eelist ? 
101	NA	 Kahtlasevõitu tegevus , sajad parimad pead suurte tehisintellektidega on neid programme optimeerinud . 
101	NA	 Üritab häkkida Polügoni , et lihtsamalt läbi saada ? 
101	NA	 Seal pole ju midagi häkkida , ta kas töötab või ei tööta . 
101	NA	 Robotlaevad ? 
101	NA	 Aga see tuleks ju kohe välja , simulatsioonidega kontrollitakse kõik üle . 
101	NA	 Mida ta Maalt sai ? 
101	NA	 Koode ? 
101	NA	 Korraldusi ? 
101	NA	" Programme ? "" "
102	NA	" "" Tööhüpoteesiks niisiis , et ta arvestab , et ta eksamit niikuinii ära ei teeks ? "" võttis Kent kokku . "
102	NA	" "" Mida USA tast tahta võib ? "
102	NA	 Tehnikat või agenti ? 
102	NA	 Esimesel juhul võib ta kavatseda jalga lasta , simuleerides õnnetust . 
102	NA	 Valve laseb ta läbi Maale , kui teatakse , et ta Polügonil pihta sai . 
102	NA	 Piisavalt madalal käivitab ta uuesti mootori ja suundub kuhugi , kust meie päästekomando teda nende arvestuste kohaselt kätte ei saa . 
102	NA	 See võib toimida . 
102	NA	 Teisel juhul siis üritatakse teda aidata Test ära teha , muutes ta niiviisi endast sõltuvaks . 
102	NA	" Või üritatakse lihtsalt segadust tekitada , et hiljem võiks väita , et Polügon ei töötanud normaalselt ? "" "
103	NA	" "" Poisid , stopp , nii ei lähe — te olete ta juba süüdi mõistnud . "
103	NA	" Kas me vaatame ka teisi võimalusi ? "" "
104	NA	" "" Sa ju võid , "" ühmas Kent . "
104	NA	" "" Meie ei suuda kahe tunniga midagi normaalsemat välja mõelda . "" "
105	NA	 Judge nooguta aeglaselt . 
105	NA	" "" Võtame selle siis tööhüpoteesiks , ent ei välista ka teisi võimalusi . "
105	NA	 Ükskõik kuidaspidi aga mõelda , tänased testitegijad on ohus . 
105	NA	" Ainuke imeväike võimalus on , et midagi läks teistel viltu ja tänaseks planeeritud aktsioon toimus eile ära , aga sellega ma parem ei arvestaks . "" "
106	NA	" "" Kas sa lubad täna kursandid testile ? "" "
107	NA	" "" Jah . "
107	NA	 Me arutasime seda Juhtrühmas . 
107	NA	 Süsteemides ei ole mingit märgatavat viga . 
107	NA	 Lõpuks on olemas täiesti arvestatav võimalus , et tegemist oli rumala juhusega , kuigi selle tõenäosus on normaaljaotusseaduse alusel umbes üks kaheteistkümnele tuhandele . 
107	NA	" Eile , peale esimesi ebaõnnestumisi lendas ja tegi kursantide keskel testi läbi Julius , "" Ultima Thule "" piloot ( sealt startisid eilsed testitegijad ) ja lõpuks sooritasid kontrolltesti ka Erlend ja veel kaks Akadeemia instruktorit . "
107	NA	 Kuus tundi tagasi saatsime igaks juhuks üles abijuhtimiskeskuse , hoiatatud on kogu tehnikatalitust ja ka Maa orbiidi suuri raketitõrjesatelliite ( nad muutsid mõnede varuhävitajate orbiite , nii et need kriitilisel ajal Polügonist mööda lendavad ) . 
107	NA	" Muidugi , nagu te teate , pole juba käivitatud Polügon eriti juhitav ega jälgitav . "" "
108	NA	 Kent tõusis . 
108	NA	" "" Me Tamacoga läheme välja . "
108	NA	 Mõelda võime ka lennukis . 
108	NA	 Valmista ette salastatud laserkanalid meie jaoks . 
108	NA	 Kes arvutigurudest saadaval on ? 
108	NA	" Indiana ? "" "
109	NA	" "" Indiana on ka saadaval . "
109	NA	" Analüüsigruppi juhib muidu Growl . "" "
110	NA	" "" Hoiata Indianat , ma seletan talle lennukist , mida ta tegema peaks . "" "
111	NA	 Nad lahkusid ruumist . * 
112	NA	" "" Astrolabe "" lülitas mootorid välja ja kõik kaotas kaalu . "
112	NA	 Paar tõuget veel , kui kurssi korrigeeriti , siis muutusid hoiatavat kollast näidanud kiirendustuled lõplikult siniseks . 
112	NA	" Kõik kursandid olid teostanud stardiprotseduurid oma lahingulennukitel , mida igapäevaselt "" kotkasteks "" hüüti ( ametlikult E-seeria oli loomulikult "" Eagle "" iks saanud ) , Tiger oma meestega võttis kohad sisse juhtimiskeskuses , lennukooli omad , Fate sealhulgas , olid end samuti sinna istuma sättinud . "
112	NA	 Aeg-ajalt laev stabiliseeris ennast ja korrigeeris kurssi vaevutajutava kiirendusega , Šunkto puudutas iga kord kergelt biokontakte juhtkuulil , millega ta juhtimise silmapilk üle oleks saanud võtta , kuid seda tegi ta harjumusest , mitte vajadusest . 
112	NA	 Viimaste kontrollprotseduuride tagasilugemised hakkasid kõik nulli jõudma . * 
113	NA	 Polügon ootas . 
113	NA	 Tohutu kompleks , tuhandeid masinaid tuhandetel kilomeetritel . 
113	NA	 Väljageneraatorid , metalli- ja plasmapilvede generaatorid , juhtmoodulid , ülekandemoodulid , aktiivrelvad ja taustakoli . 
113	NA	 Kolmemõõtmeline labürint , milles tuli teed leida . 
113	NA	 Iga valearvestus tähendas tõelise hävitava keskkonnaga kohtumist . 
113	NA	 Ja lisaks laevad . 
113	NA	 Robotlaevad , mis olid ligikaudu sama võimsad , kui kotkad . 
113	NA	 Eeliseid oli vähe — nende laserid olid väiksema võimsusega , nad ei tulistanud tabamust saanud laeva ja läksid suhteliselt väikeste vigastuste puhul triivima . 
113	NA	 Juhtimisoskus tehnilises mõttes aitas toime tulla labürindiga , aga mitte robotitega . 
113	NA	 Robotitega toimetulemiseks oli vaja midagi , mida arvutitel ei olnud — kujutlusvõimet . 
113	NA	 Laevu juhtis ja võitles tegelikult kompuuter , laeva tehisintellekt , sest inimese täpsus ja reaktsioon on kosmoses allpool igasugust arvestatavat piiri . 
113	NA	" Kuid ei ole veel loodud , ja mõned arvasid , et on võimatu luua tehisaju , mis suudaks "" valitseda kaost "" nagu seda mõnikord nimetati - - määrata üldist plaani , strateegiat vähese või puuduva info alusel , ning teha seda kiiresti ja piisava hajuvusega — ja inimene võitis . "
113	NA	 Kiirus oli muide samuti ütlemata oluliseks muudetud — kohe sisenenu sappa lasi emalaev ka pool tosinat isesihtuvat raketti . 
113	NA	 Laengut neil ei olnud , aga ega seda polnud vajagi — kokkupõrge sellistel kiirustel oli juba ise piisavalt hävitav . 
113	NA	 Reegleid seevastu peaaegu polnudki . 
113	NA	 Tuli vaid püsida alas . 
113	NA	 Välja sai sealt võrdlemisi lihtsalt , aga test polnud siis muidugi sooritatud . 
113	NA	 Ja kui laev saatis appikutsesignaali , muutusid senised vastased hoobilt abilisteks . 
113	NA	 Ja veel — kui piloot suutis tehnika üle mängida , tuli ta puhtalt välja ; kotkas seedis ka kergemaid vigastusi , mis suuresti välistas juhuslikkuse . 
113	NA	 Kui aga segadusse sattuda ja siis ka iga hinna eest proovida jätkata , jõudis viies või kuues tabamus reaktorini , ja tulemuseks oli igas suunas kiiresti laiali lendavad plasma ja metallitükid . * 
114	NA	 Kõik oli valmis , mehed kohal . 
114	NA	 Väljumiste järjekorda ei olnud keegi määranud , nii et esimene olla oli julguse või pealehakkamise küsimus . 
115	NA	 Zero ! 
115	NA	" Mitte number vaid mees , ei ainsatki mõttevarju , ega tundevälgatust liikumatul näol , nime saanud samapalju selle lootusetut ahistust ja tühjust esilekutsuva näoilme , kui hirmu täieliku puudumise tõttu , nii et tagasilugemise "" null "" tähendaski talle alati luba lõpuks ometi peale hakata . "
115	NA	 Ruumilennuk paisati katapuldil välja , ta pöördus ja kadus tulejõe ees kosmosesse . 
115	NA	 Minut hiljem võis järgmine startida , läks aga mitu sekundit üle ja siis läks Athos . 
115	NA	 Ja siis juba teised normaalvahedega . * 
116	NA	" Kõrgetooniline nõudlik helin tõmbas Judge'i tähelepanu endale , ta heitis pilgu kõrvale ja tõi siis enda ette ekraanile kujutise , mille alaservas põlesid kirjad "" Prioriteet : ÕHK "" ja "" Salastatus : KÕRGEIM "" , viimase tõttu oli kujutis ka virvendav ja hääl lame . "
117	NA	" "" Kuulen sind Mickey-mouse , mis juhtus ? "" küsis Judge kiiresti . "
118	NA	" "" Undarumi tehasest on kadunud umbes viiskümmend Meteor44-tüüpi laserite südamikku . "
118	NA	" Nad on vahetusse läinud , keegi ei tea miks , ja keegi ei tea kuidas see võimalik on , aga , mõningate oletuste põhjal , ja eriti arvestades eilset intsidenti , on nad halvemal juhul Polügoni C-robotitele monteeritud . "" "
119	NA	" "" Millal te selle avastasite ? "" "
120	NA	" "" Tehase omad avastasid üleeile , noh umbes 40 tundi tagasi . "
120	NA	 Alailma läheb midagi vasakule — tead isegi , rutiin . 
120	NA	 Esialgu otsisid nad ise , veerand tundi tagasi tulid minu juurde . 
120	NA	" Eilseid numbreid ei ole reklaamitud , ent kui nad selle võimaluse peale tulid , olid nad kohe siin , sest seda teab igaüks , et just nüüd hakkavad koolid lõpetama . "" "
121	NA	" "" Kui palju Meteorid nendest vanadest Titan'itest võimsamad on ? "
121	NA	" Kolm korda ? "" "
122	NA	" "" Kiiratavalt võimsuselt jah — 3,5 korda , aga nad on tihendatud impulsiga ja paremini fokuseeritud , seega purustusjõud on vähemalt suurusjärgu suurem ... pakuksin 20 korda . "
122	NA	" Need ei ole enam mänguasjad , millega nolgid sõda mängivad , tuhande kilomeetri pealt rebib täpne täisvõimsusel lask kotka tükkideks ! "" "
123	NA	" "" Kuidas see võimalik on , et keegi ei märganud ? "
123	NA	 Tähendab nad sobisid ? 
123	NA	 Markeering ? 
123	NA	 Autotestid ? 
123	NA	" Kontroll ? "" "
124	NA	" "" Sobivad nad kõik omavahel . "
124	NA	 Toide , sihtimine , kõik on standardne . 
124	NA	 Ükski inimene neid ei puutu , teevad ju kõike robotid . 
124	NA	 Ei kujuta ette , millised kontrollprotseduurid pidid mitte toimima , et see läbi läks , ja millised veel vigaselt toimima , et eelmiste vigu ei märgatud . 
124	NA	 Tegu ei olnud muide terve seadmega , vaid just südamikega — need on juba viiskümmend aastat täpselt ühesugused . 
124	NA	 Titaneid me ei tooda enam kuus aastat , neid kasutatakse ainult õppustel . 
124	NA	 Kogu aeg vahetatakse laevadel südamikke , vahel on kaks-kolm laeva korraga sees , meie ladu on kord täis , kord tühi ja aeg-ajalt oleme C-robotitele juba redutseeritud võimsusega Meteori esimesi versioone peale pannud — 6-e näiteks sai omal ajal palju tehtud , aga ka muid esimesest kümnendani . 
124	NA	" See kõik jätaks imeväikse võimaluse , et tegu on lolli juhusega , aga mina ei usu , et ilma inimliku abita . "" "
125	NA	 Judge mõtles hetke . 
125	NA	" "" See "" abi "" on ülimalt tõenäoline , aga sellega on aega ... "
125	NA	 Oota , see muidugi seletaks ... 
125	NA	 Ei , aga see oleks pidanud näha olema — simulatsioon ju tehti , samuti uuriti kotkaste vigastusi ... 
125	NA	" Jää liinile . "" "
126	NA	 Ta vajutas paarile nupule . 
126	NA	" "" Growl ? "" "
127	NA	" Ekraanil välgatas korraks kiri "" Otseühendus blokeeritud "" ja siis näitas ruumikaamera meest , kes , otsustades suletud silmade ja kinnasklaviatuuril liikuvate käte järgi , töötas virtuaalis . "
127	NA	 Too pöördus pahuralt ning vastu tahtmist , ent üritas pilku huvi manada , kui lõpuks päris maailma pildi ette sai ja nägi ekraanil lisaks prioriteedikutsungile ka salastatusesignaali . 
127	NA	 Ta näoilme järgi otsustades oleks kõigile parem , kui see , mis ta tööd katkestama sundis , osutuks piisavalt tähtsaks . 
128	NA	" "" Growl , ühe versiooni järgi "" — Judge osutas teisel ekraanil kuulavale Mickey'le — "" on C- robotitel tunduvalt võimsamad relvad . "" "
128	NA	 Ta seletas paari sõnaga eelmise vestluse sisu . 
128	NA	" "" Sinu arvamus ? "" "
129	NA	 Arvutispets mõtles hetke . 
129	NA	" "" Oota viis minutit , kontrollin . "
129	NA	" Mickey , sina leiad minust kiiremini nende võimalike vahetatud torude tehnilised andmed ja võimalused — saada need mulle . "" "
130	NA	 Judge saatis ühendused taustale ning üritas Kenti ja Tamacot kätte saada . 
130	NA	 Ta tabas just hetke , kui mehed olid just oma kotkastesse jõudnud ja startisid . 
130	NA	 Pilt hüples ja helikanalist tuli veidrat priginat , kui nad läbi kilomeetrise vertikaalse tunneli pinna poole sööstsid , sest vaatamata kõigile täiustustele ja varjestusele olid häired nii tugevad , et kõik tundlikud elektronseadmed kaasa kräunusid , kui lift , või pigem katapult või veel täpsemalt lineaarelektrimootor täispaakidega kakskümmend tonni kaaluvaid kotkaid kiirendusega sada kakskümmend meetrit sekundi ruudu kohta ülespoole läkitas . 
130	NA	 Toru läbiti nelja sekundiga ja siis tõusid selleks hetkeks juba pool kilomeetrit sekundis liikuvad lennukid kaks korda sama kaua hooga , et mootorite käivitamiseks piisavalt kõrgele jõuda . 
130	NA	 Nad kallutasid end , et plasma tunnelisuud ei tabaks , ja jätkasid sama kiirendusega . 
131	NA	" "" Te harrastate ikka veel teravaid elamusi , "" kommenteeris Judge nende kiirendusest lapikuid lõustu vaadates . "
131	NA	 Rääkida nad ei suutnud , Tamaco jaksas talle ainult keskmist näppu näidata . 
131	NA	 Nende trajektorid radarikujutisel eemaldusid teineteisest ja nad vähendasid ka kiirendust nelja G-ni . 
132	NA	" "" Uhh , "" hingas Kent järsult välja . "
132	NA	" "" Hea , et energiapadjad on olemas . "
132	NA	" Ilma enam kahtteist G-d ei tahaks . "" "
133	NA	" "" Aga see-eest on kahekümne sekundiga paokiirus käes , "" märkis Tamaco . "
133	NA	" "" Palju need padjad aitavad ... oli vist kompensatsiooniteguriga 1,6 , pealegi mitte ühtlaselt kogu keha paksuse ulatuses . "
133	NA	" Okei , Judge ? "" "
134	NA	 Judge rääkis uuesti kiiresti laseritest . 
135	NA	 Mehed vahetasid ekraanidel pilgu . 
136	NA	" "" Kas sa katkestad testi ? "" "
137	NA	" "" Hilja . "
137	NA	 Kursandid on väljas . 
137	NA	 Mul on juba pool juhtkonda kriisikomiteena liinil . 
137	NA	" Magnutaki inimesed eesotsas Erlendiga töötavad stsenaariume läbi ja arvasid , et nendel , kes pihta ei saa , pole vahet . "" "
138	NA	" "" Olgu , oota Growli vastus ära , siis räägime uuesti , "" vastas Kent nende mõlema eest . "
138	NA	" "" Leppisime kokku , et mina lähen Polügoni ja Maa vahele , Tamaco otse C-robotite stardialasse . "" "
138	NA	 * 
139	NA	 Konteinerid avanesid , suruõhk paiskas miljardid nõelad pilvedena laiali , rivistades neid generaatorite kiiratud elektriväljade järgi . 
139	NA	 See aeg-ajalt otstest üksteisele sinakaid sädemeid pilduv mass muutis kasutuks pudruks enamiku radaripiltidest . 
139	NA	 Plahvatasid termotuumapommid , sest milline on veel odavam meetod plasmat tekitada . 
139	NA	 Rivis hõljuvad robotlaevad ärkasid , neile anti vaenlased — kotkad , kes , isesihtuvad raketid tigedate kihulastena kannul , kihutasid määratud teel kogu selle sodi vahel , millest neid kogu kursuse ajal üldiselt oli õpetatud normaalsetes oludes eemale hoidma . 
140	NA	 Tüürmootorid sähmasid lühikeste impulssidena , muutes kotkaste liikumise juhuslikuks ja ettearvamatuks , laevade laserid purustasid teele jäävat sodi ja vaenlasi , kotkad kadusid ka aeg-ajalt ise plasmasse , otsides kaitset jälitajate eest . 
140	NA	 Aeg kivistus , sekundid muutusid tundideks . 
141	NA	 Kaugusest , mida võis ohutuks lugeda , näiteks Maalt , oli pilt äärmiselt segane . 
141	NA	 Polügoni tehnikat , roboteid ja kotkaid näha ei olnud , vähemalt palja silmaga mitte . 
141	NA	 Mis aga , eriti kui orbiidil liikuv Polügon juhtus ööpoolel olema , suurepäraselt paistis , oli plahvatuste laialivalguv tuli ja sähvatused , nagu oleks päike liikuvalt hiigelpeeglilt peegeldunud , kui mõne mootori telg otse vaatajast üle libises . 
141	NA	 Öösel paistsid ka laseritabamused kiiresti vilkuvate valgete tähekestena . * 
142	NA	" "" Indiana , aeg on otsas , "" ütles Kent ja tõi ka Judge lisaks Tamacole liinile . "
143	NA	 Kõnetatu ei vaevunud end arvutist lahti ühendama ja tõi vestlema oma virtuaalkujutise . 
144	NA	" "" Tiger lasi mu "" Astrolabe'i "" süsteemidesse sisse . "
144	NA	 Ma ei ole leidnud mingit jälge vastuvõtust , aga seda ma ei oodanudki ja sellega tegelevad Šunkto ja mu abilised edasi . 
144	NA	 ( Kinnitan Growli arvamust , et teade oli lühike , kindlasti alla kilobaidi . ) 
144	NA	 Ma avasin mitmete tegelaste raamatukogud . 
144	NA	 ( Muide , nad näevad seda pärast , nii et kui nad aukohtu poole pöörduvad , siis , nagu me kokku leppisime , viitan ma Judge'i korraldusele , eks ole ? ) 
144	NA	 Kurat , kuidas mulle ei meeldi teiste isiklikes asjades sobrada , aga nad muide ei olnud ükski kodeeritud . 
145	NA	 Kõige huvitavam on kahtlemata Soley oma . 
145	NA	" Kas tema on see , keda otsime ? "" "
146	NA	 Mehed noogutasid . 
147	NA	 Indiana jätkas . 
147	NA	" "" Läbisegi Maa tänapäeva kirjandus , esoteerika , religioon , filosoofia ja kurat teab mis . "
147	NA	 Päris huvitav kraam , nagu öeldud , kutil on lai silmaring . 
147	NA	 Praktiliselt kõike , mida sa , Kent , mul otsida palusid — börsiprogramme , kinnisvaraprospekte . 
147	NA	 Mis antud juhul huvi pakub — jah , tal oli päris palju Maa valitsuste toetatud saasta , enamasti üsna lapsik soga , niipalju , kui lugeda jõudsin . 
147	NA	" Olemas on ka "" Viimane test — Põrguvärav . "
147	NA	" Miks on vaja lõhkuda kallist tehnikat ja tappa noori inimesi ? "" , mida sa spetsiaalselt mainisid . "
147	NA	 ( Ta on seda lugenud vahetult enne uinutamist . ) 
147	NA	 Ma ei olnud seda ise lugenud — päris huvitav , stiilipuhas , lausa klassikaline demagoogia — iga lause või mõte algab õigete faktidega , ja siis keerab metsa , lõpp on kas pahatahtlik väänamine , pooltõde või harvem lausvale . 
147	NA	" "" Inimene on seega testile mineku ajaks keskmiselt 24 aastat vana , teda on 20 aastat õpetatud , kui juurde lugeda ka see aeg enne tegelikku kooli , kus tema võimeid juba sihipäraselt arendama hakatakse . "
147	NA	" Tal ei ole muud valida , kui riskida surmaga või leppida eluks ajaks teise sordi kodaniku tiitliga — vähe sellest , et ta ei kuulu süsteemist suurimat kasu saava kildkonna hulka , ei ole tal võimalik isegi ilma luba küsimata paigast paika liikuda . "" "
147	NA	 No peab ikka mõtlemine olema , et asjast niimoodi aru saada ! 
147	NA	" "" Õpetajad siiski ei soovita mõningatel testile minna , isegi peale sadu õnnestunud simulaatoriteste . "
147	NA	 Ebaõnnestumiste protsent on palju kõrgem Maal teistes riikides sündinute ja väljaspool Ordu ametlikke õppeasutusi õppinute puhul . 
147	NA	" Selle loomulikuks põhjuseks on alati toodud nende endi varasest east toimuvate sihipäraste treeningute paremuse , ent visalt liiguvad kuulujutud , et Polügoni on "" kohendatud "" . "
147	NA	" Tõsi , selle kohta puuduvad meil igasugused andmed . "" "
147	NA	 No tõesta , et sa kaamel ei ole . 
147	NA	" "" Nii või teisiti on Test ordurüütli elu pöördepunkt , tähtsaim sündmus , mis kas avab ta ees kõik teed , annab võimaluse vabalt valida elu- ja töökohta , hääletada juhtorganite valimistel jne. "
147	NA	" Karmi karistuse ähvardusel on muidugi keelatud igasugune koostöö Maa valitsustega . "" "
147	NA	 On või ? 
147	NA	 Mina tean ainult Akadeemia auvannet , mis keelab omandatud oskuste kasutamise Ordu vastu ja vist oli mingi möödunud sajandil mingil Suurkogul heakskiidetud soovitus kümne aasta jooksul peale mujale elama siirdumist mitte asuda meile vaenulike struktuuride teenistusse , mida omakorda ei ole vist kordagi rakendatud , sest ei ole veel leidunud kedagi , kes vabatahtlikult Ordust ära läheb . 
147	NA	" Ah jaa , kas on üldse kunagi olnud aeg , kus meie inimesed end ilma muigamata rüütliteks nimetasid ? ... "" "
148	NA	 Nõudliku vilega segasid end nende vestlusesse Growl ja Mickey . 
149	NA	" "" Asjad on halvad , "" alustas esimene sissejuhatuseta . "
149	NA	" "" Keegi on sorkinud mitmeid programme , ent sellisel viisil , et kui ta ei olnud äärmiselt kaval , milles ma kahtlen , võib tulemus olla hoopis midagi muud , kui ta planeeris . "
149	NA	 Igatahes ei ole selles loogikat . 
149	NA	" Indiana , leiad sa "" Astrolabe'ilt "" üles veerand tundi tagasi saadud teate — "" ta tõi ekraanile mingi numbrijada . "
149	NA	 Indiana klõbistas midagi klahvidel , siis luges paar sekundit ja läkitas teate kõigile nägemiseks . 
149	NA	 Growl noogutas . 
149	NA	" "" Seda ma arvasin . "
149	NA	" Modifitseeritud C- robotite järjekorranumbrid . "" "
150	NA	" "" Õnnestub nad tagasi kutsuda , "" kummardus Judge oma toolis ettepoole . "
151	NA	" "" Nad on autonoomsed . "
151	NA	" Judge , sul läheb kiiremini , anna mulle König . "" "
152	NA	" "" Ma hoiatasin raketikaitset juba neli tundi tagasi . "
152	NA	" König liinil . "" "
153	NA	 Growl noogutas uuele kujutisele lühidalt . 
153	NA	" "" Anna mulle nende juhtimine — "" Ta kirjutas kiiresti klaviatuuril . "
153	NA	 Nad vahetasid üksikuid sõnu , mis olid mõttetud ilma samaaegselt vahetatava arvutiinfota ja kahekümne sekundi pärast tõstis Growl pea . 
154	NA	" "" 18 on juba liikvel ja liiga sügaval tsoonis . "
154	NA	" Eile kasutati neist 14 , 20 saime tagasi või hävitasime . "" "
155	NA	" "" Mickey , kuidas nad toimivad ? "
155	NA	 On seal mingid eripärad ? 
155	NA	" Olete arvutanud , mis eile tegelikult juhtus ? "" "
156	NA	" "" Nad tulistavad tavalisel võimsusel , roboti arvuti siiski tunneb ära , et tegemist on Meteoridega , ent tal ei ole konkreetsed andmeid selle tüübi kohta , osa parameetreid on lubatud vahemikest väljas ja ilmselt selle pärast ta lihtsalt ignoreerib uute laserite kiirlaadimislülitusi . "
156	NA	 Seega teisiti öeldes tulistab robot seeriates , kümmekond korda kiiremini , praktiliselt pidevalt . 
156	NA	 Eilsed ebaõnnestumised on kõik nendega — peale ühe kotka sõelapõhjaks laskmist lähevad terveksjäänud ju uuesti stardialasse . 
156	NA	 Smithee muide vigastas kõiki viit , nii et need olid mängust väljas , aga mõni selline robot käis ise viis ringi läbi . 
156	NA	 Loll lugu — testlendajad ei saanud midagi märgata , sest suurelt kauguselt pole vahet , aga kui teed kasvõi üheainsa vea , millest normaalses testis tuled soomuse najal läbi , siis nende puhul oled tolm . 
156	NA	 Erlend näiteks lasi kaks viimast puruks , aga ei saanudki vahet märgata , kuna ta ise pihta ei saanud . 
156	NA	" Julius ei saanud ühtegi , sest sel ajal tulid nad parasjagu ringiga tagasi stardialasse ja tabamusjälgede uurimine ei andnud midagi , sest need on tavalised . "" "
157	NA	" "" Tamaco , on sul side Polügoniga , "" röögatas Judge . "
157	NA	" "" Kus nad on ? "
157	NA	" Kes nad saab ? "" "
158	NA	" "" Esimesed kolm gamma-6 Hawkeye , järgmised viis beeta-13 Chumac , siis alfa-11 Khuu ja viimased viis alfa-8 Soley . "
158	NA	 Lähen labürinti , side katkeb tõenäoliselt kümne sekundi pärast . 
158	NA	" Loodetavasti on Hawkeye nii hea piloot , kui temast räägitakse . "" "
159	NA	" "" Mis sa õieti teha tahad ? "" küsis Mickey ja vaikis õnnetult , nähes , kuidas Tamaco sideindikaator kustus . "
160	NA	" "" Väga lihtne — ainus võimalus , kuigi mulle ei meeldi , et ta seda üksi teeb , "" urises Kent . "
160	NA	" "" Viis C-robotit saavad sihikusignaali sellelt , kes ilmub esimesse Väravasse . "
160	NA	 Meie ei saa neid enam kätte ja raketitõrje on ebakindel . 
160	NA	 Tamaco läheb ja võitleb nendega ise , ja ... jah , vaadake ekraanile — ta kiilus end Hawkeye taha ja andis kahe kotka ID-d nii et ta sai omale topeltkomplekti , kümme vastast . 
160	NA	" Chumac ja Khuu teevad lihtsalt haagi ja sisenevad kanalitesse C ja D. "" "
161	NA	" "" Ja saavad viimased viis ? "" "
162	NA	" "" Ei , Soley saab . "" "
163	NA	 Judge vaatas üle õla . 
163	NA	" "" Tiger , kas see võib juhus olla ? "" "
164	NA	" "" Ei , "" vastas viimane . "
164	NA	" "" Me analüüsisime just Erlendiga stardijada . "
164	NA	" Ta andis valmisolekusignaali viisteist sekundit peale järjekorranumbrite saamist , ning trügis spetsiaalse palvega vahele , et jõuda "" õigetega "" kokku . "" "
165	NA	" "" Mis spetspalve ? "" ei saanud König aru . "
166	NA	" Vastas Magnutaki , kes ka liinil oli : "" Stardid toimuvad minutiliste vahedega , nad kõik näevad ekraanidel seda elavat järjekorda . "
166	NA	" Kui keegi tunneb , et "" nüüd või mitte kunagi "" ja kirjutab end kohe väljuma , siis teised tavaliselt viisakusest vahele ei sega ja ta saab endale sobiva aja . "" "
167	NA	 Judge vajus mornilt mõttesse , samal ajal hajameelselt teistele rääkides : 
168	NA	" "" Me arreteerisime vahepeal Jagg Vallasi . "
168	NA	 Tema sisestas käsitsi mitmed korraldused , mis viisid Meteoride C- robotitele sattumiseni . 
168	NA	 Me kontrollime tema versioone , ent kui ta jutt vastab tõele , üritas ta kellegi tekitatud segadust parandada , teadmata , mis teoksil . 
168	NA	" See on pikk jutt , aga esimene , milles on loogikat ... "" "
168	NA	 Ta vaatas kõrvale . 
168	NA	" "" Jah , C-robotitele pidid sattuma rikkis torud , ja täna . "
168	NA	 Jagg märkas eile , et midagi ei klapi , ja üritas asju parandada , tehes need tegelikult hullemaks . 
168	NA	" Me muidugi kontrollime seda veel . "" "
169	NA	 Ta kõhkles veel hetke , surus maha ohke ja tõi siis ette ühe taustal olnud kujutise . 
170	NA	" "" Tato , sina oled Ordukindral , "" porises Judge . "
170	NA	" "" Mis me teeme . "
170	NA	" Minu pärast söögu oma keedetud suppi ? "" "
171	NA	 Mees ekraanil oli kõigist seninähtuist esimene , kes nägi välja selgelt igivana . 
171	NA	 Ta noogutas ja vastas kõrgest east kähiseva häälega : 
172	NA	" "" Aga sina oled Ülemkohtunik . "
172	NA	 Ma aktsepteerin su otsust . 
172	NA	" Lisaks näen ma liinil nelja konsulit ja ma ei kuule proteste . "" "
172	NA	 * 
173	NA	 Tamaco kirjutas klaviatuuril paar korraldust ja haaras siis lõplikult kahe käega juhise , sobitades sõrmi , üritades tehnikaga võimalikult hästi sulanduda . 
173	NA	 Reaalsus ähmastus , sest tajudes prevaleeris otseühendus kotka ajuga , ta tundis end pigem ise lahingulennukina . 
174	NA	" "" Tamaco , sa sisestasid korralduse Excalibur , "" sosistas tehisintellekt . "
174	NA	" "" See lülitab välja enamiku kaitsmeid , kiirendab muidugi relvasüsteemide tööd , ent muudab juhtimise inimestele äärmiselt ohtlikuks . "
174	NA	" Kas sa ikka tead , mis sa teed ? "" "
175	NA	" "" Jah , "" ütles mees . "
176	NA	" "" Korraldus aktsepteeritud , "" ütles arvuti , ja ekraanidel muutus kirjade ja tulede muster . "
177	NA	" "" Huvitav , mitme kodaniku õigused ma selle eest saan , "" urises Tamaco , lisades paar jaapanikeelset vandesõna . "
177	NA	 Tugev pidevalt muutuv kiirendus loopis teda , ta tegi kiireid silmuseid ja sihtis esimest vastast . 
177	NA	 Elu läks kuumaks . 
177	NA	 Gaase ja prahti oli nii palju , et laserikiired olid siravate katkendjoontena näha . 
177	NA	 Osa relvasüsteeme töötas automaatselt , aurustades laevale ohtlikult lähedale sattuvaid suuremaid tükke , ent olles peaaegu kasutud aktiivsete vastaste vastu . 
177	NA	 C-robotite laserite kiired muutsid nad kotkast vaadatuna lõbusateks kiirtepärgadeks , mille keskel asus sihikumarker . 
177	NA	 Nii lähedale sattuda , et nad ise seal keskel eristatavad mõõtmed oleks omandanud , eriti praeguste vastaste puhul ei tohtinud . 
177	NA	 Kotkas joonistas keerukat kolmemõõtmelist spiraali , püsimata ennustataval trajektoril kauem , kui detekteerimiseks kulub , piloot orienteerus kümnete erinevates lainepiirkondades töötavate kaamerate arvutitöödeldud näitude järgi , üritades samal ajal üle kavaldada igas suunas , üleval ja all ( kui selliseid mõisteid seal üldse kasutada võib ) ründavaid vaenlasi . 
177	NA	 Kaalutus vahetus ränga raskusega , pöörded ja külgkiirendus panid ta enamiku aega rihmadel rippuma , surudes või pigem tagudes teda kõikvõimalikes suundades . 
177	NA	 Õnnestunud rünnakuid tähistas tulepilv . 
178	NA	 Ja siis korraga oli ümbrus tühi . 
178	NA	 Tamaco tundis , et on üleni higine nagu kalts . 
179	NA	" "" Ta tegi seda ! "" "
179	NA	 Mickeyle tundus , et ta on kogu selle aja hinge kinni hoidnud . 
180	NA	" "" Tamaco on arvatavasti meie parim piloot , "" ühmas Judge , üritades mitte välja näidata enda kergendust , kui Tamaco Polügoni teisest otsast välja ilmus . "
181	NA	" "" Kent , sa pidid all olema , "" märkis Tamaco esimese asjana , kui ringi vaatas . "
181	NA	 Toon oli rahulik , aga pilt piisavalt hea , et teised ta leemendavat nägu nägid . 
182	NA	" "" Sorry , mul läks segamini , "" ühmas Kent , kes oli oma kokkulepitud positsioonilt tulnud otse Polügoni külje alla , et vajaduse korral sekkuda ( kui sellest veel abi peaks olema ) . "
183	NA	" "" Kus Soley on ? "" küsis Tamaco edasi . "
184	NA	" "" Läinud , "" oli Judge kuiv vastus . "
184	NA	" "" König hävitas juba ka stardialasse tagasipöörduvad robotid . "" "
185	NA	" "" Hawkeye ? "" "
186	NA	" "" Tuli läbi . "" "
186	NA	 * 
187	NA	" Kursandid olid uuesti sildunud "" Astrolabe'il "" . "
187	NA	 Kiirendustuled põlesid kollaselt , laev suundus kolme G-ga Vikerkaare Lahe kohal poolviltu allapoole , eesmärgiks kosmosesadam Vihmade Mere keskel . 
187	NA	 Majakate lasermustrit võis juba palja silmaga eristada . 
188	NA	 Seekord olid kursandid isegi midagi rivitaolist moodustanud . 
189	NA	" "" Noh . "
189	NA	" Alfalased ! "" tõstis Fate rusikas käe . "
189	NA	 Kõlas lühike raksuv tervitus . 
189	NA	 Õpetaja naeratas , siis langetas pilgu ja tegi tõsise näo . 
190	NA	" "" Lee Paul Roy , ehk Soley , nagu me teda tundsime . "" "
191	NA	 Mehed vaikisid . 
191	NA	 Fate otsis sõnu . 
192	NA	" "" Vaene hädavares , kes alati vahele jäi . "
192	NA	 Tark ja heasüdamlik , aga ... 
192	NA	 Kahju , tegelikult ta ei sobinud siia . 
192	NA	 Aga see oli tema soov ja ta kasutas oma ülimat õigust — valida oma tee . 
192	NA	" Requiescat in pace ! "" "
193	NA	 Ta pöördus ära ja viipas teistele . 
193	NA	 Sedamaid langesid kõik nagu niidetult tugitoolidesse . 
193	NA	 Fate jäi püsti vaatamata kolmekordsele raskusele . 
194	NA	" "" Veel viimast korda tuleb teil mind kuulata . "
194	NA	 Täna oleme veel koos , homme lähete laiali . 
194	NA	 Paljud teist satuvad tööle või elama lähestikku ja eks me näe edaspidigi üksteist , kuid kõik korraga me tõenäoliselt enam kokku ei saa . 
194	NA	 Poole tunni päras maandume Endymionis , seal kuulutab valitsus teid ametlikult Kuu Ordu täieõiguslikeks liikmeteks ja te saate oma märgid . 
194	NA	 ( Muide , ka mina pean seda nimetust tobedaks — mis ordu me enam oleme , pigem riik , rahvas ; aga sellised need ajaloolised nimed on , ja midagi mõistlikumat pole ka asemele pakutud . ) 
195	NA	 Seni aga kasutan aega , et teile veel üht-teist öelda , üritan mitte sentimentaalseks muutuda . 
195	NA	 Me oleme kuus aastat koos olnud , selle ajaga olete toonastest poisikestest-plikadest meesteks-naisteks kasvanud . 
195	NA	 Võib- olla , kui ma olen õpetanud sama kaua , kui Magnutaki , ei mäleta ma enam kõiki oma õpilasi , ent minu jaoks ... 
195	NA	 Võib-olla teie jaoks ma andsin õpetaja mõõdu välja , aga ise ma seda küll ei tundnud — olin ju vaid kolm aastat varem ise lõpetanud . 
195	NA	 Kõrgema kooli teeb muidugi läbi neli viiendikku , piloodikool annab ka täissertifikaadiks vajaliku militaarse osa , ainult et seetõttu on see seltskond siin kuidagimoodi vähe maskuliinne — tüdrukuid tavaliselt alla kolmandiku . 
195	NA	 Ja nii ma siis seisin teie ees , teie segaduses ja ebakindlad , mina samasugune . 
195	NA	 Šunkto oli just ukse taga norimise lõpetanud , et kõik õpetajad leiavad omale esimesest grupist elukaaslase ... 
195	NA	 Eks ma olen siis erand . 
195	NA	" Igatahes minu õnneks oli enamik teist otse keskkoolist Akadeemiasse tulnud . "" "
196	NA	 Ta muigas ja jätkas siis tõsisemal toonil : 
197	NA	" "" Ega sellest eriti rääkida ei armastata , aga nüüd kus te olete kindlustatud , väljendan ma ühte tuntud tõde otsesemate sõnadega — te olete kvalitatiivselt uus inimrahvus . "
197	NA	 Enamik teist on siin sündinud ja kasvanud , kõik te olete praktiliselt kogu oma hariduse saanud Ordu koolides . 
197	NA	 Teie organismis on tehtud mitmeid muudatusi , teie pealuu ja pooled kondid on täis kõikvõimalikku kola , teid on kasvatatud ja õpetatud süstemaatiliselt ja nii hästi , kui tänapäeval üldse osatakse . 
197	NA	 Te olete väärtus ja varandus . 
198	NA	 See , mida te olete ja mida te ei ole , on ju kergelt tabuteema . 
198	NA	 Dilemma on muidugi üleval alates kahekümnenda sajandi keskpaigast , kui esimestes riikides saavutati külluse tehniline baas ja kadusid seni inimest liikuma pannud jõud — alustuseks nälg ja külm . 
198	NA	 Ühest küljest need , kes ei ole saanud täissertifikaati , ei ole praak . 
198	NA	 Jah , nad on objektiivselt nõrgemad ja viletsamad kui teie , jah , nad on halastamatult välja selekteeritud . 
198	NA	 Teisest küljest ei vähenda see nende väärtust inimestena ja veelkord hoiatan teid endid millekski üliinimlikuks pidamast . 
198	NA	 Geneetiliselt on nad enamik täpselt samad , kui teie , teie ainus eelis on pärilike hälvete puudumine , aga see ei ole teie teene . 
198	NA	 Te kipute nimetama rämpsuks inimesi , kes on valinud lihtsa , pingutusteta elu , ent pidage silmas , et suur osa neist on õnnelikud , nad elavad rahulikult ja hästi ja tõenäoliselt muide kauem , kui paljud teie hulgast . 
198	NA	 Mõttetuks on muutunud toidu , rõivaste ja muu sellise jaotussüsteemid ja kõik , kes tahavad , saavad niipalju haridust , kui nad soovivad või on suutelised vastu võtma . 
198	NA	 Teie teete tööd , sest teile meeldib seda teha , ja võib- olla just selle tunnuse järgi läheb uue inimtõu eraldusjoon ; sest selline mõtteviis lihtsalt ei istu , ei sobi paljudele inimestele . 
199	NA	 Miks ma seda räägin ? 
199	NA	 Sest teie positsioon tähendab esmajoones vastutust . 
199	NA	 Mitte ainult seeläbi , et sertifikaatide mõte on mitte piirata inimeste vabadust , vaid arusaamises , et eriettevalmistuseta ei ole Ruumis midagi teha ja isegi tavaolukorras , rääkimata sellest , kui siin midagi juhtub , ei ole kellelgi aega mõelda ega õiendada seltskonnaga , kes ise endaga hakkama ei saa , või on nad paremal juhul äärmiselt ohtlikuks ja tülikaks ballastiks . 
199	NA	 See on muidugi oluline , sest enamiku elust olete näinud ainult omataolisi - kes tunnevad tehnikat , oskavad piirsituatsioonis käituda ja kellele võib absoluutselt kindel olla . 
199	NA	 Vaadake , täissertifikaadi omanikena on teil edaspidi väga vähe piiranguid . 
199	NA	 Meil praktiliselt ei ole seadusi . 
199	NA	 Meil ei ole mingit eetika- või moraalinormide kanoniseeritud kogu . 
199	NA	 Enamik meie majandussuhteid põhineb kokkuleppel , samuti kui valitsus ja kohtud . 
199	NA	 Muidugi on kogu organisatsioon alles kujunemisjärgus , aga seni on valikukriteeriumid ennast õigustanud — kes tahab varbad soojas vees kokteili imeda , üldiselt kõrgkooli ei tulegi ; ainus tõsisem probleem on , et vanemad inimesed , kelle vaimsed ja füüsilised võimed on langenud , ei kipu kuigi usinasti täissertifikaadist loobuma ... aga selleni on vähemasti teie puhul veel oi-oi kui palju aega . 
200	NA	 Ükskõik , kuhu te lähete — siia Kuule , mis on sel sajandil rohkem kindlustehas , Marsile inimtsivilisatsiooni homsesse päeva , Maale luuresse või tähtedele — see on meie maailm . 
200	NA	 Filosoofilise mõtte seisukohalt oli üheksateistkümnes sajand rumalate ja inimvihkajalike mõtete sajand , kahekümnes nende ideede elluviimise sajand , kahekümne esimene pohmeluse ja frustratsiooni sajand ja kahekümne teine peab seega olema valiku , uue tee või hävingu sajand . 
200	NA	 Me ei tea põhjani Ajaloo sündmuste loogikat ja võib-olla ongi võimatu ainult ühe , meie endi näite varal mingeid reeglipärasusi leida , kuid vastus küsimusele , miks mitte kusagil Universumis ei ole me leidnud ühtegi tsivilisatsiooni , võib olla imelihtne — nad ei saa püsida , nad hävitavad end ise ; tehnilise tsivilisatsiooni eluiga saabki olla vaid paarsada aastat . 
200	NA	 Võib-olla on pöörane juhus , et Ordu on püsima jäänud . 
200	NA	 Võib-olla pühib mingi arutu rünnak Maalt meid veel olematusse , kuigi see tundub äärmiselt ebatõenäoline ... 
201	NA	 Meie ja teie — me olemegi Ordu . 
201	NA	" Harjuge mõttega , et meist "" kõrgel "" ei ole enam kedagi . "
201	NA	 Iga otsus , mis te siitpeale teete , on teie otsus —ja me teised ordulased ootame julgust vastutada oma otsuste eest . 
202	NA	 Eh , nojah , edasi tuleks ikkagi ainult roosa puder ... 
202	NA	 Okei , poeedi sõnadega : 
203	NA	 Võtan ja annan — ka elu Tean , naudinguis varjul on valu Kätes võidetud lahingu võlu Silmis sündiva koidiku ilu 
204	NA	 Olgu , ma enam ei tee , aitab kõrgelennulisest jamast . 
204	NA	" Täna igal juhul lähme pidu pidama . "" "
204	NA	 * 
205	NA	 Laeva kiirus oli vähenenud peaaegu nullini , ta seisis paari kilomeetri kõrgusel , sellal kui ta mootorite kuumus purustas kaljusid ja heeliumi plasma voog kandis kaasa aurustunud pinnast . 
205	NA	 Terve tasandik sädeles paljude laevade poolt gaasistatud kivimite kondenseerumisel tekkinud imepisikestest kristallidest , mis katsid kõike nagu härmatis . 
205	NA	 Tõusis hiiglaslik robotkäpp ja libises horisontaalselt , et mitte riivata plasmajugasid , ruumilaeva alla , ja siis , kui haaratsid olid sulgunud , lülitas laev mootorid välja . 
206	NA	 Kuu vaakumis ei levi mehhanismide kägin ja kolin , veidrad helid , mida inimesed laevas kuulsid , kandusid otse haaratsilt korpusele . 
206	NA	 Laev nõksatas kõigepealt allapoole , Tiger oli valmis uuesti mootoreid käivitama kui midagi juhtuks , aga nagu tavaliselt ei juhtunud , ja ettevaatlikult asetati laev angaari . 
206	NA	 Teleskooptoru sirutus koopa seinast otse juhtimiskeskuse taga oleva ukseni , mida muul ajal ei kasutatud , ja fikseerus hermeetiliselt . 
206	NA	 Natuke sisinaid- vuhinaid ja ühendus oli valmis . 
206	NA	 Poole tunni pärast , kui meeskond oli laeva Sadamahooldusele üle oli andnud ja Tiger oma sellidega lahkuda võis , olid vastsed piloodid juba kaugel — otseühendusrong kihutas vaakumtunnelis Endymioni poole . 
206	NA	 Seal , enamasti maa all asuvate ruumide rägastikus , administratiivkeskuse ruumide lähedal oli üks koht saanud nimeks Mnemosyne Tempel ja seal toimusid kõik taolised tseremooniad . 
206	NA	 Seal lähedal oli ka kõik muu , et pärast üks ränk pidu maa panna . * 
207	NA	 Väiksem robotkäpp tõstis Kenti ja Tamaco kotkad alla ja toppis šahti tagasi . 
207	NA	 Mehed sammusid käigupealt skafandreid maha kiskudes ja järelruttavate robotite hoolde loopides liftide poole ning kohtusid taas Judge vastas laua taga . 
207	NA	 Viimane viipas neile , lülitas mõned holoekraanid ümber ja keeras end nende poole . 
208	NA	" "" Kõik näevad ? "" "
209	NA	" Ekraanidel sättisid end kaameranurki tähistavad märgid ja poolläbipaistvad inimesed laua ümber "" liikusid "" paar korda nõksatades paigast paika — enamik tahtis ka sellistel virtuaalsetel kohtumistel , et "" vasakul "" , "" paremal "" , "" ees "" ja "" taga "" oleks õiget pidi , mis tekitas suurema seltskonna puhul "" kujutiste trügimise "" , sest suhted sooviti õiged hoida iga osaleja vaatepunktist . "
210	NA	" "" Ka Marsi omad on siin , aga nemad muidugi ainult kuulavad — nad on kuue minuti kaugusel , "" ütles Judge sisenejatele selgituseks . "
210	NA	" "" Ja jälle ei ole nad rahul , et Ordu võtmekujud ja seega ka otsused on kahe kolmandiku ulatuses siin Kuul . "
210	NA	" Täisraport tuleb muidugi alles koostada , aga vaidlus käib , nagu karta oli , põhiliselt selle ümber , kas ikka luua vastuluure või mitte . "" "
211	NA	" "" Te sisuliselt ju olete vastuluure , "" lausus König , kes "" asus "" paremal Judge ja Kenti vahel . "
212	NA	" "" Jah , aga me ei enneta , vaid ainult võitleme tagajärgedega , "" täpsustas Tamaco . "
213	NA	" "" Te saite sellega hakkama , "" märkis Tato , kes "" istus "" Königi vastas . "
214	NA	" "" Kogemata , "" ütles Kent . "
214	NA	" "" Poleks tüüpidel asi segamini läinud ja eile paar meest viga saanud , oleks asi võinud ka läbi minna . "" "
215	NA	" "" Nii et sa arvad , et teie punt peakski vastuluureks muutuma ? "" küsis Erlend nende selja tagant . "
216	NA	" "" Ma ei tahaks sellele vastata ... "" "
217	NA	" "" Ei saagi , "" segas Judge kiiresti vahele . "
217	NA	" "" Sest pole selge Jaggi osa . "
217	NA	 Me ei tea , kes süsteemi kräkkis . 
217	NA	 Me ei tea , mida õieti plaaniti , sest poisid segasid kaardid nii , et küsida pole enam kelleltki . 
217	NA	 Me ei tea , mida saadeti Kansasest ja mida meie süsteemidest teatakse Maal . 
217	NA	 Ma võiksin samas vaimus jätkata . 
217	NA	" Vähemalt antud juhtumi puhul tuleb sisuliselt vastuluure tööd teha , muudame me selle institutsiooni püsivaks või mitte . "" "
218	NA	" "" Ausus ja usaldus oma inimeste vastu on olnud meie nurgakivid . "
218	NA	" Me ei ole kunagi tõsise ja tagantjärele täielikult avalikustatava kahtluseta kellegi järele nuhkinud , "" tuletas Tato meelde . "
219	NA	" "" Las see jääb nii , kuni me vähegi saame , sest seda põhimõtet hüljates kaotame me kindlasti rohkem , kui võidame . "
219	NA	" Ootaks aruande ära ? "" üritas Judge kiiresti joont alla tõmmata . "
220	NA	 Mõned noogutasid väga tõrksalt , aga seekord nad veel tegid seda . 
