par_nr	head	sentence
1	 Kindel linn 	 Kindel linn 
2	NA	 Indrek Hargla 
3	NA	 Ernesto oli need nahkrihmad ühest vanast panipaigast leidnud . 
3	NA	 Ilmselt kasutati neid kunagi ratsastamisel , kuid see polnud oluline . 
3	NA	 Rihmad sobisid oma uueks ülesandeks suurepäraselt . 
3	NA	 Ta tõmbas need juba vilunult kinni , ise endiselt ladinakeelset palvet pomisedes . 
3	NA	 Palvegi tuli juba üle Ernesto huulte soravalt , kuigi oli pikk ja keeruline ning kõneles asjadest , millest ta suuremat ei mõistnud . 
3	NA	 Ega oleks tahtnudki mõista . 
4	NA	 Kardinali randmetele olid juba eelmised korrad sooninud sinakad köitmisvalumid . 
4	NA	 Risti harud olid rihmad siledaks poleerinud . 
4	NA	 Veel viimane tõmme ja sõlm peale . 
4	NA	 Kui luud raksusidki , siis süümepiinu Ernesto enam ei tundnud . 
4	NA	 Ta uskus , et talitas õieti , uskus , et kardinal teab , mida teeb . 
5	NA	 Kinnises ruumis tõusis tuulepuhang ja kustutas hubisevad küünlaleegid . 
5	NA	 Ta tundis kerget vibreerimist . 
5	NA	 Nüüd see algas . 
5	NA	 Ernesto põlvitas ja hakkas valjul häälel palvet lugema . 
5	NA	 Tema ilus tenorhääl segunes rappumise ja karjetega . 
5	NA	 Kinniste silmadega oli kõik isegi õudsem , ta ei tahtnud ega söendanudki enam vaadata . 
5	NA	 Kardinali pea peksis teadvusetult vastu puuristi , keha tõmbles meeleheitlikus vastuhakus , tema väljaheitepidurid vallandusid pingutusest . 
6	NA	 Täna kestis see kauem kui eelmistel kordadel . 
7	NA	 Tavaliselt ei meeldinud Grpowskile rahvarikkad ruumid ja pungil restoranid . 
7	NA	 Ta eelistas vaiksemaid ja reserveeritumaid kohti . 
7	NA	 Kuid täna oli ta Roomas ja tahtis iga selle linna lõhna , meeleolu ja pilti endasse ahmida . 
7	NA	 Ta oli Roomat alati armastanud ja austanud , kuigi ise siia nii harva sattunud . 
8	NA	 Ja selles restoranis ei olnudki vaiksemat nurka . 
8	NA	 Juulikuu õhtud on Rooma melu haripunkt . 
8	NA	 Päevane kuumus on möödas , Vahemerelt toob tuul malbet ja sumedat õhku . 
8	NA	 Kirikutest , varemeist ja kunstiväärtustest väsinud turistid otsivad varjulisi kohti , kus veini saatel muljeid vahetada . 
8	NA	 Kõik ümberringi kihab ja keeb . 
8	NA	 Ja need lõhnad ... 
9	NA	 Igal linnal on omad lõhnad , arvas Grpowski . 
9	NA	 Lõhnad täis hurma , salapära ja peibutust . 
9	NA	 Kuid Rooma lõhnab ikkagi kõige erilisemalt . 
9	NA	 See pole Pariisi muretu akordionilõhn , Londoni asjalik õlleparfüüm või Moskva nukrutsev bensiinivingune papliaroom . 
9	NA	 Rooma lõhnab ainuomaselt pitsa ja marmori järele , tema purskkaevude rõskus seguneb ajastute väärika suursugususega , hangib endale mozzarella peene ja terava alltooni ja paiskab sulle lõpuks ninasõõrmeisse Kapitooliumi karge hõngu , segab selle roomlaste pisut kiirelt ja hakitult räägitava keele lõhnaga . 
10	NA	 Ja muidugi lõhnab siin ka tugevalt vere järele . 
10	NA	 Väga tugevalt . 
11	NA	 Kelner tõi neile kannuga majaveini , don Pucco maitses seda , tõstes pokaali aeglaselt nina juurde , keerutas , nii et paar tilka pritsisid tsentrifuugina üle ääre , võttis siis kerge lonksu ja näris veini . 
11	NA	" Kelnerist lõhnas sobimatult tugevalt "" Fahrenheiti "" järele , veini lõhna Grpowski aga ei tundnudki . "
11	NA	 Millegipärast ei moodustanud vein Rooma buketis talle olulist osa . 
12	NA	 Paistis , et don Pucco jäi pakutavaga rahule . 
12	NA	 Nüüd tellis ta sööki . 
12	NA	 Grpowski oli palunud midagi lihtsamat ja mahedamat . 
12	NA	 Ilmselt osutus selleks tomatite ja sibulatega hautatud antrekoot . 
12	NA	 Don Pucco eelistas lambakotlette brüsseli kapsaga . 
13	NA	" "" Ütle neile , et küüslauku ka kindlasti oleks , "" oli Grpowski palunud . "
13	NA	 Don seletas , et ilma küüslauguta ei valmistata siin ühtki rooga . 
13	NA	 Kuid igaks juhuks lasi ta kelneril tuua ka küüslauguga bagette . 
14	NA	 Ahjaa , muidugi oli siin veel roosilõhna . 
14	NA	 Nad istusid tänavapoolses servas , mis sagijate voolust oli varjatud ronirooside aiaga . 
14	NA	 Lilled olid väiksed ja roosad , Grpowskile ei tulnud sordi nimi kohe meelde , kuid ta mäletas täpselt , et samu seemneid oli ta kümmekond aastat tagasi otsinud ja neid lõpuks alles Triestest leidnud . 
14	NA	 Ja need roosid sobisid nii hästi kõrvallauas istuva kahe tüdrukuga , kes pidevalt valjult lõkerdasid . 
14	NA	 Tüdrukud jõid veega lahjendatud valget veini ja lõpetasid lõherooga . 
14	NA	 Kuna nad rääkisid nii kõvasti , siis teadis Grpowski , et ühe neiu — selle heledamate juustega — nimi oli Gabriela ja ta oli kevadel kaubanduskooli lõpetanud . 
14	NA	 Teine oli pisut noorem , nii seitsmeteistkümnene ja tema nimeks oli Manuela . 
14	NA	 Manuelal oli väga lühike ja avar kleit , mille õlapaelad ülilõdvalt kokku sõlmatud . 
14	NA	 Kui tüdruk sõbranna poole kummardus , paljastas ta oma ümarad , väikesed ja hurmavad rinnad , mille nibusid kleidiserv ei pidanudki sellistel puhkudel varjama . 
14	NA	 Tüdruk oli noor , oma võludest edevalt teadlik , ega häbenenud neid . 
14	NA	 Grpowski tundis teda vaadates mingit heldimust ja siirast rõõmu , milles polnud aga kübetki iha ega kiima . 
14	NA	 Talle meeldis noorus ja ta armastas roose . 
15	NA	 Don Pucco vaatas itaallaslikul muigel Grpowski pilku . 
16	NA	" "" Meie neiud puhkevad just sellises vanuses õitsele , "" ütles ta tasasel ja teadval häälel . "
16	NA	" "" Aga nad jäävad kiiresti vanaks . "
16	NA	" Põhjapoolsed naised on küpses eas kaunimad . "" "
16	NA	 Donile meeldis naistest rääkida . 
17	NA	 Grpowski noogutas . 
18	NA	" "" Meie naistel pole kaua neiupõlve nautida , "" jätkas don . "
18	NA	" "" Abielludes peavad nad hakkama kiiresti ja palju lapsi saama . "
18	NA	" Loodus kasvatab nad ruttu üles , viieteistkümneselt ongi õige aeg elult võtta , mis annab . "" "
19	NA	" "" Viieteistkümneselt ? "" "
20	NA	 Don Pucco kummardus üle laua Grpowski poole . 
21	NA	" "" See tüdruk , keda sa sihid , on viieteistkümnene . "
21	NA	" Ja kuulab sõbranna meenutusi eelmisest ööst ühe prantsuse turistiga . "" "
22	NA	" "" Ma vist ei oska enam itaalia keelt nii hästi , "" kahetses Grpowski . "
23	NA	" "" Nad räägivad üsna noortepäraselt , "" nõustus don . "
23	NA	" "" See on tegelikult õudne , mida tänapäeval itaalia keelega tehakse . "
23	NA	" Kui ma ei tea , et see tõsi võib olla , ütleks ma ilmselt , et Boccaccio ja Petrarca keeraksid end hauas ümber . "" "
24	NA	" "" Jah , "" ütles Grpowski lakooniliselt . "
24	NA	" "" Ma vist tean , mida sa mõtled . "" "
25	NA	 Don rüüpas veini ja madaldas veelgi häält . 
25	NA	" "" Meil on kõigil hea meel , et sa tulla said . "
25	NA	 Ta nõustus rääkima ainult sinuga , ütles , et olete koolivennad või midagi niisugust . 
25	NA	 Kuid mulle paistis , et ta lihtsalt kohalikku Loozhi ei usalda . 
25	NA	 Lugu on selleks liiga piinlik ja tundlik . 
25	NA	" Pealegi teab kogu Liiga , et sina oled sellel alal parim . "" "
26	NA	 Grpowski pilgutas kiiresti silmi . 
26	NA	" "" Ma arvan , et mul on veel palju õppida , ja parimat meie alal ei olegi . "
26	NA	 Liiga palju sõltub õnnest ja asjaoludest . 
26	NA	" Ütleme nii , et mul on lihtsalt mõnikord vedanud . "" "
27	NA	 Don Pucco mühatas . 
27	NA	" "" Tagasihoidlik , nagu alati . "
27	NA	 Sa ei muutu ju üldse . 
27	NA	" Kui vana sa nüüd õieti oled ? "" "
28	NA	" "" Nelikümmend üheksa , "" kostis Grpowski kuivalt . "
28	NA	" "" Sügisel on juubel . "" "
29	NA	" "" Ja mina tunnen sind juba ligi kolmkümmend aastat , "" õhkas itaallane . "
29	NA	" "" Mäletad , see oli vist viiekümnendate alguses , kui meid mõlemaid Liigasse vastu võeti . "
29	NA	 Kairo lähedal olid veel pühendamised — Vaarao Needuse lugu ... 
29	NA	" Kui vähe sellest kõigest ajalehtedesse jõudis , oijah . "" "
30	NA	" "" Need olid tõesti rasked ajad , sõda oli ju just lõppenud , "" soostus Grpowski . "
30	NA	" "" Miljonid lahkumata surnud üle Euroopa , massihaudade kongruentsid ja kümned ummistunud defraktooriumkanalid ... "
30	NA	 Olin omati õnnelikki , et just siis tuleristsed sain . 
30	NA	" Nüüd on seda noortele nii raske seletada . "" "
31	NA	 Nad mõlemad vaikisid ja meenutasid — esimestest tutvusest oli möödas tõesti nii palju . 
31	NA	 Palju oli muutunud , kuid palju oli ka samaks jäänud . 
31	NA	 Põlevasilmsest Sitsiilia partisaninoorukist , kelles üks Ameerika okupatsioonivägede major oli sirguva eksortsisti ära tundnud , oli saanud Rooma , Itaalia ja kogu Lõuna-Euroopa üks tugevamaid finantshaisid . 
31	NA	 Mees , kelle nähtamatu rahaimpeerium ajas võrseid üle kogu Lääne-Euroopa , tungis osalt Idablokkigi ja kelle sidemed Vatikanis ja Itaalia valitsuses hoidsid ära tarbetud küsimused , mis mõnel prokuröril ikka aeg-ajalt tekkisid ... 
31	NA	 Don Giuseppe Tanotti del Pucco'st kirjutati ajalehtedes kui Itaalia ühest targemast finantsgeeniusest , sosistati aegajalt usinates , kuid asjassepühendamtutes ringkondades kui võimalikust ristiisast ja räägiti ainult ühes kindlas seltskonnas kui Meistrist . 
32	NA	 Don Pucco oli Eksortsistide Liiga Ülemmeister . 
32	NA	 Oli veel Golemitapja , Ebasurnute Taltsutaja ja Arimani Saatja — ja neid tiitleid anti ainult väga vähestele . 
33	NA	 Don Pucco liirid , naelad , dollarid ja margad olid need , mis hoidsid Liigat vee peal , tegid võimalikuks selle töö , mida on tehtud juba sellest ajast , millest kõnelavad vanad pärgamendirullid Arhiivis , mis on vanemad kui Surnumere äärest leitud õpilaste kirjavigadest kubisevad etteütlused ja Vatikani vanimad tekstid . 
34	NA	" "" Niisiis , Vatikan , "" küsis Grpowski lõpuks . "
34	NA	" "" Seda võis oodata . "
34	NA	" See sobib talle kuidagi ... "" "
35	NA	" "" Arvad , et tegu on jälle Suure Jahiga ? "" "
35	NA	 Kui don oligi üllatunud , ei näidanud ta seda välja . 
36	NA	" "" Kahtlustan seda , aga ei arva veel . "
36	NA	 Lõppeks on ju viimasest korrast seitse aastat . 
36	NA	" Ja paavst on vana ... "" "
37	NA	" "" Kuid siin , Roomas ? "
37	NA	 Siin , kus on Liiga peakorter ... ta peaks ju teadma . 
37	NA	" Rooma on kindel linn , viimane kants , kõige ebatõenäolisem koht , kus ta võiks üritada . "" "
38	NA	" "" Üks kindel linn ja varjupaik , "" pomises Grpowski mõtlikult . "
38	NA	" "" Tead , selles võib isegi midagi olla ... "" "
39	NA	" "" Mida sa silmas pead ? "" "
40	NA	" "" Lihtsalt üks uitmõte . "
40	NA	" Võibolla mitte midagi . "" "
41	NA	" "" Mulle on su uitmõtted alati meeldinud . "" "
42	NA	 Kelner tõi neile toidud , restoranis keerati muusika valjemaks , tüdrukud kõrvallauas olid otsustanud juba lahkuda , kuid nüüd hakkasid kostma hakkavale laulule kaasa kõõrutama . 
42	NA	 Nad ei osanud inglise keelt , kuid refrääni teadsid nad kuulmise järgi . 
43	NA	" "" ... only seventeen , young and sweet , "" hõiskasid nad rõõmsalt kaasa ja Manuela tegi Grpowskile kelmikalt silma . "
44	NA	" "" Muretu ajastu , "" tähendas Grpowski . "
44	NA	" "" Ilmselt nii hakatakse seda aega kunagi kutsuma . "
44	NA	" Kõik on nagu paigas ja välja kujunenud . "" "
45	NA	" "" Teil ju streigitakse ? "" "
46	NA	" "" Kah mood , mis muud ... "" "
47	NA	" "" Hear the beat of the tambourine yeah yeah ... see that girl , watch the scene , dig in the dancing queen ... "" "
48	NA	" "" Sul on homme kohtumine kardinaliga . "
48	NA	 Ta ootab sind oma villas . 
48	NA	 Viin su autoga sinna ja tulen pärast järgi , ta tahtis ainult sind . 
48	NA	" Ole ettevaatlik ! "" "
49	NA	" "" Mida on mul kindlas linnas karta ? "" "
50	NA	" "" Rooma jääb Roomaks . "
50	NA	 Iga õige sitsiillane pelgab pisut seda linna . 
50	NA	" Ettevaatlikkus ei tee kunagi halba ! "" "
51	NA	" "" You are the dancing queen ... "" "
52	NA	" "" Tegelikult päris ilus laul , "" mõtiskles Grpowski kuuldavalt . "
52	NA	" "" Peaks tütretütrele selle plaadi ostma , poolakeelset muusikat enam ju ei kuulata ... "" "
53	NA	 Don kallas endale veel veini . 
53	NA	" "" Ma ei pea sulle ülesande diskreetsust rõhutama . "
53	NA	 Kogu Vatikan on niigi ärevil , paavst on suremas , keegi minuga rääkida ei julge . 
53	NA	 Ma ei tea täpselt , mis neil seal toimub , selle pead sa enne välja selgitama . 
53	NA	" Kuigi paljud ei taha seda Liigas tunnistada , on minugi võimalused Vatikanis piiratud . "" "
54	NA	" "" Ära muretse , "" kostis Grpowski . "
54	NA	" "" Sa oled Vatikani alati liiga tõsiselt võtnud . "" "
55	NA	" "" Amet on selline , amet kohustab . "
55	NA	" See , et ma nende rahasid liigutan , ei tähenda veel , et nad mind täielikult usaldavad , "" torises don Pucco . "
56	NA	 Liiga Meister asus juba sajandeid Roomas , tegelikult sellest ajast alates , kui katoliiklik maailm Rooma paavsti kummardab . 
56	NA	 Vatikanile tuli lähedal olla . 
56	NA	 Neid oli tarvis oma tegemistest teadmises hoida . 
57	NA	 Liiga ei vaadanud kunagi katoliku kiriku eksortsistide peale kui usurpaatoritele , kuigi mõneti selline alus Liigal ju oli . 
57	NA	 3. sajandil asutas kirik eksortsistide institutsiooni , et end ristida laskjate hingest kuri vaim välja ajada . 
57	NA	 Selline komme oli vana , tuli judaismist , egiptuse usundist ja suurel määral zoroastrismist , kes kõik kurje vaime uskusid . 
57	NA	 Ja kui kanoonikud kunagi piiblit kompileerisid , kirjutasid nad kõikidest religioonidest , mida teadsid , kokku mingi hookuspookuse langenud ingleist , deemoneist ja kurjadest vaimudest . 
57	NA	 Loomulikult käis kogu supi juurde ja vürtsiks eksortsist . 
57	NA	 Liiga vaatas uute amatööride teket rahuga pealt ja teeb seda juba ligi paar tuhat aastat — kirik juhtis nende raskelt töölt tähelepanu kõrvale ja tegeles ainult enda väljamõeldud deemonitega , õieti nendega , mis teistest muistseist usunditest inimesele arusaadavasse keelde ümber pandi . 
57	NA	 Katoliku eksortsistid ei osanud kunagi harilikku skisofreeniat tõelisest seestumisest eristada ja kui neile isegi tõeline teistpoolsusest eksinud olend ette juhtus , käsitlesid nad seda ladinakeelsete palvete , hariliku joogivee ja puust ristiga — ning aimamata , et sellelaadsel atribuutikal oli ka kunagi mingi tegelik sisu olnud . 
57	NA	 Kreeka keelest tõlgiti loitsud ladinasse , kogu süsteemi korrastati vastavalt kristlusele . 
58	NA	" Vatikan vaatas sajandist sajandisse "" konkureerivale organisatsioonile "" üha leebemalt . "
58	NA	 Enam ei põletatud tõelisi eksortsiste tuleriidal , ei keerutatud neid rattal ega torgitud kuumade oradega . 
58	NA	 1954. aastal palus Vatikani ametlik ülemeksortsist Monsenjöör Baldo Corradoni Liiga tollase Meistri Jan van Hooydinki käest isegi põhjustatud kannatuste eest vabandust . 
58	NA	 Kirik oli paralleelsest salaorganisatsioonist loomulikult kogu aeg teadlik olnud — ise aimamata , kui vana ühisusega neil tegelikult tegemist on . 
58	NA	 Uutel aegadel koheldi Liigat kui entusiastidest esoteerikuid , kellest mingit kahju ei sünni ja keda enam ketserite kombel jälitama ei pea . 
58	NA	 Ajad on ju muutunud . 
59	NA	 Ajad olid tõepoolest muutunud . 
59	NA	 Liiga käsutuses oli 20. sajandi tehnika . 
60	NA	 Don Pucco esindas organisatsiooni , mis omas laboreid Silicon Valleys ja arveid Zürichis . 
61	NA	 Jõud , kellega Liiga võitles , olid vanad ja ei kohanenud enam nii kiiresti . 
61	NA	 Neid oli dramaatiliselt vähemaks jäänud ... 
61	NA	 Vatikan ei saa kunagi teadma , et 20. sajandi teisel poolel oli Liiga lõpule viimas milleeniumitepikkust võitlust . 
61	NA	 Lõpule viimas , kuid mitte lõpetamas . 
61	NA	 Sest see võitlus ei lõppe kunagi . 
62	NA	 Erariides munk juhatas Grpowski läbi sireliaia villa taha terrassile , kus kardinal Lato varjualuses ajalehte luges . 
62	NA	 Tema ees laual oli veeklaas ja lõpetamata hommikueine . 
62	NA	 Puudel kudrutasid Rooma laulutuvid , oli palav . 
62	NA	 Kuigi maantee oli vaid mõnesaja meetri kaugusel , ei kostunud siia rohelisse ja niiskesse aeda teekära . 
63	NA	 Grpowski kandis truult halli ülikonda ja kerget suvekaabut . 
63	NA	 Ta higistas , aga talle meeldis see . 
63	NA	 Lato vaatas samme kuuldes raja poole ja tõusis . 
63	NA	 Ta oli palju muutunud . 
63	NA	 Kõhnemaks jäänud , kokku kuivanud , kängunud , kuigi oli alles viikümne kolmene . 
64	NA	 Tegelikult oleks see pidanud olema kahe ammuse sõbra kohtumine . 
64	NA	 Noorepõlvekaaslasi kohates unustavad inimesed nendevahelised tegelikud suhted , läbi aastate meenub ainult inimine . 
64	NA	 See kõik oli ju nii ammu ... 
64	NA	 Muidugi olime me sõbrad , kuidas siis ? 
64	NA	 Noorus , unistused , püüdlused ... 
65	NA	 Munk , kes Grpowski aeda juhatas , valmistus kohe lahkuma , kuid Lato viipas ta tagasi . 
66	NA	 Grpowski arvas , et ta peaks kergelt kummardama ja nii ta tegigi . 
66	NA	 Lato astus talle kindlal sammul vastu , võnkus küll veidi ja pani käed Grpowski õlgade ümber . 
66	NA	 Nad embasid . 
67	NA	" "" Rõõm sind näha , "" ütles kardinal selges ja puhtas poola keeles . "
68	NA	" "" Minul samuti , "" vastas Grpowski siiralt . "
69	NA	 Kunagi käisid nad koos sõjajärgses Varssavis seminaris . 
69	NA	 Noor Grpowski oli sinna sattunud juhuslikult , Bronisalw Lato aga teadlikult . 
69	NA	 Hoolimata kõigest olid need ilusad ajad . 
69	NA	 Pärast teist aastat tuli Grpowskile järele üks täiesti võõras mees , aga ta oli kohe mõistnud kuhu ja milleks . 
69	NA	 Ilmselt oli ta juba siis oma saatust aimanud . 
69	NA	 Üsna tihti juhtub , et tulevane Liiga eksortsist leitakse vaimuliku seminarist . 
69	NA	 Kas nad olid Latoga sõbrustanud ? 
69	NA	 Ilmselt mitte , kuid nad olid hästi läbi saanud , vahest dogmaatikast vaielnud ja koos raamatukogus Püha Augustinust tudeerinud . 
69	NA	 Neil oli palju ühist — pühendumus ja eesmärgikindlus näiteks . 
69	NA	 Grpowski polnud kunagi kahelnud , et Latost tuleb hea preester . 
70	NA	 Lato osutas laua kõrval seisvale vabale toolile , nad istusid . 
70	NA	" "" See on Ernesto , "" ütles Lato oma teenrile viidates . "
70	NA	" "" Ma soovin , et ta jääks siia . "
70	NA	 Sul ei ole midagi vastu ? 
70	NA	 Ta teab niigi kõike . 
70	NA	" Poola keelt ta ei oska , aga on vaja , et ta siia jääks . "" "
71	NA	 Loomulikult ei olnud Grpowskil selle vastu midagi . 
71	NA	 Ta sirutas end korvtoolis mõnusalt välja . 
71	NA	" "" Sul on väga ilus elamine , "" ütles ta . "
71	NA	" "" Mõjuavaldav villa ... "" "
72	NA	" "" Käib ameti juurde . "
72	NA	 Mina vajan ainult vaikust ja rahu . 
72	NA	" Luksusest ma tõepoolest ei hooli . "" "
73	NA	 Grpowski uskus teda . 
74	NA	" "" Ma kardan , et meil pole palju aega , "" jätkas Lato . "
74	NA	" "" Ametlikult olen ma praegu haige . "
74	NA	 Osalt vastab see tõele , ma ei tunne ennast tõesti hästi . 
74	NA	 Aga jätame meenutused teiseks korraks . 
74	NA	" Ka sa tead , miks ma sind kutsusin ? "" "
75	NA	" "" Pucco oli napisõnaline , "" vastas eksortsist . "
75	NA	" "" Ilmselt pole temalegi palju räägitud . "" "
76	NA	" "" Ainult mina olengi temaga ühendust võtnud . "
76	NA	 Meie enda ülemeksortsisti ma ei usalda . 
76	NA	" Vähemalt praegu mitte ja sa tead miks . "" "
77	NA	 Grpowski teadis . 
77	NA	 Paavst oli haigevoodis , oli suremas . 
77	NA	 Paavstil oli vähk . 
77	NA	 Vatikan kihas ja oli ärevil . 
77	NA	 Kui vähegi andis , ei usaldanud keegi kedagi . 
78	NA	" "" See algas kaks kuud tagasi , "" alustas kardinal . "
78	NA	" "" Esimene kord oli 15. mai hommikul . "
78	NA	 Olin peegli ees ja ajasin habet . 
78	NA	 Minu ees oli klaas kuuma veega . 
78	NA	 Äkitselt hakkas nagu mingi kerge vibratsioon , nägin seda veeklaasist selgesti . 
78	NA	 Lõikasin sisse , käsi värahtas , nagu oleks keegi lükanud . 
78	NA	 Siis tundsin tugevat tõuget ja lõin pea vastu peeglit , mis mõranes . 
78	NA	 Ka laubalt hakkas verd voolama . 
78	NA	 Ajasin end püsti ja keerasin toa poole . 
78	NA	 Loomulikult oli see tühi . 
78	NA	 Aga ma olin ehmunud ja ärevil . 
78	NA	" See oli esimene kord . "" "
79	NA	 Grpowski noogutas . 
79	NA	" "" Kas aken oli lahti ? "" küsis ta siis . "
80	NA	" "" Ma arvan , et jah , "" nõustus kardinal pärast mõttepausi . "
80	NA	" "" Oli väga palav . "" "
81	NA	" "" Hästi , mis edasi sai ? "" "
82	NA	" "" Järgmine kord tuli see õhtul . "
82	NA	 Selsamal õhtul . 
82	NA	 Siis ma sain juba aru . 
82	NA	 Olin kabinetis ja kirjutasin . 
82	NA	 Paavst oli juba nädalajagu haige olnud , tööd oli palju . 
82	NA	 Trükkisin masinal üht teksti ja olin üpris väsinud . 
82	NA	 Algas kõik jälle vibratsioonist . 
82	NA	 Ja siis paisati mind laua tagant ümber , kukkusin koos tooliga . 
82	NA	 Ajasin end vaevu püsti , kuid juba tuli uus tõuge ja ma lendasin vastu seina . 
82	NA	 Aga toas ei olnud mitte kedagi ! 
82	NA	 Müra peale sööstis Ernesto alt üles ja temagi nägi , kuidas mind mingi jõud vastu seina surus ja raputama hakkas . 
82	NA	" Ma ei teadnud siis , mida täpselt tundsin , ma ei tajunud kontakti . "" "
83	NA	 Lato vaikis hetkeks , võttis lonksu vett . 
83	NA	 Eksortsist pani tähele , et peale väikest sõõmu valas Ernesto klaasi kiiresti triiki täis . 
84	NA	" "" Aga enam ma ei kahelnud . "
84	NA	 See oli Saatan , kelle jõud hakkas minu sisse ronima . 
84	NA	 Olin kurjuse jõudude poolt välja valitud . 
84	NA	 Olin šokis . 
84	NA	 Selline asi on võimatu , läheb lahku kõigega , mida Kirik deemonitest teab ... 
84	NA	" Ma tean üldjoontes sinu seisukohti , Mieczislaw , tean , mida teie Liiga arvab , kuid katsu ennast nüüd panna minu olukorda . "" "
85	NA	 Grpowski katsus . 
85	NA	" Sellepärast ta küsiski ettevaatlikult : "" Oled sa mõelnud , et see võis olla lihtsalt nõrkushoog , üleväsimus , liigtöötamine või kehvveresus ? "
85	NA	" On ärevad ajad , palju tööd ja närvilisust ... "" "
86	NA	" "" Närvilisus ei tõsta sind kohalt õhku ega peksa vastu seina . "
86	NA	 Üleväsimus ei torma kiirrongina sinu sisse . 
86	NA	 Nõrkushoogu ei hoia eksortseerimispalved tagasi . 
86	NA	 Kehvveresus ei tule vibreerimise saatel . 
86	NA	 See on deemon , mu sõber , ja sa tead seda . 
86	NA	 Ta hakkas tulema tihedamini , algul kord nelja päeva jooksul , siis ülepäeviti . 
86	NA	 Ja alati algab see vibreerimisega , tunnen peapööritust ja siis haaravad mind kellegi nähtamatud käed , tõstavad üles , pillutavad mööda tuba . 
86	NA	 Ma hakkan vappuma ja värisema , nagu Ernesto räägib , sest ise kaotan teadvuse ja peale valu ja kohutava väsimuse ei mäleta ma midagi . 
86	NA	 Ma ei suuda selle deemoniga suhelda ... 
86	NA	" Aga ma väsin , Mieczislaw , olen kurnatud ja kaua ma enam vastu ei pea . "" "
87	NA	" "" Mida sa oled ette võtnud ? "" "
88	NA	" "" Ma palvetan . "
88	NA	" Ja Ernesto palvetab . "" "
89	NA	" "" Ja see on kõik ? "" "
90	NA	" "" Mul on keldris altar , seal on suur puust rist . "
90	NA	 Iga kord , kui näen veeklaasis kerget vibratsiooni , jooksen keldrisse . 
90	NA	 Ernesto seob mind nahkrihmadega risti külge ja piserdab ruumi püha veega . 
90	NA	 Ja ma palvetan seni , kuni suudan , siis jätkab Ernesto üksi . 
90	NA	 Tavaliselt me saame tast jagu , aga ta tuleb tagasi . 
90	NA	 Ja iga kord tugevamana . 
90	NA	" Ma ei teagi , kes meist rohkem kannatab — mina või Ernesto . "" "
91	NA	" "" Ja kõigest hoolimata pöördud sa abi saamiseks Liiga , mitte Vatikani ülemeksortsisti poole ? "" "
92	NA	" "" Sa tahad küsida , kas minu usk on vankuma löönud ? "" "
93	NA	" "" Ei , mitte seda ei tahtnud ma küsida . "
93	NA	 Sa tead , et meile on kõik abipaljuad sõltumata usust võrdsed ja meie kaanonite järgi pole religioonil teispoolsuse jõududega vähimatki pistmist . 
93	NA	" Ma tahan teada , miks ei kasuta sa katoliku kiriku abi , kes on endale ise sellisteks puhkudeks jõu ja õiguse võtnud deemonitega toimetulemiseks ? "" "
94	NA	 Lato ohkas sügavalt . 
94	NA	" "" Sest sellist asja ei saa juhtuda , nagu minuga praegu toimub . "
94	NA	 Pole kunagi juhtunud , et Saatan oleks proovinud seestuda tõelise uskliku hinge . 
94	NA	 Kiriku õpetus räägib , et deemonid haaravad hingi , kes usuvad valesti , on sooritanud usuga kokkusobimatuid akte või pole üldse end Jumalale pühendanud . 
94	NA	" Preestri hinge ei saa seestuda , see on absurd . "" "
95	NA	 Jah , katolik kirik uskus vankumatult , et on tegevusi ja mõtteid , mis meelitavad Saatanat . 
95	NA	 Ja kurja väljaajamine ehk eksortsism kasutab ju ainult palveid ja püha toimega esemete väge . 
95	NA	" Grpowskile meenus üks vana kodukandi kõnekäänd — "" Milleks puid metsa vedada ? "" "
95	NA	 Saatan ei saa haarata korraliku uskliku hinge , saati siis veel Vatikani kardinali oma . 
96	NA	" "" Sa kardad , et sind hakatakse süüdistama usust taganemises ? "" uuris Grpowski . "
97	NA	" "" Saatanal on tugev ja tegev jõud . "
97	NA	 Ta on olemas . 
97	NA	 Ta pole midagi , mille üle vaileda . 
97	NA	 Ja võib teha kurja kaitsmata hingele , sellele , kes pole end Jumalale pühendanud . 
97	NA	 Tal on vaja hingi , et neid Jeesus Kristusest eemale meelitada ja igaveseks põrgutulle paisata . 
97	NA	 Ma ei karda enda pärast . 
97	NA	" Ma kardan kogu usu pärast . "" "
98	NA	" "" Ma vist ei mõista sind . "" "
99	NA	" "" Võibolla Pucco ei öelnud sulle ... "
99	NA	" Võibolla ta ei teagi , aga minu kõrvu on jõudnud kuuldused , et mitmed ringkonnad on uue Paavsti kandidatuuri suhtes kokkuleppele jõudmas . "" "
100	NA	" "" Paavst on ju veel elus ! ? "" "
101	NA	" "" Justnimelt . "
101	NA	 Veel elus . 
101	NA	 Seepärast sellest avalikult ei räägitagi . 
101	NA	" Hääletus on küll salajane , aga alati on tehtud eelnevaid kokkuleppeid . "" "
102	NA	" "" Kes see väljavalitu siis on ? "" "
103	NA	" "" Jumala ja sinu alandlik teener . "
103	NA	" Nad näikse arvavat , et minust võib tulla hea paavst ! "" "
104	NA	 Pucco võttis ta Lato villa eest peale ja küsis , kuhu sõita . 
104	NA	 Grpowski mõtles hetke . 
104	NA	" "" Sõidame õige Foorumi varemetesse , "" pakkus ta siis . "
104	NA	" "" Ma pole seal kunagi käinud . "" "
105	NA	" "" Minugipoolest , "" ütles don Pucco . "
105	NA	" "" Aga meil ei nimetata neid Foorumi varemeteks , vaid Foorumiks . "" "
106	NA	 Nagu alati , kihas Foorum uudishimulikest . 
106	NA	 Nad jalutasid kuumusest õhkavas kiviklibus ja takerdusid korduvalt jaapani turistigruppidesse . 
107	NA	" "" Ta oli senaator , kas polnudki mitte nii ? "" küsis Pucco . "
107	NA	" "" Lucius Sepundus , kui ma õiteti mäletan ? "" "
108	NA	 Grpowski noogutas ja õngitses taskust koti päevalilleseemneid . 
108	NA	 Nad seisid Constantinuse basiilika kolme kaare ees , milliste arhitektuur andis hiljem palju inspiratsiooni kirikuehitajatele . 
109	NA	" "" Mida kardinal rääkis ? "" päris don edasi . "
109	NA	" "" Sa oled kuidagi napisõnaline . "" "
110	NA	 Ta seisatas ühe kaare ees . 
110	NA	 Selja tagant hakkas kostuma ärevat ja paanilist õiendamist . 
110	NA	" "" Nad tahavad pilti teha , lähme eest ära , "" tõlkis Grpowski . "
110	NA	 Et turistide elumuresid mitte segada , liikusid nad vaiksel sammul edasi . 
110	NA	 Poolakas avas särginööbi , sikutas lipsu lõdvemaks ning sülitas seemnekoored pihku . 
110	NA	 Kümmekond meetrit edasi asus Templum Antonini et Faustinae . 
110	NA	 Antonius Piuse 141. aastal surnud naise mälestuseks ehitatud tempel , mis hiljem oli kirikuks ümber ehitatud . 
110	NA	 Grpowski teada oli see ainus kirik , mis põlistas vampiiri hammaste läbi surnud inimese mälestust . 
110	NA	 Paraku teadis seda ainult Liiga ... 
110	NA	 Antoniuse naise Faustinae kuulutas Senat pärast surma jumalannaks . 
110	NA	" Poolas on Glogowieci küla , kus sündis "" jumalaga suhelnud "" Õnnis Maria Faustyna Kowalska , kelle päeviku avaldamise pärast kardinal Lato nii palju võidelnud on . "
110	NA	 Miks ta küll sellele praegu mõtles ? 
110	NA	 Grpowski aju töötas meeletutel kiirustel , otsides seoseid ja kokkupuutepunkte . 
111	NA	" "" Sa ei öelnud mulle , et Latol on head võimalused paavstiks saada ? "" sõnas ta siis pisut etteheitval toonil . "
112	NA	" "" See on ainult üks kuulujutt , ei enamat . "
112	NA	" Üks kandidatuur mitme seast , ei midagi kindlat , "" kaitses ennast don . "
112	NA	" "" On see sinu arvates oluline ? "" "
113	NA	" "" Võib olla . "
113	NA	" Millal need jutud liikuma hakkasid ? "" "
114	NA	" "" Tegelikult üsna ammu . "
114	NA	" Kohe peale seda , kui selgus , et paavstil on vähk . "" "
115	NA	" "" Seega üks pool aastat tagasi , "" resümeeris Grpowski . "
115	NA	" "" See sobib . "
115	NA	 Ja kardinali kiusaja ilmus esmakordselt kaks kuud tagasi , siis kui paavst päris pikali jäi . 
115	NA	 Kui see on Flemming — aga ma arvan , et see on Flemming — siis on meil vähe aega . 
115	NA	 Lato on üsna nõrgaks jäänud , usub , et palved , rist ja püha vesi on deemonit tagasi hoidnud . 
115	NA	" Paar korda veel ja kõik on läbi . "" "
115	NA	 Ja Grpowski jutustas Liiga Meistrile , mida vaevatud kardinal oli talle usaldanud . 
116	NA	" "" Sandid lood , "" nõustus don Pucco , kui oli jutu ära kuulanud . "
116	NA	" "" Said sa midagi teha ? "" "
117	NA	" "" Lugesin majale peale mõned kaitsed — Iona vektorveeda ja Albrechti kohesioonloitsu . "
117	NA	 Parem on , kui su poisid õhtul maja ümber mõned laserkiired tõmbavad , ma Ernestoga juba rääkisingi sellest . 
117	NA	" Mul on värava võti ja ma lähen sinna õhtul tagasi . "" "
118	NA	" "" Ega me hiljaks ei jää ? "
118	NA	 Flemming võib ju iga hetk jälle ilmuda . 
118	NA	" Ja kohesiooniga on ta mitu korda juba toime tulnud . "" "
119	NA	" "" Majja sissepääsemine võtab aega . "
119	NA	 Kohe , kui Ernesto midagi kahtlast märkab , helistab ta sinu numbril . 
119	NA	 Flemming on tark ja õppinud aja jooksul , aga ma ladusin vektorveeda talle tundmatus kongruentsis . 
119	NA	 Ja mind ei tunne ta niikuinii , ei minu käekirja ega nägu . 
119	NA	" Ma pean enne pisut Liiga Arhiivis tööd tegema , kui ta lõplikult tappa . "" "
120	NA	" "" Mida sa sellest vibratsioonist arvad ? "
120	NA	" Paistab olevat midagi uut ... "" "
121	NA	" "" Ma arvan , et see tuleb sellest , et ta murrab ennast majja sisse . "
121	NA	 Flemming on sihikindel nagu alati . 
121	NA	" Et seintest , müüridest ja ustest läbi tungida , peab ta meeletu energia kontsentreerima . "" "
122	NA	 Foorum kubises turistidest . 
122	NA	 Grpowski järas kasvava isuga päevalilleseemneid . 
122	NA	 Don Pucco süütas sigari . 
122	NA	 Nad siirdusid Aemilia basiilika poole . 
123	NA	" "" Miks ? "
123	NA	" Miks just nüüd ja siin ? "" "
124	NA	" "" Sa ütlesid juba , mäletad ? "
124	NA	" Kindel kants . "" "
125	NA	" "" Ja viimane varjupaik ? "" "
125	NA	 Ka itaallasele hakkas midagi kohale jõudma . 
126	NA	" "" Loodan , et sedapuhku tõesti viimane . "" "
127	NA	 Üks jaapani turist komistas kivi taha , kukkus , pillas käest kaamera , mis kolksudes treppe mööda kunagise basiilika keldrisse veeres . 
128	NA	" "" Kuule , "" don pahvis mõtlikult sigarit . "
128	NA	" "" Kui ta on juba kord majja sisse murdnud , siis miks ta peaks seda iga kord uuesti tegema ? "
128	NA	 Ma saan aru , et ühekorraga ta inimesse ei seestu , aga miks iga kord see vibratsioon ? 
128	NA	" Ta võiks juba vabalt ennast majas peita ja järgmise korra jaoks jõudu koguda . "" "
129	NA	 Poolakas peatus , nagu oleks keegi ta ühe vasaralöögiga maa külge naelutanud . 
130	NA	" "" Lato ütles mulle , et neil on seni korda läinud ta iga kord tagasi tõrjuda ... "" "
131	NA	" "" Mida tema sellest teab ? "" "
132	NA	" "" Nad ootavad enne iga uut katset vibratsiooni . "
132	NA	 See on nagu märk , et deemon läheneb . 
132	NA	" Aga , mis siis , kui ... "" "
133	NA	 Grpowski ei lõpetanud . 
133	NA	 Ta sööstis paigalt nagu ussist nõelatu , müksas tugevalt üht jaapanlast , kes oli just Foorumi keldritreppidest kukkunud kaameraga üles roninud ja tormas taksopeatuse poole . 
133	NA	 Õnnetu jaapanlane vandus midagi ja hakkas ohates jälle oma aparaadi poole turnima . 
134	NA	 Don Pucco jooksis sõbrale järele . 
135	NA	 Ernesto luges pingutades mikrofilmilt vana teksti . 
135	NA	 Ta tundis õhus kerget tubakalõhna . 
135	NA	 Niisiis oli kardinal jälle oma väikseid sigarette suitsetama hakanud . 
135	NA	 Rituale Romanum'i , 1614. aastal paavst Paulus V käsul väljaantud eksortsistide käsiraamatu originaali oli liiga ohtlik Vatikani raamatukogust kaasa tuua . 
135	NA	 Eriti nüüd , kus kõik kõigi iga liigutust teraselt jälgisid . 
135	NA	 Ta oli arhiivist vaid mikrofilmi kaasa haaranud ja õppis nüüd sellest palveid pähe . 
135	NA	 Ernesto ees laual oli pilgeni täis veeklaas , samasugune oli ka korrus kõrgemal kardinali kabinetis . 
136	NA	 Nad pidid oma kiusajast võitu saama . 
137	NA	 Ta kuulis sumedat põntsatust , pigem tajus seda . 
137	NA	 Aeglaselt ajas ta ennast püsti ja läks vaatama . 
138	NA	 Kui ta kartiski , siis oli ta unustanud , kuidas seda teha . 
139	NA	 Avar keldrisaal , päevavalguslambid , konditsioneeritud õhk , klaasist ja metallist stellaazhid , läbisegi tammepuust riiulitega . 
139	NA	 Ja raamatud , käsikirjad , pärgamendirullid ... 
139	NA	 Neid on palju . 
139	NA	 See on Liiga Arhiiv , mis jääb vaid mõnesaja meetri kaugusele Plazza della Spagnast , kus iga päev tuhanded turistid Rooma suurust ja ilu imetlemas käivad . 
139	NA	 See on salajane arhiiv ehk juriidiliselt lihtsalt erakogu , mille iga Meister pärandina oma järglasele vormistab . 
139	NA	 Arhiiv ei peida endas ajaloosaladusi , ometi on siin nii mõndagi tähelepanuväärset . 
139	NA	 Näiteks erilised termokapid eriti vanade käsikirjade hoidmiseks . 
139	NA	 Tõsi , rakenduslikku on neis termokappides vähe — teadus on viie tuhande aastaga teinud suuri edusamme ja Vana-Egiptuse loitsud annavad tihtipeale korralikust laserist nigelamaid resultaate . 
139	NA	 Aga eks ole igal organistasioonil omad reliikviad , omad meened . 
140	NA	 Täna ei tudeerinud Grpowski Napoleoni kirju oma pihiisale , mida ükski tavaline ajaloolane näinud ei ole , täna ei lugenud ta Hernan Cortezi üksikasjalist aruannet Yucatani libarebastest ega Läti Hendriku kroonika salajasi , ainult paavsti silmadele mõeldud appendikseid . 
140	NA	 Ei . 
140	NA	 Täna lappas ta oma higiste näppudega kiirustades ja närviliselt pomisedes kahte kirja . 
140	NA	 Ühe neist oli kirjutanud 1856. aastal Liiga eksortsist Efraim Schmidt Uppsalast . 
140	NA	" Ta andis aru , kuidas ta oli abistanud Rootsi kuningakoja poolt Vatikanist tellitud "" litsentseeritud "" eksortsismispetsialisti noore printsi hingest kurja vaimu väljaajamisel . "
140	NA	 Teatud pikantsete üksikasjade tõttu pidas kuningakoda vajalikuks see seik Rootsi ametlikust ajaloost välja jätta ... 
141	NA	 Teine kiri oli Teise Maailmasõja aegne . 
141	NA	 See oli Briti armee kaplani kiri ühest ebaharilikust juhtumist 1945. aasta Hannoveri linnast . 
141	NA	 Kaplan oli olnud teadlik Liigast ja eksortsistidest ja seetõttu otsustanud ilma tribunalita mahalastud kolonel Dermott Flemmingi loo üles tähendada ja Liigale läkitada . 
141	NA	 Flemmingi oli maha lasknud kindral Wesley , lasknud maha kui marodööri ja marutõbise koera . 
141	NA	 Sõna 'vampiir' tarvitas Flemmingi puhul isa Cook esmakordselt . 
141	NA	 Kuid polnud mingit kahtlust , et kaplan oli kohusetundlikult kirja pannud selle , mida kõik mõtlesid , kuid keegi ei julgenud välja öelda . 
141	NA	 Briti armee kolonelid ei ime tavaliselt võõral maal tsiviilisikute verd . 
141	NA	 Tõtt- öelda ei tee nad seda üldse , sõna-sõnalises tähenduses vähemalt mitte . 
141	NA	 Taoline tegevus ei sobi kokku Tema Kuninglikku Kõrguse Armee ohvitseri austava nimetusega . 
141	NA	 Kindral Wesley lasi kuuli otse Schlossstrasse 14 perenaise Hilde Karsteni veel tõmbleva keha kohalt tigedal pilgul pea tõstnud kolonel Flemmingi verest tilkuvate huulte vahele . 
141	NA	 Koloneli laip oli iseeneslikult ära põlenud , nad ei saanud teda matta ja see asjaolu oli isa Cooki säästnud üpriski keerulisest ülesandest . 
141	NA	 Nädalapäevad hiljem oli kindral Wesley tulnud kaplanile kaebama veidrat vibratsiooni , mida ta õhtuti tundis , peavalusid ja tunnistas , et ükskord oli ta mingi nähtamatu jõu poolt vastu seina paisatud . 
141	NA	 Isa Cook ei teadnud , mida see võinuks tähendada , ometi oli ta Liigale kirjutanud . 
141	NA	 Kindral Wesley hukkus paar päeva hiljem juhusliku kuuli läbi . 
142	NA	 Isa Cook ei teadnud ka seda , et Liiga oli ennast 1945. aastal Dermott Flemmingi ihus varjavat vampiiri jahtinud juba väga kaua . 
142	NA	 Nelisada neliteist aastat . 
143	NA	 Kardinal Lato villat valvasid neli kandiliste lõugadega tursket sitsiillast . 
143	NA	 Neile olid antud väga täpsed instruktsioonid . 
143	NA	 Nii kui nad kuulevad või näevad midagi ebaharilikku — midagi sellist , mis ei viita Vatikani kardinali elamise igaõhtusele rutiinile , see tähendab vaikusele ja rahule — peavad nad kohe raadiosidega don Puccoga ühendust võtma . 
143	NA	 Majja sisse ei tohi kedagi lasta . 
143	NA	 Parem , kui ka sealt keegi välja ei kipu . 
143	NA	 Ainult elektroonikuharidusega Silvano teadis valvemeeskonnast ainsana midagi keerulise ehitusega karpidest , mida nad minibussist toidetava alajaamaga villa müüridele paigaldasid . 
143	NA	 Silvano ise jäi bussi ja kontrollis kuvareid . 
143	NA	 Sisse tohtis majja lasta ainult don Pucco poolt salasõnaga varustatud isikut . 
143	NA	 Salasõna oli 'Eeben' ja isik väikest kasvu kikkisvurrudega hallis ülikonnas doni sõber poolakas Mieczislaw Grpowski . 
143	NA	 Te tunnete ta kindlasti ära , oli don öelnud , ta kannab alati valgeid sokke . 
144	NA	 Salasõna järele polnud vajadust . 
144	NA	 Kell 20.04 peatus villa ees doni enda limusiin , millest koos selle omanikuga ka sokkide välkudes väike poolakas välja tormas . 
144	NA	 Käes hoidis ta pungil sakvojaazhi . 
144	NA	 Mehed avasid oma võtmega värava ja sööstsid aeda . 
144	NA	 Bussiuksest vaatas ehmunud näoga Silvano . 
144	NA	 Tema aparaadid polnud küll midagi kahtlast registreerinud . 
145	NA	 Kardinal Lato oli suure puuristi maha tõmmanud . 
145	NA	 Ilmselt oli ta tundnud deemoni lähedalolu ja kiiresti keldrisse suundunud , kuid rünnak oli teda tabanud enne , kui ta jõudis abi kutsuda . 
145	NA	 Sedapuhku vibratsiooni aga enam ei olnud ja Ernesto ei teadnudki , mida sellest arvata . 
145	NA	 Nüüd lamas kardinal risti all , lamas okseloigus ja tõmbles ägisedes . 
145	NA	 Enne , kui Ernesto telefoninumbrit valima hakkas , põlvitas ta oma isanda kõrvale ja luges palvet . 
145	NA	 Millegipärast usaldas ta palvet rohkem , kui traatidega ühendatud musti karpe . 
146	NA	 Aga helistada ei olnudki vaja . 
146	NA	 Enne , kui Ernesto palvega lõpule jõudis , kolksatas keldriuks ja nende päevane külaline tormas sisse . 
146	NA	 Temaga oli ka too Vatikanis nii põlatud ja ühtaegu nii kasulik Sitsiilia rahatuus . 
147	NA	 Eksortsistid ei tee imet . 
147	NA	 Nad kasutavad vaid neidsamu vahendeid , mida ka jõud , kellega nad võitlevad . 
147	NA	 Keegi ei tea , kes oli esimene eksortsist . 
147	NA	 Nad on alati olemas olnud ; olnud siis , kui tärkav ristiusk üritas omi püha tekste kokku seades kujutada Põrgut ja Saatanat iidsete Egiptuse ja Babüloonia salateaduste motiividel ; olnud siis , kui kirik leidis süsteemsetest skeemidest vaid usukarmuse konstrueerimiseks tarvilikud kujundid . 
147	NA	 Ka katoliiklik kirik on aegade jooksul suutnud kasvatada asjalikke eksortsistide , tõeliseid manajaid . 
147	NA	 Need on olnud aga harvad erandid . 
147	NA	 Mida rohkem on inimene klammerdunud inimeste endi poolt väljamõeldud teoloogilistesse dogmadesse , seda rohkem on ta ka hüljanud teistpoolsuse asjade tegelikku olemust . 
147	NA	 Kirik ei näe deemoneid väljaspool ristiusku , ei tunnista kurjade vaimude potentsi lahus kontseptsioonist langenud inglitest . 
147	NA	 Kirik tahab Saatanat ja loeb temaks skisofreenia . 
147	NA	 Kirik tahab Luciferi ja usub temaks vaimuvabaduse . 
147	NA	 Kirik usub usku , aga mitte loodusseadusi . 
147	NA	 Eksortsistid ei usu midagi , neil pole selleks õigust . 
148	NA	 Eksortsistid on nii vanad , et neil polegi enda jaoks õiget nime . 
148	NA	 Iga muistne rahvas evis oma sõna meestele , kes teistpoolsuse vaimudega või ka füüsiliste segundeluvormidega toime tulid . 
148	NA	 Arhiivis on küll säilinud mõned viited esialgsetele nimetustele , kuid kreekakeelsest exorkizein'ist tuletaud eksortsist on sajandite vältel suupäraseks ja mugavaks kujunenud . 
148	NA	 Ex tähendab 'välja' , horkizein 'loitsuga köitma' ja tuleb sõnast horkos — 'loits' . 
149	NA	 Esimesed eksortsistid ei omanud tehnikat . 
149	NA	 Neil olid ainult teadmised ja võimed . 
149	NA	 Aga aegupidi maailm areneb . 
149	NA	 Inimene õpib kasutama elektrit — looduslikku loitsu , mis mõjub ühel määral kõigile . 
149	NA	 Ja loodus ei tee oma loomingu vahel vahet . 
150	NA	 Üks reegel , üks oskus või võte on aga eksortsistidele alati omane olnud . 'Väljaloitsija' peab pakkuma oma hinge või ihu töödeldavale energiale . 
150	NA	 Ja edasine sõltub juba õnnest , oskusest ja ... vahest ka tehnikast . 
150	NA	 Eksortsist ei tee imet , ta on harilik inimene . 
150	NA	 Ja inimesena on talle omane enesealalhoiuinstinkt . 
150	NA	 Kuid kui inimene kasutab seda niikaua kui võimalik , siis eksortsist niikaua kui vajalik . 
151	NA	" "" Ta on siin , "" konstateeris Grpowski kiretult , kui Ernesto nahkrihmadega oma isandat kukkunud risti külge üritas köita . "
151	NA	" "" Ära tee seda , "" ütles poolakas talle . "
151	NA	" "" Seda pole vaja , pole kunagi vaja olnudki . "
151	NA	" Ristil pole mingit tähtsust . "" "
152	NA	" "" See on kardinali käsk , "" vaidles munk vastu . "
152	NA	" "" Ja see on meid seni aidanud . "
152	NA	 Palved , vesi ja rist — täpselt nagu esimesed eksortsistid Palestiinas . 
152	NA	" Midagi pole muutunud . "" "
153	NA	" "" Tal on õigus , "" sekkus don Pucco . "
153	NA	" "" Rihmad ja rist ei sega ju meid ka , aga äkki tunneb kardinal ennast sellest paremini . "" "
154	NA	 Pan Grpowski ei hakanud vaidlema ega ütlema , et kahtles , kas kardinali keha ja meeled enam üldse midagi tunnevad . 
154	NA	 Vastuse asemel avas ta oma sakvojaazhi ja tõstis sellest portatiivse raadiosaatja , kõrvaklapid , inimnahast mütsi ja teemantnoa . 
154	NA	 Ernesto sidus kardinali randmed tugevalt risti külge . 
155	NA	" "" Proovid Sakamura menetlust ? "" uuris don . "
156	NA	" "" See peaks töötama . "
156	NA	" Flemming pole veel täielikult kohanenud . "" "
157	NA	" "" Aga teisel katsel tuli ju Sakamura ... "" "
158	NA	" "" Mul pole teist valikut . "
158	NA	 Ma tahan , et Bronislaw ellu jääks . 
158	NA	" Kas teil majas trellpuuri on ? "" "
158	NA	 Viimane küsimus oli esitatud Ernestole . 
158	NA	 Munk oli jahmunult piidelnud eksortsisti inimnahast kolmnurkset mütsi , mille kortsunud kollakalt pinnalt veel mõned hallid juuksekarvad turritasid . 
159	NA	" "" Mis ? "
159	NA	 Jah , vist on küll . 
159	NA	" Kas toon ? "" "
160	NA	" "" Jah , tooge . "
160	NA	 Ja ka kõige pikem ja teravam puur . 
160	NA	" Ühtlasi paluks teil kiirustada . "" "
161	NA	 Munk oli puuriga tagasi kolme minuti pärast . 
161	NA	 Selleks ajaks oli Grpowski endale mütsi ja kõrvaklapid pähe pannud , raadiosaatja tööle lülitanud ja lähenes teemantnoaga üha vähem elumärke näitavale kardinalile . 
161	NA	 Pucco rebis Ernestolt trelli , katsus puuri teravust , ühendas selle siis vooluvõrku ja pöördus poolaka poole . 
162	NA	" "" Palju meil aega on ? "" "
163	NA	" "" Mitte üle poole tunni . "
163	NA	 Tööta raadioga ! 
163	NA	 Ernesto ! 
163	NA	" Nüüd kuula mind ja tee kõik , nagu ütlen . "" "
164	NA	 Don kükitas raadiosaatja taha ja hakkas sagedusnuppe kruttima . 
164	NA	 Ernesto üritas veel mõnda palvet meelde tuletada , kuid sellises olukorras polnud ta harjunud palvetama . 
164	NA	 Ta teadis , et kardinal usaldas väiksekasvulist poolakat , usaldas võibolla rohkemgi , kui kanoonilisi eksortsisme , mida nad olid viimase kahe kuu jooksul toimetanud . 
164	NA	 Need kuud olid Ernesto pannud võimatusse olukorda . 
164	NA	 Ta pidi kuuletuma oma isandale , ta pidi jääma ustavaks mungaks . 
164	NA	 Kuid ta ei teadnud , kuidas suhtuda tõsiasja , et kardinal oli sundinud teda eksortsisme läbi viima . 
164	NA	 Ainult kiriku poolt pühendatud ja seatud preester võis sellise tähtsa ja tundliku asjaga tegeleda . 
164	NA	 Kuid jesuiitlik kasvatus oli Ernestol aidanud selle dilemma tema isanda kasuks lahendada . 
164	NA	 Ja süümepiinadeks polnud aega . 
164	NA	 Aga nüüd pidi ta assisteerima seda poolakat mingite võigaste paganlike riituste toimepanemisel ... 
164	NA	 Kuid just seda posijat oli kardinal usaldanud kogu oma usu juures rohkem kui Vatikani ametlikku menetlust . 
164	NA	 Ernesto vaatas oma mentorit , kes enam väljaheidete ja okse loikudes isegi ei tõmmelnud . 
164	NA	 Kas nad ei peaks mitte kiirabi kutsuma ? 
164	NA	 Ma tahan , et Bronislaw ellu jääks ... 
165	NA	" "" Mida ma pean tegema ? "" "
165	NA	 Munga hääl kõlas kindlalt ja võimaluste piirides isegi vapralt . 
166	NA	 Eksortsist pöördus ja vaatas Ernestole väga tõsiselt silma . 
167	NA	" "" Te peate nüüd meid usaldama . "
167	NA	 Kõik , mida me teeme , on kardinal Bronislaw Lato elu ja vaimu huvides . 
167	NA	" Kui ... kui me ei jõua , kui midagi ei õnnestu , peame me selle keha tapma , "" ta osutas lamavale kardinalile . "
167	NA	" "" Aga ainult keha . "
167	NA	 See ei ole mõrv , Ernesto . 
167	NA	 See on hädaabi õnnetuse eest . 
167	NA	 Väga suure õnnetuse eest . 
167	NA	" Kas te usaldate mind ? "" "
168	NA	" "" Jah , olgu Jumal mulle tunnistajaks ! "" "
169	NA	" "" Tegelikult pole meile tunnistajaid vaja . "
169	NA	" Ja auväärse doni sidemed Vatikanis ja Rooma politseis vast kõrvaldavad ka võimaluse , et meie ise peaksime tunnistusi andma . "" "
170	NA	 Don Pucco irvitas . 
170	NA	" "" Punased Brigaadid on millegipärast ilmutanud haiglast ja ebatervet huvi paavsti valimiste nurjamise vastu . "
170	NA	" Teie , Ernesto , helistasite täna eradetektiivifirmasse "" Basilisk "" ja palusite kardinalile kaitsemeeskonda . "
170	NA	 Kahjuks jäi abi hiljaks , monsenjöör Lato rööviti ... 
170	NA	" Ärge muretsege , see on lihtsalt legend politseile . "" "
171	NA	 Grpowski põlvitas lamava kardinali kõrvale . 
171	NA	 Aeglaselt avas ta mehe suu ja surus sellesse ettevaatlikult teemantnoa . 
171	NA	 Siis sulges eksortsist silmad ja jäi mõneks minutiks täiesti liikumatusse asendisse . 
171	NA	 Ruumis oli täielik vaikus , kui raadiosaatja tasane undamine välja arvata . 
171	NA	 Sekundid möödusid raskelt . 
172	NA	 Grpowski hakkas kergelt värisema . 
172	NA	 Ernesto kuulis , et poolaka kõrvaklappidest kostus tugevamat kahinat ja krabinaid . 
172	NA	 Don Pucco keeras pühendunult sagedusnuppu . 
173	NA	 Keel , milles poolakas rääkima hakkas , oli Ernestole tundmatu . 
173	NA	 Ja häälgi , milles sõnad kuuldavale toodi , polnud päris tavalise inimese oma . 
173	NA	 See tuli kurgu põhjast , oli ilma igasuguse intonatsioonita . 
173	NA	 Ta ei mõistnud seda keelt , kuid kui oleks mõistnud , siis oleks iga täht , iga sõna , iga väljend omandanud imperatiivse tähenduse . 
173	NA	 See oli käskija pöördumine . 
173	NA	 Ja Ernesto oleks käsule allunud . 
174	NA	 Lato keha vappus . 
174	NA	 Siis hakkas ruumis jälle tunduma kerget vibratsiooni . 
174	NA	 Kardinali suhu torgatud nuga liikus samuti ja huulte vahelt hakkas verd immitsema . 
174	NA	 Nii võigas , kui see polnud , andis see Ernestole märgi , et tema isand on elus . 
175	NA	 Grpowski vaikis . 
175	NA	 Ja korraga avasid nii eksortsist , kui tema hoolealune silmad . 
175	NA	 Aga need olid külmad , peaaegu elutud silmad , mis jõllitasid tuimalt hämarat tühjust ega otsinud sidet doni ega Ernesto omadega . 
175	NA	 Kaks silmapaari , kaks vennastunud ebainimlikku silmapaari . 
175	NA	 Palve tõusis iseenesest Ernesto huulile , aga jäi kuhugi kinni . 
176	NA	 Vibratsioon tugevnes ja Grpowski hakkas värisema . 
176	NA	 Täpselt nii , nagu oli teinud viimased kaks kuud kardinal . 
176	NA	 Ta suust pritsis verist vahtu , käed rebisid peast kõrvaklapid . 
176	NA	 Haiglased kollakad silmad kitsenesid , pupillid muutusid peaaegu nähtamatuks ... 
177	NA	 ... ja märatsev nähtamatu jõud tõstis poolaka õhku , paiskas ta vastu keldriseina . 
177	NA	 Sinna jäigi ta liikumatult lebama , vaid huuled proovisid vormida sõnu , mille väljaütlemiseks ei jätkunud õhku . 
178	NA	 Mõlemad mehed unustasid kardinali ja sööstsid Grpowski juurde . 
179	NA	" "" Mis toimub ? "" kahises Ernesto , kui don asetas käe sõbra laubale ja kummardus mureliku näoga tema kohale . "
180	NA	" "" Mieczislaw ? "" "
180	NA	 Pucco hääl oli tasane kuid tungiv . 
181	NA	" "" Puur ! "" sõnad ... ei , tähed , mis vahuste huulte vahelt olid pomisetud . "
181	NA	 Ja eksortsist ei avanud oma silmi . 
181	NA	 Ernesto ei soovinudki neid näha . 
182	NA	" "" Mida ? "" "
183	NA	" "" Ta ... ta ... tal pole jõudu , ta ei kuule ... puur ! "" "
184	NA	" "" Ei , kurat võtaks , ei ! "" "
185	NA	 Mis toimus ? 
185	NA	 Ernesto vaatas selja taha oma lamava isanda poole ja ta ei uskunud oma silmi . 
185	NA	 Kardinal Lato norskas . 
185	NA	 Ta magas . 
185	NA	 Aga eksortsist Grpowski sosistas suletud silmadega : 
186	NA	" "" Puur ! "
186	NA	 Giovanni , sa pead ! 
186	NA	" Ta kutsus ... kutsus mind . "" "
187	NA	 Väga aeglaselt ajas don ennast püsti . 
187	NA	" "" See on minu territoorium . "
187	NA	" Ja ma olen eksortsist . "" "
187	NA	 Ta heitis endalt pintsaku ja rebis eest särgi lahti . 
187	NA	 Ernesto nägi , et doni rinnal rippus kuldketi otsas rist . 
188	NA	" "" Sul on lapsed , "" don kükitas poolaka kõrvale tagasi . "
188	NA	" "" Ja ma ei saa seda teha . "
188	NA	 Sa tead , sa saad aru . 
188	NA	 Nii on õige , nii peab olema . 
188	NA	" Kohtumiseni , Mieczisalw ! "" "
189	NA	" "" See on minu missioon , "" sõnad segunesid huultel verise vahuga . "
190	NA	" "" Sa täitsid selle . "
190	NA	" Edasine on minu töö . "" "
191	NA	 Eksortsist ei vastanud , ta oigas . 
191	NA	 Nii oigab inimene , kellel on väga valus . 
191	NA	 Doni raske käsi haaras Ernesto õlast ning väänas ta pea kukla taha . 
191	NA	 Korraga olid sitsiillase vuntsised küüslaugu järele haisvad lõuad tema ninale väga lähedal . 
192	NA	" "" Nii , munk ! "
192	NA	 Sul on aega palvetada , kui soovid . 
192	NA	 Seitsme ja poole minuti pärast paned sa trelli minu südame kohale . 
192	NA	 Ja puurid selle läbi . 
192	NA	 Puurid nii sügavele , kui annab , ja nii , et veri purskab . 
192	NA	 Kui sa seda ei tee , näritakse kümne minuti pärast sinu kõri läbi ja sinu mahlane toskaana veri voolab kõigi aegade vastikuma ja jõhkrama vampiiri kurku . 
192	NA	 Juhuslikult on imejaks siis minu keha ning needsamad hambad . 
192	NA	 Ainult siis on nad palju teravamad . 
192	NA	" Ja kui meid siin poleks olnud , oleks sinu isand kardinal juba praegu su kaelaveenide kallal . "" "
193	NA	 Kõike edaspidist mäletas Ernesto oma elupäevade lõpuni otsekui läbi udu . 
193	NA	 Ta oli olnud teadlik kõigest , mis toimus , kõigest , mida ta tegi , kuigi ta ei suutnud kunagi uskuda , et see oli tema — Ernesto Varese , kelle silme all võimas don Giovanni Tanotti del Pucco transsi langes ja jälle tundmatus keeles kõne pidas , jälle värisema ning vappuma hakkas . 
193	NA	 Enne , kui ta trellpuuri doni südame kohale surus ja lülitile vajutas , kuulis ta mõrvatava viimaseid sõnu : 
194	NA	" "" Siin on su kindel linn ja varjupaik , sa sitane koer ! "" "
195	NA	" "" Aga öeldud on , et Tema pärast on kõik asjad taevas ja maa peal loodud , nii nähtavad kui nähtamatud . "
195	NA	 Kõik võimud või riigid või valdused — kõik on loodud Kristuse läbi ja Kristuse pärast . 
195	NA	" Ta on kõigi asjade ees ja taga ja tema sees saab kõik üheks ! "" "
196	NA	" "" Ma ei taha teiega vaielda , Ernesto , kuid minu mäletamist mööda pole piiblis sõnagi , kus ja millal inglid on loodud . "
196	NA	" Ja teie usu järgi on ju deemonid Saatana inglid . "" "
197	NA	" "" Ikkagi keeldun ma seda kõike teie moodi mõistmast . "
197	NA	" Need peavad olema Saatana trikid , ta on teid ära nõidunud ja uskuma pannud asju , mida pühakirjas pole . "" "
198	NA	" "" Me ei usu tegelikult midagi . "
198	NA	" Me teeme oma tööd . "" "
199	NA	 See oli seesama restoran , kus neli nädalat tagasi oli Grpowski oma sõbra doniga einestanud . 
199	NA	 Don Pucco jäänused olid nüüd maha maetud . 
199	NA	 Maetud avamata kirstus . 
199	NA	 Nagu enamiku eksortsistide säilmed . 
199	NA	 Kardinal Lato oli Püha Franciscuse haiglas ja paranes . 
199	NA	 Paranes jõudsalt . 
199	NA	 Ilm Roomas oli aga muutunud , soojus ja päike olid maad teinud pehmetele tuultele . 
199	NA	 Lõunast hakkas vihma tibutama . 
199	NA	 Nad olid tellinud suure kausitäie spaghetti carbonarat ja pudeli Sitsiilia montallioone veini . 
199	NA	 Ja selle veini lõhna Grpowski tundis . 
199	NA	 Sest Montaglia oli don Pucco sünniküla . 
199	NA	 Valge vein lõhnas kohuse- ja autunde järele . 
199	NA	 Grpowski ei joonud alkoholi . 
199	NA	 Tavaliselt . 
199	NA	 Täna mälestas ta aga oma hukkunud sõpra . 
200	NA	" "" Ärge saage minust valesti aru , "" jätkas Ernesto pisut vabandaval toonil . "
200	NA	" "" Aga mul pole õigust Piibliga seotud asju sellest lahus tõlgendada . "
200	NA	" Ja ainus viis jääda ausaks usu ja oma kogemuste vastu , on näha kõike Saatana trikkidena . "" "
201	NA	" "" Kas mitte seda pole kirik juba kaks tuhat aastat tõe väänamiseks teinud ? "" "
202	NA	" "" Kogu oma lugupidamise juures ... "" "
203	NA	" "" Ma kaotasin sõbra , Ernesto . "
203	NA	 Saage sellest aru . 
203	NA	 Ma ei süüdista teid . 
203	NA	 Te pidite Giovanni keha tapma , muud võimalust ei olnud . 
203	NA	" Ja ma usun , et teie silmad tunnistasid üsna veenvalt , et te ei tapnud enam inimest . "" "
204	NA	 Ernesto ei tahtnud meenutada . 
204	NA	 Aga ta teadis , et ta ei pääse selle pildi eest kunagi . 
205	NA	" "" Te võite seda pidada Saatanaks või kelleks tahes . "
205	NA	" Pole teie süü , et kirik ei tunnista Kurja väljaspool kanoonikat , "" rääkis poolakas edasi , niisutades aeg-ajalt huuli hõrgu veiniga . "
205	NA	" "" Vampiir ei ole langenud ingel , kuid pole minu asi teile seda selgeks teha . "" "
206	NA	" "" Kuid me tegelikult ei näinud ju ühtegi vampiiri ? "
206	NA	" Ma olin tunnistajaks ainult asjadele , milliseid on alati kirjeldatud kui kurja vaimu poolt keha haaramist . "" "
207	NA	" "" Kui mäletate , siis kardinal ei suutnud kuidagi mõista , miks teda kui jumalale nii lähedal olevat inimest üritas haarata deemon ? "
207	NA	 Sellest ju teie ediktid ja bullad ei räägi ? 
207	NA	" Õigemini ei pea nad seda üldse võimalikuks . "" "
208	NA	" "" Saatanat ... "" "
209	NA	" "" ... ei ole olemas . "
209	NA	 Ja aitab sellest ! 
209	NA	 Kui soovite , annan ma teile kogu tõe . 
209	NA	" Kui mitte , siis sööge oma makarone ja mälestage vapraimat ja üllaimat inimest , keda kunagi olete näinud . "" "
210	NA	" "" Need ei ole makaronid , spaghettil ja macaronil on suur vahe ... "" "
211	NA	 Grpowski sulges hetkeks . silmad ja pobises midagi poola keeles . 
211	NA	 Siis tõstis ta oma pokaali ja jõi selle tilgatumaks . 
211	NA	" "" Te tõite Suure Jahi lõpetamise hulga lähemale , Ernesto . "
211	NA	 Te tapsite kõige vanema vampiiri . 
211	NA	" Kas te tahate teada tõde , või jätkate oma soigu saatanast ? "" "
212	NA	" "" Kardinal on teile väga tänulik , "" pomises munk . "
212	NA	" "" Ma kuulan teid . "" "
213	NA	" "" Ja õigesti teete , "" Grpowski hingas sügavalt sisse . "
213	NA	" "" Vampiirid , "" ütles ta siis , "" on olemas . "
213	NA	 Ja väga olemas , kogu aeg olnud ja on kaheldud , kas neist üldse kunagi jagu saab . 
213	NA	 Kõik legendid ja kirjanduslikud kajastused neist on aga tõelisuse moonutatud peegeldus . 
213	NA	 Imimmõistus kaldub tihti segast ja seletamatut seletama teise seletamatusega . 
213	NA	 Küüslauk , puuvai , kirstvoodid , pelgus päevavalguse ees , olematu peegelpilt ja muu sarnane on lihtsalt mütoloogia . 
213	NA	 Vampiirid on nagu omamoodi nomaadid . 
213	NA	" Neil pole ühte ja ainsat keha , nende jõud ja olemus peitub ülivõimsas energeetilises mutatsioonis , kui nii võiks öelda ... "" "
214	NA	" "" Ma ei saa vist päris hästi aru . "" "
215	NA	" "" Kannatust , Ernesto , kannatust . "
215	NA	 Ka eksortsistid ei saanud algul aru . 
215	NA	 Meil võttis sajandeid , et vampiiride tõelist olemust tundma õppida . 
215	NA	 Vampiir on rändloom , energeetiline olend , kes võib seestuda meeldima hakanud kehasse . 
215	NA	 Vallutatud keha hing — ütleme nii , et oleks arusaadav — tapetakse . 
215	NA	 Ja see on üks koledamaid surmi , mida inimese meeled peavad taluma . 
215	NA	 Don Pucco valis endale sellise surma ... 
215	NA	" Ta teadis , millele läheb , teadis oma kannatuste ulatust ja hingepiinu , milliseid peab tundma . "" "
216	NA	" "" Ta ütles teile "" Kohtumiseni "" ? "" küsis Ernesto arusaamatuses õlgu vabistades . "
217	NA	" "" Vapra mehe hüvastijätt . "
217	NA	 Me ei kohtu kunagi . 
217	NA	 Don Puccot ei ole enam , temast ei jäänud mitte midagi järele . 
217	NA	 Ei vaimu , ei keha . 
217	NA	 Aga ei jäänud ka vampiirist . 
217	NA	" Meil õnnestus ta lõpuks lõplikult tappa . "" "
218	NA	" "" Lõplikult tappa ? "" "
219	NA	" "" Vampiir pole päriselt surematu . "
219	NA	 Muinasjutud räägivad , et vampiiri saab tappa ainult puuvaiaga või päikesevalgusega . 
219	NA	 See on täielik jama ! 
219	NA	 Vampiiri tapmiseks on kaks moodust . 
219	NA	 Ja ärge küsige , kes selle niiviisi on paika pannud ! 
219	NA	 See lihtsalt on nii . 
219	NA	 Eksortsist , pean silmas õppinud ja võimetega eksortsisti , saab õiget menetlust kasutades tappa vampiiri seestunud kehas . 
219	NA	 Kahjuks tähendab see füüsilise isiku füüsilist hävitamist . 
219	NA	 See on harilik ja üsna kindel moodus . 
219	NA	 Tappa on tark tõesti midagi läbi südame surudes , kuid see ei pea olema puuvai . 
219	NA	 Trellpuur , püssikuul , pistoda — mis parasjagu käepärast on . 
219	NA	 Kui vampiiri tapab tavaline inimene , kes ei oska kasutada õiget menetlust ega loitse , siis jõuab tõeline vampiir — pean silmas energeetilist püsivaimu — kehast välja lipsata ja uut vormi otsima hakata . 
219	NA	 Kuid sellest hetkest , kui vampiir on inimesse seestunud , on eksortsistil mõned minutid aega — ta pole uues ihus veel täielikult kohanenud . 
219	NA	 Teda on võimalik veel eksortsisti meeltesse kutsuda , tõmmata õigupoolest , seal vangistada ja tappa . 
219	NA	 Sellekski on pikk ja keeruline protseduur . 
219	NA	 Ei salga — see on väga raske . 
219	NA	 Väga ... 
219	NA	" Seda nimetatakse Sakamura menetluseks . "" "
220	NA	 Ernesto tegi liigutuse , nagu tahaks risti ette lüüa , kuid loobus mõttest , hingas sügavalt sisse ja sositas : 
221	NA	" "" Kui ma poleks seda kõike läbi elanud , peaksin teid hullumeelseks . "" "
222	NA	" "" Kellegi vaimuhaigeks pidamine on kasutu tegevus . "
222	NA	 Palju paremaid tulemusi annavad meedikute diagnoosid . 
222	NA	 Kuid see selleks . 
222	NA	 Niisiis on vampiiri tapmiseks kaks moodust . 
222	NA	 Seesmine ja välimine , ütleme nii . 
222	NA	 Me leidsime kardinal Lato olukorras , mil vampiir oli just tema keha haaranud . 
222	NA	 Tegelik Bronislaw oli veel tehniliselt elus . 
222	NA	 Mul õnnestus Flemmingi energeetiline püsivaim kardinalist välja tõmmata . 
222	NA	 Selleks tuli kasutada Faurby retriiverloitsu ja mõningaid trikke lühilainel . 
222	NA	 Flemming seestus minusse ja mul tuli ta Sakamura menetlusega tappa . 
222	NA	 See on õnnestunud vaid 1735. aastal Jaapani eksortsistil Yoshinobu Sakamural . 
222	NA	 Ja ainult üks kord . 
222	NA	 Teisel korral see ei õnnestunud ja Sakamura tuli tappa . 
222	NA	 Flemming — meie vampiir — on aga väga vana , kaval ja tugev . 
222	NA	 Ka mina pidin mängu panema kõik oma võimed ja tugevuse . 
222	NA	 Mida tugevamalt rünnata , seda rohkem vastane kannatab . 
222	NA	 Siin tuleb mängu üks paradoks . 
222	NA	 Ma purustasin Flemmingi tajud nii võimsalt , et ta minu sees otsekui minestusse langes . 
222	NA	 Pange tähele — vampiiri püsivaimu ei saa surmata väljaspool keha , see on väga oluline . 
222	NA	 Ainult eksortsist saab vampiiri tappa oma kehas , kuid selleks peab vampiir reageerima . 
222	NA	 Flemming oli aga liiga nõrk . 
222	NA	 Toibumiseks läinuks talle vaid veerand tundi , ei rohkem . 
222	NA	 Siis aga poleks mind enam olemas olnud . 
222	NA	 Te oleksite pidanud tapma vampiir Grpowski ... 
223	NA	" "" Seepärast te tahtsitegi puuri ? "" "
224	NA	" "" Äpardunud eksortsist vastutab surmaga . "
224	NA	 Ma ei saanud Sakamura menetlusega hakkama . 
224	NA	" Mind tuli tappa , enne kui Flemmingi püsivaim minus elule ärkab . "" "
225	NA	" "" Ja don Pucco ... "" "
226	NA	" "" Don tõmbas vampiiri minust välja — seda saab tehniliselt teha ilma temaga kontakteerumata . "
226	NA	 Sakamura menetlust polnud enam võimalik kasutada . 
226	NA	 Sisuliselt päästis don minu elu , kuigi ükski koodeks teda selleks ei kohustanud . 
226	NA	" Ja mul pole talle enam võimalik tasuda ... "" "
227	NA	 Ernesto näitas laua juurde tulnud kelnerile , et veini nad enam ei vaja . 
227	NA	 Vastu päikesevarju hakkas õrnalt vihma sabistama . 
228	NA	" "" Miks ? "" küsis Ernesto . "
228	NA	" "" Miks see kõik juhtus ? "
228	NA	" Kust see ... eeh ... vampiir tuli ? "" "
229	NA	 Grpowski tundis , et montallioone on talle kergelt pähe hakanud . 
229	NA	 Kummati talle meeldis see uimane ja rammestav tunne . 
229	NA	 Ta mälestas sõpra , kuigi polnud kindel , kuidas seda õieti tehakse . 
230	NA	" "" Ma ei tea , kust nad on tulnud . "
230	NA	 Keegi ei tea . 
230	NA	 Vampiiri energeetiline püsivaim vajab inimese keha , vajab verd . 
230	NA	 Tegemist on üsnagi võimatu bioenergeetilise mutatsiooniga . 
230	NA	 Keha , kuhu on seestutud , on mõnes mõttes surnud . 
230	NA	 Ellujäämiseks on tarvis regulaarselt uut verd . 
230	NA	 Ja nad hangivadki seda , võrdlemisi traditsionaalsel moel , muide . 
230	NA	 Kaelaveen , hambad sisse ... 
230	NA	 Kõige kummalisem on see , et vampiir tahab olla inimene , tema püsivaimul on inimlikud vajadused . 
230	NA	 Eksisteerimine energeetilisel kujul on vampiiride jaoks nagu poolelu , midagi unetaolist . 
230	NA	 Mõned eksortsistid on arvanud , et nad on inimrassi moodustamisel ülejäänud või kõrvaleheidetud hinged . 
230	NA	 Võite siit oma religioosseid teooriaid edasi arendada , kui soovite . 
230	NA	 Need värdjad on kogu aeg olemas olnud . 
230	NA	 Kuid tänu Liiga tegevusele on neid pidevalt vähemaks jäänud . 
230	NA	 Pisut üle neljasaja aasta tagasi algas Suur Jaht . 
230	NA	" Me kuulutasime vampiiridele sõja . "" "
231	NA	" "" Miks just siis ? "
231	NA	" Oli see seoses protestantlusega ? "" "
231	NA	 Ernesto oli eksortsisti jutust haaratud ja katsus kaasa mõelda . 
231	NA	 Katoliiklase ajaarvamine seadis aga omad piirid . 
231	NA	 Grpowski lõi tüdinult käega . 
232	NA	" "" Minge oma protestantlusega ! "
232	NA	 Umbes sel ajal hakkasid eurooplased maailma avastama . 
232	NA	 Teie tekstid peaksid pajatama , kuidas kirik ohjeldamatult uute maailmade religioone ja teadmisi hävitas . 
232	NA	 Meie omad aga kõnelevad kontaktidest . 
232	NA	 Eksortsiste oli ka Aafrikas , Ameerikas , Polüneesias ... 
232	NA	 Liiga agendid sokutasid end avastuslaevade pardale ja purjetasid oma missioonile . 
232	NA	 Leitud teadmistega õnnestus meil vampiiride elust ja olemusest mõndagi tuvastada . 
232	NA	" Vampiire oli kõikjal üle maailma . "" "
233	NA	" "" Te räägite pidevalt meie-vormis . "
233	NA	" Nagu oleksite ise neist sündmustest osa võtnud ... "" "
234	NA	" "" Ka meie oleme kogu aeg olemas olnud . "
234	NA	" Nelisada aastat on lühike aeg , Ernesto . "" "
235	NA	" "" Suur Jaht ? "
235	NA	" Mis sellest sai ? "" "
236	NA	" "" Sellest tuli sõda — merel , maal ja taevas . "
236	NA	 Sajandeid vältav sõda . 
236	NA	 Ei mingit armu ! 
236	NA	 Me hakkasime vampiire hävitama . 
236	NA	 Selle sajandi alguseks loeti Euroopas umbes paarkümmend isendit . 
236	NA	 Ma ütlesin , et vampiiridele on omased inimlikud vajadused ? 
236	NA	 Eurooplastest vampiirid ei soovinud kodumandrilt eriti lahkuda . 
236	NA	 Iga püsivaimu unistuseks on leida oma karakterile vastav keha ja selles võimalikult kaua elada . 
236	NA	" Senikaua , kuni keha kasutamiskõlbmatuks muutub . "" "
237	NA	" "" Sureb ? "" "
238	NA	" "" Jah . "
238	NA	 Ei verevahetus ega bioenergeetika ei suuda takistada kudede vananemist . 
238	NA	 Iga aastaga me tõmbasime ringi koomale . 
238	NA	 Teated tühjaksimetud laipadest , saladuslikud kadumised , seestumistunnused ... 
238	NA	 Me jälitasime neid . 
238	NA	 Ja nüüd on neid üsna vähe alles . 
238	NA	 Üks kõige kardetavamaid ja vanemaid tegelasi selles seltskonnas oli ka meie hiljutine tuttav . 
238	NA	 Me kutsusime teda viimase teadoleva keha järgi Flemmingiks . 
238	NA	 Umbes kolmkümmned viis aastat oli Flemming kadunud . 
238	NA	 Ja nüüd ta ilmus . 
238	NA	 Ikka ja jälle Roomasse ! 
238	NA	 Oeh , kuidas ta seda linna armastab ! 
238	NA	 Kunagi ta oli siin senaator , jalutas Foorumis , pidas orgiaid , mürgitas ja tappis sõpru . 
238	NA	 Ta peab end roomlaseks , kas teate . 
238	NA	 Teab ja tunneb seda linna . 
238	NA	 Ja viimased kümme aastat on ta Itaalias üritanud . 
238	NA	 Liiga oli valvel . 
238	NA	 Ja ta tunneb ka oma jälitajate võtteid . 
238	NA	" Flemming kavaldas meid üle ! "" "
239	NA	" "" Saatan ongi valelik . "
239	NA	" Tal on tuhat nägu ja musttuhat alatut trikki ... "" "
240	NA	" "" Ta teadis , "" katkestas Grpowski kiiresti Ernesto mõttelõnga , "" et varem või hiljem me peilime ta välja . "
240	NA	 Ta põgenes ! 
240	NA	 Ja tungides kardinali jättis ta mulje , nagu üritaks pidevalt majja murda . 
240	NA	 Tegelikult oli ta ammu majas sees ! 
240	NA	 Te ootasite vibratsiooni ja selle puudumisel ei osanud midagi karta . 
240	NA	 Kui ta plaan oleks läbi läinud , oleks Lato ühel hommikul rahulikult ärganud vampiirina . 
240	NA	 Õigemini mitte Lato , vaid Flemming oleks ärganud . 
240	NA	" Ja keegi poleks aru saanud ... "" "
241	NA	 Ernesto silmadesse ilmus võitlusaldis ja tige tuluke . 
241	NA	" "" Kuidas poleks aru saanud ? ! "
241	NA	 Kardinal ja vampiir ... 
241	NA	" See on võimatu ! "" "
242	NA	" "" Nad ei vaja verd pidevalt . "
242	NA	 Kord pärast seestumist ja siis poole aasta tagant . 
242	NA	 Pealegi arvan ma , et ka ülejäänud Euroopas keha otsivad vampiirid oleks Vatikani kutsutud . 
242	NA	 Kuuria oskab oma saladusi hoida , teate seda minust paremini . 
242	NA	" Nad oleks hakkama saanud , uskuge mind . "" "
243	NA	 Aga nüüd lõi Ernesto tõepoolest risti ette . 
243	NA	" "" Ma ei usu teid , "" teatas ta siis kindlal häälel . "
244	NA	" "" Teie otsustada . "
244	NA	" Mul pole tõendeid , ma ei sunni teid midagi uskuma . "" "
245	NA	 Vihm tihenes . 
245	NA	 Grpowski kutsus kelneri ja maksis arve . 
245	NA	 Nad tõsusid . 
246	NA	" "" Me vist ei kohtu enam , "" küsis Ernesto kraehõlmu koomale tõmmates . "
247	NA	" "" Ma loodan , et mitte , "" kostis Grpowski sõbralikult . "
248	NA	" "" Mida te edasi teete ? "" "
249	NA	" "" Mina ? "
249	NA	 Lähen hotelli , võtan ühe kuuma vanni . 
249	NA	" Hommikul on len ... "" "
249	NA	 Eksortsist vakatas ja vaatas ehmunult kella . 
249	NA	" "" Kuulge ! "
249	NA	 Kell on kaheksa läbi ! 
249	NA	" Poed on juba kinni , eks ole ? "" "
250	NA	" "" Suuremad küll . "
250	NA	" Mida teil vaja oli ? "" "
251	NA	" "" Kohe , ma kohe ... "" "
251	NA	 Grpowski sobras taskutes , kuni leidis väikse kägardunud sedeli . 
251	NA	" "" Mitte ei jää see nimi meelde ... "" ta otsis rinnataskust prillid ja luges : "" Tom ja Jerry , üks on kass ja teine hiir . "
251	NA	" Peab olema igas mänguasjapoes . "" "
252	NA	 Ernesto kehitas õlgu . 
252	NA	" "" Kass ja hiir ? "
252	NA	" Mänguasjad ? "" "
253	NA	" "" Vist küll . "
253	NA	 Need oleks mu tütretütrele Beasjale . 
253	NA	 Ta on kümneaastane , teate , ja ise kirjutas oma soovi mulle üles . 
253	NA	 Väga terane tüdruk . 
253	NA	 Loeb palju ... 
253	NA	 Ma toon talle ikka välismaalt midagi kaasa . 
253	NA	" Poola kaubandus on teie omaga võrreldes väga nigel . "" "
254	NA	" "" Ma vist tõesti ei oska aidata , "" kahetses munk . "
254	NA	" "" Ei tea mänguasjadest kuigi palju . "
254	NA	 Väga kahju . 
254	NA	 Ja poed on niikuinii kinni . 
254	NA	" Ehk õnnestub teil lennujaamast midagi leida ? "" "
255	NA	" "" Jah ? "
255	NA	" Võibolla tõesti . "" "
255	NA	 Poolakas toppis sedeli tagasi taskusse ja sirutas Ernestole käe . 
256	NA	" "" Hüvasti siis . "
256	NA	 Tervitage kardinali . 
256	NA	" Öelge talle , et on parem , kui ta juhtunu võimalikult kiiresti unustab . "" "
257	NA	 Nad mõlemad teadid , et seda lugu ei unusta kardinal kunagi . 
258	NA	" "" Jumalaga , "" vastas Ernesto . "
258	NA	" "" Tervitage tütretütart ! "" "
259	NA	" "" Ilmtingimata . "" "
259	NA	 Mehed surusid kätt . 
259	NA	 Grpowski pöördus juba minekule , kui Ernesto talt äkitselt küünarnukist kinni haaras . 
260	NA	" "" Kuulge , "" päris ta mõnevõrra ebalevalt . "
260	NA	" "" Aga mida tähendasid need don Pucco viimased sõnad kindlast linnast ? "" "
261	NA	" "" Ahjaa ... "" "
261	NA	 Grpowski pöördus ümber . 
261	NA	" "" Mõtlesin , et mõistate isegi ... Ma ju ütlesin , et me jahime neid halastamatult . "
261	NA	" Ja te ise — ma mõtlen kirik — ju kehtestas selle , mille järele Flemming nüüd ilmus . "" "
262	NA	" "" Ma ei mõista . "" "
263	NA	" "" Asüül . "
263	NA	 Varjupaigaõigus . 
263	NA	 Üks kindel linn ja varjupaik , mäletate ? 
263	NA	 Kants , kuhu vaenlane iial ei pääse . 
263	NA	" Vankumatud müürid , mille vahel end ohutuses tunda . "" "
264	NA	 Mehed seisid tugevas kesksuvises Rooma sajus , eemalt kostus saju eest pakku minevate turistide lõbusaid hõikeid . 
264	NA	 Ernesto nägu vajus hirmust pikaks , kui eksortsisti sõnade mõte ta teadvusesse jõudis . 
265	NA	" "" Justnimelt , "" muigas Grpowski süngelt . "
265	NA	" "" Vampiiride püsivaimud tunnevad , kuulevad ja teavad nii mõndagi . "
265	NA	 Lato on järgmine paavst . 
265	NA	 Ja ühele Roomat armastavale vampiirile pole paremat varjupaika , kui paavsti keha . 
265	NA	 Rooma paavst on kõige paremini kaitstud inimene maailmas . 
265	NA	 Mitu korda rohkem kui Ameerika president näiteks . 
265	NA	 Ja muresid on hulka vähem . 
265	NA	 Ta oleks Lato teadvusest ammutanud vajaliku informatsiooni , et järgmised viiskümmend aastat rahulikult paavsti kohuseid täita . 
265	NA	 Ringreisid , mugav elu ... 
265	NA	 Kuurias oleks olnud veel mõned vampiirid ... 
265	NA	 Mõnikümmend liitrit verd aastas . 
265	NA	 Keegi poleks aru saanud . 
265	NA	 Kellelegi poleks pähegi tulnud , et paavst võib olla Flemming . 
265	NA	 Ja isegi kui oleks , ei pääseks Liiga iialgi Rooma paavsti kallale . 
265	NA	 Mitte iialgi . 
265	NA	 Üks pisiasi jäi Flemmingil kahe silma vahele . 
265	NA	 Lato tundis mind . 
265	NA	" Ja kutsus mind appi . "" "
266	NA	" "" Aga paavst ... paavst on püha ... "" "
267	NA	" "" Mitte vampiiride jaoks . "
267	NA	 Religiooniga pole neil vähimatki pistmist . 
267	NA	 Trellpuur on krutsifiksist palju kindlam vahend — aga seda teate juba omast käest . 
267	NA	" Niisiis , jumalaga ? "" "
