par_nr	head	sentence
1	 Ülekuulaja 	 Ülekuulaja 
2	NA	 Simo Runnel 
3	 1 . 	 1 . 
4	NA	 Kutsun Lenini välja . 
5	NA	" "" Miks sa oktoobrirevolutsiooni korraldasid ? "" küsin . "
6	NA	" "" Kas sa ei saaks minuga vene keeles rääkida ? "" küsib ta . "
7	NA	" "" Ei saa . "
7	NA	 Ma ei oska eriti vene keelt . 
7	NA	 Ma õppisin koolis esimesest klassist peale vene keelt nii vähe kui võimalik , et minust ei saaks venelast . 
7	NA	" Oskan vene keeles vaid pisut lugeda , "" vastan . "
8	NA	" "" Hästi , "" ütleb Lenin . "
8	NA	" "" Räägime siis eesti keeles . "
8	NA	 Ma arvasin , et ma seda keelt ei oska , aga ma olen väga haritud ja saan praegu sellega hakkama . 
8	NA	 Ju ma olen seda ikka kunagi õppinud , ainult õppimise fakti ära unustanud . 
8	NA	" "" "
9	NA	" "" Sa räägid ja mõistad eesti keelt praegu tänu minule , "" ütlen . "
9	NA	" "" Kui sa siit lahkud , unustad selle võibolla täielikult . "
9	NA	 Mul on võimeid , millest sina pole kunagi mõelnudki . 
9	NA	" Aga miks sa oktoobrirevolutsiooni korraldasid ? "" "
10	NA	" "" Vaata , "" ütleb Lenin . "
10	NA	 Ma ei ole kunagi selle üle sügavalt mõelnud , kuidas selle korraldamist põhjendada . 
10	NA	 Mulle tundus , et oktoobrirevolutsioon on vajalik , ja nii ma selle läbi viisingi . 
10	NA	 Aga sinu soovile vastu tulles ma püian oma tegevust veidi analüüsida . 
10	NA	 Me mõlemad oleme lähtunud tahtest . 
10	NA	 Mina ei tahtnud , et endine kord püsima jääks , sina ei tahtnud saada venelaseks . 
10	NA	 Siin on selge paralleel . 
10	NA	 Kui sa nüüd ise oma tahtmise ära oskaksid põhjendada , siis ehk oskaksin minagi oma tegevuse seletamiseks põhjenduse leida . 
10	NA	 Sa veensid mind , et sul on suured võimed . 
10	NA	 Kui sul nii suured võimed on , miks sa siis ikkagi venelaseks ei hakanud ? 
10	NA	 Sa oleksid sellega kindlasti hakkama saanud , kui sa juba teisigi inimesi eestlaseks teed ja pärast tagasigi muudad . 
10	NA	" Miks sa küll venelaseks saada ei tahtnud ? "" "
10	NA	 Vastan : 
11	NA	" "" Ma suudan teha ainult seda , mida ma tahan . "
11	NA	 Venelaseks ei taha ma saada sellepärast , et venelasi on niigi palju , eestlasi aga vähe . 
11	NA	 Ma tahan , et maailmas oleks palju väikseid rahvusi , aga et nad ei oleks nii väiksed , et nad välja surevad . 
11	NA	" Kuidas siis sinuga õieti on ? "" "
11	NA	 Lenin ütleb : 
12	NA	" "" Minu võimed on selgelt sinu võimetest väiksemad . "
12	NA	 Kui juba sina ei suutnud teha seda , mida sa ei taha , siis ei suutnud ka mina vastu tahtmist oktoobrirevolutsiooni läbi viimata jätta . 
12	NA	 Mulle ilmselt lihtsalt meeldis selline revolutsioon . 
12	NA	 Sain selle mõtte Marxi teoseid lugedes , ja mulle meeldis Marxi stiil . 
12	NA	 Siis pidin need tema ideed , millest ma aru sain , ka omaks võtma . 
12	NA	 Võibolla sain muidugi millestki valesti aru . 
12	NA	 Aga ma ju nägin Venemaal juba enne kahte revolutsiooni . 
12	NA	 Siis ma mõtlesingi , et Marx vist midagi sellist tahtiski . 
12	NA	 Ja mulle ei meeldinud , et revolutsiooni alustavad alati teised ilma minule ütlemata . 
12	NA	 Mõtlesin , et teen ise ühe ilma teistele ütlemata . 
12	NA	" "" "
13	NA	 Saadan Lenini ära . 
13	NA	 Ta ei suutnud kummutada minu teooriat kõige juhtuva paratamatusest . 
13	NA	 Aga kas oktoobrirevolutsiooni ei korraldanud hoopis Trotski oma sünnipäeva tähistamiseks ? 
13	NA	 Ei , siis oleks Lenin seda öelnud . 
14	 2 . 	 2 . 
15	NA	 Keegi koputab uksele . 
16	NA	" "" Sisse ! "" hüian . "
16	NA	 Uks läheb aeglaselt praokile , ja ukseprakku ilmub Hitleri pea . 
17	NA	" "" Tule julgelt edasi ! "" ütlen talle . "
17	NA	 Hitler astub sisse , aga jääb ukse kõrvale seisma . 
18	NA	" "" Kas saapad peab ära võtma ? "" küsib ta . "
19	NA	" "" Ei ole vaja . "
19	NA	" Ja võid istuda , "" ütlen talle . "
19	NA	 Kui ta on istunud , küsin : 
20	NA	" "" Mis sind siis siia tõi ? "" "
20	NA	 Hitler vastab : 
21	NA	" "" Ma ei tahtnud tülitada , ma tahtsin ainult küsida , miks Lenin siin käis ? "
21	NA	 Nägin teda siitpoolt tulemas . 
21	NA	" "" "
22	NA	" "" Aga miks see sulle muret teeb ? "" küsin vastu . "
23	NA	" "" Teeb ikka muret küll , "" ütleb Hitler , kelle hääl hakkab enesekindlamaks muutuma . "
23	NA	" "" Teie , eestlased , sõdisite ju minu poolel Nõukogude Liidu vastu . "
23	NA	" Kas te hakkate siis nüüd kommunistidega koostööd tegema ? "" "
23	NA	 Vastan : 
24	NA	" "" Lenini kutsusin ma siia küll ise , aga teised eestlased ei tea sellest midagi . "
24	NA	 Ja Lenin ei olnud ju algusest peale kommunist , vaid Venemaal tegutses sotsiaaldemokraatlik partei , nagu sina olid natsionaalsotsialist . 
24	NA	" Kas teie , kaks vana sotsialisti siis sugugi teineteist ei mõista ? "" "
24	NA	 Hitler ütleb : 
25	NA	" "" Just nimelt , Lenin reetis sotsialismi , mina jäin aga lõpuni sotsialistiks . "
25	NA	" Miks ma peaksin reeturit usaldama ? "" "
25	NA	 Ütlen : 
26	NA	" "" Oleks võinud arvata , et teie erimeelsused tulevad rohkem sellest , et Lenin oli internatsionalist , sina aga rahvuslane ja rassist . "" "
26	NA	 Hitler hakkab kiiremini rääkima : 
27	NA	" "" Lenin internatsionalist ja mina mitte ? "
27	NA	 Ma ju hoolitsesin kogu Euroopa rahvaste eest . 
27	NA	" Ma valitsesin kogu Euroopat ja oleksin võinud teiste rahvaste elu põrguks teha , aga ma lasin neil elada ja sõjas vereau kanda . "" "
27	NA	 Vastan : 
28	NA	" "" Aga juute sa ju hakkasid hävitama . "" "
28	NA	 Hitler vaidleb vastu : 
29	NA	" "" Ega ma kõiki juute ei hävitanud . "
29	NA	 Mu eesmärk oli rohkem , et nad Ameerikasse põgeneksid . 
29	NA	 Pealegi olen kuulnud , et mu enda esivanemate hulgas oli ka juute , aga ma ei hakanud sellepärast ennast tapma . 
29	NA	" "" "
30	NA	" "" Sa ju lõpuks tapsid ennast , "" ütlen . "
31	NA	" "" Ei tapnud , "" ütleb Hitler . "
31	NA	" "" See , kes ennast tappis , oli minu teisik , kes arvas , et teda hakatakse minu pähe piinama . "
31	NA	" Ise varjasin ennast kuni loomuliku surmani heade sakslaste kodudes . "" "
31	NA	 Vastan : 
32	NA	" "" Lugesin , et tapsid ise oma teisiku ja varjasid ennast peale seda Franco juures Hispaanias . "
32	NA	" Aga pidasin seda ilukirjanduseks . "" "
32	NA	 Hitler täpsustab : 
33	NA	" "" Ma ei saanud ju põgeneda läbi vaenlaste vallutatud alade Hispaaniasse . "
33	NA	 Pealegi , Francot ma ka ei usaldanud , sest ta ei nõustunud kellelegi sõda kuulutama ja saatis rindele ainult ühe vabatahtlike diviisi . 
33	NA	 Varjasin ennast lihtsate sakslaste juures . 
33	NA	" Enamus rahvast oli minu poolt , seega keegi mind üles andma ei hakanud ja kõiki kodusid läbi otsida ka ei jõutud . "" "
33	NA	 Esitan uue küsimuse : 
34	NA	" "" Kui enamus sakslasi oli sinu poolt , kuidas siis Jumal sinusse suhtub ? "
34	NA	" Kas elad nüüd taevas või põrgus ? "" "
34	NA	 Hitler vastab : 
35	NA	" "" Raske öelda , kumba ma lõpuks lähen . "
35	NA	" Viimset kohtupäeva ei ole ju veel olnud . "" "
35	NA	 Ütlen : 
36	NA	" "" Hästi , sa vastasid nüüd minu küsimused ära . "
36	NA	 Omalt poolt ütlen , et Lenini pärast ei pea sa väga muretsema . 
36	NA	 Kutsusin ta siia samasuguse uudishimu pärast . 
36	NA	" Mingit koostööd ma temaga ei arutanud . "" "
36	NA	 Lenini nime mainimise pärast muutub Hitler jälle nagu kartlikumaks , aga ütleb : 
37	NA	" "" See on tõesti kergendus . "
37	NA	" Ma siis nüüd lähen , "" ja lahkubki kiirel sammul . "
38	 3 . 	 3 . 
39	NA	 Kuidas nende taevassemineku asjadega ikkagi on ? 
39	NA	 Küsiks mõnelt usumehelt . 
39	NA	 Otsustan kutsuda Lutheri . 
39	NA	 Enne kui ma seda teha jõuan , sajab Luther ise läbi lae tühjale toolile . 
39	NA	 Ta ütleb : 
40	NA	" "" Nägin , et tahtsid mind kutsuda . "
40	NA	 Siin ma olen . 
40	NA	 Hitler valetas , et tema üle veel kohut mõistetud ei ole . 
40	NA	 Ta elab muidugi põrgus . 
40	NA	 Inimese üle mõistetakse kohut kohe peale tema surma . 
40	NA	" "" "
41	NA	" "" Ja sina sadasid siia taevast ? "" küsin . "
42	NA	" "" Jah , "" vastab Luther . "
42	NA	" "" Miks Hitler täpselt põrgusse läks ? "" küsin "" Millal ta tegi otsustava vea ? "" "
42	NA	 Luther vastab : 
43	NA	" "" Otsustav viga oli see , et ta ristiti katoliiklaseks . "
43	NA	 Tal oli veel surmani võimalus pöörduda minu usku ja sellega põrgust pääseda , aga ta ei teinud seda . 
43	NA	" "" "
44	NA	" "" Aga ta on öelnud , et luteri usk on parem kui katoliiklus , sest katoliiklaste keskus on Rooma , luterlaste oma asub Saksamaal . "" "
44	NA	 Luther vaidleb vastu : 
45	NA	" "" Ta valetas üldse palju , sest ta oli katoliiklane . "
45	NA	 Kui ta ütles , et ta nii mõtleb , siis ta valetas . 
45	NA	 Tegelikult ta ju sõlmis paavstiga konkordaadi ja ühendas Saksamaa katoliikliku Austriaga . 
45	NA	" Ja ta võttis oma poliitikas eeskuju Itaalia faÜistidelt , kes olid kõik katoliiklased . "" "
45	NA	 Mulle meenub , et Luther elas enne Hitlerit . 
45	NA	 Küsin : 
46	NA	" "" Aga kuidas sa üldse midagi Hitlerist tead ? "
46	NA	 Kui ma sind kutsuda otsustasin , ei tulnud mulle üldse meelde , et sa surid enne Hitleri sündimist . 
46	NA	 Minust sa muidugi võisid teada , sest olen võibolla kogemata oma tegevusest sulle varemgi märku andnud . 
46	NA	" Oleks võinud arvata , et tead Hitlerist ainult seda , mida ta siin olles rääkis . "" "
46	NA	 Luther küsib : 
47	NA	" "" Kas sa tõesti pead ennast Hitlerist millegi poolest paremaks ? "
47	NA	 Olen jälginud pilve pealt nii sinu kui ka Hitleri kogu tegevust . 
47	NA	 Ma ei tea ainult neid asju , mis juhtusid enne minu sündimist või minu eluajal . 
47	NA	 Aga kõike , mis on juhtunud peale minu surma , olen ma näinud . 
47	NA	" "" "
48	NA	" "" Ma ei ole Hitlerist parem ? "" küsin . "
48	NA	" "" Kas mina lähen siis ka põrgusse ? "" "
49	NA	" "" Seda otsustab Jumal , "" vastab Luther . "
49	NA	" "" Näen sinu tegusid , aga mitte seda , kas sa Jumalat õieti usud . "
49	NA	" "" "
50	NA	" "" Aga surnute kohta sa väidad end teadvat . "
50	NA	" Kas on nii , et luteri usk on õige usk , teised valed ? "" "
50	NA	 Luther vastab : 
51	NA	" "" Põhimõtteliselt küll . "
51	NA	" Aga põrgusse on läinud ka ristitud luterlasi . "" "
51	NA	 Küsin : 
52	NA	" "" Aga kuidas on nendega , kes elasid enne reformatsiooni algust ? "" "
53	NA	" "" Tol ajal polnud luterlased veel lihtsalt oma kirikut asutanud , aga Piiblis olid ju õige usu alused toodud , nii et taevasse mindi ka varem . "
53	NA	 Piiblis on ju öeldud , et Jeesus läks ka taevasse . 
53	NA	" "" "
54	NA	" "" Katoliku kiriku rajas Peetrus , "" ütlen . "
54	NA	" "" Kas tema on nüüd põrgus ? "" "
54	NA	 Luther vastab : 
55	NA	" "" Peetrus oli tegelikult luterlane , aga teda ei mõistetud , ja tema järglastest said katoliiklased . "
55	NA	 Peetrus ise on taevas . 
55	NA	" "" "
56	NA	" "" Tänan , "" ütlen . "
56	NA	 Luther tõuseb toolilt , hüppab õhku ja lendab läbi lae . 
57	 4 . 	 4 . 
58	NA	 Vaevalt on Lutheri varbaotsad lakke kadunud , kui põrandast hakkab tõusma sinist suitsu . 
58	NA	 Algul arvan , et see on seotud Lutheri minekuga , siis aga kerkib põrandast mürina saatel Stalin . 
58	NA	 Pakun talle tooli , aga ta istub irvitades ja sõnagi lausumata lauale . 
59	NA	" "" Mis sind veel siia tõi ? "" küsin . "
59	NA	 Stalin ei kiirusta vastamisega , vaid võtab taskust piibu , paneb selle suhu , ja piip läheb iseenesest põlema . 
59	NA	 Kui ta on paar korda suitsu välja puhunud , vastab ta alles : 
60	NA	" "" Tulin ütlema , et Luther ei tea põrgu asjadest midagi . "
60	NA	" Hitler ei ole mitte lihtsalt põrgus , vaid seitsmendas põrgus , kõige alumises . "" "
60	NA	 Küsin : 
61	NA	" "" Mitmendas sa ise oled ? "" "
61	NA	 Stalin vastab : 
62	NA	" "" Viiendas . "
62	NA	 Selles on üsna inimlikud tingimused ja palju hukkamõistetuid . 
62	NA	 Aga Hitler on seitsmendas põrgus peaaegu üksi . 
62	NA	 Peale tema on seal veel ainult Trotski ja paar teist kõige suuremat süüdlast . 
62	NA	" "" "
63	NA	" "" Aga kuidas sina ja Hitler tulete põrgust välja , millal ise tahate ? "
63	NA	 Siis on see ju õige leebe režiimiga koht . 
63	NA	" "" "
64	NA	" "" Me ei tulegi välja , millal ise tahame , vaid kokkuleppel Saatanaga . "
64	NA	 Tema on huvitatud , et tema firma maine hea oleks . 
64	NA	 Hitler saab välja harva , sest ei austa Saatanat . 
64	NA	 Mina aga sõlmisin juba eluajal Saatanaga koostöölepingu ja pole seda kordagi rikkunud . 
64	NA	" "" "
65	NA	" "" Nii et sa tulid võimule tänu Saatanaga sõlmitud lepingule ? "" "
66	NA	" "" Ei , tänu Leninile . "
66	NA	 Ma olin piisavalt tugev , et püsida ainult oma jõule toetudes võimul ka peale Lenini surma . 
66	NA	 Aga Suure Isamaasõja ajal , kui sakslased lähenesid Moskvale , sain aru , et kuna protsessid on üldjuhul pöördumatud , siis üksi ma enam Hitleri vastu ei saa . 
66	NA	 Siis otsustasin lõpuks Saatana pakutud lepingule alla kirjutada . 
66	NA	" "" "
67	NA	" "" Millal Saatan selle pakkumise tegi ? "" "
68	NA	" "" Ta saatis oma esindaja minu isaga rääkima juba enne minu sündimist . "
68	NA	 Isa nõustuski mind Saatana sulaseks andma . 
68	NA	 Kui sain kolme aastaseks , tuli Saatan isiklikult mulle järgi . 
68	NA	 Aga ma keeldusin temaga kaasa minemast , sest minu arvamust poldud küsitud . 
68	NA	 Isa ja Saatan kimbutasid mind edasi . 
68	NA	 Enda kaitsmiseks otsustasin minna vaimulikku kooli . 
68	NA	" "" "
69	NA	" "" Nii et vanemad sind sinna ei pannudki ? "" "
70	NA	" "" Vanemate juurest põgenesin kohe peale Saatana külaskäiku . "
70	NA	 Elasin vahel tänaval , vahel sõprade pool . 
70	NA	 Vanemad jälitasid mind ja said vahel kätte , aga põgenesin alati uuesti . 
70	NA	" "" "
71	NA	" "" Aga milles see Saatanaga sõlmitud leping seisnes ? "" "
72	NA	" "" Kohustusin loobuma maailmarevolutsiooni läbiviimisest ja piirduma ainult naaberriikide vallutamisega , teiseks pidin talle oma sõdureid ohverdama , kolmandaks pean põrgus läbi viima ideoloogilist kasvatust . "
72	NA	 See pole enam kommunistlik , vaid Saatana ideoloogia . 
72	NA	" "" "
73	NA	" "" Esimene punkt tundub imelik . "
73	NA	 Ütlesid ju , et sakslased oleks sind ilma selle lepinguta võitnud . 
73	NA	" Miks oli siis vaja tingimata maailmarevolutsioonist loobumist kuulutada ? "" "
74	NA	" "" Mõtle loogiliselt . "
74	NA	 Kui ma Saatanaga juba lepingu sõlmisin , omandasin ka jõu maailmarevolutsiooni läbiviimiseks . 
74	NA	 Revolutsiooni oleksin saanud alustada ka üleni vallutatud maal , aga ma ei tahtnud hetkekski lüiasaamist tunnistada . 
74	NA	" Aga Saatan juba kutsub mind . "" "
74	NA	 Ta sukeldus põrandasse ja ruum täitus mõneks ajaks uuesti sinise suitsuga . 
75	 5 . 	 5 . 
76	NA	 Hakkan lõpuks oma teooriates kahtlema . 
76	NA	 Arvasin varem , et kõik ajaloos toimuv on ette määratud . 
76	NA	 Minu erinevad külalised räägivad aga selle kohta erinevaid jutte , erinevusi on ka loetuga . 
76	NA	 Võibolla siis polegi olemas kõikemääravat algpõhjust , vaid iga isik on tegutsenud erinevas reaalsuses ? 
76	NA	 Sel juhul olen saanud kontakti ainult nendega , kellega minu reaalsus kokku puutub , samal ajal kui sellest väljaspool võib olla vägevamaid tegelasi . 
76	NA	 Või saan tungida kõigisse reaalsustesse ja olengi sisenenud erinevatesse , mis on omavahel vastuolus ? 
76	NA	 Tuleb järele mõelda . 
76	NA	 Kes jäävad minu reaalsusest väljapoole ? 
76	NA	 Kunagi arvasin , et olemas pole Jumalat ega Saatanat , seega minu tolleaegses reaalsuses neid ei olnud . 
76	NA	 Ja neid pole ma veel välja kutsunud , seega puudub mul nendega ka praegu õige kontakt . 
76	NA	 Ajalooraamatutes on neist juttu kui kuskil kaugemal viibijatest . 
76	NA	 Jumalast on veel juttu , Jeesust on peetud isegi tema maapealseks kehastuseks . 
76	NA	 Saatan jääb aga kaugeks . 
76	NA	 Võtaks kõigepealt kontakti Saatanaga . 
76	NA	 Kui see õnnestub , siis mõtleks mõne ajaloolise isiku ise välja ja prooviks temaga kontakti saada , või siis püiaks kontakteeruda kellegagi , keda ma ei oska isegi välja mõelda . 
76	NA	 Aga Saatana siiatulek võiks mulle ohtlikuks kujuneda . 
76	NA	 Parem helistan talle , enne kui ta minu mõtete peale ise kohale tuleb . 
76	NA	 Valin Saatana oletatava numbri . 
77	NA	" "" Hallo ! "" kostab torust . "
78	NA	" "" Kas Saatan ? "" küsin . "
79	NA	" "" Ei , Jumal , "" vastatakse torust . "
80	NA	" "" Vabandust , ma vist eksisin numbriga . "
80	NA	" Jumalat ennast ei tahtnud ma küll tülitada , "" ütlen . "
81	NA	" "" Kulla sõber , "" kostab torust . "
81	NA	" "" Kas sa siis ei ole kuulnud , et Saatan ja Jumal on üks ja sama . "
81	NA	 Mõtle ise , miks on maailmas muidu nii palju häda ja viletsust . 
81	NA	" Kui Jumal oleks hea ja kõikvõimas , kuidas ta oleks saanud siis sellise maailma luua ? "" "
82	NA	" "" Aga paljud inimesed on eluga rahul , "" ütlen . "
82	NA	" "" Ei saa öelda ka , et maailm oleks täiuslikult halb . "
82	NA	 Võibolla on paradiis siiski olemas ? 
82	NA	 Luther ise ütles , et ta elab taevas . 
82	NA	" Kas ta siis valetas ? "" "
82	NA	 Torust kostab naeru . 
83	NA	" "" Sa küsid Saatana käest , kas keegi valetas . "
83	NA	 Miks peaks Saatan sulle tõtt ütlema . 
83	NA	 Kui Saatan ütleb sulle , et ta on sama , kes Jumal , miks sa siis kohe teda usud ? 
83	NA	 Miks sa ei helistanud Jumalale endale , kui eeldasid tema olemasolu . 
83	NA	 Tema oleks sulle ju tõtt rääkinud . 
83	NA	" "" "
84	NA	" "" Kuidas siis on , kas on Jumal Saatanast eraldi olemas või ei ole ? "
84	NA	 Minu ettekujutuses ei tohi Jumalat ilmaasjata tülitada . 
84	NA	" "" "
85	NA	" "" Niisiis , sa unustad juba minu argumendid Jumala olemasolu vastu . "
85	NA	 Aga miks sa ei võiks tema poole pöörduda . 
85	NA	 Iga usklik ju pöördub palvetes Jumala poole . 
85	NA	 Sina suudad rohkem . 
85	NA	 Sa suudad ära arvata kõigi telefoninumbrid . 
85	NA	" Mõtle , kas sa ei sooviks minu nõuannet järgida . "" "
85	NA	 Torust kostab uuesti naeru ja toru pannakse hargile . 
86	 6 . 	 6 . 
87	NA	 Oleksin tahtnud Saatanalt küsida veel Stalini ja Hitleri kohta . 
87	NA	 Helistan õige talle uuesti ? 
87	NA	 Aga ta ise ütles , et tema sõnu pole vaja uskuda . 
87	NA	 Ja ta oli esimene , kes selgelt endale vastu rääkis , seega ta pidi vähemalt mingil hetkel valetama . 
87	NA	 Kas ei peaks järgima tema soovitust helistada Jumalale ? 
87	NA	 Jah , ma aiman , mis on Jumala number . 
87	NA	 Aga kui sellel soovitab helistada Saatan , siis on see arvatavasti lõks . 
87	NA	 Ta tahab , et Jumal minu peale vihastaks , või on ta tõesti ise Jumal ja sellel ahvatlevamal numbril talle helistamine oleks nagu kolme veretilga andmine . 
87	NA	 Aga kui Saatan ja Jumal on üks , kas ei oleks siis targem temaga hästi läbi saada püüda ja tema soovitusi järgida ? 
87	NA	 Siiski , kui ta on olemuselt kuri , ei aitaks tema kurjuse vastu arvatavasti ka talle kuuletumine . 
87	NA	 See , et ta pole suutnud kogu maailma põrguks muuta , näitab , et teda peab taskaalustama mingi heatahtlikum jumal . 
87	NA	 Võibolla suudan seda kuidagi ka ise teha . 
87	NA	 Igatahes kohe praegu ma Jumalale ei helista , sest praegu oleks see selgesti lihtsalt Saatanale kuuletumine . 
87	NA	 Kui Jumal on Jumal , siis näeb ta ise , milles on probleem ja saadab mulle signaali , kui tahab , et ma talle helistaksin . 
88	NA	 Aga nüüd prooviks võtta ühendust mõne väljamõeldud ajaloolise isikuga . 
88	NA	 Mõtlen näiteks välja , et Marsil on elu ja kõik sealsed riigid on ühendanud kuningas Fath . 
88	NA	 Kutsun ta siia . 
88	NA	 Proovin teda kutsuda , aga ta ei tule . 
88	NA	 Heliseb hoopis telefon . 
88	NA	 Võtan toru ja kuulen kurja häält : 
89	NA	" "" Siin kuningas Fath Marsilt . "
89	NA	 Mis sul arus on , et sa elusat inimest kutsud ? 
89	NA	 Mul on praegu koosolek . 
89	NA	 Terve planeedi asjad tahavad otsustamist . 
89	NA	 Tegele parem oma surnutega . 
89	NA	 Või kui sul tõesti on mõni hea ettepanek , siis helista . 
89	NA	 Sinna ma ei saa tulla . 
89	NA	 Ja sa solvasid mind , kutsudes mind kuningana . 
89	NA	" Olin oma esialgses kuningriigis tõesti kuningas , aga pärast planeedi vallutamist peavad alamad ja võõrad mind keisrina kõnetama . "" "
89	NA	 Vastan : 
90	NA	" "" Jah , mul on ettepanek . "
90	NA	 Ettepanek seisneb selles , et teeksime koostööd Maa ja Marsi ajalugude võrdlemisel . 
90	NA	 Üks olulisemaid küsimusi on seejuures , miks su riiki ega mingisugust Marsi elu Maal märgata ei ole . 
90	NA	" Alles sinu telefonikõne on esimene signaal sealt . "" "
90	NA	 Fath vastab : 
91	NA	" "" Sa tuled vägevama tsivilisatsiooni esindajale rumalaid küsimusi esitama . "
91	NA	 Kas ma peaksin sulle kõik oma teadmised edasi andma , et tekitada konkurentsi Universumi vallutamisel ? 
91	NA	 Hästi , kõige elementaarsematest asjadest võin ma ju rääkida . 
91	NA	 Ega meie Marsi astronoomid ka Maal elu pole avastanud . 
91	NA	 Erinevad tsivilisatsioonid koosnevad erinevast mateeriast , mistõttu ei ole üksteisele nähtavad . 
91	NA	 Vaimsed isikud teavad seda , aga neid on vähe . 
91	NA	 Minuga on Maalt kontakti võtnud ainult Jumal ja Saatan , sest Maa on ilmselt kõige mahajäänum planeet terves Universumis . 
91	NA	 Alles täna muutusid ka sina kontakteerumisvõimeliseks . 
91	NA	" "" "
92	NA	" "" Kas sa oled siis vägevam ka meie Jumalast ja Saatanast ja kavatsed nad koos kogu Universumiga oma võimule allutada ? "" "
93	NA	" "" Ma pole midagi öelnud ! "" karjutakse torru . "
93	NA	 Jälle pannakse toru hargile . 
94	 7 . 	 7 . 
95	NA	 Nüüd on põhjus Jumalale helistamiseks olemas . 
95	NA	 Teda tuleb Fathi eest hoiatada . 
95	NA	 Fathi olemasolu osutus ju tõeks , siis võib ka kõik , mis ta rääkis , tõde olla . 
95	NA	 Ja tõendeid sellest , et Jumal on vaid kohaliku tähtsusega tegelane , oleks võinud ju ka varem leida . 
95	NA	 Miks peaks olema meie planeet maailma kese , kui ta ei asu ei Universumi ega Galaktika keskpunktis ? 
95	NA	 On öeldud , et Jumal elab taevas . 
95	NA	 Miks peaks taeva all mõeldama maailmaruumi Maa atmosfääri asemel ? 
95	NA	 Ja Luther ju ütles , et ta elab pilvel , mitte Universumist väljas . 
95	NA	 Ja Stalin tuli oma jutu järgi põrgust , kui ta tuli maa alt . 
95	NA	 See tähendab , et teistel planeetidel peavad oma põrgud olema . 
96	NA	 Valin Jumala numbri . 
96	NA	 Torust kostab erakordselt vali hääl : 
97	NA	" "" Mis on sul mureks , mu poeg ? "" "
97	NA	 Küsin : 
98	NA	" "" Jumal vist ? "
98	NA	" Kas sa tead , et Fath haudub terve maailma vallutamise plaane ? "" "
98	NA	 Jumal vastab : 
99	NA	" "" Selle maailma vallutamise . "
99	NA	 Ja kas ei hakkaks ka sa ise meeleldi Jumalale vastu ? 
99	NA	" Miks ei kuule ma su palveid ? "" "
99	NA	 Küsin : 
100	NA	" "" Kas telefonikõne ei või käsitleda palvena ? "
100	NA	 Miljonid inimesed palvetavad , aga tulemust ei ole . 
100	NA	 Fathi järgi olen mina vägevaim inimene . 
100	NA	" Kas ma ei peaks siis kogu oma jõudu mängu panema , et teisi aidata ? "" "
100	NA	 Jumal küsib : 
101	NA	" "" Teisi aidata ? "
101	NA	 Kas sa ei pidanud alles hiljuti oma eesmärgiks kõigest ajaloo uurimist ? 
101	NA	" Isegi Leniniga ei tahtnud sa koostööd teha . "" "
101	NA	 Küsin : 
102	NA	" "" Kas teiste aitamine ikka ongi nii halb ? "
102	NA	 Varem ma ei teadnud , mida ma saan teiste heaks teha . 
102	NA	 Nüüd võtsin kontakti ühe elavaga ja mulle hakkas tunduma , et ta on ohtlik . 
102	NA	 Ja ma unistasin , et kui saan kontakti Jumalaga , siis saan teada põhilised tõed maailma kohta . 
102	NA	" Ega sa viimati Saatan ei ole ? "" "
102	NA	 Jumal vastab : 
103	NA	" "" Ma olen juba kolmas elav , kellega sa telefonis räägid . "
103	NA	 Ja mina pole öelnud , et teisi ei tohi aidata . 
103	NA	 Aga selle tegemiseks on teatavad reeglid . 
103	NA	 Mina olen sind aidanud sellega , et lõin Saatana ja Fathi . 
103	NA	 Jah , Saatan on Jumal , nii nagu ka sina oled Jumal . 
103	NA	 Kogu maailm on Jumal . 
103	NA	" "" "
104	NA	" "" Kui olen osa Jumalast , siis kõnetan oma teist osa juba julgemalt . "
104	NA	 Mul on veel üks mure . 
104	NA	 Ma tahaksin teada , kas ma lähen taevasse või põrgusse . 
104	NA	" Kas selle kohta on juba mingit selgust ? "" "
105	NA	" "" Oota , ühel päeval saad sa teada . "
105	NA	" Palveta ja ole telefoniga ettevaatlik . "" "
105	NA	 Mulle tundub , et see on vihje , et ma kõne lõpetaksin . 
105	NA	 Ütlen : 
106	NA	" "" Hästi , ma lõpetan , "" ja panen ise toru ära . "
107	 8 . 	 8 . 
108	NA	 Nüüd prooviks veel kutsuda välja kellegi , keda ma ei oska välja mõelda . 
108	NA	 Võibolla on kõik senised vestluspartnerid olnud mu enda väljamõeldised . 
108	NA	 Aga kujutlematut ma ei oska ju välja kutsuda . 
108	NA	 Ka tema telefoninumbrit ei tea . 
108	NA	 Aga võin välja mõelda isiku , kes kõiki telefoninumbreid teab . 
108	NA	 See peab olema elus isik , et olla kursis uuemate numbritega . 
108	NA	 Fath soovitas mul kutsuda välja ainult surnuid , aga mõtlen välja , et see isik on sõbralikum . 
109	NA	 Niisiis , kutsun ta . 
109	NA	 Sein minu ees hakkab lainetama . 
109	NA	 Kui lainetamine lõppeb , näen seinal peeglit ja selles enda peegelpilti . 
109	NA	 Küsin : 
110	NA	" "" Kas ma mõtlesin nüüd välja ennast , peegli või enda peegelpildi ? "" "
110	NA	 Peegelpilt vastab : 
111	NA	" "" Sa mõtlesid välja ennast . "
111	NA	 Kui sina neid numbreid ei tea , ei tea neid keegi . 
111	NA	 Proovi välja mõelda . 
111	NA	 Ma saan muidugi aru , et mõtlemine on raske . 
111	NA	" Aga lõpuks võib suure pingutusega jõuda tulemuseni , mida algul ei ole . "" "
111	NA	 Ütlen : 
112	NA	" "" Aga ma tahan ju selle numbrit , keda ma ei suuda välja mõelda . "
112	NA	" Kui ma ta välja mõtleksin , oleks ta keegi teine . "" "
112	NA	 Peegelpilt vastab : 
113	NA	" "" Proovi . "
113	NA	" Katsu leida lahendus . "" "
113	NA	 Mul tekib üks lootus : 
114	NA	" "" Aga kas Jumal ei saaks seda numbrit öelda ? "" "
114	NA	 Peegelpilt vastab : 
115	NA	" "" Jumal teab ainult reaalse maailma asju . "
115	NA	 Ta on loonud kõik , mida ta vähegi luua oskas . 
115	NA	" "" "
116	NA	" "" Niisiis , mina pean suutma välja mõelda rohkem kui Jumal luua ? "
116	NA	 Ja see , mille ma välja mõtlen , on samas kohe olemas . 
116	NA	" Ega sa ei taha öelda , et mina olengi ainuke õige Jumal , mitte ainult osa Jumalast ? "" "
116	NA	 Peegel kukub põrandale kildudeks . 
116	NA	 Võtan maast ühe killu ja ütlen selles asuvale peegelpildile : 
117	NA	" "" Sa oled endiselt siin . "
117	NA	" Vasta ! "" "
117	NA	 Peegelpilt ütleb : 
118	NA	" "" Ei vasta . "
118	NA	 Mina olen kõigest peegelpilt . 
118	NA	" Kui sa ise ei vasta , kuidas saaksin siis mina vastata ? "" "
118	NA	 Panen killu käest . 
118	NA	 Mida Jumal mulle ütleski ? 
118	NA	 Et ma palvetaksin . 
118	NA	 Laskun põrandale põlvili , panen käed kokku ja ütlen lae poole vaadates : 
119	NA	" "" Jumal , palun anna mulle kellegi telefoninumber , keda ma ei oska välja mõelda ! "" "
120	NA	 Keegi ei vasta . 
120	NA	 Ja ometi ma ju tahan , et keegi vastaks . 
