par_nr	head	sentence
1	 Suvi 	 Suvi 
2	NA	" "" Tagantjärele , nüüd , kus mäletan selle juunikuu lõhna , seda kastanivõradest täidetud õhustikku , naiivset taevast mullaste tänavate ja roheliste-valgete puude kohal , ennast oma süüdimatu , lihtsameelse diplomitööga , tundub mulle , et oli algamas igavene suvi . "" "
3	NA	 Jaak Jõerüüt 
4	NA	 Inimesed olid linnast jalga lasknud , õigupoolest juba ammu , istusid nüüd taludes või suvilates , omades või võõrastes , oskamata endaga midagi kasulikku peale hakata - lõikuskuu lõpp käes - ning tahtmata ka linna tagasi minna . 
4	NA	 Ka Kaaren polnud mingi erand . 
4	NA	 Linnaminek tähendaks , et sügis hakkab kätte jõudma ja peab jälle inimeseks saama - mõeldagu selle all mida tahes , halb oli see igatepidi . 
4	NA	 Järelikult tuleb siia jääda . 
4	NA	 Igavene suvi . 
5	NA	 Esialgu polnud kohal ju vigagi . 
5	NA	 Grammer , säng , plaadid , pastakas , vihik , vesivärvid , sein , põdranahk põrandal , elektriradikas - muidu läheb külmaks , raamatud . 
5	NA	 Kõik võimalused tarkade mõtete mõtlemiseks - aga nagu sellistel juhtudel tavaks , ei tulnud tarku mõtteid pähe . 
5	NA	 Äsja tekkinud üksildustunne muutus korraga ängistuseks . 
5	NA	" Kaaren võttis punakaskollase tigudiivani ees põdranahal seisvalt valge heegeldatud linikuga kaetud mustalt vanamoodsalt diivanilaualt pooltühja "" Zolotoje Runo "" paki ning õngitses sealt ühe suitsu . "
5	NA	 Aga ikka ei tulnud mitte keegi külla , tõsi küll , ta oligi sõpradele öelnud , et ei taha kedagi näha , siin vähemalt , peale neid sigadusi , mida siin korraldatud oli . 
5	NA	 Väljast kostis mootorrattamürinat , seejärel värava avamisel tekkiv kolksatus ning kruusakivide klogin kellegi sammude all . 
5	NA	 Kaaren vaatas toas kiiresti ringi - kas jõuaks veel mõned purunemist kartvad asjad ära peita . 
5	NA	 Keegi kloppis juba uksele , aga Kaarnal oli aknaraami külge kinnitatud mootorrattapeegel ning kõigepealt hiilis ta selle juurde piiluma . 
5	NA	 Peeglist paistis Võlur . 
6	NA	" "" Miks sa kolistad ? "" imestas Kaaren . "
7	NA	" "" Enne sisenemist tuleb ikka koputada , "" irvitas Võlur võimalikult kitsast ukse ja uksepiida vahele tekkinud praost tuppa hiilides . "
7	NA	" "" Kus siis teised on , miks ma tervitushüüdeid ei kuule ? "" uuris Võlur , otsides kedagi diivani ja laua tagant , nurkadest ja koguni põdranaha alt . "
8	NA	 Kaarnal läks juba meelest ära , et ta oli igavlenud . 
8	NA	 Võibolla oleks talle üksinduses midagi head pähe tulnud , aga enam polnud midagi parata , Võlur , tuntud nipivend , oli platsis . 
8	NA	" "" Oli sul , noh , midagi plaanis ka või ? "" küsis Kaaren ettevaatlikult . "
9	NA	" "" Ei olnud , "" vastas Võlur plaate sorides . "
10	NA	" "" Ja sikkel muudkui tõi ise su siia ? "" imestas Kaaren . "
11	NA	" "" Sikkel näh , "" kinnitas Võlur . "
11	NA	" "" Sa oled endale uue "" Stranglersi "" saanud ? "" "
12	NA	" "" See pole minu oma . "
12	NA	" Ma võtsin selle Justi käest kuulata . "" "
13	NA	" "" Paneks peale . "" "
14	NA	" "" Ah ära pane , ma just alles kuulasin seda . "
14	NA	" Läheks parem kuskile välja ! "" "
15	NA	" "" Kuhu nimelt ? "" "
16	NA	" "" Näiteks Pireti poole . "" "
17	NA	" "" Minugi poolest , "" nõustus Võlur ning pani plaadi teiste vahele tagasi . "
18	NA	 Väljas oli pime . 
18	NA	 Sadama poolt kostis verdtarretamapanev oigeid meenutav müra . 
18	NA	 Kaaren kustutas laualambi , keeras Võluri järel ukse lukku ning pani võtme uksepiida peale prakku . 
18	NA	" Uksele oli kirjutatud : "" See on meie PUNKER "" . "
19	NA	" "" Ja kus siinkandis siis need teised punkrid on ? küsis Võlur ja sisenes Kaarna järel garaaži , kus tolle mootorratas seisis . "
20	NA	" "" Kui nad oma ehitusega seal valmis saavad , "" arutas Kaaren , ise samal ajal Boschi küünlaid peale keerates ja Võluri poole piiludes - et kas see ikka märkab , "" siis hakkab seal olema tohutu angaar , mis mahutab sadu tonne banaane . "
20	NA	 Ega ma banaanide pärast , aga neid tuleb ju külmutada ehk tekitada sinna ümber talv . 
20	NA	 Kui asjad oleksid maailmas tasakaalus - siis peaks kuskile mujale tekkima rohkem suve . 
20	NA	" Huvitav , kuhu ? "" "
21	NA	" "" Näiteks siia , "" vastas Võlur , kui tabas end asja üle sügavamalt mõtlema hakkavat , mida ta tavaliselt hoolega vältis . "
22	NA	" "" Arvad või ? "
22	NA	 Et soojem sügiskuu näiteks ? 
22	NA	" On see Vellavere vanamees seda metssea põrnade pealt juba järele vaadanud ? "" "
23	NA	" "" Igavene suvi , "" muigas Võlur . "
24	NA	 See tuli Kaarnale ootamatult - oli ta ju ise ennist midagi sarnast mõelnud . 
24	NA	" ( Eesti ilukirjanduses on Jaak Jõerüüt kirjutanud jutu "" Igavene suvi "" , mis on ka terve jutukogu pealkirjaks . "
24	NA	 Ei Võlur ega Kaaren polnud seda lugenud . 
24	NA	 Veelgi varem , aastal 1979 , on täpselt samasugust pealkirja oma jutukogul kasutanud inglise ulmekirjanik Christopher Priest . 
24	NA	 Ma ei tea üldse kedagi , kes seda lugenud oleks . ) 
25	NA	" "" Tead , ega ma suusatamisest nii väga ei hooligi , "" arvas Kaaren mootorratast garaažist välja lükates . "
26	NA	" "" Ka mina pole suuskadega sina peal , "" kinnitas Võlur , kustutas tule , lükkas garaažiukse kinni ja sulges värava . "
27	NA	" "" Ja ma ei lihtsalt ei salli , et talvel peab paksu jopega käima , "" leidis Kaaren . "
28	NA	 Nad lõid mootorrattad käima ja istusid sadulasse . 
29	NA	" "" Ära muretse , seda enam ei tule , "" hüüdis Võlur läbi mootorimürina . "
30	NA	" "" Oled kindel või ? "" hõikas Kaaren , ent taipas samas , et nii Võlur kui tema ise olid selles kindlad . "
30	NA	 Nad vajutasid kiivriklaasid kinni ja andsid gaasi . 
31	NA	 Ükski Eesti põllumees ega põllumajandusjuht ei aimanud veel , et Tallinna Uussadama grandioossed ehitised ühes looduse lahendamata saladustega võiksid võimaldada neil edaspidi oma kiviklibustelt põldudelt aastas kaks saaki saada . 
31	NA	" Ja veel mitte midagi kahtlustadagi oskav Piret rõõmustas juba kolmandat päeva , et oli endale soodsalt uued "" takjatega "" talitossud hankinud . "
31	NA	 Ta käis nendega toas ringi ja tõstis aeg-ajalt kord üht , kord teist jalga peeglilaua peale . 
31	NA	 Üks tuttav ärimees oli lubanud talle ka slaalomisuusad hankida - tõeliselt asjalike inimeste hulgas oli kombeks saanud talviti Lõuna-Eesti kuppelmaastikke nühkida . 
32	NA	 Samas astusid koputamata ja kella andmata sisse Kaaren ja Võlur . 
32	NA	" "" Adidas "" -dressis ja talvetossudes peegli ees keksiv Piret ajas neid nii kangesti naerma , et nad ei saanud tükil ajal sõnagi suust . "
33	NA	" "" Mis teil viga on ? "" imestas Piret . "
34	NA	" "" Me katsume nii oma kadedust varjata , "" ütles Võlur lõpuks , "" kuule , kas sa "" Essexi "" iluuiske ei taha osta , see on maru hea firma ikkagi ? "" "
35	NA	" "" Mul juba on , "" vastas Piret üle- olevalt . "
36	NA	" "" Siis oled sa üks enneolematult nobe naisterahvas küll , "" imestas Võlur , "" ma nimelt alles kolm minutit tagasi mõtlesin selle firma välja . "
36	NA	" On sul siis linnahallis hokiväljak ka juba kinni pandud või ? "" "
37	NA	" "" Mis siis ? "" nähvas Piret mürgiselt . "
38	NA	" "" Muud midagi , aga et kui veel ei ole , siis müü maha kogu talvevarustus , kuni hinnad veel soodsad , "" naeris Kaaren . "
39	NA	 Piret jäi neile mõtlikult järele vaatama , kui nad , rohkemat lisamata , teineteise kannul uksest välja marssisid . 
40	NA	" "" Ega meil ei maksaks tegelikult vist kõigile öelda küll , "" arvas Kaaren aiaväravat sulgedes , sest tegelikult ta natuke kahtles , kas kõik ikka nii hästi välja tuleb , nagu Võlur oli lubanud . "
41	NA	" "" Tasub küll ... "" teatas Võlur oma mootorrattale nõjatudes ja süütas sigareti , mistõttu lause jäi lõpetamata . "
42	NA	 Talv ja lumi ja kõik see külm värk oli muidugi vastik küll , ometi ei osanud Kaaren uut elu ilma selleta päris hästi ette kujutada . 
42	NA	 Talle meenus kolmanda klassi vene keele õpikust loetud tükk , kus keegi oli tuppa toonud ja potti kasvama pannud tavalise kase ning sügise saabudes olid sel ikka lehed kollaseks läinud ja maha langenud , mis siis et toas hea soe oli . 
42	NA	 Sest kui tema ja Võlur ja olgu siis pealegi ka Piret nüüd teavad , et talve ei tule , ja mõnele sõbrale võis selle ju veel selgeks teha , siis kaskede ja muude taoliste loodusnähtustega pidi selgitustöö märksa raskemaks kujunema . 
42	NA	 Ja see poleks midagi väärt suvi , kui lõõskav päike su raagus puude vahelt iga naks kätte saaks ja rohi ka ei kasvaks . 
42	NA	 Rohkem ei viitsinud ta sellele mõelda , igal juhul pidi see saama ettekäändeks sellele , miks ta lõikuskuu lõppedes linna elama ei lähe . 
42	NA	 Ja kui tänane õhtu möödub Võluriga ringi kihutades ja mitte tarkade asjade peale mõeldes , nagu ennist kavatsetud , pidi taolisi õhtuid nüüd veel hulganisti nii üheks kui teiseks jätkuma . 
43	NA	 Kaaren ja Võlur käivitasid mootorrattad ja sõitsid öhe . 
44	NA	 Siklihooaeg pidi kestma esimese lumeni . 
44	NA	 Nojah ... 
45	NA	 Sensitiiv-agent X-11 värises . 
45	NA	 Tegelikult värises ta peaaegu pidevalt , nii et teda saatvad julgeolekutöötajad olid sellega lausa ära harjunud . 
45	NA	 Praegu laskus ta mööda järsku betoontreppi veepiirist tunduvalt madalamale ehitatud katakombidesse . 
45	NA	 Rõskus mõjus talle harjumatult ja väga halvasti . 
45	NA	 Tavaliselt oli ta töötanud aatomielektrijaa-mades , valvates seal energiakadude järele . 
46	NA	" "" Igas olukorras tuleb sisse elada nii-öelda miljöösse , "" sõnas ta saatjatele , kui nad olid jõudnud hõredalt asetsevate tulede poolt hämarasti valgustatud betoontunnelisse . "
46	NA	 Tegelikult oli olukord küll talle endalegi segane - aatomijaamadest suudeti küll parima tahtmi- sega virutada mõni tühine megavatt energiat , siin oli aga kogu tasakaal täiesti käest ära - oma alampolkov- nikupalga eest pidi ta siin kõvasti pingutama . 
46	NA	 Ettevaatlikult käigus edasi astudes jõudis sensitiiv-agent sisimas otsusele mitte tegelda niivõrd avarii põhjuste kindlaks- tegemisega , vaid pühenduda rohkem süüdlaste väljaselgitamisele . 
46	NA	 Ja sisetunne ütles ka , et tütarlaps , kelle militsionäärid sadama terri- tooriumilt loata hulkumast olid püüdnud , võiks asjaga seotud olla . 
47	NA	 Sensitiiv-agendil oli võime tunnetada energiavoogude liikumist . 
48	NA	 Seni oli ta alati aru saanud , kui tuumareaktsioon kontrolli alt väljuda tahtis või mõni ioonide voog järsult vasakule tõmbas . 
48	NA	 Külmutusseadmetega , olgugi siis tervet angaari täitvate tohutute agregaatidega , pidi kõik ju palju lihtsam olema . 
48	NA	 Esimene segadus oli juhtunud siis , kui külmutusseadmed üheks ööks prooviks sisse lülitati . 
48	NA	 Laoruumides oleks pidanud tekkima nullilähedane temperatuur , ometi leiti valvur , kes ilmselt joobnud olekus millegipärast laoruumi oli sisenenud , hommikul sügavkülmutatult . 
48	NA	 Energia ülekulule ei osanud sel hetkel keegi tähelepanu pöörata . 
49	NA	 Üks julgeolekutöötajaist puudutas teda kergelt paremast õlast . 
49	NA	 Sensitiiv-agent tõstis pilgu ning peatus . 
49	NA	 Tunneli lõpus seisis mingi tüdruk . 
49	NA	 Sensitiiv-agendi sisemuses võpatas miski äratundvalt : see tüdruk pidi midagi teadma - kõigist neist veidratest loodusnähtustest . 
50	NA	" "" Lakkamatud viljavoorid , mis saabuvad meie sadamasse , on selle kujukaks tõestuseks ... "" jätkas pruuni pintsakuga mees , kui oli valge barettiga mammi küsimusele enda meelest ammendavalt vastanud . "
51	NA	" "" Sadam sadamaks , "" alustas autojuhimütsi ja vanasõidukiteklubi liikmemärgiga vanamees uuesti oma joru , "" aga kuidas ma saan lehed kokku riisuda ja oma õue korda teha enne , kui need lehed üldse maha on langenud ... "" "
52	NA	 Sellele küsimusele ei pidanud pruuni pintsakuga mees ilmselt vajalikuks vastata , sest ta jätkas häirimatult oma kõnet . 
53	NA	" "" Aga millal banaanid liikvele pääsevad ? "" hõikas kellegi hääl rahva hulgast . "
54	NA	" "" Banaanid ? "
54	NA	 Nagu igal aastal . 
54	NA	" Aga kui ilmastikutingimused püsivad , võite ju ise oma aias banaane kasvatada , "" naljatas kõneleja . "
54	NA	" "" Ja jätke see vahelesegamine , me oleme siia kogunenud arutama rajooni heakorrastuse küsimusi . "" "
55	NA	" "" Lähme minema , siin pole enam midagi teha , "" ütles Kaaren ja tõukas end eemale kasest , millele nõjatudes ta koosolekut oli jälginud ning mille lehtedel veel mingeid kolletumise märke ei paistnud olevat . "
56	NA	" "" Peaks minema ja seda banaanide asja ise kontrollima , "" ütles Võlur oma mootorratta juurde minnes . "
57	NA	" "" Tahad banaane kasvatama hakata või ? "" küsis Kaaren , kuid Võlur oli juba kiivri pähe tõmmanud ja lõi mootorratast käima , nii et ta ei pannud Kaarna küsimust tähele . "
57	NA	 Kaaren istus sadulasse ja järgnes Võlurile suvilate vahele . 
58	NA	 Sadam pidi varsti juba metsatuka tagant paistma hakkama , kui Võlur suunda näitas ja ratta kinni pidas . 
59	NA	" "" Mis juhtus ? "" küsis Kaaren samuti peatudes . "
60	NA	" "" Ega sina ju ka Piretit näinud ei ole ? "" küsis Võlur , kui oli kiivri peast võtnud . "
61	NA	" "" Ei ole . "
61	NA	" Mis siis ? "" "
62	NA	" "" Nojah , et sina pole näinud , selles pole midagi imelikku , aga mina peaks ju ikka teadma - mulle tundub , et midagi on kusagil valesti . "
62	NA	" Midagi halba ... "" "
63	NA	" "" Halba ? "
63	NA	" Kuskohas ? "" "
64	NA	" "" Kui ma seda täpselt teaksin , "" arutas Võlur , uuris tähelepanelikult mingit traataia juppi ja sõnas siis otsustavalt , "" ega ikka ei lähe küll sadamale lähemale ! "" "
65	NA	" "" Miks ? "
65	NA	" Kardad et varastavad sikli ära või ? "" küsis Kaaren kahtlevalt . "
65	NA	 Võluri mõtet oli alati raske jälgida . 
66	NA	" "" Kas sa arvad , et nad selle siis nii lihtsalt sedasi jätavadki või ! "" sisistas Võlur , täpsustamata , kes nimelt . "
67	NA	 Kaaren ei osanud selle peale enam midagi öelda . 
67	NA	 Ta pööras mootorratta ümber ning katsus pingsalt meelde tuletada , ega ta midagi ära unustanud või kahe silma vahele jätnud pole . 
67	NA	 Ta taipas , et Võlur sonib jälle midagi selle ilmamuutusega seoses ega tahtnud teda enam ilmaaegu lollide küsimustega ärritada . 
68	NA	 Septembri lõpp hakkas kätte jõudma . 
68	NA	 Häid sõiduilmasid pidi veel kauaks jätkuma . 
68	NA	 Tükil ajal - isegi tükimal kui Piretit - polnud näha olnud ka pensionär Potapovit , kes oma ohtrast vabast ajast rockeritele sigadusi armastas keerata . 
68	NA	 Oli tema puudumine hea või samuti kahtlust- äratav , ei osanud Kaaren otsustada . 
69	NA	 Piret teadis ise küll , et ta on kaval , pidi aga endalegi tunnistama , et lolli näo tegemise ja rumalate küsimustega jõudis kaugemale kui kavalusega . 
69	NA	 Mida teisisõnu ka naiselikuks intuitsiooniks võis nimetada . 
69	NA	 See intuitsioon oli kohe tööle hakanud , kui Võlur ja Kaaren olid käinud oma lolli jutuga kogu talvevarustuse kiire mahamüümise mõistlikkusest . 
69	NA	 Seda Piret ei kavatsenudki teha , aga midagi kahtlast paistis teoksil küll . 
69	NA	 Tol hetkel oli intuitsioon öelnud - nad tulevad sadama poolt . 
69	NA	 ( Mis , nagu lugeja teab , oli õige vaid umbmäärase geograafilise suuna poolest , õigupoolest isegi suisa vale - aga naiseliku intuitsiooni eripära selles ongi , et ka valedele eeldustele tuginedes õigetele lõppjäreldustele võidakse tulla . ) 
70	NA	 Piret oli püüdnud nii ühe kui teise käest välja pinnida , mis jama siis selle aastaaegade vaheldumisega lahti võis olla - sest esimesel septembril ei olnud ühtki kollast kaselehte , ja viiendal , ja üheksandalgi veel - aga ei Võlur ega Kaaren tahtnud sellest kõnelda , ükskõik siis kui taipamatut nägu Piret tegi või kui kavalasti juttu juhtis . 
70	NA	 Aga samamoodi ei tahtnud nad rääkida ka sadamast , mis oli selge märk , et need asjad omavahel ühenduses on . 
70	NA	 Piret ei tahtnud sadamasse minna - sest seal oli kole ja räpane ja palju ehitajaid ja valve väljas . 
70	NA	 Aga samas muutus sadamassemineku mõte iga päevaga pakilisemaks . 
70	NA	 Ei saanud olla seost sadama ja suve vahel - ei saa ju hiigellaevadega sooja õhku tuua või midagi niisugust - ja ometi pidi side olema . 
70	NA	 Intuitsioon ütles , et peaks minema - aga ka , et mine- kust võib pahandus tekkida . 
70	NA	 Suur pahandus kohe . 
70	NA	 See ajas Pireti vihale : oli ju tegemist ikkagi tema lapsepõlve mängumaaga . 
71	NA	 Pahandus ei jätnud tulemata - vaevalt oli ta õhtuhämaruses traatvõrgu vahelt läbi pugenud , paari-kolme lukustatud ust avada püüdnud , mõne nurga taha piilunud ja kavatses just kuuekümnetonnisel autokraanal kumme tühjaks lasta , et tema käigust ka väike märk maha jääks - kui mingid onkud tal kahelt poolt kaenla alt kinni võtsid ja kuhugi putkasse vedasid . 
71	NA	 Hetkeks jõudis Piret isegi mõelda , et ega need väga valvurite moodi ei olegi ja et viimaks võib minna veel vägivalla tarvitamisekski . 
71	NA	 Aga Piret lükati lihtsalt uksest sisse ja uks pandi tema tagant lukku . 
71	NA	 Muidugi ei kavatsenud ta jääda tööriistakuuri paremaid aegu või meeste tagasitulekut ootama . 
71	NA	 Karjumine oli küll sama mõttetu . 
71	NA	 Kulus aga paar tundi , kuni Piret nurgast leitud kangiga kaks lauda seinast lahti sai ning välja suutis pugeda . 
71	NA	 Kohe seepeale oli ta aga mingisse auku kukkunud ja nüüd eksles ta üsna tüdinult veidraid ja niiskeid käike pidi ringi . 
71	NA	 Viimaks nägi ta mingisuguseid mehi vastu tulemas , nad olid sõjaväevormis , mis oli pahaendeline , aga Piret lootis , et ehk nad aitavad tal siiski välja pääseda - kui ta küllalt hästi lolli mängib . 
72	NA	" "" Kuidas siit raamatukokku pääseb ? "" kaebles ta kurva häälega , talle oli üks vana komöödiafilm meelde tulnud . "
73	NA	 Tema vastas peatuv ohvitser oli äärmiselt eemaletõukava välimusega . 
73	NA	 Piret polnud kunagi kohanud inimest , kes oleks nii väga konna meenutanud . 
74	NA	" "" Raamatukogusse ? "" avas mees oma laia suu , kust vastupidiselt välimusele päris lahke ja meeldiv hääl välja kostis . "
74	NA	" Oma jutuvada käeviibetega saates hakkas ta püüdliku vastutulelikkusega seletama : "" Lähete siit otse , "" näitas ta käega hoogsalt selja taha , "" ja otse-otse-otse pea- aegu kuni lõpuni ja siis vasakule . "
74	NA	 Seal on trepp . 
74	NA	 Ja treppi mööda lähete üles ja jõuate peaaegu väljapääsuni . 
74	NA	 Ja seal küsitegi täpsemalt järele . 
74	NA	" Et raamatukogu . "" "
75	NA	 Piret rõõmustas juba endamisi , et ta nii täppi oli pannud ning hakkas ohvitseridest mööduma , kui seesama konna moodi mees ta peatas . 
76	NA	" "" Ega teie ei tea midagi öelda selle joodiku valvuri kohta , kes öösel laoruumis suri ? "" küsis too , tobe muie näol . "
77	NA	" "" Noh , eks me kõik ju ... "" hakkas Piret end ettevaatlikult eemale nihutama.Vormis mehed ei meeldinud talle üldse ja konnanäod samuti mitte . "
77	NA	 Ta pani jooksu , lidudes kõigest väest juhatatud suunas . 
77	NA	" "" Seis , muidu lasen ! "" kostsid selja tagant hõiked . "
77	NA	 Hirm ei lasknud Piretil ähvarduste üle järele mõelda ja nüüd poleks ta enam mingi hinna eest seisma jäänud . 
77	NA	 Tunneli laes põlevad tuled kadusid üha kiiremini selja taha . 
77	NA	 Vasakus seinas hakkas paistma mingi nišš . 
77	NA	 Selleni jõudes nägi Piret treppi , millest konnanägu oli pajatanud . 
77	NA	 Ta vaatas korraks tagasi ja nägi , et kaks ohvitseri on tal juba päris kannul . 
77	NA	 Ta ruttas järske astmeid pidi üles , siis tuli mingi koridor , uks , ning Piret leidis ennast väljast . 
77	NA	 Oli pime , eemal seisvate prožektorite valgus siia ei ulatunud , vagunelamute akendest paistvad tulukesed ei hõlbustanud samuti teeraja leidmist . 
77	NA	 Ta ronis kaubarongide alt läbi , möödus kõikvõimalikest toruhunnikutest , tsisternidest ja konteineritest , ning jooksis siis juba mööda sadamakaid , mille kohal kõrgusid hiigelsuured kraanamonstrumid . 
77	NA	 Kai ääres seisis tohutult pikk ja kõrge laevamürakas , kahjuks polnud ühtki treppi , mida mööda oleks võinud laeva joosta ning end kuhugi ära peita . 
77	NA	 Ta möödus prussivirnal istuvatest sadamatöölistest , kes talle imestunult järele vaatasid , kui ta mööda kraanajuhi kabiini viivat raudredelit üles turnis . 
77	NA	 Ta jõudis ringikujulisele metallplatvormile , tegi tiiru ümber kraana ning jõudis redeli juurde tagasi . 
77	NA	 Kusagil allpool kõmisesid juba ohvitseride sammud . 
77	NA	 Edasi pol- nud kuhugi joosta . 
77	NA	 Korraga liigahtas sadamakraana all seisev kaubarong vagunite kolinal paigast ning hakkas rööbaste kriginal edasi liikuma . 
77	NA	" Sildi alt , kuhu oli kirjutatud "" "
77	NA	" "" ronis Piret kiiresti käsipuude vahelt läbi ning hakkas mööda kraana metallkonsttruktsiooni allapoole ronima . "
77	NA	 Juba kõmisesid tagaajajate sammud pea kohal ringplatvormil . 
77	NA	 Piret vaatas üles ja nägi kahe käsipuu kohale kummardunud ohvitseri furaškasid . 
77	NA	 Ta ronis kähku raudtalale , millest liikuva rongi katuseni jäi vaid meeter . agunid libisesid üksteise järel tema alt läbi . 
77	NA	 Selja taha vaadates nägi ta , et viimane vagun on juba päris lähedal . 
77	NA	 Ta kükitas madalamale , võttis julguse kokku ning hüppas . 
77	NA	 Liikuv rong lõi tal jalad alt ning ta prantsatas vagunikatusele selili . 
77	NA	 Ümber pöörates nägi ta kaht metallplatvormil seisvat ohvitseri , kellest ta üha kiiremini eemaldus . 
77	NA	 Ju neil oli teda väga vaja olnud , et nad teda nii kaua jälitada olid viitsinud , mõtles Piret . 
77	NA	 Ta ei teadnud küll , miks . 
77	NA	 Rong sõitis sadamakraanade alt läbi . 
77	NA	 Vasakul mustendas meri , paremal kõrgus ebamaiselt kolossaalne prožektoritest valgustatud elevaator . 
78	NA	 Mõne aja pärast jäi sadama territoorium selja taha ning rong kihutas juba pimeda võsa vahel . 
78	NA	 Viljaelevaator paistis eemal nagu mingi särav muinasjutuloss . 
79	NA	 Järsku hakkas Piretil külm . 
79	NA	 Pääsemisrõõm asendus pikapeale masendusega . 
79	NA	 Ta lamas pimedas öös teadmata suunas kihutava rongi katusel , tema peopesad ja küünarnukid olid marraskil ning seelik lõhki kärisenud . 
79	NA	 Sukkadest polnud enam midagi järel nii et ta otsustas need üldse ära võtta ja minema visata . 
79	NA	 Ta tõstis seeliku üles ja hakkas trippe lahti päästma , kui tema ette vaguni katusele langes mingi valgus . 
79	NA	 Piret vaatas kohkunult üles ning nägi , et tema kohal liigub hääletult mingi ümmargune asjandus , mida ümbritsesid oranžikalt hõõguvad aknad või tuled , mis rongi katusele ja rongi kõrvale maapinnale pikki valgusvihke heitsid . 
79	NA	 Need ohvitserid on talle selle asjandusega järele lennanud , mõtles ta esimese ehmatusega , kuid taipas siis , et nii võimsat tehnikat ei tohiks Nõukogude relvajõududel küll olla . 
79	NA	 Loomulikult oli temagi kuulnud igasuguseid jutte UFO-dest ja lendavatest taldrikutest ja see seal üleval paistis just sedamoodi olevat . 
79	NA	 Korraga kustutas lendav veidrus oma tuled ja Piret tundis , kuidas mingi jõud ta rongi katuselt õhku tõstis . 
79	NA	 Keha muutus kergeks nagu udusulg ning nüüd hõl- jus ta juba kõrgel kihutava rongi kohal . 
79	NA	 Piretile tundus , et tuul viib ta kohe minema ja lennutab kuskile põõsasse , kuid taldriku põhja tekkinud ümmargune auk tõmbas nagu tolmuimeja ta endasse . 
79	NA	 Auk tema all sulgus ja nüüd ei näinud ta enam midagi . 
79	NA	 Endiselt hõljus ta kusagil õhus . 
79	NA	 Ta hakkas käte ja jalgadega enda ümber kobama , ei tabanud aga muud kui tühjust . 
79	NA	 Äkki pimestas valgus silmi ning Piret leidis ennast tühjast tuhmilt sillerdavast ruumist . 
79	NA	 Peale tema oli seal veel keegi nahkjopiga ja üleni musta riietatud noormees , kes hetkel seisis seljaga tema poole . 
80	NA	" "" Kus ma olen ? "" kuulis Piret noormeest küsivat , kuigi rohkem elusolendeid ruumis ei paistnud olevat . "
81	NA	" "" Siia nüüd jäädki , "" vastasid seinad . "
81	NA	" "" Või tahad välja minna ? "
81	NA	 Ütled , kui kõht tühi on . 
81	NA	" Siis mina ütlen : enne ei söö , kui Võlur käes . "" "
82	NA	 Piretit ei pannud enam miski imestama . 
82	NA	 Pealekauba tundus seintest kostev hääl justkui tuttavana . 
82	NA	 Ei , konnanägu see polnud . 
82	NA	 See oli keegi , keda ta juba ammu tundis . 
82	NA	 Ta ei suutnud meenutada . 
82	NA	 Ent noormehe oli ta ära tundnud . 
82	NA	" "" Kaaren ! "" hüüatas Piret . "
83	NA	 Kaaren pööras ümber ja jäi teda üllatunult vahtima . 
83	NA	 Piret läks Kaarna juurde , võttis tal ümbert kinni ja surus enda vastu . 
83	NA	 Ta tundis , kuidas Kaarna käed üle ta selja alla libisesid . 
84	NA	" "" Kust sa siia said ? "" küsis Kaaren . "
85	NA	" "" Ma ei tea , "" vastas Piret . "
85	NA	 Siis hakkas kõik väga kiirest keerlema . 
86	NA	 Nõmme turuplats oli täiesti inimtühi . 
86	NA	 Loksa sovhoosi silti kandva lilleputka tagant piilus Kaaren ärevalt uue metallsilla poole , mis sinise peletisena mäest alla viiva sõidutee kohal lasus . 
86	NA	 Mööda suusatajatele mõeldud silda veeres lapsevanker . 
86	NA	 Kaarnale ei tulnud äkki meelde , kelle soovil ta niiviisi kell kaks öösel siia oli tulnud - aga kellegagi oli ta ju kokku leppinud . 
86	NA	" "" Tule kell kaks , igavesti lahe oleks mõni lamoonekas silla pealt alla läkitada , mõnele autole katusele , "" oli keegi öelnud . "
86	NA	 Lapsevanker veeres lilleputka ette ning jäi otsekui hoo vaibudes pidama . 
87	NA	" "" Tere tulemast kuutõbiste hulka ! "" prääksus keegi kõhurääkija kombel . "
87	NA	 Kaaren piilus putka tagant metallsilla poole - polnud kedagi , kes oleks võinud rääkida või vankri tema ette tõugata . 
87	NA	" Igaks juhuks küsis ta : "" Kas see oled sina ... "" , aga prääksumine : "" Ei ole mina , ja kedagi ei ole ja keegi ei mäleta , eit mäletas , aga eit suri ära ! "" katkes- tas teda enne , kui ta oma lause lõpetada jõudis . "
87	NA	 Kaaren läks vankri juurde . 
87	NA	 See oli tühi . 
87	NA	 Patja ka ei olnud . 
87	NA	 Kuid valgel linal , mille servad olid korralikult madratsi alla keeratud , oli mänguklotsisuurune tuhm metallkuubik , mille jalutsisse kortsu lükatud vankrikate nähtavale jättis . 
87	NA	 Kaaren teadis , et ta teab , kes niiviisi tembutada võib , aga miskipärast ei tulnud ikkagi meelde . 
87	NA	" "" Eit mäletas , aga eit suri ära , "" kordas ta nukralt . "
87	NA	" "" Põrgupõhja uus vanapagan ? "
87	NA	 Vanapagan ? 
87	NA	 Kurat ? 
87	NA	" Ei tea . "" "
87	NA	 Kaaren vaatas veel kord vankris lebavat tuhmi kuubikut ja sai aru , et tegelikult on ta selle sees . 
87	NA	 Veidi aega paistsid veel lilleputkad ja mäeküljel kasvavate mändide varjud , siis muutusid kuubiku seinad läbi- paistmatuteks . 
87	NA	 Esimese ehmatusega meenusid Kaarnale kuuldused nülitud lehmakeredest ja ilma peata koertest , mida kõike salapäraste UFO-nautide kätetööks arvati . 
87	NA	 Ta pöördus järsult ümber - veendumaks , et keegi talle selja tagant ei lähene . 
87	NA	 Kuubik oli tühi ja seinad sädelesid tuhmilt . 
87	NA	 Ruumis oli valge , kuigi ühtki valgustit polnud näha . 
87	NA	 Seega võisid ka riistad , millega talt kohe nahka maha hakatakse võtma , esialgu lihtsalt nähtamatud olla . 
88	NA	" "" Sina tead küll , aga sina ei ütle , "" kostis kuri hääl - see näis nagu valguski tulevat eikusagilt ja kõigist seintest korraga . "
88	NA	" "" Sina tead küll , kes minu energia varastab . "" "
89	NA	" "" Kvadro , "" tunnustas Kaaren - see ajas teda muigama . "
90	NA	" "" Ei aja segast juttu ! "" pahandas kuubik edasi . "
90	NA	" "" Keegi korraldab lokaalset klimatoloogilist eksperimenti ja varastab minu energiat . "
90	NA	" Aga kui - nahk maha ! ? "" lisas kuubik ähvardavalt . "
91	NA	 Kaaren pidi peaaegu naerma hakkama - hääl oli kohutavalt naljakas . 
91	NA	 Sisu ega ähvardus ei jõudnud talle kohale . 
91	NA	" "" Kus Võlur on ? "" küsis ta tõsinedes , pealegi hakkas teda armukadedus vaevama , sest Piret oli samuti kadunud . "
92	NA	" "" Ah Võlur , Võlur , jah ? "" püüdis hääl veel ähvardavamalt uriseda , "" just seda ma tahangi teada ! "" "
93	NA	" "" Ma ei tea . "
93	NA	" Ja üldse , ma lähen nüüd parem ära . "" "
94	NA	 Kuubik ei teinud väljagi . 
95	NA	" "" Või kutsun sõbrad appi ja nad annavad sulle peksa , "" lõõpis Kaaren . "
96	NA	" "" Sõbrad on lollid , "" prääksus Kuubik . "
97	NA	" "" Lase mind kohe heaga minema ! "" nõudis Kaaren . "
98	NA	" "" Ma tahan oma energiat tagasi , enne lahti ei lase , "" pakkus kuubik omalt poolt . "
98	NA	" "" Mul vaja Võlur oma kätte , tema võttis . "
98	NA	 Kätte saan , nahk maha ! 
98	NA	" Ja sind hoian nii kaua kinni , kui ütled , kus Võlur on . "" "
99	NA	" "" Ma ei tea . "
99	NA	 Ma juba ütlesin , et ma ei tea . 
99	NA	" Ega ma muidu poleks su käest enne küsinud , "" vastas Kaaren . "
100	NA	" "" Kaval ! "
100	NA	 Ha-ha ! 
100	NA	" Kaval , jah ? "" pobises kuubik . "
101	NA	 Üks sein hakkas korraga läbi paistma ja Kaaren sai aru , et ta lendab mingi liikuva rongi kohal . 
101	NA	" "" Kus ma olen ? "" küsis ta . "
102	NA	" "" Siia nüüd jäädki , "" arvas kuubik . "
102	NA	" "" Või tahad välja minna ? "
102	NA	 Ütled , kui kõht tühi on . 
102	NA	" Siis mina ütlen : enne ei söö , kui Võlur käes . "" "
103	NA	" "" Kaaren ... "" kuulis ta korraga hüüatust selja taga . "
103	NA	 Ta pööras ümber ja nägi , et seal seisab Piret . 
103	NA	 Kes nägi , olusid arvestades , üsnagi seksikas välja . 
103	NA	 Tema niigi lühike seelik oli eest lõhki kärisenud , üks sukatripp oli lahti läinud , ja näoilmegi oli tal kuidagi väljakutsuv . 
103	NA	 Piret astus lähemale ja tõmbas Kaarna enda vastu . 
103	NA	 Kaaren libistas käed üle Pireti selja ja tagumiku ning peatus paljastel reitel . 
103	NA	" "" Kust sa siia said ? "" sosistas Kaaren õrnalt . "
104	NA	" "" Ma ei tea , "" vastas Piret . "
105	NA	 Siis hakkas kõik väga kiiresti keerlema ja nad leidsid endid väga pimedast ja süngest kohast , mis lähemal vaatlusel osutus Nõmme turuks . 
106	NA	" "" Kohe saan teid kätte ! "
106	NA	" Kohe saan teid kätte ! "" kostis kusagilt eemalt nõmedat häält . "
107	NA	" "" Kaaren , otsime takso ! "" hüüdis Piret . "
107	NA	" "" Mind hoiti kogu aeg mingites katakombides ja mingi värdjas rääkis mulle energia jäävuse seadusest , "" rääkis ta Kaarna külge klammerdudes . "
108	NA	" "" Mis katakombides ? "" küsis Kaaren hajameelselt ning vaatas kusagile eemale , kõrgendikul algava männituka poole . "
108	NA	 Miski sädelev kera vilkus seal puude kohal väga kahtlustära- tavalt . 
108	NA	" "" Vaata , mis seal on ? "
108	NA	" Lähme sinna ! "" ütles ta järsku . "
109	NA	" "" Tobu , taksopeatus on teisel pool , "" vaidles Piret . "
110	NA	 Seni punaselt helkinud kera hak- kas muutuma ikka pikergusemaks ja hõbedasemaks . 
111	NA	" "" Nad on siis ikkagi olemas , "" ütles Kaaren millegipärast . "
112	NA	" "" Kõik , mis on mõistlik , on olemas , ja mis on olemas , on mõistlik , "" teatas Piret . "
112	NA	" "" Lähme nüüd kähku , mind on juba nii pikka aega näljas hoitud ! "" "
113	NA	" "" Ära karda ! "
113	NA	" Järsku Võlur on seal , "" rääkis Kaaren nagu nõiutult mändide poole vahtides . "
114	NA	" "" Jäta see Võlur juba ükskord rahule ! "" sai Piret lausa tigedaks , märkas vaba taksot ja hakkas kätega vehkides selle poole jooksma . "
114	NA	 Õnneks oli taksojuht teda märganud ja pidas masina kinni . 
115	NA	" "" Kaaren , tule nüüd ! "" hüüdis Piret takso tagumist ust avades . "
116	NA	 Kaaren tuli aeglaselt lonkides lähemale , ise aegajalt üle õla tagasi männimetsa poole tagasi kiigates . 
117	NA	" "" Rut-tu ! "" kiirustas Piret ja ronis juba ees taksosse . "
118	NA	" "" Järgnege , palun , eelmisele masinale ! "" ütles Kaaren taksosse istudes , kohutavalt enesekindla näoge seejuures . "
119	NA	 Taksojuht jäi talle juhmilt vastu vaatama , sest mingisugust eelmist masinat lihtsalt ei olnud . 
119	NA	 Öine tänav oli täiesti tühi . 
120	NA	 Jõudmata teiste vastastikuse põrnitsemise lõppu ära oodata teatas Piret kiiresti oma aadressi . 
121	NA	 Kaaren ärkas mingi kolina peale . 
121	NA	 Piret oli külmutuskapist kõik söödava diivanilauale tassinud ja vaatas nüüd tekkinud hunnikut ahne pilguga . 
121	NA	 Järsku tõusis ta püsti , läks oma lühikest öösärki kohendades avatud verandaukse kõrvale televiisori ja raamaturiiuli vahele pimedasse nurka ning tõi sealt lagedale kašmaari . 
121	NA	 Aga enne kui ta sellesse hambad sisse jõudis lüüa - või see temasse , kašmaare ei või kunagi usaldada - märkas ta raamaturiiulil helkivat kuulikest . 
121	NA	 See oli kašmaari kuul . 
121	NA	 Aga võibolla ei olnud ka . 
121	NA	 Tõepoolest , kašmaari peal olevas avauses oli kuul alles . 
121	NA	 Raamaturiiulil olev kuul hakkas kutsuvalt sillerdama ja Piret katsus seda sõrmega . 
121	NA	 Kuul muutus nüüd üha suuremaks , Piret aga väiksemaks , sõrm muudkui venis - ja tõmbas siis nagu kummipael lupsti ! 
121	NA	 Pireti kuuli sisemusse . 
121	NA	 Kaaren tõusis voodis istukile . 
122	NA	" "" Aga kui - nahk maha ! "" ütles keegi vastikult iniseva häälega . "
123	NA	" Kaarnale meenus "" Alice imedemaal "" . "
123	NA	 Aga hoolimata paljudest kasulikest näpunäidetest , mida sealt leida võis , polnud seal küll õpetatud , mida öelda Pireti vanematele , kui need nüüd tuppa peaksid astuma - pealegi oli kuul kasvades ja Piretiga põgenedes akna purustanud . 
123	NA	" "" "" Hullumeelsuse printsiip- ... "" "
123	NA	" ! "" meenus Kaarnale kusagilt loetud lausekatkend . "
123	NA	 Ta heitis diivanile ning jälgis ükskõikselt , kuidas hakklihapakk diivanilaual üles sulas ning punased nired laiali jooksma hakkasid . 
123	NA	 Hakkliha lagunes pikkamööda koost ning lihatükid hõljusid suurest purunenud aknast välja hommikupunasse . 
123	NA	 Kas Piret on tõesti ikka veel näljane , imestas Kaaren . 
123	NA	 Aga võibolla läheb liha ja veri tapetud loomadele tagasi , mõtles Kaaren ja tundis , et uni hakkab uuesti peale tulema . 
124	NA	 Sensitiivagent X-11 istus mugavas tugitoolis ja mõtles . 
124	NA	 Kõigepealt oli täiesti võimatu , et hoolimata kõigist ettevaatusabinõudest ja isegi tema enda kohalolekust võiks keegi ikka veel energiat varastada - ja ometi oli see nii . 
124	NA	 Samuti oli täiesti võimatu , et mingi sadama territooriumil hulkunud plika asjasse segatud võiks olla . 
124	NA	 Üsna võimatute sündmuste hulka kuulus seegi , et see plika tema alluvate käest põgenema võis pääseda . 
124	NA	 Viimane polnud küll päris võimatu : tegijal juhtub mõndagi ja meestel poleks ju pruukinud valetada , et ainult lendava taldriku ootamatu ilmumine neid ametikohuste täitmiselt eksitas ... 
125	NA	 Palju võimatuid asju üheskoos tähendas tavaliselt seda , et sensitiiv-agent oli õigele rajale sattunud . 
125	NA	 Nüüd hakkas talle järsku tähendusrikkana tunduma seegi , et plika ema - estraadilaulja Regina Püssi hääl oli hommikul raadiost kõlanud . 
125	NA	 Nii , nii , nii ! 
125	NA	 Sensitiiv-agent kummardus kirjutuslaua juurde ja soris pisut paberites . 
125	NA	 Laual oli neid palju ning varsti tüdines ta neis tuhnimisest ära . 
125	NA	 Siis hakkas tal peas aga midagi prigisema . 
125	NA	 Nimelt võis ta ülikõrge sagedusega raadiolaineid otse kuulda . 
125	NA	 Mitte kõiki muidugi . 
125	NA	 See kõik oli kuidagi tema sensitiivsusega seotud , talle endale loomulik , teistele aga arusaamatu . 
125	NA	 Teda oli uuritud - hoolimata vastupuiklemisest , tõsi , alampolkovnikupalga eest võis hullematki välja kannatada - ja nüüd kasutati üht kindlat lainepikkust temaga eriti salajaseks sidepidamiseks . 
125	NA	" Igatahes ei suutnud agent üllatust varjata , kui salajaselt lainepikkuselt , millest teadsid kogu maailmas ainult neli , ei , viis inimest , kostis äkki hädine hääl : "" Tahan süüa ! "" "
126	NA	" "" Süüa ei ole , "" saatis X-11 automaatselt vastuse teele . "
127	NA	" "" Peab olema ! "" kostis kusagilt veelgi kaugemalt eetrilainetest kindral Potapovi autoriteetne bass , tundmatu hääl virises aga edasi : "" Ja külm on ka ! "" "
128	NA	" "" Räägib X-11 . "
128	NA	 Räägib X-11 . 
128	NA	 Kes kuuleb ? 
128	NA	" Vastuvõtt , "" püüdis agent olukorras selgusele jõuda , vastas talle aga jällegi Potapovi bass : "" Pidage rangelt kinni raportiteks ette nähtud kellaaegadest ! "" "
129	NA	 Sageli kahtles agent , kas Potapovile üldse mitte asjatult pole tema lainepikkust teatatud . 
129	NA	 Ilmselt oli see juhtunud hiljaaegu , enne sadama-afääriga tegelema asumist polnud ta mingist Potapovist üldse kuulnudki . 
129	NA	 Nüüd aga käratses sala- jasel lainepikkusel ... 
129	NA	 Nagu kiuste astus kabinetti leitnant Mihhailov ja teatas midagi järjekordsest banaanipartiist . 
129	NA	" Ja tundmatu raadiopiraat lõpetas oma hädaldamise hüüatusega : "" Gõrõ-gõrlümft ! "" mis sensitiivagendi lausa võpatama pani ja iseäranis mõttetuna tundus . "
129	NA	" "" Kodanik , vahetage lainepikkust ! "" ütles ta nõudlikult , ise millegipärast Mihhailovile otsa vaadates . "
130	NA	" "" Yes , "" ütles Mihhailov , nagu sensitiivagendile tundus - tavalise "" Jest "" asemel . "
131	NA	" Agent tahtis Mihhailovit imperialistliku lääne ees lömitamise eest sõimama hakata , aga Potapov segas jälle vahele : "" X-11 ! "
131	NA	 X-11 ! 
131	NA	" Vastuvõtt ! "" "
132	NA	" "" X-11 kuuldel . "
132	NA	" Vastuvõtt . "" "
132	NA	 vastas sensitiivagent ning vaatas pahaselt Mihhailovi poole , kes mööda kabi- netti ringi käis ja igasuguseid kapinuppe vahtis - ilmselt otsis , kust saaks lainepikkust vahetada . 
133	NA	" "" Nimetage mulle alajaama asukoht ! "
133	NA	" Vastuvõtt . "" "
133	NA	 nõudis Potapov . 
134	NA	" "" Alajaam on elevaatori taga . "
134	NA	" Vastuvõtt . "" "
134	NA	 üritas agent Potapovile selgitada . 
135	NA	" "" Täpsustage ! "
135	NA	" Vastuvõtt ! "" "
136	NA	" "" Kohe nende kõige kõrgemate tornide taga , see hall putka . "
136	NA	" Vastuvõtt . "" "
136	NA	 püüdis agent täpsustada . 
137	NA	" "" Kas teil on täpsed andmed ? "
137	NA	" Vastuvõtt . "" "
137	NA	 nõudis Potapov uuesti . 
138	NA	" "" Just nii . "
138	NA	" Vastuvõtt . "" "
139	NA	" "" Tänan . "
139	NA	" Lõpetan . "" "
140	NA	 Mingi hall vari libises akende tagant läbi ja agent X-11 tundis hirmuga , kuidas kogu Kirde-basseini elektrienergia , igasugustest kaitsmetest ja trafodest hoolimata , otse nende alajaama voolas ja sealt kaduma läks . 
141	NA	" "" Häire ! "" karjus agent . "
142	NA	" "" Häire , "" karjus Mihhailov talle vastu . "
143	NA	" "" Viimaks on nad paljastatud ! "" lootis agent , aga mitte midagi taipav Mihhailov kontrollis vaid kiiruga oma mundri määrustikukohast kinniolekut , ja agent pidi ise punasele häirenupule vajutama . "
143	NA	 Salapärane vari rippus endiselt alajaama kohal ega teinud väljagi esimeste kohaleruttavate sõdurite automaaditulest . 
143	NA	" Kõigele lisaks kostis agendi peas kellegi parastav naer , mida katkestas aga pahane küsimus : "" Mis see koerte võidujooks siia puutub ? "" "
144	NA	" Kui Regina Püss ukse avas , nägi ta Kaarnat , kes imelikult kohmetul moel ütles : "" Tere , ma tahtsin ainult küsida , ega Piretit kodus ei ole ? "" "
145	NA	" "" Ei ole , "" teatas Regina vihaselt ja pani ukse uuesti kinni . "
145	NA	 Ja taipas siis , et midagi on valesti : tema seisis õues ja Kaaren oli majas sees ! 
146	NA	" "" Ma ei saa ainult aru , miks keegi sind mingite kuulide sisse ei tõmba , "" oskas Regina vaid öelda , kui Kaaren oli talle kogu loo ära rääkinud . "
146	NA	 Ta ei uskunud Kaarna jutust ühtegi sõna - või ei tahtnud uskuda . 
146	NA	 Mis tegi kokkuvõttes sama välja . 
146	NA	 Ainult et esialgu ei olnud kedagi , kes usutavama looga välja tuleks . 
146	NA	 Ja külmutuskapp oli tühjaks söödud küll . 
146	NA	 Ka Regina pea oli tühi , nii et ta ei taibanud endalt sedagi küsida , miks Kaaren juba minema ei hakka . 
146	NA	 Äkki märkas ta punakat niret , mis Pireti toa ukse alt välja voolas . 
146	NA	" "" Veri ! "" karjatas ta ehmunult . "
147	NA	" "" Võibolla on Piret ikka veel näljane , "" kehitas Kaaren ükskõikselt õlgu . "
148	NA	 Regina sattus sellest märkusest veel suuremasse ärevusse . 
148	NA	 Pealegi ei voolanud nire enam mööda põrandat edasi , vaid muutus otsast kuulikes- teks ning lendas katkendliku joana aknast välja . 
148	NA	" Regina tahtis just ära minestada ja üles ärgata mingis rahulikumas kohas - aga ühekorraga kargas Kaaren püsti ja jooksis uksi paugutades majast välja , akna taga vilksatas mingi helendav siluett ja keegi karjus plekise häälega : "" Kohe saan su kätte ! "
148	NA	" Kohe saan su kätte ! "" - nii et Regina otsustas minestamisega veel veidi oodata , et mitte millestki olulisest ilma jääda . "
148	NA	" "" Kui kätte saate , andke talle minu eest ka , "" pomisest ta - Kaarnale mõeldes - kurjalt , läks kiiresti katkise akna juurde ja vaatas välja . "
148	NA	 Õunapuude kohal rippus seesama , millest Kaaren oli rääkinud . 
148	NA	" "" Ema ! "" karjus kusagil Pireti hääl , siis kadus UFO ja hääl samuti . "
148	NA	 Regina nägi , et tänavat pidi läheneb mingi mootorratas . 
148	NA	 Värava ees see peatus , mootorrattur võttis kiivri peast ja Regina nägi , et see on Võlur - keda ta Pireti tuttavatest millegipärast kõige vähem sallis , hoolimata sel- lest , et too alati korralikult ja maitsekalt riides käis . 
149	NA	" "" Piretit ei ole kodus ! "" karjus Regina juba eemalt . "
150	NA	" "" Muidugi ei ole , "" vastas Võlur hooletult , ulatas Reginale läbi purunenud akna kaks punast nelki ja kadus nurga taha . "
151	NA	" Kui naine ümber pööras , istus Võlur juba tugitoolis , mesimagus naeratus näol ja diivanilaual vedelevast "" Dunhilli "" pakist võetud sigarett näppude vahel . "
151	NA	 Regina pani tähele , et põrand on puhas ja aken , läbi mille , kui Kaarna juttu uskuda , tundmatud jõud Pireti ära olid röövinud , jälle terve . 
151	NA	 Aken , läbi mille Võlur talle alles äsja lilled oli ulatanud ! 
152	NA	" "" Muidugi võlgnen ma teile seletuse oma ootamatu visiidi pärast , "" alustas Võlur , kui Regina teda katkestas : "" Ah , mul on nii hea meel , et te tulite ! "
152	NA	 Teate , kui ma koju tulin , oli siin see ... 
152	NA	" Kaaren ... "" "
152	NA	 Reginal juba peaaegu et oligi hea meel , et keegi talle seltsiks on sattunud . 
152	NA	 Olgu siis või Võlur . 
153	NA	" "" Mis Kaaren siin tegi ? "" küsis Võlur huviga . "
154	NA	" "" Oli millegipärast meie külmutuskapi hakklihast tühjaks söönud ja kui ma ta selle pealt tabasin , hakkas segast juttu ajama . "
154	NA	 Mingid UFO-d pidid ringi möllama ja olla Pireti ära röövinud . 
154	NA	" Täielik košmaar . "" "
155	NA	" "" Aga võibolla kašmaar ? "" küsis Võlur kavalalt . "
156	NA	" "" Kuidas ? "" "
157	NA	" "" Kašmaar , "" kordas Võlur vastutulelikult . "
158	NA	" "" Košmaar jah , "" nõustus Regina . "
158	NA	 Kõik oli nii segane , et ta ei tahtnud selle peale mitte mõeldagi . 
159	NA	" "" Ma mõistan , "" noogutas Võlur ( ja see pani Regina sügavalt imestama , sest ta ise ei mõistnud midagi ) , "" ma tahtsin küsida - kas teile meeldib suvi ? "" "
160	NA	" "" Suvi ? "" "
161	NA	 Võlur noogutas . 
162	NA	" "" Suvi , "" naeratas Regina meelitatult ning langetas pilgu Võluri kingitud nelkidele , mida ta siiamaani sõrmede vahel oli mudinud . "
162	NA	" "" Jah , isegi väga ! "
162	NA	" Kõik õitseb ja õilmitseb ja linnud laulavad ja meri mühiseb ja baarides istuvad sümpaatsed heledates ülikondades härrasmehed ... "" unustas ta end lobisema , kergitas siis ennast järsku aknalaualt , kuhu ta mugavalt toetunud oli , ning kohendas kohmetunult oma liibuvat nahkseelikut . "
163	NA	" "" Jah , ma kuulan teid suurima huviga , "" õhutas Võlur leebelt , laualt võetud prantsuse tulemasinaga uut sigaretti süüdates . "
164	NA	" "" Suvi on nii kaunis , "" õhkas Regina , "" kuidas mulle meeldiks , kui kogu aeg oleks suvi ... "" "
165	NA	" "" Midagi taolist oli minulgi mõttes , "" noogutas Võlur suitsurõngaid puhudes . "
165	NA	" "" Võibolla pisut teistel ajenditel , ent siiski ... "
165	NA	" Et kas ei saaks nii korraldada , et meil siin - nagu suvi oleks või nii ... "" "
166	NA	" "" Ent kas ei tooks see endaga kaasa looduslikke katastroofe ? "" teeskles Regina kohkumist . "
166	NA	 Nagu estraadilauljate puhul tavaline , polnud tema teadmised maailma asjadest kuigi põhjalikud . 
166	NA	 Seda enam tahtis ta neid välja näidata . 
166	NA	" "" Selleks tuleb ju Maa magnetpoolust nihutada - ma ei teagi kui mitme meremiili võrra vasakule . "
166	NA	" Sellega kaasneks arktiliste jäämasside sulamine ning ülemaailmne veeuputus - isegi Muuga võib hõlpsasti vee alla jääda . "" "
167	NA	" "" Päris originaalne mõte , "" kiitis Võlur . "
167	NA	" "" Magnetpoolus võiks iseenesest ju maakera telje nihutamisl ka paigale jääda ... "
167	NA	 Muuseas , mul oli üks palju lihtsam idee . 
167	NA	 Energia ülekandmine ja ... 
167	NA	 Kas teile ei tundu , et porikuu - teisisõnu oktoobri - kohta on meil päris soojad ilmad ? 
167	NA	" Päevad lähevad küll lühemaks , aga mitte külmemaks ... "" "
168	NA	 Ja järsku sai Regina aru kohutavast tõest : Kaarna imelik käitumine nende majas , Pireti kadumine ja kõik need kummalised juhtumused on seotud Võluri salakavalate plaanidega ... 
168	NA	" "" Ah jaa , te pole mulle ikkagi selgitanud oma tuleku põhjust , "" teatas ta Võlurile nõudlikult otsa vaadates . "
168	NA	 Ta oli korraga surmtõsine ja tema sinistes silmades läigatas hirm . 
169	NA	" "" Ärge erutuge . "
169	NA	 Ärge pöörake pisiasjadele nii suurt tähelepanu . 
169	NA	" Kõik läheb hästi , "" kõneles Võlur hüpnotiseerivalt . "
170	NA	" "" Aga mu tütar ! "" nõudis Regina . "
170	NA	" "" Kas tõesti ei saaks kuidagi teisiti . "
170	NA	" Et ei tõmmataks kuulide sisse ja ... "" "
171	NA	" "" Oh , noored armastavadki kõiksugust romantikat , "" lõi Võlur hooletult käega . "
172	NA	 Kui Regina nüüd järele mõtles , siis talle näis meenuvat , et Piret - ja mitte ainult Piret , vaid tema isegi - oli üks igavene seikluste tagaajaja küll . 
173	NA	" "" Pealegi , ma arvan , et saan teid aidata , "" kostis Võluri hääl justkui kusagilt väga kaugelt - või hoopis liiga lähedalt . "
173	NA	 Regina tõstis pilgu nelkidelt , mille ümber hõljus nagu mingi roosa udu . 
173	NA	 Võlur oli baarikapi juurde läinud ning võttis kaks pokaali ja pudeli šoti viskit , mida seal Regina arvates enne ei olnud . 
173	NA	 Võlur ulatas ühe pokaali Reginale , valas selle täis ning istus siis pudeli ja teise pokaaliga tugitooli tagasi . 
173	NA	" "" Te võibolla ei usu , kui ma teile ütlen - et sõjaväe vastuluure asjaga tegelema hakkab , teadsin ma juba ammu ette , aga tundmatute lendavate objektidega pole mul seni võimalust olnud katsetada , "" jutustas Võlur rahustava hääletooniga , "" seega on mõistetav , et esialgne plaan ei realiseeru nii ruttu kui kavatsetud ... "" "
173	NA	 Võlur valas endale viskit , kallas selle ühe sõõmuga kurku ja asetas tühja pokaali keset diivanilauda seisva kašmaari peal olevasse avausse . 
173	NA	 Alles nüüd märkas Regina imelikku eset , millele ta polnud enne tähelepanu pööranud . 
174	NA	" "" Mis see on ? "" küsis ta näpuga kašmaari sihtides . "
174	NA	 Aga raamaturiiuli servalt tõusis õhku helendav ning sillerdav klaaskuulike , mis , lähemalehõljudes ja seejuures nagu kasvades , tema tähelepanu veelgi enam köitis . 
174	NA	 Kuul ujus sillerdades lähemale ning jäi siis laua kohale õhku rippuma , ise seejuures üha suuremaks paisudes . 
174	NA	 Regina mäletas küll , kuidas ta väikese plikana seebimulle oli puhunud , aga kunagi polnud nad nii suureks paisunud . 
174	NA	 Ta siruras käe välja ja puudutas kera ettevaatlikult . 
174	NA	 Samas tundis ta , kuidas mingi jõud tema sõrme selle hiigelmulli sisse hakkas imema . 
174	NA	" "" Annad kuradile sõrme , võtab terve käe , "" jõudis ta veel mõelda , enne kui ta ennast juba kera sisemusest leidis . "
174	NA	 Seal oli ka Võlur , kes oli jala vastu mulli seina toetanud ja tiris nüüd endale järgi viskipudelit , millega võrreldes ta ise tunduvalt kahanenud oli . 
174	NA	" Pudeli suurust hinnates hüüatas Võlur : "" Seda nippi võiks ju teine kordki kasutada . "" "
175	NA	 Nüüd on jäänud ainult kaks võimalust , mõtles Regina : kas hakata karjuma ja hüsteeriliselt jalgu trampima , või sellest tobedast unenäost üles ärgata . 
175	NA	 Seepärast asuski ta Võlurile appi viskipudelit sikutama . 
175	NA	 Ta võttis kätega pudelikaelast kinni ja kui Võlur oli paar matsu jalaga vastu mulli seina löönud , andiski sein järele ja pudel oli neil käes . 
176	NA	" "" Üritage , palun , end koduselt tunda , "" teatas Võlur ja püüdis , kätt uhkelt puusa seades , üleoleva ilmega viskipudelile toetuda . "
176	NA	 Pudel oli temast natuke pikem ja kõikus veidi , ilmselt kuuli põranda nõgususe tõttu . 
176	NA	 Regina katsus pisut kohmetunult kera kõveral küljel istet võtta , kuid libises kohe kera keskele ning lõi põlve vastu pudelit ära . 
176	NA	" "" Kas me ei võiks toas edasi vestelda ? "" küsis ta haiget saanud kohta hõõrudes . "
177	NA	" "" Paraku pole see võimalik , "" vastas Võlur , kellel läks üha raskemaks eest libisevale pudelile toetudes uhket ja enesekindlat nägu säilitada . "
177	NA	" "" Me oleme sunnitud pisut aega siin keras veetma . "" "
177	NA	 Ta katsus võluvalt naeratada , kuid pudel libises jälle mõnevõrra edasi . 
178	NA	" "" Iga korralik naine minu asemel minestaks , "" arvas Regina . "
178	NA	 Ometi hoidis miski teda sellise sammu eest tagasi . 
179	NA	" "" Võibolla soovite viskit ? "" tegi Võlur ettepaneku . "
179	NA	 Ta küünitas end kikivarvule ja keeras korgi pudeli pealt ära . 
179	NA	 Seejärel suutis ta mingi tabamatu liigutusega pudeli mööda seina nii kõrgele nihutada , et viski lõbusalt mulksudes korgi sisse voolas . 
179	NA	 Punane mustade kirjadega kork oli mulli sees umbes suuremat sorti keedunõu mõõtmetega . 
179	NA	" "" Nüüd laulame , "" pakkus Võlur . "
180	NA	" "" Kuidas ? "" ehmus Regina . "
181	NA	" "" Te olete ju laulja , kui ma ei eksi , "" meenutas Võlur viskipudelit endisesse asendisse sättides . "
182	NA	" "" Ah soo . "
182	NA	 Oodake , ma ei saa ju nii kohe . 
182	NA	" Ma võtaksin enne ühe lonksu , "" vabandas Regina pisut väriseva häälega ning katsus naeratada . "
182	NA	 Pealegi polnud ta kunagi varem kümneliitrisest nõust viskit joonud . 
182	NA	 Tugev alkoholilõhn lõi vastu ja Regina püüdis üle serva vedeliku poole küünitades teise käega nina kinni hoida . 
183	NA	" "" Kuidas on ? "" küsis Võlur , kui Regina oli suu viskist pungile võtnud ja nüüd seda lonkshaaval alla neelata katsus , ise millegipärast kõrvu kinni hoides . "
184	NA	" "" Mis te , noormees , kipute sugulaseks või ? "" ütles Regina eputavalt . "
185	NA	" "" Mis mõttes ? "" küsis Võlur kastrulisuurust korki kahe käega suu juurde tõstes . "
186	NA	" "" Oh , nii võib purju jääda , "" edvistas Regina edasi ja silus oma liibuvat nahkseelikut , "" aga me pidime ju laulma ... "" "
186	NA	 Ta tõusis püsti ning hakkas , üha oma ümaraid puusi siludes , kõrge häälega laulma . 
186	NA	 Võlur polnud seda laulu varem kuulnud . 
186	NA	 Talle hakkas see meeldima ning ta jäi huviga kuulama . 
187	NA	" "" Tahan süüa ! "" kostis kõrvaklappidest Pireti hääl . "
187	NA	 Potapov vaatas üle õla ja nägi , et plika istub väga mossis näoga nurgas ja katsub oma lühikest öösärki üle põlvede veni- tada . 
187	NA	 Piret Potapovit ei näinud , Piret nägi selle koha peal ainult seina . 
188	NA	" "" Peab olema ! "" kõmistas Potapov sõjaväelaslikult oma veidrasse mikrofoni ning vajutas mitmesugustele värvilistele ja helendavatele nuppudele . "
188	NA	" UFO "" külalistetoa "" poole vaadates veendus ta , et oli toiduained plika diivanilaualt kätte saanud . "
189	NA	" "" Ja külm on ka ! "" hüüdis Piret . "
190	NA	 Muidugi , ta on ju ainult öösärgi väel , vaeseke , haletses Potapov endamisi , kuid plikat lahti lasta ei saanud - teda oli tarvis Võlurile söödaks . 
191	NA	" "" Pidage rangelt kinni raportiteks ette nähtud kellaaegadest ! "" kõmistas ta mikrofoni , ise samal ajal "" külalistetoas "" temperatuuri tõstes . "
192	NA	 Kroku , kes seda dialoogi tugitoolis istudes ja šoti viskit imedes kõrvaklappidega ajaviiteks pealt oli kuulanud , ei suutnud enam naeru pidada ja pistis rämeda häälega hirnuma . 
193	NA	" "" Gõrõ-gõrlümft ! "" lõrises Potapov ruttu mikrofoni , et X-11 Kroku naeru ei kuuleks . "
194	NA	 Kui UFO koos tulnukatega umbes pool aastat tagasi Männiku rabas maandunud oli , oskas Potapov kui tuntud mereröövel ennast kiiresti nende laeva sokutada , nime poolest nagu tõlgiks ja giidiks . 
194	NA	 Tulnukad ise osutusid küllaltki uimasteks vendadeks , kes kõige tühisemaidki asju kümneid kordi üle mõõtsid ja ikka millestki aru ei saanud . 
194	NA	 Potapov aga oli peagi ka oma sõbra Kroku laeva meelitanud ja kasutas nüüd võõrast väärt aparatuuri kõikvõimalikeks nõmetsemisteks . 
195	NA	" "" X-11 ! "
195	NA	 X-11 ! 
195	NA	" Vastuvõtt , "" ütles ta mikrofoni , ise Krokule rusikat näidates , et too nii kõvasti ei hirnuks . "
195	NA	" "" Nimetage mulle alajaama asukoht ! "
195	NA	" Vastuvõtt , "" nõudis ta seejärel . "
196	NA	 UFO-le paistis natuke elektrit ära kuluvat , sest see raisk ei tahtnud viimasel ajal enam hästi lennata ja oli neid vastikuid jõnglasi taga ajades tüütult loperdama kippunud . 
197	NA	" "" Täpsustage ! "
197	NA	" Vastuvõtt , "" ei jäänud Potapov veel rahule . "
198	NA	 Sadama kandist ehitusmaterjalide ja banaanide virutamine oli talle UFO abil lõbusa ajaviitena tundunud - kuni selle ajani , kui julgeolek välja ilmus . 
198	NA	 Neid mehi ta igaks juhuks ei usaldanud . 
199	NA	" "" Kas teil on täpsed andmed ? "
199	NA	" Vastuvõtt , "" nõudis ta uuesti ja vaatas selja taha , kuna sealt kostis mingit saginat . "
199	NA	" Tulnukad olid kõik "" külalistetoa "" seina äärde kogunenud ja vahtisid , kuidas Piret sõi . "
199	NA	 Ei tea , mis nad seal iseäralikku leidsid . 
200	NA	" "" Tänan . "
200	NA	" Lõpetan , "" sõnas Potapov , võttis kõrvaklapid peast ning suunas UFO tross-kombitsad alajaama poole . "
200	NA	 Äkitselt käis kõva särakas ja kõik seinad lõid sinakalt hiilgama . 
201	NA	" "" Äh-äh-hää , "" naeris Kroku , "" kange elektrivedelik sai , nagu puhas puupiiritus kohe ! "" "
201	NA	 Ka Kroku nägu oli kergelt sinakaks muutunud . 
202	NA	 Potapov nägi illuminaatorist , kuidas esimesed vormis mehed elevaatori nurga tagant välja jooksid . 
202	NA	 Ka tulnukatele tundus miski valesti olevat , sest kaks neist loivasid juhtimisruumi ning Potapov tundis oma peas tekkivat võõrast ja sakilist mõtet - kogu tulnukate suhtlemine toimus telepaatiliselt . 
202	NA	 Potapovi pähe tekkinud mõte oli paljunemise piiramisest , sinisest värvist ja koerte võidujooksust Borneo saarel . 
203	NA	" "" Mis see koerte võidujooks siia puutub ? "" küsis Potapov . "
203	NA	 Sinised sädemekesed jooksid mööda UFO sisemust sinna-tänna ja pragisesid vastikult , lennuaparaat ise paistis tulnukate pingutuste mõjul lendu tõusta tahtvat , aga üks kombits oli alajaama külge kinni jäänud . 
203	NA	 Lõpuks vajutas Potapov ühele neljakandilisele helesinisele nupule ning juhtimispuldi kohal paiknevalt ekraanilt oli näha , kuidas kombits alajaama katusest paraja lahmaka plekki välja rebis ning koos sellega tähelaeva sisemusse kadus . 
204	NA	 Ees laius Muuga laht , mida eraldas muust merest paremal silmapiirini ulatuva Viimsi poolsaare metsane rannik ja Prangli saar , mille tumedat riba võis aimata läbi vee kohal hõljuva udu . 
204	NA	 Kaaren avastas , et jalad on ta nagu iseenesest jälle siia toonud , aga see udune meri ei teinud ta meelt sugugi rahulikumaks . 
204	NA	 Lisaks Piretile oli ka Võlur kuhugi kadunud . 
204	NA	 Korraga meenus talle sadam . 
204	NA	 Mida oligi Võlur öelnud , kui nad viimane kord lahku läksid ? 
204	NA	" "" Kas sa arvad , et nad selle siis nii lihtsalt sedasi jätavadki või ? "" oli ta sisistanud , täpsustamata , kes nimelt . "
204	NA	 Kaaren vaatas hajameelselt udus lainetavat merd , kui äkki toimus tema vaateväljaga midagi taolist , nagu oleks keegi seda hetkeks kõigutanud . 
204	NA	 Ta märkas udus nähtavale ilmuvat hõbedast ovaali . 
204	NA	 Salapärane nähtus undas vaikselt , selle ümber sädelesid sinised välgud . 
204	NA	 Kaaren aimas , et ega tal pääsu pole , ning tundiski , kuidas keha järjest ker- gemaks muutub , justkui oleks maa külgetõmbejõud järk-järgult kahanenud . 
204	NA	 Juba tõusid jalad märjalt rannaliivalt õhku ning ta hakkas järjest kõrgemale kerkima . 
204	NA	 See ongi kaaluta olek , arvas Kaaren taipavat . 
204	NA	 Nüüd hõljus ta juba kõrgel kaldale loksuvate lainete kohal ning UFO põhja tekkinud ümmargune auk imes ta halastamatult endasse . 
204	NA	 Nagu fotoaparaadi objektiiv , sulgus auk tema all ning nii leidis ta ennast tuttavast tuhmilt sädelevast ruumist . 
204	NA	 Mille tuttavlikkuses polnud midagi rahustavat . 
204	NA	 Nagu arvatagi võis , oli seal ka Piret , kes poolalasti nurgas istus ja parajasti oma külmutuskapist pärinevat hapukoorepurki tühjendas . 
205	NA	" "" Moens ! "" ütles Kaaren . "
206	NA	" "" Moens ! "" vastas Piret . "
207	NA	 Siis hakkas kõik väga kiiresti keerlema ja nad leidsid endid väga pimedast ja süngest kohast , mis lähemal vaatlusel osutus öiseks Nõmme turuks . 
208	NA	" "" Ma saan aru , Võlur , et sul on lõbus , aga see jama hakkab mul juba üle viskama , "" ütles Kaaren ja märkas silmanurgast , et Piret vaatab keskendunult kuhugi eemale , justnagu kõrgendikul algava männimetsa poole . "
208	NA	 Miski sädelev kera vilkus seal puude kohal väga kahtlustäratavalt . 
209	NA	" "" Vaata , mis seal on ? "
209	NA	" Lähme sinna ! "" ütles Piret . "
210	NA	" "" Tobu , taksopeatus on teisel pool ! "" vaidles Kaaren . "
211	NA	 Seni siniselt helkinud kera hakkas muutuma ikka pikergusemaks ja hõbedasemaks . 
212	NA	" "" Nad on siis ikkagi olemas , "" ütles Kaaren millegipärast . "
213	NA	" "" Kõik , mis on olemas , on mõistlik , ja kõik , mis on mõistlik , on olemas ! "" teatas Piret ootamatu sügavmõttelisusega , aga Kaaren ei jõudnud veel imastadagi , kui tüdruk jätkas : "" lähme nüüd kähku ! "" ning hakkas - nii nagu ta oli , paljajalu ja öösärgis , justkui unenäoinglike - Kaarnat kättpidi künkal kasvavate männiäbarike poole vedama , kuhu tundmatu helendav asi näis takerduvat . "
213	NA	 Kaaren läks lonkides järele ja piilus veel korra üle õla suusatajatele mõeldud metallsilla poole . 
213	NA	 Mööda silda veeres lapsevanker . 
214	NA	 Hõbedane objekt laskus mändide vahele ning sädelus jäi tuhmimaks . 
214	NA	 Siis paistis puude vahelt nagu võimsa välklambi sähvatus , mille valgusel männitüved sünkmusti , kõveraid ja õudseid varje heitsid . 
214	NA	 Kaaren ja Piret peatusid hetkeks , et sähvatusest pimestatud silmi hõõruda . 
214	NA	 Selja tagant kostis tasast kriginat . 
214	NA	 Kaaren vaatas sinnapoole ja nägi , et lapsevanker on neil juba päris kannul . 
215	NA	" "" Lähme kähku , "" nõudis Piret . "
216	NA	 Nad jooksid liivast künkanõlva pidi ülespoole . 
216	NA	 Taamal hakkasid paistma öise Mustamäe mitte eriti kutsuvad tuled . 
216	NA	 Järsku märkas Kaaren puude vahel kaht inimfiguuri . 
216	NA	" "" Piret , vaata , kes seal on ! "" hingeldas Kaaren , kuid oli juba niigi selge , et need on Potapov ja Kroku . "
216	NA	 Kaaren oli nad kohe ära tundnud . 
216	NA	 Neid oli võimatu kellegagi segi ajada . 
216	NA	 Ja nüüd olid nemadki põgenikke märganud ning ruttasid vastu . 
217	NA	" "" Oleks pidanud ikka takso võtma , "" ütles Kaaren , aimates , et ilma kakluseta asi ei lõppe . "
217	NA	 Ent mehed tormasid neist mööda . 
217	NA	 Hämmeldunult pööras Kaaren ringi ning nägi , kui- das Potapov peatas kägiseva lapsevankri , võttis selle seest tuhmilt helendava metallkuubiku , pani selle hetkeks kõrva äärde ning pistis siis endale taskusse . 
217	NA	 Seejärel hakkasid Potapov ja Kroku lapsevankrit jalgadega peksma . 
217	NA	 Pimedas metsas kajas nende pisut tontlik naer , kui lapsevanker esimestest hoopidest kõrgele õhku tõusis . 
217	NA	 Haaratuna vaatepildist , kuidas mehed naerulagina saatel lapsevankrile jalgadega peale hüppasid , tormas ka Kaaren vankrikese rususid jalahoopidega mäest alla ajama . 
218	NA	" "" Sina , poisinolk , hoia üldse eemale ! "" nohises Potapov kurjalt , surus Kaarna küünarnukiga eemale ja lõi jala läbi vankri põhja . "
218	NA	 Jalg jäi kinni ning Potapov hakkas tasakaalu säilitamiseks teisel jalal karglema . 
218	NA	 Kaaren lõi talle jalaga tagumikku , nii et Potapov käpuli kukkus . 
218	NA	" "" Kroku , raisk , "" karjus ta ise seejuures , kummardus osavõtlikult Potapovit üles upitama ning õngitses nagu muuseas tolle taskust kuubiku välja . "
218	NA	 See oli kuum ja kõrvetas näppe , Kaaren peitis selle kähku oma nahkjopi taskusse . 
218	NA	 Potapov ei ütelnud midagi , püüdis rahmeldades oma jalga lapsevankrist vabastada - kavatses ilmselt Krokule tappa anda . 
219	NA	" "" Oh , ma ei või ! "" häälitses nüüd Piret künkanõlval , tõstis käed graatsiliselt pea kohale ja lasi neil siis lõdvalt alla langeda . "
219	NA	" "" Kaua sa jamad seal nende joodikutega ! "
219	NA	 Õige nüüd vaja jah kolme mehega seda vankrit peksta ! 
219	NA	 Nagu kahekesi ei saaks ! 
219	NA	" Kas laps on ka sees ? "" "
220	NA	 Potapov oli jala lapsevankrist kätte saanud ja tagus nüüd Krokut , kes tõenäoliselt ei saanud üldse aru , mis ümberringi toimub . 
221	NA	" "" No hea küll , head õhtut siis , "" pomises Kaaren igaks juhuks rüselejate poole ja hakkas Pireti poole hiilima . "
221	NA	 Nüüd oli jõudude vahekord muutunud ja Potapov hakkas ise saama . 
222	NA	 Kaaren ja Piret jõudsid taksopeatusse . 
222	NA	 Kaaren oli Piretile oma jopi selga andnud , kuid ega see tüdruku seksikust suurt ei vähendanud . 
222	NA	 Ühtegi taksot ei olnud näha ja Kaarnale tuli salapärane kuubik meelde . 
222	NA	 Ta võttis selle taskust ja tõstis suu juurde . 
222	NA	" "" Kõigile , kõigile , kõigile ! "" ütles ta millegipärast sinna sisse . "
222	NA	" "" Ülesanne täidetud , vajan transporti . "
222	NA	" Edasi võite meie programmil kuulata kerget muusikat , "" lisas ta peene häälega ja hakkas vaikselt vilet laskma , ise silmanurgast männimetsa poole piiludes . "
222	NA	" Ta nägi , kuidas latvade kohale kerkis tumesinise taevaga peaaegu ühte värvi ovaal , mis seejärel varjuna hääletult alla orgu laskus , sinna , kuhu Potapov ja Kroku kaklema olid jäänud , tegi seal mingi ringi ning libises nüüd tema ja Pireti suunas "" Võidu "" kino poole . "
222	NA	" Kaarna jahmatuseks hakkas kuubik tema peos häälitsema : "" Helikopterid tõusid juba õhku ! "
222	NA	" Teatage oma asukoht ! "" nõudis ilmselt sõjaväelasele kuuluv raiuv hääletoon . "
222	NA	" "" Kontrollige oma lainepikkust ! "
222	NA	" Te töötate valel lainepikkusel ! "" teatas üleolev naishääl . "
222	NA	" "" Ei ole külm ! "
222	NA	" Ei ole kõht tühi ! "" sekkus ilmselt keegi hullumeelne . "
222	NA	" "" Hä-hä-hää ! "
222	NA	" Kaaren on ära eksinud , tahab , et keegi ta koju tuttu viiks , täitsa segi omadega vist , "" kostis ikka samast kuubikust äkki Võluri purjus lõkerdamist . "
222	NA	 UFO jäi Kaarna ja Pireti kohale õhku rippuma , nii madalale , et seda võinuks käega puudutada . 
222	NA	 Ja oli tunduvalt suurem , kui Kaaren ette oli kujutanud . 
222	NA	 Pealegi veel läbipaistev , sest kinohoone taeva poole kõrguv sein paistis sealt läbi . 
222	NA	 Justkui olukorra täieliku absurdsuse rõhutamiseks jooksis mööda terve rood öistelt õppustelt tulevaid miilitsakooli kursante . 
222	NA	 Nad pöörasid kino eest paremale , oma ühiselamu poole . 
222	NA	 Ka nemad paistsid läbi UFO . 
222	NA	 Lendava taldriku põhjas avanes umbes meetrise läbimõõduga ümmargune auk . 
222	NA	 Sealt ei paistnud enam midagi . 
222	NA	 Seal oli pime . 
222	NA	 Peagi tekkis augule Kroku paistelöödud larhv ja jäi Kaarnale otsa jõllitama . 
222	NA	 Varsti Kroku lõust kadus . 
222	NA	 Korraks vilksatas veel Potapovi umbne morda ja siis ilmus augule Võlur . 
223	NA	" "" Tahtsid ennist nagu sõita kuhugile või ? "" päris ta lahkelt . "
224	NA	" "" Tõmba meid üles , "" ütles Kaaren . "
225	NA	" "" Näe , või Piret ka siin , "" ei teinud Võlur Kaarna jutust enam väljagi . "
225	NA	" "" Ah-ha-haa , Piret , sina ka siin , "" tegi miski Võlurile nalja . "
226	NA	" "" Issand , ta on ju purjus , "" lõi Piret käsi kokku ja tuli augule lähemale . "
227	NA	 Kaaren võttis tal tagumiku ümbert kinni ja tõstis ta üles , nii et tüdruk ise luugist sisse pugeda sai , ja hakkas siis ennast üles vinnama . 
227	NA	 Piret pistis seal üleval miskipärast karjuma ja Kaaren lõi kahtlema , kas ta üldse teebki nii targasti , kui jälle selle salapärase asja sisse ronib . 
228	NA	 Kui ta läbi lüüsi kajutisse jõudis , nägi ta , et Piret on tormanud tugitoolis liikumatult lebava naisterahva juurde ja püüab toda elustada . 
228	NA	 Lähemal vaatlemisel osutus too väga Pireti ema sarnaseks . 
228	NA	 Kaaren oli Regina Püssi alati väga särtsaka ja enesekindla daamina kohanud ning too liikumatu lõtv kuju äratas kahtlusi . 
228	NA	" Siis tegi Regina korraks silmad lahti ja hakkas pehme keelega latrama : "" Tütrekene , sina ka siin ? "
228	NA	 See on hea , et said aega läbi astuda ... 
228	NA	 Mäletad , kui sa väike olid , ma rääkisin sulle muinasjuttu ? 
228	NA	" Tõsi , ega ma ei olegi mingi Lumivalguke , aga sellegipoolest ei olnud ma kunagi varem arvanud , et päkapikud on sinised ... "" "
229	NA	 Läbipaistva vaheseina tagant paistis tõesti kamp väikseid sinakaid veidrikke , kes mingi puldi ümber kohmitsesid . 
229	NA	 Ilmselt tulnukad , mõtles Kaaren . 
230	NA	" "" Ma tahan maha minna ! "" otsustas Piret . "
231	NA	" "" Helikopterid kutsusid sa siia muidugi asjatult , "" ütles Võlur Kaarnale ja lisas siis selgitavalt Piretile : "" Näe , seepärast pidime me natuke kõrgemale tõusma ! "" "
232	NA	 Lüüsist alla vaadates nägi Piret ühekorraga tervet Eestit - ja veel suurt osa Soomestki , merest rääkimata . 
233	NA	" "" Nad on küll uimasevõitu , aga täiesti ohutud , "" osutas Võlur tulnukate poole . "
234	NA	" "" Jätke kord juba oma loll jama ! "" ägestus Piret , "" kes mu ema täis jootis ? "
234	NA	" Miks neid siniseid mehikesi siia vaja on ? "" "
235	NA	" Vist oli raadio kogu aeg mänginud , seni polnud keegi seda lihtsalt märganud , nüüd sattus aga sihitult ringi ukerdav Kroku mingile nupule vajutama ning nähtamatutest valjuhääldajatest kostis nagu Piretile vastuseks : "" Rumal nali on see ! "" "
235	NA	 See laul ansambli J.M.K.E. esituses oli kohaliku raadio plaadiedetabelis tippu tõusnud ning nii leierdati seda peaaegu igal täistunnil . 
236	NA	" "" "" Rumal nali "" ! "
236	NA	" Pange kõvemaks ! "" ütles Piret , Super-Villu - J.M.K.E. laulja ja kitarristi krägisevat häält ja kitarrimängu nautides . "
237	NA	" "" Mis sa ei tahagi maha minna või ? "" küsis Kaaren . "
238	NA	" "" Võibolla ta sai aru , et kodu on tal umbes saja nuhi poolt ümber piiratud , "" kehitas Võlur õlgu , "" ja kas polnud see mitte sina , Kaaren , kes kašmaari kuuli ära kaotas ? "" "
239	NA	 Oli pime öö . 
239	NA	 Kabelikivi all seisis terve hunnik mootorrattaid . 
239	NA	 Alfons , Zarah Leander , Super-Villu , Haldur , Just , Olaf , Bill ja George istusid Kabelikivi otsas . 
239	NA	 Suures kivilõhes , mis kunagi ammu välgu tagajärjel oli tekkinud , põles lõke . 
240	NA	" "" Kas seepärast , et kured ära ei taha lennata , ei saagi nüüd kurjad ilmad tulla , või mis teie sellest arvate ? "" püüdis paks heavymees Haldur Alfonsile aruka küsimuse esitamisega intelligentset muljet jätta , vastukaaluks ülejäänud rockerite kerglasele lõõpimisele . "
241	NA	" "" Ei kurjus kao ilmast kuhugi , "" noogutas Alfons oma päevinäinud kiilaspead . "
242	NA	" "" Aga ta ilmutab ennast siis muul kujul ? "" targutas Haldur edasi . "
243	NA	" "" Headus ja kurjus on maailmas tasakaalus , "" lisas Just . "
244	NA	" "" Aga rebased käivad endiselt oma radu pidi ja ei tee väljagi . "
244	NA	" See on muuseas väga tähelepanuväärne , "" noogutas Alfons uuesti . "
244	NA	" Umbes pool tundi jõid kõik vaikides õlut , siis ütles Haldur mõtlikult : "" See küll rebane ei ole . "" "
245	NA	 Kes-teab-kust ilmunud tiiger oli esimeste käppadega kivi laugele küljele nõjatunud ja proovis üles- poole ronida . 
245	NA	 Super-Villu laskus kükakile ja urises tiigri poole . 
245	NA	 Tiiger vaatas teda hetke tähelepa- nelikult ja nihutas end siis ette- vaatlikult veel pisut ülespoole . 
245	NA	 Zarah kiljatas nõrgalt . 
245	NA	 Just haaras enda kõrvalt õllepudeli , loksutas seda ja pritsis tiigri triibulise silmnäo õllevahuga üle . 
245	NA	 Tiiger urahtas ehmunult ja volksas kivilt maha . 
245	NA	 Veidi aega paistsid põõsastest tema pimeduses helkivad silmad , siis kadusid needki . 
246	NA	" "" Mis sa , loll , õllest raiskad ! "" pahandas Olaf . "
247	NA	" "" Kuulge , poisid , kas te olete päris kindlad , et kui me nüüd ära läheme , et nad siis kohe siia naftasadama püsti panevad , et kui me enam ei valva , noh , "" küsis Zarah . "
248	NA	" "" Kindel , "" ütles Olaf ja tõstis õllepudeli uuesti suule . "
249	NA	" "" Aga kust nad teavad , et me enam ei valva ? "" ei jäänud Zarah rahule , "" muidugi , ma olen ka roheliste liikumise poolt , aga pikapeale muutub see kivi peal istumine üksluiseks . "" "
250	NA	" "" Rohelised surevad sügisel , ha-ha-haa ! "" naeris punkar Super-Villu kurjakuulutavalt . "
250	NA	" "" Ainult sügis ei taha kuidagi tulla , "" pidi ta ise küll tunnistama . "
251	NA	" "" Õnneks ka , et ei tule . "
251	NA	" Mis sa tahaksid , et praegu sügis oleks või ? "" küsis Olaf põlastavalt . "
252	NA	" "" Nii kaua kui rohelised meile siia õlut toovad , võime valvata küll , "" lepitas Just , "" sina aga , "" lisas ta ähvardavalt Zarah'le , "" lase laul lahti ! "
252	NA	" Miks me sind siin üldse peame ! "" "
253	NA	" "" Mis laul ? "" küsis neiu ujedalt naeratades . "
254	NA	" "" See , noh , "" La Habanera'st "" "" ütles Olaf . "
255	NA	" "" Ma ei oska ! "" "
256	NA	" "" Ära piparda ! "" "
257	NA	" "" Allein bin ich in der Nacht , "
258	NA	 meine Seele wacht und lauscht ! 
259	NA	 O Herz , hörst du , wie es klingt , 
260	NA	" in den Palmen singt und rauscht ! "" "
261	NA	 Zarah oli püsti tõusnud ning kõndis nüüd lauldes ja puusi hööritades rockerite vahel ringi . 
262	NA	" "" Der Wind hat mir ein Lied erzählt , "
263	NA	 von einem Glück , unsagbar schön ! 
264	NA	 Er weiss , was meinem Herzen fehlt , 
265	NA	 für wen es schlägt und glüht ! 
266	NA	 Er weiss für wen ! 
267	NA	 Komm ! komm ! 
268	NA	 Ach ! 
268	NA	 Der Wind hat mir ein Lied erzählt , 
269	NA	 von einem Herzen . das mir Fehlt ! 
270	NA	 Meer stand ich abends oft 
271	NA	 und ich hab'gehofft , auf was ? 
272	NA	 Ich sah' bunten ögeln nach , 
273	NA	" ach , mein Glück zerbracht , wie Glas ! "" "
274	NA	" Refrääni laulis nüüd juba kogu kivile kogunenud seltskond tasasel häälel kaasa : "" ... Ah ! "
274	NA	" Nüüd tuul minule jutustab , keda mu süda ihaldab ! "" "
275	NA	" "" Mis te , noormees , arvate , kas teie laule keegi veel neljakümne või viiekümne aasta pärast meeles peab ? "" pöördus Alfons Super-Villu poole , kui ammuse helifilmihiti viimased helid öövaikusse olid hajunud . "
276	NA	 Siis polnud aga Alfonsil enam aega Super-Villuga tegelda . 
276	NA	" Bill ja George , kes vestlusest kõrvale olid jäänud ja sellest ehk nagu kübeke solvunudki olid , pistsid järsku üheskoos karjuma : "" Hey ! "
276	NA	 Look out ! 
276	NA	 What's that fucking thing there , shining up over the sea ! 
276	NA	 It's coming on us ! 
276	NA	" Get up , everybody , move , move , it's coming ! "" "
277	NA	 Kõik ronisid kiirustades kivi otsast alla . 
277	NA	 Pimedas taevas pikki valgusvihke heitvate tulede rivi lähenes suure kiirusega . 
278	NA	" "" Hey , rockers , don't panic ! "" püüdis Super-Villu teisi rahustada . "
278	NA	" "" It's only , fucking , syksyy tulee murskana , autumn , noh ... "" "
279	NA	" "" Ära aja jama , Villu , "" vaidles George , "" it's not autumn , whatever fuck you say ! "" "
280	NA	" "" It's Unidentified Fucking Object ! "" teatas Bill . "
281	NA	" ( Kirjanik John Fowles on oma romaanis "" The Maggot "" pakkunud romaanis aset leidvate komplitseeritud sündmuste üheks võimalikuks selgituseks "" lendava taldriku "" sekkumist . "
281	NA	 Tuleb tunnistada , et ka tal ei kukkunud see eriti veenvalt välja . ) 
282	NA	" "" Aga äkki need on just need ehitajad , kes nüüd oma prožektorite valgusel siia naftasadamat tulevad tegema , needsamad , keda me siin valvama pidime ? "" arvas Zarah . "
283	NA	 UFO jäi umbes meetri kõrgusele kivi kohale õhku rippuma . 
283	NA	 Maapinnale langevad valgusvihud moodustasid kivi ümber valgustatud ringjoone , kusjuures väljas- ja seespool ringjoont oli endiselt pime . 
283	NA	 Tuhmi mütsatusega kukkus miski kivile . 
283	NA	 Siis lõi ka ringi sisemus helendama ning võis näha kivil seisvat Krokut , kelle juhm nägu kõigile kõvasti nalja tegi . 
284	NA	" "" Jõle kihvt , mis ? "" osutas Kroku UFO-le . "
284	NA	" "" Mis te , lollid , siin passite üldse ? "" "
285	NA	 Kivi all kükitavast kambast vallandus naerulagin . 
286	NA	" "" Kroku , raisk ! "" hüüdis Olaf ja hakkas kivi otsa ronima . "
287	NA	 Siis potsatas UFO-st kivile uimasevõitu Kaaren , kes püüdis kätega ereda valguse eest silmi varjata . 
287	NA	" "" Kosmoseretked ja kohtumishetked ! "" hüüdis Kaaren Olafit silmates . "
288	NA	" Pidulike marsihelide saatel astus UFO-st kivile Võlur ja teatas : "" Mul on teile kõigile tähtis uudis - meie piirkonda on tabanud igavene suvi ! "" "
