par_nr	head	sentence
1	 Gondvana lapsed 	 Gondvana lapsed 
2	NA	 Indrek Hargla 
3	NA	 Aasta 2568 oli Gondvana aasta . 
3	NA	 Ja 2578 Koidiku aasta . 
3	NA	 Ja need kümme vahepealset aastat eufooria ja lootuste aastad . 
3	NA	 Kui Gondvana taevasse tõusis , tõusis koos temaga ka milleeniumite unistus — igatsus tähtede järele . 
3	NA	 Koidiku start oli eufooria jätk , oli kindlameelsuse ja julguse pidu . 
3	NA	 Need ajad olid inimkonna ajaloos erilised . 
3	NA	 Suure Kolonisatsiooni algusajad . 
4	NA	 Esmakordselt ei mehitatud kosmoselaevu väljaõpetatud astronautidega , vaid kõige tavalisemate inimestega . 
4	NA	 Ja neid oli palju . 
4	NA	 Kahte ruumilaeva — Gondvanasse ja Koidikusse — said mitmeks oma eluaastaks kodu 600 000 inimest , kes olid järgnenud igavikulisele kutsele ja otsustanud Maa maha jätta . 
5	NA	 Ei mindud kibestumisega ega tüdimusega , mindi tiivustatuna soovist asustada Uut Maailma , mindi õhutatuna tungist avastustele , kanda edasi inimkonna ammust unistust Lennata Tähtede Poole . 
6	NA	 Kaasaegsed kirjeldasid toonaseid sündmusi meeliülendavalt kaunilt . 
6	NA	 Sest ilmselt esmakordselt inimkonna ajaloos oli kogu planeet ühinenud ühele ideele , ühe unistuse teokstegemisele . 
6	NA	 Gondvanat ja Koidikut ehitas kogu Maa . 
6	NA	 Ja neis lendasid minema inimesed kõigilt mandritelt . 
6	NA	 Patriotism ei seostunud enam ühe rahvusega . 
7	NA	 Läksid noored . 
7	NA	 Sest lähima elamiskõlbuliku planeedini , Terranoovaks nimetati seda , oli lennata 20 aastat . 
7	NA	 Gondvana ees ja Koidik järel , pidid need kaks laeva asutama esimese koloonia . 
7	NA	 Ja polnud kahtlustki , et koloonia noorimaiks asukateks pidid saama tähtedevahelises ruumis sündinud ja kasvanud lapsed . 
7	NA	 Kosmoselapsed . 
8	NA	 Siis tuli shokk . 
8	NA	 Ja kainenemine . 
8	NA	" Hädasignaal "" Gondvana kutsub Koidikut "" sai hiljem aastasadadeks kurikuulsaks . "
8	NA	 Maa- aastal 2580 , kui Gondvanal veel 8 aastat lennata , püüdis talle järgenud Koidik kinni hädaohusignaali . 
8	NA	" "" Gondvana kutsub Koidikut . "
8	NA	 Meie kolmas tensorgeneraator on rivist väljas . 
8	NA	 Õhurõhk langeb . 
8	NA	 Lendu jätkata ei saa . 
8	NA	 Hädamaandumine Rhadmanthysel . 
8	NA	 Kordan , proovime korraldada hädamaandumise Rhadmanthysel . 
8	NA	" Aidaku meid ju ... "" "
9	NA	 Vaid ühe korra suutis Koidiku radar kinni püüda kaugelt avarustest tuleva SOS-signaali . 
9	NA	 Vaid ühe korra kuvas Koidiku pardakompuuter selle kaptenisillale . 
9	NA	 Kusagil seal tühjuses , 10 aasta kaugusel , üritab inimkonna esimene kaugtähelaev sooritada hädamaandumist tõenäoliselt elamiskõlbmatule planeedile . 
10	NA	 Koidiku kapteni Morozovi otsuse õigsuses ei kahelnud keegi . 
10	NA	 Koidik pidi lendama päästeoperatsioonile Rhadmanthysele . 
10	NA	 10 aastaga ei saanud seal paljud Gondvana asukad ellu jääda , kui üldse keegi sai . 
10	NA	 Keegi ei teadnud seda , kuid Koidikul oli piisavalt ruumi ja varusid , et vähemalt veerand Gondvana inimestest peale korjata . 
10	NA	 Inimene pidi ka kosmoses inimeseks jääma . 
11	NA	 Maa ei saanud enam kuidagi aidata . 
11	NA	 Astronoomia ei tundnud viisi , kuidas piiluda Rhadmanthyst ümbritsevate gaasipilvede taha . 
11	NA	 Ja pealegi olid Maa ressursid niikuinii ammendatud kahe hiigelsuure ruumilaeva ehitamisega . 
11	NA	 Rhadmanthysest ei teadnud keegi midagi , viimase sajandi teadus oli end pühendunud Terranoovale , millest kogutud teadmised lasid arvata , et kui kuskil on olemas paradiisiplaneet , siis on see just seal Terranooval . 
11	NA	 Vaid Terranoova uraani- ja titaanirikkad mäeahelikud said pakkuda Gondvana portatiivsele asulale piisavalt energiat , et ehitada sidepidamisvahendid Maaga . 
12	NA	 Kõige kohutavam oli see , et Koidik lahkus samuti 5 aasta pärast ruumist , kust oli veel võimalik Maaga sidet pidada . 
12	NA	 Hermest , Koidiku miniatuurset sõnumitoojalaeva edukast päralejõudmisest Terranoovale , ei tulnud Maale kunagi . 
12	NA	 Ja kõik katsed leida Terranoovalt märki kolonistide päralejõudmisest ei andnud midagi . 
12	NA	 Kosmos jäi tummaks . 
13	NA	 600 000 Maa parimat poega olid kadunud ilmaruumi avarustesse . 
13	NA	 Keegi ei teadnud , mis sai Gondvanast ja Koidikust . 
13	NA	 26. sajandi lõpuks kadus igasugune lootus . 
13	NA	 Ja kadus ka soov edaspidi ilmaruumi lennata . 
13	NA	 Maa oli end üheks hingetõmbeks kokku võtnud , et paisata avarustesse kaks laeva , mis pidid alustama uut ajastut . 
13	NA	 Esimene tagasilöök oli liiga ränk ja valus . 
13	NA	 Rohkem polnud Maal jõudu ja vist ka tahtmist . 
14	NA	 Tõsi , 2761. aastal lähetati teele Soter , robotitest koosnev pääste- ja luurelaev , mis jäi kursseerima nii kaugel Maast ja nii lähedal Rhadmantysele , et ükskõik kui nõrka signaali edasi saata . 
14	NA	 Kuid Soteri robotid jäid tummaks . 
14	NA	 Soter jäigi sinna kaugele tühjusruumi vaikusesse . 
14	NA	 Iga aasta ja sajandiga kadus lootus Soterilt elumärki kuulda , sest Soteri patareid jäid üha tühjemaks . 
15	NA	 Ja iga sajandiga tuhmus ka mälestus neist vapraist kosmonautidest , kes kunagi hallil ajal teele olid asunud . 
15	NA	 Kaks esimest ruumilaeva muutusid inimkonna ajaloo suurimaiks legendideks . 
15	NA	 Kaptenitest Morozovist ja Carpinist loodi oopereid ja kirjutati raamatuid , nad olid ajastu tähistajad ning ka tulevaste põlvede hoiatajad . 
15	NA	 Soterist sai igaveste täitumata lootuste sümbol . 
16	NA	 Gondvana ja Koidik olid kummati toonud uue ajastu — kosmoselendudeta ajastu . 
17	NA	 Suure Kolonisatsiooni äpardunud algusest oli möödunud üle 500 aasta , Gondvana ja Koidiku lugu oli muutunud müüdiks . 
17	NA	 Aleksandri tehissaarele , keset India ookeani , kust kunagi olid startinud kaks tähelaeva , oli kerkinud memoriaal . 
17	NA	 600 000 nime , kes avarustesse olid kadunud , leidsid kõik igavese jäädvustamise Aleksandri marmoris . 
17	NA	 Usk ja lootus olid sajanditesse haihtunud , alles jäi kultus ning ka igatsus kunagise suuruse järele . 
18	NA	 Aleksandri tehissaare memoriaali alumisel korrusel , klaasist põrandaga ruumis , mis andis sealviibijale imelise kogemuse veealuse elu saladustest , plinkis siiski veel edasi Soteri Kommunikaator . 
18	NA	 Seal käidi kui igavese tule juures , käidi kui templis , mis heiastas pilti vankumatutest robotitest , kes on määratud igaveseks ilmaruumi jääma . 
18	NA	 Soteri patareid olid 500 aastaga väga nõrgaks jäänud . 
18	NA	 Iga sideseanss Maaga vähendas päästelaeva eluiga veelgi , kuid kultus tahtis oma . 
18	NA	 Maailma kalleim turismiobjekt asus Aleksandri saarel ja selle tipphooaeg oli üks päev aastas — 12. juuli , Kommunikatsiooni Päev . 
18	NA	 Tuhanded sektlased ja fanaatikud piirasid oma kaatrite , heljurite ja kopteritega Aleksandrit sel ühel päeval aastas , et osa saada kasvõi nende väheste rikaste ja väljavalitute nägemisest , kes memoriaali alumisele korrusele laskusid . 
19	NA	 Ja Kommunikatsioon ise oli pigem rituaal . 
19	NA	 Sidekeskuse direktor muutus sel päeval preestriks , kes valitud tunnil saab ühenduse kõigekõrgemaga . 
19	NA	" Ainult direktor võis teada Soteri sagedust ja ainult tema lugeda esimesena deskrambleeritud teadet , mis kordus aastast aastasse — "" Siin Soter . "
19	NA	 Kutsun Maad . 
19	NA	 Kutsun Maad . 
19	NA	 Staatusraport : Kõik pardafunktsioonid normaalsed . 
19	NA	 Skaneerimisraport : Kontakti ei ole . 
19	NA	 Kordan , kontakti ei ole . 
19	NA	 Jõudlusraport : Soteri energia 46,786% . 
19	NA	" Lõpp . "" "
20	NA	 Energiat jäi Soteril loomulikult pidevalt vähemaks . 
20	NA	 Osavad tehissaare ärijuhid olid Soteri pearoboti Vitalise elektroonilisele sõnumile juurde kodeerinud inimhääle . 
20	NA	 Iga kaugusest tulev infoühik leidis tähenduse Maapealse arvuti häälevarjundis . 
20	NA	" Ja nii võisid tuhanded huvilised üle maailma kuulda , kuidas vanadusest kähisev robot aasta aastalt oma kuiva ja Maale- jõudmiseks juba ligi 2 aasta vanust sõnumit "" eetrisse "" luges . "
20	NA	 Loomulikult oleks võinud ka robotiga rohkem suhelda , kuid iga ülearune sekund , mis Soter sidepidamiseks kulutas , vähendas tema eluiga ja seega ka Kommunikatsiooni Päeva tähtsust Maale . 
20	NA	 Sidekeskuse arvuti muutis igal aastal Vitalise häält , et see pidevalt vanemana tunduks . 
21	NA	 Ka 3098. aasta Kommunikatsiooni Päev ei pidanud erinema ligi viiesajast eelnenust . 
21	NA	 Soteri ruumi külalisteloozhi kogunesid turistid . 
21	NA	 Ei mingit ärevust , ei mingit erutust , pigem pühalik hardus ja vaikus . 
21	NA	 Sidekeskuse Direktor seadis ennast kommunikatsioonipaneeli taga sisse . 
21	NA	 Tseremoonia võis alata . 
21	NA	 Ja algaski nii nagu alati . 
21	NA	 Määratud hetkel lõid Soteriga ühendusest kõnelevad tablood helendma , üle saali levis vaikne summer . 
21	NA	 Etendust oli harjutatud aastasadu . 
22	NA	 Suurele stereoekraanile tekkis kosmoses helpleva Soteri kujutis . 
22	NA	 Loomulikult polnud see pilt hetkel tegelikust Soterist . 
22	NA	 Kujutis oli salvestatud 200 aastat tagasi , kuid seda teadsid vähesed . 
22	NA	 Ümarik ja pätsjas moodul , mille külgdel kaks solaargeneraatorit ja ninast väljaulatuv ülivõimas radar . 
22	NA	" Kuskil seal sisemuses asusid robotid ja nende isand , ülivõimas ja liikumatu "" vanadusest hall "" Vitalis . "
23	NA	 Viimase visuliseerimist poldud vajalikuks peetud . 
23	NA	 Hääl iseenesest oli piisavalt emotsionaalne vahend olustiku loomiseks . 
23	NA	 Publik kuulas hinge kinnipidades , kuidas elujõudu kaotav vana meeshääl alustas oma igavikulist ettekannet . 
24	NA	" "" Siin Soter . "
24	NA	 Kutsun Maad . 
24	NA	 Kutsun Maad . 
24	NA	 Staatusraport : Kõik pardafunktsioonid normaalsed . 
24	NA	 Skaneerimisraport : Kontakt sagedusel 556,876 ultragratti . 
24	NA	 Kordan kontakt sagedusel 556,876 ultragratti . 
24	NA	" Edastan kontakti salvestuse . "" "
25	NA	 Muusika ! 
25	NA	 Soter edastas muusikat ! 
25	NA	 Pehmed ebamaised helid valgusid üle Sidekeskuse saali . 
25	NA	" See oli ood , see oli "" Ood Kolonisatsioonile "" , mille saatel Gondvana ja Koidik kunagi ammustel aegadel teele olid asunud . "
25	NA	 Oodi poldud Maal unustatud , ta oli muutunud omalaadseks hümniks kadunud pürgimuste ajastule . 
25	NA	 Seda viisi tundis kogu planeet . 
26	NA	 Muusika ei kestnud kaua . 
26	NA	 Selle hääbudes alustas teine hääl . 
26	NA	 Väga nõrgalt ja katkendlikult kostus läbi elektrontormide ragina Soteri poolt salvestatud Kontakt . 
27	NA	" "" Rhadmanthys kutsub Maad . "
27	NA	 Gondvana on elus . 
27	NA	 Koloonia on loodud . 
27	NA	 Kordan , koloonia on loodud . 
27	NA	 Saatkond asus teele uuel Gondvanal Seitsmenda Carpini juhtimisel . 
27	NA	 Me kohtume Maal . 
27	NA	" Rhadmanthys kutsub Maad ... "" "
27	NA	" Ja siis jälle "" Ood Kolonisatsioonile "" . "
27	NA	 Muusika lõppes sama äkki , kui algas . 
27	NA	 Taas kõneles kähisev Vitalise vanurihääl . 
28	NA	" "" Siin Soter . "
28	NA	 Jõudlusraport : Soteri energia 0,785% . 
28	NA	" Soter lõpetab . "" "
28	NA	 Hääl pidas pausi . 
28	NA	 Ta jätkas ebalevalt ja aeglaselt , seades oma elektronajus kokku lauseid , mida inimene kunagi polnud sinna programmeerinud . 
29	NA	" "" Me oleme väga õnnelikud , Maa . "
29	NA	 Meid oli siiski tarvis . 
29	NA	" Hüvasti . "" "
29	NA	 Ekraan edastas endiselt pilti Soterist , nagu ta oli 200 aastat tagasi , ent tegelikult Soterit enam polnud . 
29	NA	 Kontakti edastamise peale kulunud energia ja Vitalise hüvastijätt olid luurelaeva raadioisotoopidel põhinevad termoelektrilised generaatorid tühjaks kulutanud . 
29	NA	 Tegelikult oli Maa kinni püüdnud signaali laevalt , mida ammu enam polnud . 
29	NA	 Soter oli oma ülesande täitnud . 
30	NA	 Keegi ei juubeldanud ega hõisanud , sest teadvustel kulus aega arusaamiseks , et inimrassil seiasb ees taaskohtumine iseendaga . 
31	NA	 Rektor Ghazi trummeldas närviliselt sõrmenukkidega vastu klaaslauda . 
31	NA	 Ta silmad libiseseid nõudlikult üle kolme koosviibija . 
31	NA	 Improviseeritud nõupidamine oli veninud pikemaks ja keerulisemaks , kui ta oli arvanud . 
32	NA	" "" Ma ei taha seda enam kuulda ! "" teatas siis kategooriliselt , "" Ma ei taha kuulda , et me pole valmis . "
32	NA	 Maa ei saa mitte valmis olla . 
32	NA	" Maa on alati valmis kadunud poegi vastu võtma . "" "
33	NA	 Rektor istus koos kahe kaaslasega sõjajõudude kiire ristleja nõupidamistekajutis , mis tuiskas mööda laineid Aleksandri saare poole . 
33	NA	 Peale tema viibisid veel kajutis lühikestes pükstes pisikest kasvu ja kiila pealaega ajaloolane Rodig Koloman ja astrofüüsik doktor Rudolf Savicki . 
34	NA	 Koloman köhis kogu aeg ning sehkendas midagi oma plokknooti aga ei rääkinud midagi , luues niiviisi kena kontrasti pidevalt seletava doktor Savickiga . 
35	NA	" "" Ma kardan , et te ei saanud päris õieti aru , rektor , "" õiendas Savicki . "
35	NA	" "" Loomulikult on Maa valmis , sest ta soovib taaskohtumist , ei mingit kahtlust selles , rektor . "
35	NA	 Kuid ma arvan , et meie teaduslik ettevalmistus nii teoorias kui praktikas on mõnevõrra , kuidas nüüd öelda , mahajäänud . 
35	NA	" Meil seisab ees suurpäev , vahest suurimgi kõigist seniolnud tähtsüdmustest Maa ajaloos aga me ei ole selle vastuvõtmiseks piisavalt arenenud . "" "
36	NA	" "" Oodake nüüd doktor ! "" alustas taas rektor Ghazi . "
36	NA	" "" Teie olete pandud Maa kõige väljapaistvamate teadlaste etteotsa just selle ülesandega , et valmistada ette Gondvana naasemine tähtede juurest . "
36	NA	 Pange tähele , et valmistada ette . 
36	NA	 Aga mitte selleks , et teatada , et me ei ole valmis . 
36	NA	" See teie ettekanne , "" rektor viipas lauallebava paksu kaustiku poole , "" on kahtlemata väga väärtuslik teaduslikult , aga mulle , meile ja kogu planeedile on tarvis teostatavat tegevuskava . "" "
37	NA	" "" Ja sellega tegeletakse , rektor , "" vastas Savicki . "
37	NA	" "" On tekkinud mitmeid raskusi , kuid me loodame et nad kõik on ületatavad . "" "
38	NA	 Aleksandri tehissaare kosmodroom elas nüüd üle oma teist õitsengut . 
38	NA	 Sajandeid muuseumi ja kuulsusrikkale ajastule mälestusmärgina eksisteerinud hiigelkompleks esitas inimkonnale nüüd suure väljakutse . 
38	NA	 Tuli taastada möödaniku võimsaim ehitis . 
38	NA	 Ja mitte ainult taastada , vaid ka tööle panna . 
38	NA	 Miljonid külastajad , kes sajandeid Aleksandrile kui pühamule tormi olid jooksnud , jätsid manduvale kompleksile ka oma jälje . 
38	NA	 Lennujuhtimiskeskuses asus restoran ja peakompuutrisaalis keeglirada . 
38	NA	 Treeningkeskus oli muudetud hotelliks ning kõik need kompleksid , mida turismiäris kasutada ei saanud , olid lihtsalt lagunenud . 
38	NA	 Kevadeti oli juba sajandeid Aleksandri tuulevaiksesse sadamasse poegivad vaalad kogunenud . 
38	NA	 Uus ehitustöö saarel oli veehiiglased sealtki minema ajanud , andes nii loodusteadlastele põhjust muretsemiseks . 
38	NA	 Vaalu oli Maal väga vähe järele jäänud . 
39	NA	" "" Te teate , rektor , milline meeleolu valitseb , "" jätkas doktor Savicki , pöördudes Ghazi poole , kes endiselt oma sõrmenukke vastu lauda trummeldas . "
39	NA	" "" Meilt , teadlastelt oodatakse imet . "
39	NA	 Me peame tööle panema sajanditevanuse kõrgtehnoloogilise kompleksi , millise funktsioneerimise saladustesse puurimine on ülimalt keeruline . 
39	NA	 Veel enam , isegi kui meie ajaloolased suudavad välja selgitada , kuidas siin omal ajal kõik toimis , pole meil vähimatki ettekujutust , milline tulnukate kosmoselaev välja näeb . 
39	NA	 Millist enargiat ta kasutab , kuhu ta üldse saab maanduda ? 
39	NA	" Mida me oma tähesugulastest üldse teame ? "" "
40	NA	" "" See on kõik väga oluline , doktor , "" ohkas Ghazi . "
40	NA	" "" See , kuidas kõik kunagi välja nägi . "
40	NA	 Aga Nõukogu arvates on mõistlik eeldada , et gondvaanalased leiavad mooduse , kuidas Maad teavitada oma saabumise logistilistest üksikasjadest . 
40	NA	 Ja nende teadmistega saab Maal kõik valmis seada . 
40	NA	 Kuid siiski tuleb vähemalt pingutada , et Aleksandri saar mingisugusessegi mõistliku konditsiooni viia . 
40	NA	 Me ei tea ega saagi teada , kui palju meil aega saab olema , kui Gondvanalt esimene signaal tuleb . 
40	NA	" Selles on probleem . "" "
41	NA	" "" Jah , ma mõistan teid täielikult , "" noogutas doktor Savicki . "
41	NA	" "" Ja palju on juba tehtud . "
41	NA	" Hädapärast võib ju kasutada Baikonurigi , kus praegu Soter II ehitatakse . "" "
42	NA	" "" Soter II pole tähelaev , doktor . "" "
42	NA	 teatas rektor Ghazi , et oma teadmistega vähe hiilata . 
42	NA	" "" Soter II on pigem lennuk , mis maalähedaselt orbiidilt peab Gondvanaga esimese kontakti looma . "
42	NA	 Väiksemat tüüpi süstik on see Soter II , aga hetkel on ta meie kosmonautika tippsaavutus . 
42	NA	" Ja ma tahaks ka teie arvamust kuulda , Koloman ! "" pöördus rektor nõupidamise kolmanda osavõtja poole , kes pikemat aega polnud midagi öelnud . "
43	NA	 Koloman tõstis pikkamööda pea oma märkmetelt . 
43	NA	 Teistele juuresviibijaile võis olla jäänud mulje , et Rodig Koloman , maailma tuntuim kosmoseajaloolane , oli senisest keskustelust huviga märkmeid teinud . 
43	NA	 Tegelikult oli Kolomani märkmeplokki tekkinud suhteliselt tõetruu ja kunstipärane joonistus rebasest . 
44	NA	" "" Heal meelel , "" naeratas Koloman ja sulges märkmeploki . "
44	NA	" "" Muidugi ei tea mina ega teised ajaloolased suuremat tehnilisest detailidest . "
44	NA	" Aga mind panevad muretsema ka hoopis muud probleemid . "" "
45	NA	" "" No jagage siis oma muret meiega , "" lausus Ghazi malbelt . "
46	NA	" "" Otsekohe . "
46	NA	 Seni , nagu olen aru saanud , on Nõukogu pingutused keskendunud niiöelda kosmosetehnika reinkarnatsioonile . 
46	NA	 Ja mina ei jagaks siin doktor Savicki pessimismi , et me midagi ei tea . 
46	NA	 Ajaloolasena saan soovitada ludega ajalooalaseid kirjutisi kosmoseajastust . 
46	NA	 Meie töödes peaks enam-vähem kõik kirjas olema . 
46	NA	" Ja lõppude lõpuks , kui meie esivanemad kosmodroomi ehitamisega hakkama said , siis peaksime meiegi . "" "
47	NA	" "" Ja milles siiski seisnevad siis ajaloolaste mured ? "" küsis rektor Ghazi . "
48	NA	" "" Ajalugu , "" jätkas Koloman , "" õpetab meile palju , lugupeetavad . "
48	NA	 Eelkõige aga seda , et inimkonna areng on kulgenud pidevas tõusvas joones . 
48	NA	 Inimene on pidevalt arenenud . 
48	NA	 Inimese poolt maasse mahajäetud märgid on lubanud meil taastada endiste aegade pildi ja üpris tõetruult . 
48	NA	 Me teame , mis inimene on olnud ja kuidas elanud . 
48	NA	 Ajalugu aga loomulikult ei anna meile vastust tuleviku kohta . 
48	NA	 Aga Gondvana saabumine esitab meile väljakutse just nimelt tuleviku kohta . 
48	NA	 Sest pole vähimatki kahtlust , et inimkond näeb lähipäevil oma homset nägu . 
48	NA	 Meie esivanemad , kes Maalt minema lendasid , lubatagu mul öelda , esindavad meist kõrgemat rassi . 
48	NA	 See on rass , kes suutis ellu jääda meile tundmatutes Rhadmanthyse tingimustes . 
48	NA	 Ja veel enam , nad suutsid edasi arendada tehnoloogiat , mis nad sinna lennutas , et nüüd naasta . 
48	NA	" Meil seisab ees väga raske psühholoogiline probleem — kohtumine tundmatuga , tundmatu rassiga . "" "
49	NA	" "" No ei naase ju siiski mitte kogu rass , see on vaid saatkond , nagu Sõnum meile ütleb , "" mõtiskles rektor Ghazi . "
50	NA	" "" Pole vähimatki kahtlust selles , et see saatkond ei koosne ühest ega ega kahest inimesest . "
50	NA	" Kui Rhadmanthysel oli võimalik luua koloonia ja Gondvanale taas hääled sisse puhuda , siis on tõenäoliselt oodata ikka suuremat seltskonda , "" arvas doktor Savicki ja lisas muheledes , "" nagu ütleb vanasõnagi — odin na pole ne vojn . "" "
51	NA	 Ghazi muigas . 
51	NA	" "" Teil on kuidagi militaristlikud lähenemised inimkonna parema osa suhtes . "
51	NA	 Ma oskan vene keelt küll , doktor . 
51	NA	 Kuid , jah , olen teiega nõus . 
51	NA	 Gondvana funktsioneerimiseks üksi oleks tarvis ligi 20 000 inimest . 
51	NA	 Rääkimata neid teenindavast personalist . 
51	NA	" Umbes nii ma olen teie töödest arusaanud , Koloman . "" "
52	NA	 Koloman vaatas Ghazi poole . 
52	NA	" "" Oleme kohtumas meist arenenuma ja võimsama rassiga . "
52	NA	 Rassiga , kes suudab ületada tähtedevahelist ruumi . 
52	NA	" Rassiga , kes suutis ehitada kõik selle . "" "
52	NA	 Ja Koloman viipas käega illuminaatori poole , millest varsti pidid paistma hakkama Aleksandri taevassekõrguvad metallkonstruktsioonid . 
52	NA	" "" Me ei tea millist tehnoloogiat nad kasutavad selle uue Gondvana tarbeks . "
52	NA	 Ma poleks sugugi üllatunud , kui tegemist oleks täiesti uue lähenemisega kosmoselennule . 
52	NA	 Ja tõsiasi , et tegemist meie endi sugulastega , ei tee selle mõistmist sugugi lihtsamaks . 
52	NA	 Vaadake , nagu on selgunud , on inimkond viimase 500 aasta jooksul arenenud kahel eri planeedil . 
52	NA	" Siin vanal heal Maal , on tsivilisatsioon ohjeldamatult mandunud ... "" "
53	NA	" "" No kuulge , Koloman ! "" hüüatas rektor Ghazi , "" kosmoselennud pole siiski ainus näitaja tsivilisatsiooni arengu kohta . "" "
54	NA	" Kuid doktor Savicki jagas Kolomani pessimisi : "" Siiski , rektor , "" mühatas ta . "
54	NA	" "" Kunagi ammu suutsid inimesed lennata tähtedele . "
54	NA	 Aga meie praegune tase kujutab endast lootusetut susimist Kuu ja Marsi läheduses . 
54	NA	 Ja seegi on viimase nelja aasta saavutus , kui tekkis vajadus Soter II valmis ehitada . 
54	NA	 Ma oskame kasutada ainult solaarenergiat , mis aga on võimalik ainult suhteliselt väikeses osas Päikesesüsteemis , seal kus Päike on lähemal ja solaarenergiat külluses . 
54	NA	 Isegi Uraanile ei suuda me lennata , õnnetule Plutole lendamine oleks aga praegu praktiliselt võimatu . 
54	NA	" Meie kosmonautikateadlased ammutavad oma teadmisi ajalooõpikutest , mis , lubatagu mul öelda , on ilmunud just tänu härra Kolomani isiklikule entusiasmile . "" "
55	NA	" "" Jah , ma tean seda , "" sõnas Ghazi . "
55	NA	" "" Sellepärast härra Koloman siin ongi . "" "
56	NA	 Koloman köhis taas . 
56	NA	 Ta oli seda juba liiga palju kuulnud , ja mõtles endamisi , et hakkabki ennast varsti geniaalseks ajaloolaseks pidama . 
56	NA	 Tegelikult oli ta enda meelest kõige harilikum ajaloolane , kelle tööala — kosmonautika ajalugu — oli lihtsalt äkki päevakorda kerkinud . 
56	NA	 Kuid hoolimata Kolomani esialgsetest vastuväidetest , oli Ghazi ta Nõukokku surunud . 
56	NA	 Ajalootoimkonna esimehena . 
57	NA	 Koloman oli lapsest saati olnud lootusetu kosmoseromantik . 
57	NA	" Viieaastasena oli talle kustumatu mulje jätnud ooper "" Väljavalitud "" — nostalgiline lugu ennastsalgavaist Koidiku kosmonautidest , kes olid tähelaeval maha surunud "" nahahoidjate "" mässu ja võtnud vastu kangelasliku otsuse minna Gondvanale appi . "
57	NA	 Ooper lõppes ülendava massistseeniga , mille käigus hiiglaslikul laval sulgub eesriie , mis oli kujundatud Koidiku väliskülje järgi , ning seejärel kaob võimas tähelaev udupilve — vastu teadmatusele ja seiklustele . 
57	NA	 Ja üleüldse oli Koloman olnud alati rohkem huvitatud Koidikust kui Gondvanast . 
57	NA	 Gondvana reisjate enamuse moodustasid teadlased , sõdurid ja igatlaadi seiklejad , ning eriti just viimastest nii mõnigi , nagu Koloman väljas elgitas , oli suhteliselt kahtlase minevikuga . 
57	NA	" Oma esimeses populaarses raamatus kosmoseajaloost — "" Nostradamus ja Gondvana "" — oli ta sellele tähelepanu juhtinud . "
57	NA	 Raamat oli talle kaasa toonud nii mõnegi ebameeldiva kohtuprotsessi . 
57	NA	 Kuid hiljem oli ta oma poisipõlve üleelamiste ajel rohkem tegelenud Koidikuga , sest just teise tähelaeva reisijais leidis Koloman rohkem inimlikku entusiasasmi , uudsusiha ja avastasmistungi . 
57	NA	 Koidiku 300 000 elanikust oli valdav osa lihtsad , erilise ettevalmistuseta inimesed . 
58	NA	" "" Meie probleem on selles , kuidas võtta vastu külalist , kelle kohta me praktiliselt midagi ei tea . "
58	NA	" Vähemalt peale selle , et ta on meist palju kõrgemalt arenenud , "" suutis nüüd Koloman järjekordsete köhahoogude vahepealt kraaksuda . "
59	NA	" "" Kuulge , Koloman , te võiksite selle suitsetamise ükskord maha jätta , "" lõikas rektor pahuralt . "
59	NA	" "" Teist on väga raske aru saada , kui te köhite kogu aeg . "" "
60	NA	" "" Ma jätsingi , sellepärast ma köhin , "" lausus Koloman valjusti , aga mõtles hoopis , et tema köhimine annab rektorile ja teistele nõukogulastele hea põhjuse ebameeldivaid tõdesid mitte mõista . "
61	NA	 Nõukogu oli loodud kohe pärast Sõnumi vastuvõtmist Soteri poolt . 
61	NA	 Nagu kogu planeet oli kunagi ühinenud Gondvana ja Koidiku üleslennutamiseks , oli nüüd Nõukogu ülesanne ühendada Maa Gondvana tagasitulekuks . 
61	NA	 Loomulikult polnud see lihtne ülesanne . 
61	NA	 Vanad , soikujäänud teadused tuli üles soojendada , ajaloo hämarustest üles tõsta ja funktsioneerima panna . 
61	NA	 Ja kogu seda füüsikuist , keemikuist , astronoomidest , sõjaväelastest , ajaloolastest ja kellest-kõik-veel koosnevat kremplit pandi juhtima Damaskuse Ülikooli endine rektor Ghazi , kes diplomaadina oli peadpööritavat karjääri teinud . 
61	NA	 Pärast hulgaliste rahuprotsesside lahendamist erinevais kriisikolletes oli Ghazi saavutanud hiilgava lepitaja maine . 
61	NA	 Kriisikoldeid oli palju , enam polnud Maal gondvaanaajastu , mil kogu planeet oli ühes rütmis hinganud . 
61	NA	 Kuid mitte ainult diplomaadikarjääri pärast ei valitud Ghazit Nõukogu etteotsa . 
61	NA	 Ghazi ema polnud araablanna , vaid itaallanna , kelle sugupuu ulatus tagasi legendaarse kapten Carpinini , Gondvana kaptenini . 
61	NA	 Ja Sõnumis sisaldunud osundus Seitsmendale Carpinile oli Nõukogu suunanud ideele leida ka maalaste seast Carpinide suguvõsa seitsmenda põlve esindaja , kes oma tähesugulase vastuvõtmist korraldaks . 
61	NA	 Seitsmendaid polnud enam elus . 
61	NA	 Ghazi oli kümnendast põlvest . 
61	NA	 Otsingud Carpinide suguvõsas ei kestnud kaua . 
61	NA	 Esiteks polnud selle tõepoolest iidse suguvõsa kindlakstehtavaid järeltulijaid enam palju alles jäänud . 
61	NA	 Ja neist , keda õnnestus üles otsida , ületas Ifthikar al-Burusqi Ghazi kanditatuur kõik ülejäänud . 
61	NA	 Sest sümbolism oli siin ilmne . 
61	NA	 Kapten Dino Carpini , kes Gondvana kaptenisillal oli pidanud kunagi ammu vastu võtma otsuse hädamaandumisest mõistatuslikule Rhadmanthysele , polnud senimaani Carpinide klanni kõige tuntum esindaja . 
61	NA	 Kapten Dino Carpini oli ju ikkagi legendaarse ränduri Giovanni del Piano-Carpini , kuulsa Assisi Franciscuse kaaslase ja frantsiskaanide ordu asutaja järeltulija . 
61	NA	" Gondvana teeleasumise eel kaevasid ajaloolased välja Giovanni del Piano-Carpini raamatu 1250. aastast — "" Mongalite ajaloo "" . "
61	NA	 Ja see 13. sajandi Euroopa jaoks nii kangelaslik ja uskumatu reisijutt sai 26. sajandi maailma meelislektüüriks . 
62	NA	 Nüüd aga , aastal 3102 istus Carpini suguvõsa maapealsem kuulsaim esindaja rektor Ghazi sõjalaeva pardal ja keerutas mõtlikult vuntsi . 
62	NA	 Kõigi pilgud pöördusid rektori poole , kui temagi köhatas ja lausus . 
63	NA	" "" Ma arvan , et teeks väikse kokkuvõtte . "
63	NA	" Niisiis , Koloman , mida te soovitate ? "" "
64	NA	" "" Ma arvan , et Soter II tuleks varustada kõige põhjalikemate skaneerimisseadmetega , mis meil hetkel üldse olemas on . "
64	NA	" Gondvanale tuleks teha midagi röntgenitaolist Ja enne maandumisloa andmist peaks nad kogu kupatusega karantiini suunama . "" "
65	NA	 Ghazi noogutas . 
65	NA	" "" Ilmselt on see võimalik . "
65	NA	" Teie arvamus , doktor ? "" "
66	NA	 Savicki kratsis kukalt . 
66	NA	" "" Mnjah . "
66	NA	 Teoreetiliselt küll . 
66	NA	" Kuid millise eesmärgiga , Koloman ? "" "
67	NA	" "" Ikka selle samaga , doktor , "" vastas Koloman . "
67	NA	" "" Enne külaliste vastuvõtmist tuleb neid põhjalikult tundma õppida . "" "
68	NA	" "" Kuid Gondvana pole ju mingi külaline , "" protesteeris Savicki . "
68	NA	" "" Nad on ju inimesed , samasugused nagu meiegi . "
68	NA	 Nad on meie esivanemad . 
68	NA	 Teate üldse , kui palju inimesi on koondunud praegu Täheliigasse , mitu miljonit , kui ma õieti mäletan . 
68	NA	 Need on inimesed , kes on oma sugupuud uurinud , leidnud sealt Gondvana ja Koidiku pardale asunud esiisasid . 
68	NA	 Ja ootavad neid kui kangelasi . 
68	NA	 Aga teie soovitate neid esmalt röntgenisse suunata ! 
68	NA	" See on naeruväärne , Koloman . "" "
69	NA	" "" Naeruväärne või mitte aga seda ma soovitan , Savicki . "" "
70	NA	" "" Mulle tundub mõnikord , Koloman , et te olete apokalüptikute mõju alla sattunud , "" urises Savicki . "
71	NA	 Apokalüptikuteks kutsusti paarisada fantaasialembelist aktivisti , kes kuulutasid teooriat , et Gondvanana esineb verejanuline tulnukate rass , kes Maa eufooriat ja heatahtlikkust ära kasutades tahab planeedi vallutada . 
71	NA	 Keegi ei võtnud neid eriti tõsiselt . 
71	NA	 Savicki oli nende peale eriti vihane . 
71	NA	 Ta nimetas apokalüptikute õpetuse Trooja hobuse sündroomiks . 
72	NA	" "" Olgu peale , doktor , "" sõnas Ghazi , "" veel , Koloman , mis teil veel mõttes on ? "" "
73	NA	 Koloman pöördus Savicki poole . 
74	NA	" "" Palju te meile aega annate , doktor ? "
74	NA	" Millal Gondvana saabub ? "" "
75	NA	" "" Noh raske on muidugi täpselt öelda , aga lähema kahe aasta jooksul peame me suutma mobiliseerida kõik jõud , et ... "" "
76	NA	 Ghazi muigas jälle . 
76	NA	" "" Kuulge Savicki , miks teil kõik need ütlemised ikka nii sõjaväelislikud on ? "
76	NA	 Mobiliseerida kõik jõud ? ! 
76	NA	 Öelge lihtsalt , millal te siis Gondvana saabumist ennustate . 
76	NA	" Või hästi , ei ennusta , "" ruttas rektor lisama , nähes Savicki grimassi . "
76	NA	" "" Ei ennusta , vaid prognoosite ? "" "
77	NA	" "" Nagu ütlesin , on meie arvates kaks aastat igati mõistlik aeg , arvestades teatavat teaduslikku progressi , mis Rhadmanthysel ilmselt aset on leidnud . "
77	NA	" Kui rehkendame nii , et Gond ... "" "
78	NA	" "" Vaal ! "
78	NA	" Näete , vaal ! "" karjatas ootamatult Ghazi ja tormas illuminaatori poole . "
78	NA	 Rektori silmad põlesid lapselikust erutusest , kui ta tooli ümberpaisates kohalt kargas . 
78	NA	 Ka Savicki ning Koloman vedrutusid oma istmetest ja jooksid illuminaatori poole . 
79	NA	" "" See on sibaldus musculus , "" tähendas Savicki vaikselt , "" sinivaal . "
79	NA	" Suurim imetaja , kes kunagi Maa ookeanides elanud . "" "
80	NA	" "" Ja sööb ainult planktonit . "
80	NA	" Niipalju , kui seda on veel järgi jäänud , "" pomises Koloman mõtlikult . "
81	NA	 Kuid Ghazi ei kuulnudki neid . 
81	NA	 Vaimustunult jõllitas ta läbi illuminaatori laevast veerand miili kaugusel veepinnal liuglevat sinkjasmusta siluetti . 
81	NA	 Vaala hiiglaslik kere lõikas lained majesteetliku rahuga . 
81	NA	 Ta ujus ristlejale vastassuunas , eemale Aleksandri saarest , kuhu sajandeid oli inimene tahtmatult vaaladele parima võimalikest poegimiskohtadest loonud . 
82	NA	 Mehed seisid illuminaatori ees niikaua , kuni vaal vaateväljalt kadus . 
83	NA	 *** 
84	NA	" "" Soter II on esimesel liinil , rektor ! "" ütles pehme naisehääl vaikselt , kuid tungivalt rektor Ghazi kuularites . "
84	NA	" "" Ma ühendan . "" "
85	NA	" "" Loomulikult . "" "
85	NA	 Ghazi tõstis sõrme . 
85	NA	" "" Tähelepanu , mehed . "" "
86	NA	 Lennujuhtimiskeskusest restoraniks saanud ja siis jälle sajandite pärast taas esialgse ilme omandanud hiiglaslikus saalis Aleksandri tehissaare kosmosekompleksis võttis maad vaikus . 
86	NA	 Ruumi seintele paigaldatud helendavad ekraanid edastasid otsepilti Soter II-lt , mis asus Maalt juba väga kaugel . 
86	NA	 Nii kaugel , kus ükski kosmoselaev polnud viibinud juba viissada aastat . 
86	NA	 Soter II oli ehitatud samasuguse skeemi alusel kui tema ristiisa , robotitelaev Soter , mille isandale Vitalisele olid inimesed püstitanud juba mälestusmärgi . 
87	NA	 Oma põhikujult meenutas Soter II küllaltki väga esimest luurelaeva . 
87	NA	 Samasugune alumiiniumist pätsjas ja ümarik kuju kahe mooduliga külgedel . 
87	NA	 Tagaosas paistsid nelja ioonimootori üüratud väljalasketorud . 
87	NA	 Kuid sedapuhku oli tegemist mitu korda väiksema isendiga . 
87	NA	 Loomulikult mitte ainult sellepärast , et Soter II ei pidanud oma eellase kombel skaneerima lõputuid ilmaruumi avarusi , vaid Maale suhteliselt lähedal asuvat ruumi . 
87	NA	 Soter II oli lootsilaev ja sellisena oma kauge eellase hale koopia . 
87	NA	 Erinevuseks olid veel suured solaarpaneelide read Soter II külgedel ning Kolomani initsiatiivil installeeritud skaneerimissüsteem . 
88	NA	 Kolmas suurem erinevus esimesest Soterist seisnes selles , et seal kus algses variandis asusid robotite toiteplokid ning teenindusruumid , olid nüüd inimeste kajutid . 
88	NA	 Soter II oli mehitatud lootsilaev . 
89	NA	 Soter II kasutas solaarenergiat ja ksenoonkütust ning töötas igivana ioonjõu põhimõttel , millest juba esimese Gondvana üleslennutamise ajaks oli ammuilma loobutud . 
89	NA	 Ka ioonreaktiivjõu põhimõtte oli taasavastanud õigupoolest ajaloolane Koloman , mitte mõni füüsik . 
89	NA	 Soter II energiaallikaks oli elektrijõud , mis tuli solaarpaneelidelt . 
89	NA	 Nõukogu oli algul , kohe pärast Sõnumi vastuvõtmist alustanud tööd keemilise reaktiivjõu arendamisega , kuni Koloman pakkus välja kümme korda võimsama ioonreaktiivjõu , mis talle arhiividest ettesattunud materjalide põhjal nii südamelähedane oli . 
89	NA	 Tema põhiargumendiks oli , et just lihtsat kütuse ioniseerimismeetodit kasutades oli inimkond umbes tuhat aastat tagasi lennanud esimest korda komeedile ja Marsile . 
90	NA	 Ioonireaktiivjõud kasutab õõneskatoodi , tootmaks elektrone , et need kokkupõrkes ioniseeriksid ksenooni . 
90	NA	 Ksenoonioon kiirendub elektrostaatiliselt 1400 voldini ja paiskub välja läbi molübdeenvõrgustiku . 
90	NA	 Samal ajal suunatakse teine elektronkiir tootma neutraalplasma kiirt ja neid omavahel balansseerides ongi võimalik kiirust suurendada ja vähendada . 
91	NA	 Lendu kontrollivas Keskuses Aleksandri saarel algas valmisolek number 1. 
91	NA	 Rektor Ghazi istus keskpuldi taga , tema kõrval kaks Maa ainsat lennukoordinaatorit ning nende seljataga doktor Savicki . 
91	NA	 Soter II pardal oli 20 meest , nende seas ka Koloman . 
92	NA	 Lennujuhtimiskeskuse personal keskendus sideseansile . 
93	NA	 Kõige suuremale keskmisele ekraanile ilmus kujutis Soter II meeskonnaruumist . 
93	NA	" "" Kaadris "" oli kapten Hrkac . "
93	NA	 Tema seljataga tuvastas Ghazi vilksatamas Kolomani näo . 
94	NA	" "" Siin Soter II . "
94	NA	" Näen teid , Maa . "" "
95	NA	" "" Olete pildil , Soter II , "" vastas koordinaator , "" Kuulen teid hästi . "
95	NA	" Kandke ette . "" "
96	NA	" "" Tensorradar on midagi välja peilinud . "
96	NA	 Midagi väga suurt . 
96	NA	 Ta ei tahtnud seda algul ise uskuda . 
96	NA	 Lülitas ennast välja ja alustas uuesti . 
96	NA	 Nüüd peaks signaal juba ka teieni jõudma . 
96	NA	" Vaadake ise . "" "
97	NA	 Ghazi vaatas Maa radarimeeskonna poole , nood toksisid oma arvuteid , kuid raputasid siis päid . 
98	NA	" "" Meil pole veel midagi , Soter II , "" ütles koordinaator . "
98	NA	" "" Me peame kanalid ümber lülitama . "" "
99	NA	" "" Siis võiksite seda teha küll , "" kostis Hrkac . "
99	NA	" "" Ma ütlen , et meie radar on täitsa arust ära . "" "
100	NA	 Kolomani pea ilmus äkitselt Hrkaci kõrvale . 
101	NA	" "" Kuulge , Maa , "" hõikas Koloman ja lehvitas tobedalt . "
101	NA	" "" See peab seal ikka olema tõeline purakas . "
101	NA	 Oleme suure kala kinni püüdnud . 
101	NA	 Aga nad ei edasta veel midagi . 
101	NA	" Kui nad näevad , et me vastas oleme , peaks nad side sisse lülitama . "" "
102	NA	" "" Olete kindel , et see on Gondvana , mitte asteroid ? "" hõikas nüüd Ghazi erutunult . "
103	NA	" "" Kursi järgi kindlasti mitte asteroid . "
103	NA	 Nii suur ta ka ei ole . 
103	NA	 Ka kiirus on tugevalt suurem . 
103	NA	" Ootame ära , "" vastas Hrkac . "
104	NA	" "" Käes ! "" kostis radarimeeskonna poolt . "
104	NA	 Ekraanidele ilmus Soter II peilingusignaal . 
105	NA	 Ja Maa teadlased jõllitasid juhmide nägudega hüplevat elektronmaailma , mis edastas pilti Soter II-le kiiresti lähenevast hiiglaslikust ühikust . 
105	NA	 Ja kuigi tegu oli vaid kujuteldavate numbrikombinatsioonidega arvutimälus , mõjus vaatepilt Ghazile ometigi äärmiselt suursuguselt . 
105	NA	 Ootamatult meenus talle paar aastat tagasi nähtud vaal . 
105	NA	 Ghazi tundis mingit ängistust . 
105	NA	 Ta mõtles neile miljonitele , kes praegu igal pool üle Maa hakkavad kogunema , et majasuurustelt ekraanidelt oma tähesugulaste saabumist jälgida . 
106	NA	" "" Signaal vastu võetud , "" kuulis Ghazi koordinaatorit ütlemas . "
107	NA	 Doktor Savicki müksas Ghazit . 
107	NA	" "" Kuulge , mäletate seda Gondvana kontakti Soteriga ? "
107	NA	" Sõnumit , noh ? "" sositas ta . "
108	NA	 Loomulikult Ghazi mäletas . 
108	NA	 Sõnumit teadis peast peaaegu iga maalane . 
108	NA	 Sõnum kõrgemalt sugulasrassilt , kes suutis ületada ilmaruumi , kes ei pidanuks seda mäletama ? 
109	NA	" "" Vaadake , rektor , ma olen ammu mõelnud , "" jätkas Savicki sosinal , kui Hrkac edastas kuivi tehnilisi andmeid , millest Ghazi midagi ei mõistnud . "
109	NA	" "" et kas nad Gondvanal ka teadsid , et nende sõnum on Soterini jõudnud ? "
109	NA	 Loomulikult , ma saan aru , et ajavahe võis olla liiga suur , mitu aastat ilmselt , aga siiski . 
109	NA	 Sest vaadake , kui nad äkki teadsid , et Soter nende läkituse üles korjas , võisid nad ju ka miskit muud edastada . 
109	NA	" Mõningaid tehnilisi parameetreid näiteks ? "" "
110	NA	" "" Mis siis , "" vastas Ghazi samuti sosinal , kuigi selleks puudus ilmne vajadus . "
110	NA	" "" Mis siis sellest . "
110	NA	 Nüüd on nad meil varsti igaljuhul sideulatuses . 
110	NA	 Juhul muidugi , kui see o n Gondvana , mis sealt läheneb . 
110	NA	 Minu arvates meenutas Sõnum pigem sellist pimedat lootust , et äkki keegi kuuleb . 
110	NA	 Mäletate , doktor , ühest taolisest katsest , SETI oli vist selle nimi , on ka juttu ühes Kolomani raamatus . 
110	NA	 Juhuse ja hea õnne peale saadetud läkitus ilmaruumi , mille inimkond saatis teele kuskil 1200 aastat tagasi . 
110	NA	" Gondvana Sõnum oli just nimelt sama liiki teatis — lootus , et äkki keegi ... "" "
111	NA	" "" Ei , seda küll , "" ei jätnud Savicki , "" aga Soter võis ju üles korjata vaid mõne fragmendi Gondvana läkitusest . "
111	NA	 Mäletate , seal oli jutt ja siis Ood Kolonisatsioonile ja siis hakkas sama jutt jälle korduma . 
111	NA	" Aga seal võis ju olla palju rohkem , sest ega siis Soter ei pruukinud k o g u signaali kätte saada . "" "
112	NA	" "" Olgu peale , Savicki , mida te tahate siis lõpuks öelda ? "" "
113	NA	" "" Ma ei tea isegi , lihtsalt oletan . "
113	NA	" Et äkki arvab Gondvana , et me teame neist palju rohkem , kui me tegelikult teame . "" "
114	NA	" "" Mida me selle oletusega praegu pihta hakkame ? "" ei mõistnud Ghazi . "
114	NA	" "" Ootame ära , kuni nad ühendusse astuvad . "" "
115	NA	" "" Mõnikord tuleb lihtsalt oma sisemisi instinke usaldada , rektor . "" "
116	NA	" "" Ja mida need instinktid teile räägivad ? "" "
117	NA	" "" Seda , et ka Gondvanal on ees kohtumine talle täielikult tundmatu ja mõistmatu maailmaga . "" "
118	NA	" "" Siis te hakkate juba Kolomani moodi kultuurikonfliktidest rääkima . "
118	NA	" Nii või ? "" "
119	NA	 Savicki pobises midagi habemesse ja tõmbus tagasi . 
119	NA	 Ka temale meenus millegipärast India ookeani lainemassidel lendlev vaal . 
119	NA	 Kui sideseanss lõppes , läks doktor oma kambrisse , jõi sidruniga teed , kuulas diksiländmuusikat ja heitis magama . 
120	NA	 Kosmoseavarustes heljuv Koloman aga igatses Maa järele , sest hoolimata kogu romantikast ei kannatanud ta sugugi kaaluta olekut . 
120	NA	 Ja üleüldse ei meeldinud talle mõte , et just tema kui ajaloolane valiti välja uue Gondvanaga esimese kontakti loomiseks . 
120	NA	 Parem oleks see võinud olla mõni tseremooniameister või telediktor . 
120	NA	 Kuid siiski tahtis ta olla esimene , kes vaatab röntgenpilti Gondvanast . 
121	NA	 Sõnum , et Gondvana läheneb Soter II-le levis kulutulena üle Maa . 
121	NA	 Inimkonna kõige vaprama põlvkonna järeltulijad on tagasi saabumas . 
121	NA	 Kõrgem rass , kes tuleb Maale teadust tooma uusimatest tehnikasaavutustest ja inimvõimetest . 
121	NA	 Kadunud poja tagasitulek . 
121	NA	 Täheliigasse koondunud miljonid kodanikud pidutsesid — sugulased on tulekul . 
121	NA	 Maa erinevais paigus puurisid inimesed vanu etnograafia-alaseid teatmeteoseid , et kaugetele külalistele iidsete kommete järgi vastuvõttu pakkuda . 
121	NA	 Müütide ja legendide kangelased olid ihulikku kuju võtmas . 
122	NA	 Milline tunne võib olla kohata tõesti elavat legendi ? 
122	NA	 Kas ta vastab meie ootustele ? 
122	NA	 On ta tegelikkuses sama sangarlik ja võimas kui meie ettekujutusis ja müütides ? 
122	NA	 Inimene ei hakkanud neid küsimusi endale esitama . 
123	NA	 Mõistatuslik hiidese , mille Soter II radar tuvastas , o l i Gondvana . 
123	NA	 See sai selgeks siis , kui Aleksandri saarel oli südaöö ja ka saare päevatsükliga harjunud Koloman proovis Soter II-l und leida . 
123	NA	 Kui ta peaaegu oligi juba tukastanud , kõlas pardal madal summertoon ja unine Koloman virgus morni näoga . 
124	NA	 Lootsilaev oli signaali kinni püüdnud . 
124	NA	 Sest muidu vaid mustjalt kahisev radarikuvar sättis ennast visalt õigele lainepikkusele , sealjuures äärmiselt ebameeldivaid hääli tehes . 
124	NA	 Koloman hõljus radariruumi , kus ülejäänud kosmonaudid olid juba ühendust võtnud Aleksandri saarega . 
124	NA	 Kapten Hrkac polnud kaks ööpäeva silmatäitki maganud . 
124	NA	 Tal oli hea meel , et nüüd langeb suurem osa kohustustest selle kiilaka ajaloolase kanda . 
125	NA	 Soter II meeskond jälgis pingsalt radarikuvarit . 
125	NA	 Kuskilt kaugel avarustest tuli signaal . 
125	NA	 Kontakt . 
125	NA	 Tensorradari ekraanil oli Gondvanaks peetud hiidese samuti juba Soter II-le äärmiselt lähedale jõudnud . 
126	NA	" "" Me peaks teda varsti nägema , "" ütles Hrkac haigutades . "
126	NA	" "" Ilmselt pole keegi kunagi midagi suuremat näinud . "
126	NA	 Radari järgi otsustades on see kõige suurem asi maailmas . 
126	NA	" Võimas vaatepilt saab see olema , mis , Koloman ? "" "
127	NA	" "" Ma olen vaala näinud , kapten . "
127	NA	" Kõige suuremat elavat asja maal , sinivaala . "" "
128	NA	" "" Nojah , võimalik , igatahes on see nende kosmoselaev küll suurem kui teie vaal . "" "
129	NA	 Jah , mõtles Koloman . 
129	NA	 Gondvana on kõige suurem kosmoselaev . 
129	NA	 Ja Gondvana oli ka kõige suurem manner . 
129	NA	 Liiga palju 'kõige suuremaid' asju . 
130	NA	" "" Maal käib praegu pidu , "" hõikas sideohvitser oma seadeldiste tagant . "
130	NA	 Üks tema monitor edastas telesignaali Maalt . 
130	NA	 Parasjagu oli eetris saade Kolomanist . 
130	NA	" "" Te olete kuulus mees , Koloman . "
130	NA	" Kõige suurem ajaloolane , nii nad räägivad . "" "
131	NA	" "" Jälgige parem , mida Aleksandri saar räägib ! "" nähvas Koloman . "
132	NA	 Kuid siis tuli pilt Gondvanalt läbi . 
132	NA	 Ekraanil oli mehe nägu . 
132	NA	 Mis muud seal saanukski olla , mõtles Koloman . 
132	NA	 Häält veel ei olnud , kostus vaid ebamääraseid kahinaid . 
132	NA	 Mees vaatas otse ekraanilt Soter II meeskonna jahmunud nägudesse . 
132	NA	 Mees avas suu . 
132	NA	 Häält ikka veel ei olnud . 
132	NA	" Kuid huulte liikumise järgi võis aru saada , et mees ütles "" Gondvana "" . "
132	NA	 Jällegi mõtles Koloman , et mida muud ta saanukski öelda . 
132	NA	 Pilt Gondvanalt läks läbi Soter II otse Maale . 
132	NA	 Ka Aleksandri saarel ning miljoneis kodudes , linnaväljakutes ja kõrtsides üle kogu planeedi jälgisid inimesed oma tähesugulase esimest etteastet . 
133	NA	 Mees oli ilus . 
133	NA	 Seda võis kindlasti öelda . 
133	NA	 Lumivalge nahk , ent tumedad juuksed , mis raamistasid nurgelist nägu . 
133	NA	 Helepruunid silmad . 
133	NA	 Loiud silmad , mõtles Koloman , neis peaks olema rohkem ärevust . 
133	NA	 Palju rohkem . 
133	NA	 Mehe nina oli terav . 
133	NA	 Kui gondvaanalane rääkis , paljastas ta oma kaunid lumivalged ja teravad hambad . 
134	NA	 Kaadris oli ainult tulnuka nägu . 
134	NA	 Õlgu ei paistnud , polnud arusaada , mida ta seljas kandis . 
134	NA	 Ka taustapilti polnud võimalik eristada . 
134	NA	 Mehe tagant paistsid vaid mingid hägused varjud . 
135	NA	" "" Kui kaugel nad on ? "" päris Koloman sideohvitserilt . "
136	NA	" "" Päris lähedal , paari tunni pärast peaks me neid nägema . "" "
137	NA	" "" Järelikult saadavad nad signaali väga lühikese vahemaa peale . "
137	NA	 Miks ? 
137	NA	" Ilmselt oleks pilt võinud tunduvalt varem läbi tulla ? "" päris Koloman . "
138	NA	" "" Mida väiksem vahemaa , seda parem kujutis , "" vastas sideohvitser . "
138	NA	" "" Tõenäoliselt pole aga neil pardal lihtsalt võimsaid translaatoreid . "
139	NA	" "" Kuulge , tõesti , "" sekkus Hrkac . "
139	NA	" "" Ka Sõnum tuli ju ikkagi Rhadmanthyselt , mitte Gondvanalt . "" "
140	NA	 Nägu ekraanil oli endiselt tumm , kuigi rääkis midagi ja väga aeglaselt . 
140	NA	 Huvitav , mis keeles ta räägib , mõtles Koloman . 
140	NA	 Sõnum oli olnud loomulikult inglise keeles , mis oli Maal väga levinud , kui Gondvana ja Koidik teele asusid . 
140	NA	 Kuid mõlema laeva rahvastik oli olnud väga kirju . 
140	NA	 Olelusvõitluses võis mõni muu keel peale jääda . 
141	NA	 Mees Gondvanalt näitas kätega mingeid sümboleid . 
141	NA	 Viimastest oli võimatu aru saada . 
141	NA	 Miks nad ei võiks mõnda videot või muud visuaalset pilti edastada , ei saanud Koloman aru . 
141	NA	 Üldse jäid talle paljud asjad Gondvana läkitusest arusaamatuks , sest kontakt ei kestnud kaua . 
141	NA	 Mees naeratas ja see tundus väga siiras . 
141	NA	 Ning siis ta l e h v i t a s. 
141	NA	 Kolomani arvates äärmiselt tobedalt . 
141	NA	 Signaal katkes . 
142	NA	 Aleksandri saare juhtimiskeskus oli kõike jälginud ja vähemasti Ghazi oli pettunud . 
142	NA	 Ei mingeid tehnilisi parameetreid . 
142	NA	 Kuidas peaks see hiiglasuur jurakas maanduma ? 
142	NA	 Milliseid erisoove neil on ? 
142	NA	 Kas nad leiavad Maalt kütust või on see neil kaasas ? 
142	NA	 Ilmselt liiga vara tahan ma kõike teada , arvas ta . 
142	NA	 See , et mees ekraanilt oli tema sugulane , ei suutnud Ghazis mingit emotsiooni tekitada . 
143	NA	 Kuid Maa juubeldas . 
144	NA	 Gondvana ilmus tõepoolest Soter II nägemisulatusse mõne tunni pärast . 
145	NA	 Gondvana oli majesteetlik . 
145	NA	 Ta ei olnud valge , nagu Koloman oma kujutlusis millegipärast arvanud . 
145	NA	 Gondvana oli roheline . 
145	NA	 Tema majesteetlikkus seisnes kõigepealt tema suuruses . 
145	NA	 Kahtlemata oli Gondvana kõige suurem asi , mida inimkäed kunagi valmis on ehitanud . 
145	NA	 Vaid Aleksandri tehissaar India ookeanis võis suurem olla . 
145	NA	 P i d i suurem olema , mõtles Koloman . 
145	NA	 Uus Gondvana oli palju suurem kui esimene , mis kunagi Maalt Terranoovale startis . 
145	NA	 Esmapilgul ei suutnud Koloman sugugi eristada originaalse tähelaeva ehituslikke osi . 
145	NA	 Paistis , nagu oleks tähelaev Rhadmanthysel uue kerega kaetud . 
145	NA	 Võis aru saada vaid üksikutest detailidest . 
145	NA	 Ja ega rohkem nagunii ei paistnud . 
145	NA	 Liialt väikesed oli selleks Soter II illuminaatorid ja kaamerad , et kogu tähekülaliste ruumilaeva suurusest aimu saada . 
145	NA	 Gondvana oli midagi väga suursugust . 
145	NA	 Selle oli ehitanud tõepoolest kõrgem rass . 
146	NA	 Soter II meeskond oli keeletu . 
146	NA	 Ega polnudki üksteisele midagi öelda . 
146	NA	 Illuminaatoreist paistev Gondvana rääkis ise enda eest . 
146	NA	 Kaks laeva , äbarik Maa lootsilaev ja hiiglaslik , inimkonna hällist lahkunud osa ruumilaev seirasid üksteist . 
147	NA	" "" Signaal ! "
147	NA	" Kontakt ! , "" röögatas sideohvitser Soter II-l . "
147	NA	 Taas hakkas radarikuvar kahisema . 
147	NA	 Koloman haaras mingist veidrast hoovast ja üritas ennast ekraani eest eemale heljutada . 
148	NA	" "" Kuhu te lähete , Koloman ? "" päris kapten Hrkac . "
149	NA	" "" Skaneerimisruumi , "" vastas Koloman . "
149	NA	" "" Meie aparaadid pole eriti suure võimuseega . "
149	NA	" Praegu on Gondvana meile parajalt lähedal . "" "
150	NA	" "" Aga side , kes nendega räägib ? "" protesteeris jahmunud kapten . "
151	NA	" "" Ma olen kohe tagasi , see ei võta kaua , "" rehmas Koloman ja suutis end heljuma lükata . "
152	NA	 Võibolla oli Kolomani ehmatanud Gondvana suurus ja majesteetlikkus . 
152	NA	 Võibolla oli see kummaline lähedustunne tundmatuga . 
152	NA	" Igal juhul teadis ta , et ei saa enne Kontaktile asuda , kui on oma "" röntgenipildi "" kätte saanud . "
153	NA	 Aparatuur polnud eriti keeruline . 
153	NA	 Kolomanil tuli vaid sisse lülitada ühendus toiteplokiga ning genereerida skaneerimiskiir ning siis seda arvutist suunata üle Gondvana pinna . 
153	NA	 Seejärel tuli lasta arvutil ise otsida parameetrid , lasta ta kohaneda skaneeritava pinnaga . 
153	NA	 Mida ta lootis leida ? 
153	NA	 Ta ei teadnud isegi . 
153	NA	 Seitsmenda Carpini tumm pöördumine , tema loiud silmad ning tobe lehvitus ei andnud vastust ühelegi Kolomani küsimusele . 
153	NA	 Aga tal oli neid palju ja ta polnud söandanud neid kunagi Nõukogu ees sõnastada . 
153	NA	 Mitte et Koloman poleks uskunud Gondvana tõepärasusse . 
153	NA	 Kui enamikule inimestele olid Gondvana ja Koidik vaid müüdid ja kultusobjektid , siis Kolomanile oli tõsiteaduslikult võetav uurimismaterjal . 
154	NA	" "" Röntgen "" oli nüüd töökorras . "
154	NA	 Skaneerimisruumist ei näinud Koloman Gondvanat , siin polnud illuminaatorit . 
155	NA	 Ta liigutas käe all kiire juhtkuuli ja tema ette tekkis pilt Gondvana sisemusest . 
156	NA	 Aleksandri saare juhtimiskeskus vaatas uut Gondvana läkitust . 
156	NA	 Ghazi kõrval istus tõlk , kelle ülesandeks oli lugeda Seitsmenda Carpini huulilt sõnu . 
156	NA	 Seni aga polnud tõlk oma ülesandega hakkama saanud . 
156	NA	 Gondvana keel oli talle tundmatu . 
156	NA	 Üksikutest sõnadest suutis ta küll aru saada , kuid kogu läkituse sisust mitte . 
157	NA	" "" Miks teie veel Gondvanale midagi ei edasta , Soter II ? "" päris Ghazi nõudlikult . "
158	NA	" "" Esiteks pole Koloman veel valmis . "
158	NA	" Teiseks ei suuda me kuidagi nende sagedust tuvastada , "" vastas Hrkac . "
159	NA	 Koloman aga skaneeris Gondvana sisemust . 
159	NA	 Üldiselt kujutas ta tegevus endast sisuliselt pimedas kobamist . 
159	NA	 Ta pidi kiirt juhtima ilma mingi orientiirita . 
159	NA	 Kõigepealt sattus ta mootoritesektsiooni . 
159	NA	 Pilt oli udune ja hägune ning tehnikaseadeldised polnud ka need , mida Koloman otsis . 
159	NA	 Reaktiivmootorid töötasid ilmselt talle senitundmatul tehnoloogial . 
159	NA	 Selge oli ka see , et Rhadmanthysel veedetud sajandid on Gondvana tehnoloogiat oluliselt täiendanud . 
159	NA	 Kuid ta tahtis näha inimesi , mitte masinaid . 
159	NA	 Gamma- ja soojuskiirguse vahet Koloman ei teadnud . 
159	NA	 Siiski oskas ta aparaadi ümber seadistada nii , et et see otsiks elusolendeid . 
159	NA	 Jah , ka Maal oli teadus edasi liikunud . 
159	NA	 Kolomani aparaat suutis gammakiirte läbitungivusele telepildi juurde pookida . 
160	NA	 Kõige parem oleks kaptenisild üles leida , mõtles ajaloolane . 
160	NA	 Ta juhtis kuuli ja nägi kuidas ekraanil tema ees vilksatasid inimkehad . 
160	NA	 Nad liikusid kiiresti , peaaegu joostes laeva koridorides.Tegemist oli Gondvana Soter II poolse küljega , ilmselt asusid siin kajutid . 
160	NA	 Jah , pidid asuma , sest Kolomanile kerkis silme ette hästi päheõpitud esimese Gondvana skeem . 
160	NA	 Midagi oli nende inimesete juures veidike valesti . 
160	NA	 Koloman skaneeris videopildi kiiresti arvutisse ja filtreeris kujutise . 
160	NA	 Siis kasutas ta füsioloogiaprogrammi ja sai ekraanil vilksatanud inimeste esialgsed antropoloogilised andmed . 
160	NA	 Ta saatis selle Aleksandrile ja jäi jahmunult ekraanil kuvavaid numbreid põrnitsema . 
161	NA	 Gondvaanalaste keskmine pikkus oli kaks meetrit ja viiskümmend neli sentimeetrit ! 
161	NA	 Oluline ja huvitav , kuid mitte määrav , klassifitseeris Koloman oma üllatava avastuse . 
161	NA	 Vanade roomlaste keskmine pikkus oli meeter viiskümmend ja tolleaegsed kaunitarid ei läbiks tänapäeval ühegi iludusvõistluse valikvooru . 
161	NA	 Hiiglas- ja vägilasmüüdid tekkisid oma ajast ettekasvanud meeter üheksakümnelistest mehemürakatest . 
161	NA	 Rhadmanthyse tingimused ei pruukinud siiski nii ebainimlikud olla . 
161	NA	 Kuid Koloman suunas oma kiirt edasi , otsides kaptenisilda . 
161	NA	 Ta eristas selgelt koridore ja hargkäike . 
161	NA	 Inimesed olid kõik usinalt millegagi ametis.Gondvana kihas inimestest , see oli kui töökas mesilaspere . 
161	NA	 Võis eristada nii mehi kui naisi . 
161	NA	 Gondvana naised oli tõelised tähekaunitarid . 
161	NA	 Nõtkelt ja graatsiliselt lendlesid nad ruumilaeva koridorides . 
161	NA	 Ta skaneeris kiiresti videopilti ja edastas kõik saadud andmed Maale . 
161	NA	 Loomulikult oli ka Keskus Aleksandril üllatunud , kuid nad õhutasid Kolomani vastusides Gondvanaga kontakti looma . 
162	NA	 Sideohvitser andis veelkord teada , et nad ei suuda leida Gondvana lainepikkust . 
162	NA	 Praegu toimus side ainult ühes suunas . 
163	NA	 Koloman kiirustas . 
163	NA	 Ta oli lootnud Soter II luuresüsteemilt rohkemat . 
163	NA	 Ta püüdis nüüd kiirt seada gondvaanalste liikumise järgi , täpsemalt ü h e gondvaanalanna järgi , kellele ta oli mingil nostalgilisel põhjusel Gala nimeks andnud . 
164	NA	 Gala liikus liftiga allapoole , ilmselt teenindusruumidesse . 
164	NA	 Neid alasid polnud Koloman veel vaadelnud . 
164	NA	 Lift peatus päris mootoritesektsiooni lähedal . 
164	NA	 Gala väljus liftist , selle kaunitari jälgimine pakkus Kolomanile ka mingit mehelikku naudingut , ta surus alla mõtted , et Gala võiks minna oma kajutisse dushshi võtma . 
164	NA	 Gala liikus mingi suurema kambri suunas , ta avas ukse . 
164	NA	 Veel inimesed , palju inimesi . 
164	NA	 Kuidagi liiga palju ja tihedalt koos . 
164	NA	 Nende pikkus oli tunduvalt väiksem , kui ülemiste tasandite asukatel . 
165	NA	 Koloman jälgis Galat ... 
165	NA	 Ja siis ta nägi ... 
166	NA	 Kultuurikonflikt ? ! 
166	NA	 See Kolomani poolt kunagi väljaöeldud sõna oma ettevaatlikkuse väljendamiseks muutus nüüd nii äkki talle naeruväärseks ja tühiseks . 
166	NA	 Korraga ta sai kõigile oma küsimustele vastused . 
167	NA	 Miks oli Sõnumis juttu ainult Carpinist ja sõdurite Gondvanast aga mitte lihtinimeste Koidikust ? 
167	NA	 Kuidas suutsid nad Rhadmanthysel ellu jääda ? 
168	NA	 Vastused oli tema ees ekraanil . 
168	NA	 Ka Koidiku reisijad olid ellu jäänud . 
168	NA	 Rhadmanthysel olid edasi arenenud kaks rassi . 
168	NA	 Mis on inimesele kõige olulisem elleujäämiseks ? 
169	NA	 Kolomani sisikond rebis ennast välja . 
169	NA	 Öökimishoogude vahepeal lahvatas ta teadvusest läbi mõte , et ta oli unustanud sidekanali Aleksandri saarega sisse . 
169	NA	 Ja nüüd võis kogu Maa näha , et inimkonnal seisis ees taaskohtumine Gondvana kannibalide rassiga . 
