par_nr	head	sentence
1	 Jaan Anvelt ja Jaan Santa 	 Jaan Anvelt ja Jaan Santa 
2	NA	 Aarne Ruben 
3	NA	 Rahvasaadik-ametiühingutegelane : Professor Uluots näeb praegu seda , et tööline loeb paberi pealt maha , aga kui türmist tulevad välja töölised , kes mitte paberilt ei loe , usun , et siis professor Uluots ei naera enam , vaid võib-olla hakkab professor Uluots hoopis hulguma . 
3	NA	 ( Kära paremal pool . ) 
4	NA	 Riigikogu juhataja Virma : Teen kõnelejale viimase hoiatuse haavavate sõnade tarvitamise eest ja kui ta ikka ei kuula , võtan sõna ära . 
5	NA	 Riigikogu istungilt 1922.a. 
6	 1 . 	 1 . 
7	NA	" "" Proua Oinas ! "" kostab hele naisehääl kohvikuukselt . "
8	NA	 Hüütav tõstab ajalehe kohalt oma ilusa pea ja paneb ? okolaaditassi ettevaatlikult lauale . 
8	NA	 Proua Ostra-Oinas on esimese mai peatse saabumise puhuks omale lokid kõrvade juurde lasknud teha ja huuledki värvinud nõnda , et see argliku kevadise päikesevalguse , Toompea sinilillede ja tema enese moodsa maailmavaatega kõige enam sobiks . 
9	NA	 Alma Ostra on värske nagu lühike realistlik luuletus . 
9	NA	 Tema silmad ja kõrvad pole ilmselgelt proportsioonis : kõrvad on pisikesed ja silmad suured , heledad , erksad , rõlde ; msad . 
9	NA	 Esile tungiv lõuaots tähendab sisemist kindlameelsust ja see annab tollele naisele peaaegu et dramaatilise antiikkangelanna ilme . 
9	NA	 See ei ole poos , vaid loomulikkus . 
10	NA	 Tema käed on kondised ja neid katab helesiniste soonekeste võrk . 
10	NA	 Ta kannab meheliku lõikega sametpluusi , just niisugust , millise Gabrielle Chanel viis aastat hiljem täies hiilguses maailma ette toimetab . 
10	NA	 Jääb üle märkida , et proua Oinas on riigikontrolör Aleksander Oinase naine . 
10	NA	 Eesti seaduste järgi kuulub riigikontrolör valitsuse juurde ; seega on Aleksander Oinas ainus sotsiaaldemokraat , kes ei ole parasjagu opositsioonis . 
10	NA	 Proua Oinase enda töö sisuks on ametiühinguliikumise arendamine . 
10	NA	 Ta ajab linnavalitsuses töömeeste laenuasju ja korraldab töötute fondi . 
10	NA	 Suurimas viletsuses töötud ning alla elatusmiinimumi teenivad tööinimesed tulevad kas tema või Töörahva Ühise Väerinna tegelaste juurde ja nutavad vahest kui väikesed lapsed . 
11	NA	 Hüüdja kohviku-ukselt on tema sõbranna Marie . 
11	NA	 Neid kahte teatakse kui lahutamatuid . 
11	NA	 Nad kallistavad teineteist ja Marie tellib endalegi tassikese ? okolaadi . 
11	NA	 Lauas istudes kummardavad naised intiimselt teineteise poole , justkui ümbritsevale märku andes , et neil kahel on midagi tähtsat arutada . 
11	NA	" Marie pikad mustad lokid puutuvad kokku Alma keerulise "" fassongiga "" . "
12	NA	" "" Marie , ma kuulsin , et sa olid eile meie Tartu seltsimeeste soovitusel meie parteisse astunud , "" kõneleb Alma hellalt . "
12	NA	" "" Soovin südamest õnne . "
12	NA	 Just praegu , reaktsiooni pealetungi ja kommunistlise kihutuse töö ajal on meil uusi liikmeid vaja . 
12	NA	" Kas vastuvõtmise-protseduur läks lihtsalt läbi ? "" "
13	NA	 Ning Marie tunnistab , et see läks tõepoolest päris lihtsalt . 
13	NA	 Teadis ta ju kõiki punkte , sest just nimelt tema , Alma , kallis sõbratar , on teda sellega kurssi viinud . 
13	NA	 Mis viga parteis olla , kui su hea sõbranna juba seal ees . 
13	NA	 Aga kuulaku Alma hoolega ja hoidku silmad lahti , sest Mariel on temale nüüd midagi huvitavamat näidata . 
14	NA	" Nende sõnade juures võtab Marie ridikülist kollase bro ? üüri suure kirju pealkirjaga "" Jaan Anvelt — terroristide juht "" . "
14	NA	 Raamatu kaanel on kujutatud kolme veriste nägudega meest . 
14	NA	 Üks lamab maas , teised aga jälgivad kahtlustavate nägudega ümbrust . 
14	NA	 Maaslamaja kohale on kummardunud rõivastuse poolest naisterahvast meenutav olend . 
14	NA	 Võitluspildi kohal on pisem joonistus , saamatu portree mõnest arvatavalt üheksateistkümnenda sajandi kultuuritegelasest . 
14	NA	" Kui daamid on algelise kaanekujundaja üle küllalt on muianud , ütleb Alma : "" Sellel ülemisel pildil peab vist olema mõni möödunud sajandi saksa kirjanik . "
14	NA	" Näib nõnda , nagu ta oleks saksa vurhvi . "" "
15	NA	" "" Ei , "" vastab Marie . "
15	NA	" "" Siin on nad tahetud kujutada Jaan Anveltit , sinu kunagist abikaasat . "
15	NA	" Arvatakse , et ta on praegu terroristide juht . "" "
16	NA	 Alma muutub korrapealt tõsiseks.Ta keerutab bro ? üürikest mõne hetke sõrmede vahel ega avagi seda . 
16	NA	" "" Aga Marie , Jaan Anveltiga oli alati nii turvaline , "" sõnab ta murtud häälel ja viipab kohale ettekandja , et kurku veel limonaadiga niisutada . "
16	NA	" Kui too tellimust täitma läheb , kummardab Alma Mariele veelgi lähemale ja sosistab : "" 1917. aastal oli Jaan Anvelt üks Eesti haritumaid , kuid ka kibestunumaid mehi . "
16	NA	 Fanaatiline karskus ja ebaõnn maaküsimuse lahendamisel on temast teinud hulguse ja päti . 
16	NA	 Poliitilised ebaõnnestamised löövad meestele sageli otsejoones pähe , nii et nad kogu ülejäänud poliitilisele seltskonnale selja võivad pöörata . 
16	NA	" Mina igatahes mäletan aega , mil meie kodanlised tegelased "" Kiire "" -meestega koos riigiasju arutasid , kuidas landesveerile vastu panna või kuidas mõisamaid jagada . "
16	NA	 Nüüd muutub Moskva päev-päevalt agressiivsemaks ja tigedamaks saavad ka eesti soost enamlased . 
16	NA	" Enam leppimist ei ole . "" "
17	NA	" Aga siis ütleb ta veidi valjemini : "" Kõik arvavad , et meie abielu "
17	NA	 .... 
17	NA	 oli fiktiivne . 
17	NA	 
17	NA	 Tegelikult ei olnud tolles midagi fiktiivset . 
17	NA	 
17	NA	 Mina armastasin seda meest . 
17	NA	 
17	NA	" Sinule ma võin seda kinnitada . "" "
17	NA	 
18	NA	" "" Keda , kas Jaan Anveltit ? "" sosistab Marie , nagu valmistuks ta teada saama mõnd kohutavat saladust . "
19	NA	" "" Jah . "
19	NA	 Ta oli morn , süngelt endasse tõmbunud . 
19	NA	 Tema ei tahtnudki mõista asjaolu , et inimesed ei ole võrdsed , et maailmas ei ole iial õiglust ega ole selle tulekut ka ette näha . 
19	NA	 Tal oli valus näha streigi läbi tööta jäänud töölist almusi palumas . 
19	NA	 Valus oli näha kehvikuid , kelle vähese sissetuleku maksud ära õgivad . 
19	NA	" Mina oma armastusega tahtsin tema ellu tuua väheke rõõmu , vähemasti — lõbu . "" "
20	NA	" "" Noo ? "
20	NA	" Kas siis lõbu ja rõõm teineteist nõnda välistavad ? "" "
21	NA	" "" Nad on niisama palju üks nagu usk Jumalasse ja sotsiaaldemokraatia . "
21	NA	 See tähendab , et neid saab omavahel kokku viia . 
21	NA	" Ühesõnaga — mina tahtsin ta ellu päikest tuua , sest "" päikest "" oli tema lemmiksõna , kui ta oma mõtetega taas mingites süngetes sfäärides uitas . "
21	NA	" "" Päikest "" ei olnud tema keeles muud kui "" vaimuvalgust "" , toda pidas ta silmas . "
21	NA	 Ta oli omamoodi haritud mees , oskas isegi ladina keeles keerulisi lauseid kokku seada . 
21	NA	 Ja advokaadina kaitses ainult vaeseid , just neid , kellelt ei olnud mingit erilist tulu loota . 
21	NA	 Vene enamlaste juht Lenin alustanud kunagi oma advokaadikarjääri sellega , et andnud kohtusse külatäie talupoegi , kelle lambad ja mullikad olid julgenud tulla tema mõisa maa peale . 
21	NA	 Mõisa , kas mõistad ? ! 
21	NA	 Anvelt ei olnud säärane mees . 
21	NA	" Tema kaitses ainult vaeseid ja põhiliselt muidugi rikaste eest . "" "
22	NA	" "" See Anvelt on kangesti ilus mees , kui ajalehepilti uskuda , "" ütleb Marie vahele . "
23	NA	" "" Kino ja fotograafiat tuleb alati uskuda , kuna need just toda õiget pilti näitavad , mida inimese silm niikuinii näeb . "
23	NA	 Aga nüüd ma heidan sellele imelikule raamatukesele põgusa pilgu , kui sa lubad . 
23	NA	 Autor Fred Peterson ... hm , pole nagu kuulnud . 
23	NA	 Võib-olla varjunimi . 
23	NA	 Kes välja on annud ... 
23	NA	" Kirjastus "" Argus "" , A.Sulbiste raamatuladu . "
23	NA	" Nime on nad kirjastusele väga hea leidnud — "" Argus "" . "
23	NA	" Eks see nimi äratab lihtsamas rahvas otsekohe huvi . "" "
24	NA	" "" Ma käin nüüd vahepeal pangas ära ja jätan sinu korraks raamatut lugema , Alma . "
24	NA	" Loodan , et sul igav ei hakka . "" "
25	NA	 Raamat algab vaimuka episoodiga suures korteris tukkuvast kaitsepolitsei juhist Krausest , kellele tema agent äkki helistab : helistan kohtusaalist , kus parajasti käib 35 kommunisti protsess . 
25	NA	" Kuulus tagaotsitav Anvelt ise on seda vaatama tulnud , "" et isiklise kohal viibimisega kohtualustele tuge pakkuda ja viimasel hetkel ehk ka mõned juhtnöörid üle anda "" . "
25	NA	 Anvelt on end kohtusaali tarbeks tundmatuseni ära grimeerinud , kuid silmade järgi võib ta siiski ära tunda . 
25	NA	" "" Jälgi teda hoolega ! "" annab Krause alluvale karmi käsu ja hakkab ise kohtusaali poole liikuma . "
25	NA	 Samal ajal lahkub Anvelt saalist ja kaitsepolitsei agent on tal sabas . 
25	NA	 Et Krause näeks , kuhu terrorist ja nuhk liiguvad , on viimane iga natukese aja tagant kriiditükikesi maha poetanud ja siis saapatallaga laiaks litsunud . 
25	NA	 Krause läheb kriidijälgi pidi ja jõuab ühte tuntud kohvikusse , kus Anvelt rahulikult limonaadi maitseb ja nuhk teda jälgib . 
25	NA	" Krause ei jõua veel sisse astudagi , kui Anvelti silmad volksti tema suunas pöörab : Krause ja Anvelt tunnevad teineteist eluperioodist , mida nad mõlemad võivad "" Petrogradi perioodiks "" kutsuda . "
26	NA	 Krauset nähes hüppab Anvelt üle baarileti ja kaob teises ruumis salaukse kaudu läbi liikuva seina . 
26	NA	 Selles ruumis võivad pöörelda seinad põranda ümber nagu pöörleb õpilastele stereomeetriaülesande näitlikustamiseks toodud kuup matemaatikatunnis . 
26	NA	 Kohviku all salapunkris on enamlaste ülisalajane raadiojaam ja sidekeskused , seal leidub nii pealtkuulamisaparaate kui ka de ? ifreerimisseadeldisi . 
26	NA	 Salatrükikoda asub samuti seal . 
26	NA	" Just enne Anvelti saabumist on tehnikaekspert kinni püüdnud teate "" oma mehelt vabariigi valitsuses "" , et Eesti armee dislokatsioon muutub ja paljud väeosad vahetavad oma asukohta . "
27	NA	 Kogu kohviku personal on nõukogude salakuulajate poolt ära ostetud , kuid keegi ei julge midagi teha ega tegemata jätta ilma Anvelti käsuta . 
27	NA	 Anvelt on tõeline diktaator , temale alluvad kõik . 
27	NA	 Niisamuti allub talle ilus puhvetipidaja Tamara , kelle süda kuulub täielikult ühele noorele Eesti armee ohvitserile . 
27	NA	 Just selle noormehe käes on plaan väeosade ümberpaigutamiseks . 
27	NA	 Anvelt püüab olulist paberit maksku mis maksab kätte saada . 
27	NA	 Enamlaste juhtiv terrorist on ainsana teadlik Tamara kiindumusest , sest seda ettekäändeks tuues oli Tamara kord tagasi lükanud tema , Anvelti lähenemiskatse . 
27	NA	 Nüüd siis ütleb Anvelt Tamarale : nende südamehaavade eest , milliseid sa minule lõid , tood selle paberi noore ohvitseri käest minu kätte . 
27	NA	" "" Minul ei tarvitse sulle meele tuletada , mis juhtub siis , kui minu käsku ei täideta . "" "
28	NA	 Nende episoodidega lõpeb uudisjutu põnevaim , õnnestunuim osa ja algab operetlik põmmutamine ühes romantilise ohkamisega . 
28	NA	 Tundub , nagu oleks Fred Peterson uudisjuttu kirjutades väsinud : tugevale algusele järgneb väheütlev lõpp . 
29	NA	 Kui Marie tagasi jõuab , on proua Oinasel käsil viimased leheküljed . 
30	NA	 Alma tõstab silmad kirjatükilt ja pilgutab oma pikki ripsmeid . 
30	NA	 Siis sõnab aeglaselt , teadja inimese autoriteetsel kombel : 
31	NA	" "" Siin on juttu naiste poolt Anveltile löödud südamehaavadest . "
31	NA	" Niipalju kui mina tean , ei ole naisterahvastel kunagi Anvelti südamesse haavu õnnestand lüüa , või ehk ma siis ei tea kõiki juhtumisi ... "" - "" Võib-olla sa tõesti ei tea ? "" "
32	NA	" Proua Ostra-Oinas jätkab : "" Harva küll , kui Anvelt oli ka heldemas tujus . "
32	NA	" Siis astus ta täpselt minu selja taha ja küsis : "" Nii , mis sa teed ? "" "
32	NA	 Mina siis vastasin , olenevalt tollest , millega parasjagu ametis olin . 
32	NA	" Ütlesin : "" õpin "" ehk "" lehte loen "" ehk "" kooki küpsetan "" ehk siis "" kirjutan artiklit "" ... "
32	NA	" Ja tema : "" Pärast seda üks musu ehk ? "
32	NA	" "" "" "
33	NA	" "" Noh , ja sina andsid ? "" päris Marie lootusrikkalt ja väänles põnevusest . "
34	NA	 Seepeale muutuvad Alma palged ja lõuaots õrnroosaks . 
34	NA	" "" Noh , mõned korrad , "" otsustab ta siiski mainida . "
34	NA	" "" Üks kord Rapla kiriku taga ja ... musust kaugemale ei julgenud ta alguses minna , aga pärast ma teda enam palju ei näinud , sest siis pandi ta ju vangi . "
34	NA	 Ja niipea , kui ta vangist välja sai , põgenes ta Soome . 
34	NA	 Petrogradi ülikoolis võeti sel päeval üle kolmesaja revolutsioonilise tudengi kinni . 
34	NA	 Oli suur mäss ja vastuhakk — alguses boikoteeriti ainult mõne professori loenguid , aga hiljem pandi kõik professorid boikoti alla . 
34	NA	 Ma ise pääsesin tol päeval väga napilt võmmide käest . 
34	NA	" Pärast seda ma ei näinud Jaani kuus aastat , alles nõukogude võimu kuulutamise järel tuli ta mulle ükskord tänaval vastu . "" "
34	NA	" — "" Ja mis ta siis ütles ? "" "
35	NA	" "" Mis ta ütles , mis ta ütles ... "
35	NA	 Tere ütles . 
35	NA	 Siis küsisin mina , et kuidas tal läheb ja tema seletas pikalt-laialt . 
35	NA	 Aga sel hetkel ma tundsin , et minu südames ei ole enam endist tunnet . 
35	NA	 Mõistsin , et ma ei armasta enam Anveltit . 
35	NA	 Öösel hakkas mul sellest kahju ja siis olin ma sunnitud natukene nutma . 
35	NA	 Mäletan selgesti , et ma endamisi harutasin : nii mööduv on maailma hiilgus . 
35	NA	 Ega ta enam ütleks mulle midagi . 
35	NA	 Kui tänaval trehvaksimegi , siis tema tõmbaks lihtsalt pea palitukrae varju ja olekski kõik . 
35	NA	 Ta kõnniks mööda . 
36	NA	 Neil päevil , kui me Jaaniga Mahtras ja Raplas olime , siis oli minul too tunne . 
36	NA	 Ma sisendasin endale , et meie Jaaniga võtame kogu kodanlise maailma ära . 
36	NA	 Me loome kõik uueks , loome ilma , kus noortel oleks parem elada . 
36	NA	 Eriti lootsime sellele , et kõik arreteeritud üliõpilased võetakse meie uues kujutlustemaailmas ülikooli tagasi . 
36	NA	 Ja oi neid kohti , kus me tol kaugel kevadtalvel liikusime ! 
36	NA	 Need olid vanad Mahtra ülestõusu paigad : verepõld ja mõisatall ja Adra Mihkli kask ... 
36	NA	 Jaan oli sealkandis sündinud , seal elasid ta vanemad ja vend Jüri . 
36	NA	 Oma vanemate jaoks oli Jaan otsekui imelaps . 
36	NA	" Vanakestele meeldis , et Jaan advokaadiks õpib , sest algul olid nad arvanud , et ei nende "" silmad seda näe , kunas elu meil paremaks läheb "" . "
36	NA	 Jaani isa kartis üksvahe isegi toda , et nende kena majapidamine — Tuuleveski talu — võib haamri alla minna . 
36	NA	 Aga Jaan oli nende ainuke lootus . 
36	NA	" Kõik teadsid , et advokaatide käsi hästi käib , sest "" hädaline on ikka helde käega "" . "
37	NA	 Ma mõtlen , et mul polegi vaja palju rääkida sellest , et Jaan tähendas mulle samasugust Mahtra kangelast nagu neid Vilde oma kuulsas raamatus esitab . 
37	NA	 Ainult et tema oli soojem , suurem , omasem . 
37	NA	 Minu tudengipreili-mõistus ütles minule : Jaan oma musudega ja Mahtra sõjaga suudab mulle toeks olla küll . 
37	NA	 Et ma just sellepärast tema perekonnanime võtsin ja meid Oudovasse sisse registreerisin , et politseivõimud mulle kõrgematel naiskursustel õppimiseks pidevalt takistusi tegid — nii võib küll ütelda . 
37	NA	 Olnuks meil raha , siis oleksime võinud Jaani nõustumise korral vabaltki elada , kuid minu nimi oli võimude silmis ütlemata halvas kirjas . 
37	NA	 Arvati , et mina olen üks vabaarmastuse peamisi propageerijaid Tartu linnas . 
37	NA	 Nii muigas iga viimane kui Tartu urjäädnik või kasak Ostra nime peale . 
37	NA	 Ja vähe sellest , minu revolutsiooniline kuulsus ulatus ju pealinnagi ! 
37	NA	 Pärast seda ei tarvitsenud ma enam oma nime häbeneda . 
37	NA	 Siis oli mul uus nimi — Anvelt — rikkumata ja puhas . 
37	NA	 Sel ajal olin ma kindlal arvamisel , et Anvelt on Eestimaa Hamlet . 
37	NA	 Seitsmeteistkümnendal aastal paistiski asi sinnapoole kiskuvat , kuid pärast muutus kogu Anvelti tegevus juba liiga jaburaks . 
38	NA	" Kogu seda pikka juttu ümmarguseks kokku võttes : kui Jaanil kord suu mulda täis on , alles siis saan ma tema "" mususid "" päris selgesti mäletama . "
38	NA	 Et see nii saab olema , on ju praegustest sündmustest näha . 
38	NA	" Ainult too küsimus on veel lahtine , kellelt Jaan kord kuuli saab . "" "
39	NA	" "" Kodanlise valitsuse käest ilmselt , "" arvab Marie . "
39	NA	" "" Kellelt muult ikka . "" "
40	NA	" Alma vaatab veelkord "" terroristide juhi "" raamatu peale . "
40	NA	 Nüüd juba soojemalt , pilgus veidi apaatiat ja minnalaskmist . 
41	 2 . 	 2 . 
42	NA	 Alma Ostra-Oinas oli esimese mai päeva oodanud igatsusega . 
42	NA	 Ta aimas juba ette , et seekord tuleb eriti suur tööliste demonstratsioon . 
42	NA	 Tallinnas on korterikriis , suurtööstust tõmmatakse kokku , tükitöö hind vabrikutes on juba nii madal , et tööline suisa ebainimlikult ruttama peab ... 
42	NA	 Sellest ka demonstratsiooni tohutud mõõtmed . 
42	NA	 Ostra teadis , et Töörahva Ühine Väerind hakkab ka demonstratsioonil uuesti nõudma töötasu alammäära , mis kindlustaks inimväärse ülalpidamise . 
42	NA	 Töötuse- , vigastuse- ja emaks saamise kindlustust . 
42	NA	 Töölistele korralikke kortereid omavalitsuse rahadest . 
42	NA	 Astmelist tulumaksu . 
42	NA	 Nuhkide ärakaotamist . 
43	NA	 Vene turu juures tööliste rongkäiku oodates nägi Ostra kolleegi Riigikogust , Tööliste Kommunistlikku Riigikogu-rühma kuuluvat Johannes Vanjat . 
43	NA	" Too veidi häbeliku silmavaatega mees töötas Sadamatehases , ehk rahvakeeli , "" Portus "" . "
43	NA	 Oli iseõppija ning oskas natuke saksa keelt . 
43	NA	 Iseäralik kuju , kes ilmestas oma kõnesid näidetega piiblist . 
43	NA	 Riigikogu teised kommunistid kõnetoolist filosofeerida ei püüdnud . 
43	NA	 Neil oli tarvis paberilt kõnesid maha lugeda — ja kõik loeti maha , mis Viktor Kingissepp oma salakorteris oli kirjutanud ja neile kaasa pannud . 
43	NA	" "" Kommunistlise fraktsiooni "" laekahoidjale Jaan Santale aga ei kirjutatud kõnesid üldse kaasa , sest see mees oli vaid ihuüksi ja väikeses seltskonnas suur kõnemees . "
43	NA	 Aitas kolmestki inimesest — juba oli laekur Santa vait kui sukk . 
43	NA	 Kuluaarides kukkus tal nii mõnigi nali hästi välja , samal ajal kui kommunistlikud fraktsioonikaaslased Soans , Alliksoo ja Andrejev tegid ainult viletsaid . 
43	NA	 Andrejev oli otsekohene mees , tal oli isegi tinavile taskus ja tema sai sellega piiramatult vilistada , kui mõni sots või maaliitlane kõnet pidas . 
43	NA	 Teised trampisid jalgadega , aga mitte kõvasti . 
43	NA	 Santa tegi kõige suuremat müra , peaaegu sama palju kui isesotsid . 
44	NA	" Kord oli "" Päevaleht "" üles võtnud põneva vahejuhtumi , mille oli Riigikogus kaasa toonud Johannes Vanja kõne . "
44	NA	" Leht kirjeldas kõne ajal tekkinud mõnusat naerukohta : "" Viimasel istungil pildus Vanja oma kõnes igasuguseid lööksõnu välja , aga siis hüüdis keegi saalist midagi väga naljakat vahele . "
44	NA	 Ja vaata imet , siis sai Vanjagi aru , et olustik on koomiline ja naeratas omaette . 
44	NA	" Aga kuidas saab kõneleja sõnu tõsiselt võtta , kui tema isegi nende peale naerab ? "" "
45	NA	" Riigikogu protokollis aga seisis selle kohta : "" Rkl . "
45	NA	" Vanja : "" Ja tõepoolest , kes siis õieti tahakski väikesele Eestile kallale tulla , kui ta ennast nii üleval peab , et ta mitte kellegile tüli ei tee . "
45	NA	 Aga kui näpud puhtad ei ole nende kompaniide toetamises nende Lääne riikide kasuks , kes loodavad mitmesuguste metsa kontsessioonide saamise peale või tahavad mitut põlevkivi-kompaniid endale osta ... siis on lugu natuke teine . 
45	NA	 Kui vägevad sõbrad Läänest tulevad , siis ma vaatan kohe , mis neil plaanis on . 
45	NA	 Kui plaanid on ikka ilged , siis ei saa parimagi tahtmise juures neid sõpru armastada . 
45	NA	 Kuidas ma võiksin oma kuuereväärile kinnitada neid lilli , mille kohta ma tean , et need on purjus lõbunaiste korjatud ... 
45	NA	" ( Konstantin Päts kohalt : "" Teie olete Riigikogus , mitte rahvaluule-päeval . "" ) "
45	NA	 Hea küll , sellega ma praegu lõpetangi ja soovin härradele mõjusat tegutsemist hariduse- ja töökaitse-komisjonides . 
45	NA	" ( Vahelehüüe keskelt : "" Kas seekord nii vähe siis oligi ? "
45	NA	" "" ) "" "
46	NA	" Lisaks Vanjale , Santale ja Andrejevile oli kommunistidel veel üks "" trump "" varuks — Soans , heasüdamlik paljaspea . "
46	NA	 Vahetult pärast Riigikogu esimese koosseisu valimist olid kaks kaitsepolitseinikku tulnud Soansi Kopli-korterit läbi otsima . 
46	NA	 Üheskoos katsuti seinu , et kas sealtkaudu ei vii välja mõnd salaust . 
46	NA	 Lõpuks avanes uks pööningule . 
46	NA	 Seal istus Soans lauahunniku otsas ja tegi liigutuse , mida võis tõlgendada revolvri haaramisena . 
46	NA	 Ründajate poolelt alustati tuleandmisega , Soans võlgu ei jäänud . 
46	NA	 Soansi vastu kutsuti välja kaitsepolitsei operatiivosakond , vastasmaja katusele paigutati snaiper . 
46	NA	 Lahing jätkus Tallinna katustel . 
46	NA	 Veidi aja pärast oli agar paljaspea saanud kuus kergemat haava , vastaspoolel tilkus samuti veri . 
46	NA	 Soans lohistati tänavale , tema verine kuub kisti seljast ning talle hakati sealsamas nuuti andma . 
46	NA	 Oli töölist juba küllalt pekstud , siis pidi tööline pärast peksu politseiniku saapatallale suud andma . 
46	NA	 Vägivallategudele kogunes ohtralt tunnistajaid . 
46	NA	" Soans ütles tunnistajatele : "" Nüüd , kurat , teeb mulle külm liiga , praegu on juba külm aeg . "" "
46	NA	 Seepeale visati talle ta oma verine kuub ümber . 
46	NA	 Kui Soans vett palus , soovitas keegi võmm tal lombist juua . 
46	NA	" "" Teie eelkäijad andsid Jeesusele äädikat ! "" pahvatas haavatu mõrult . "
46	NA	 Ajalehed tegid Soansi püüdmisest suure palagani ja sensatsiooni . 
46	NA	 Ent keegi ei imestanudki eriti , kui seesama tööline Soans veidi hiljem ... jälle Riigikogus istus . 
46	NA	 Eesti riik oli otsekui imede sepikoda ja selles võis palju niisuguseid asju juhtuda . 
46	NA	 Riigikogu juhatus oli esiti kahelnud , kas tasub Soansile mandaati anda , aga kaitsepolitseilt ei tulnud riigi-isadele mingeid juhiseid ; nii jäigi Soans rahulikult seaduse-andjate hulka . 
47	NA	 Muidugi — mis olnud , see olnud , seda kahjuks enam ümber ei muuda . 
48	NA	 Tänase päeva vastustamatu hoog nakkab Almassegi , kes tegusal maanaisesammul astub nüüd mööda Vene turu platsi . 
48	NA	 Ta silmab kabeli kõrval soliidselt seitlisse kammitud juustega Vanjat , käed puusas . 
48	NA	 Almal tuleb riuklik mõte talle konksuga küsimus esitada . 
48	NA	 Nimelt : kuidas mõtlevad kommunistid töölistele linnavalitsuselt kortereid loota , kui linnavalitsusel raha ei ole ( astmelisest tulumaksust , tasuta kalapüügist , tasuta haridusest johtuvalt - kui miski on tasuta , siis peab keegi ju ometi selle kinni maksma ! ) 
48	NA	" Vanja sülitab "" sihvka "" kesta suust välja ja vastas : "" Kommunistid on sellele juba mõelnud . "
48	NA	" Raha tuleb uuest maksust - isikumaksust . "" "
49	NA	 Russalka väravad ei ole kunagi näinud niisugust tööliste hulka , nagu 1. mail 1922. 
49	NA	" Tullakse punaste lippude ja Ühise Väerinna loosungitega , millest mõned aga on üsna väheütlevad : "" Täielik rahuseadus maksma ! "" , "" Asugem sõnadelt tegudele ! "" , "" Üks kõigi ja kõik ühe eest ! "" "
49	NA	 Palju on väljas naisi , kel väikesed lapsed kätel või käe kõrval — sellest kuuldusest on Alma juba ette teadlik ning ta loodab saada uusi liikmeid loodavasse naisliikumisse . 
50	NA	 Aga veel kahte meest paelub tööliste etteaste . 
50	NA	 Riesenkampfi ( peatselt juba Vilmsi ) tänava nurgale on seisma jäänud valehabemetes Jaan Kreuks ja Juhan Linkhorst , eestistatud nimega Põlde , parteilise varjunimega Malm . 
50	NA	 Kreuksi tumeblonde jesseninlikke lokke katab suur must villane soni , Malmi õlgadel on autojuht-motoristi kuub , turja peal paar õliplekki . 
51	NA	 Need kaks on EKP Keskkomitee liikmed ja tulnud vaatama , kuidas rahva meelsus on ka . 
51	NA	 Nende silmad vilavad kohutavalt ; nad lausa peavad kahtlust äratama . 
51	NA	 Kreuks on rahulikum , Malm närveerib . 
52	NA	 Nad vaatavad töölisdemonstratsiooni ja üldse rahvast : ametnikke , ärimehi , kunstnikke ja isegi politseinikke . 
53	NA	 Ja äkki — silmside nuhitaolise mehega ! 
53	NA	" Malm müksab Kreuksi , tuleb talle lähemale ja hingab näkku : "" Vaata , see seal on see nuhk Sass , katsume ta endast lahti raputada . "" "
53	NA	" Kreuks hoiatab : "" Aga mitte joosta . "" "
53	NA	 Narva maanteelt pöörab välja üks väike nimetu tänav ja sealtkaudu on pääs kaugemale , suurte kivimajade varju . 
54	NA	" Malm : "" Kas nägid teda korralikult ? "
54	NA	" Mis tal seljas oli ? "" "
54	NA	" Kreuks : "" Nuhk Sass , tema , ei keegi muu . "" "
54	NA	" — "" Lähme ruttu Vene turu juure ja säält edasi Valgesse Roosi . "
54	NA	" Ehk ei tundnud nuhiraisk meid ära ... "" — "" Ma nägin , ta jäi rahulikult politseinikega juttu ajama . "" "
54	NA	" — "" Kas lähme Tina uulitsale ? "" — "" Ei , ei , Lootuse aia poole . "
54	NA	 Sulandume massi . 
54	NA	" Rongikäiku tahaks ikkagi näha . "" "
55	NA	 Veel on üsna muretu . 
55	NA	" "" Vega "" rattatöökoja juures kontrollitakse relvi . "
56	NA	 Paarikümne pika sammuga on nad Jaama tänava kaljaputka juures . 
56	NA	" Umbes samal ajal hakatakse rongkäigus "" Var ? avjankat "" laulma . "
56	NA	 Narva maantee suurte majade koridorid kajavad laulust vastu . 
56	NA	 Rongkäigu esimestes ridades on metallitöölised , keegi mees hoiab lohakalt seitsmeteistkümnenda aasta võitluslippu , õlale toetatuna . 
56	NA	 Ja kellegi naise käes on roosaks pleekinud lipp , mis plagiseb vastu tema rinda nagu surnud madu . 
56	NA	 Taamal lehvitab töölistele legaalne tegelane Kägu oma veidras mustas pannaldega presentmantlis . 
56	NA	 Raudteetöölised , kütjad ja laadijad hüüavad Käost möödumisel talle kolmekordse hurraa . 
56	NA	" Viimane "" hurraa "" veereb üle hallikas tolmuvines linnatänava , mattes kõigi teiste häälte hulgas enda alla ka telegraafi rütmilise plõksumise "" ajakirjanike kodu "" hoones . "
57	NA	" Keegi pikantsust ihkav noormees on välja toonud tumeda , 1905. aastast pärineva lipu kirjadega "" WABADUS , SARNADUS , WENNASTUS "" . "
57	NA	 Tema ümber kogunevad entusiastlikud noorukid Wiegandi vabrikust , mõnede samm ärajoodud viinast kindlusetu , aga ühtegi koerustükki ei tehta . 
58	NA	 Äkki laguneb politseinike ja erariietes kodanike salk koost. Nuhid ja politseinikud hakkavad töölisdemonstratsiooni poole jooksma . 
58	NA	" "" Rongikäik "" jääb ühe hetkega seisma , laul vakatab poole peal . "
58	NA	 Emad püüavad eemale tassida oma lapsi . 
58	NA	 Ühe hetkega on politseinikel relvad taskuist väljas . 
58	NA	 Ja samal hetkel vabanevad kaitseriividest Kreuksi brauning ja Malmi parabellum . 
59	NA	" "" Andke alla ! "" kõlab kellegi kaitsepolitseiniku verinoor hääl , vastuseks vihisevad mõlemas suunas kuulid . "
59	NA	 Kes enne laskma hakkas , ei suuda hilisem uuriminegi kindlaks teha . 
60	NA	 Just nagu ülikiired tigedad putukad vihisevad kapode kuulid kaljaputkast mööda , nurk pilbasteks . 
60	NA	 Revolvripaukude ragin on mõne hetkega haripunktis . 
60	NA	 Kreuks tulistab huupi tänavalolijate suunas ja tormab üle tänava . 
60	NA	 Ta on näost tulipunane , ta komistab juhuslike vastutulijate otsa , kes parasjagu hirmuga maha heitmas . 
60	NA	 Kui kurjas unenäos keerleb Kreuksist kümne sammu kaugusel tundmatu nuhk , näib nagu oleks ta kuulist rängalt tabatud , ja jääb siis kõõksudes seina najale pidama . 
60	NA	 Põrandaalune on ta mütsist läbi lasknud . 
60	NA	 Mõned nuuskurid liduvad elu eest Kreuksist eemale — tulevahetus neile ilmselt ei istu . 
60	NA	 Kreuks laseb eriti kiiret jänkusörki , haarab Lootuse aia , hilisema Pätipargi tara terasvarvast , hoovõtt — ja kiire hüppega on ta üle plangu lennanud . 
60	NA	 Lindeni kohvimaja palkonilt tulistavad ohvitserid talle revolvritest paar-kolm lasku järele . 
60	NA	 Läbilastud plangust paiskub eemale saepuru . 
60	NA	 Tagahoovist sõidab mööda Sadama jaamast tulnud rong ja Kreuks kaob selle vagunite vahele , riputades end platvormikäepideme külge . 
60	NA	 Veel hetk — ja ta on teisel pool rongi . 
61	NA	 Narva maanteel tõstavad politseinike hobused hirmsat kisa , sest nii äge lahing ei ole neilegi sugugi mokkamööda . 
62	NA	 Malm tulistab neli lasku Jaama tänaval ja kaob siis Narva maantee nurga taha . 
62	NA	 See on hetk , mil õhus viliseb ja vingub palju kuule ja oma kümmekond rida töölisdemonstratsioonist on visanud end sinnasamasse trammiteele kõhuli . 
63	NA	 Malm laseb ringi enda ümber — trahh ! trahh ! paiskavad püssirohugaasid löökvedru otsejoones parabellumi laengusse . 
63	NA	 Tõhus poolautomaatpüstol tulistab pea iseenesest , omanikul on vaja vaid kergelt aidata . 
63	NA	 Kurk kuivab , taevas tõmbub halliks . 
63	NA	 Ratsapolitsei kuulid trasseerivad mööda Narva maanteed . 
63	NA	 Politsei-mehed riskeerivad nõnda väga paljude eludega . 
63	NA	 Vaesed inimesed aelevad surmahirmus rentslis . 
63	NA	 Ent maanteel on igasugust rahvast ja nende poole Malm putkabki . 
63	NA	" "" Vaadake ! "
63	NA	 Vaadake ! 
63	NA	" Ta tahab rongikäigu sisse ära kaduda ! "" kõlavad hüüded . "
63	NA	 Kuulid vilisevad tagaaetava pea kohal . 
63	NA	 Äkki kõlksub Malmi parabellumi lööknõel tühja tongikohta . 
63	NA	 Mees lükkab pöidlaga padrunipideme maha , astub juhuslike lähedal seisjate varju ja viskab uue seitsmese pideme sisse . 
63	NA	 Nagu vesternis . 
64	NA	 Paljud ei mõistagi õieti , mis toimub . 
64	NA	 Kõik juhtub liiga kiiresti . 
65	NA	 Just seda hetke püüab ära kasutada välipolitsei jaoskonnaülem Tuherm , et terroristile turja hüpata ja ta munakividele suruda . 
65	NA	 Too tumedapäine , eluväsimusest rusutud pilguga politseinik arvestab , et padrunipideme vahetamisega läheb paljudel juhtudel aega . 
65	NA	 Kuid tema arvestused jooksevad liiva . 
65	NA	 Põrandaalused on hoopis teist masti mehed . 
66	NA	 Kui rajooniülem Malmi kinni rabada üritab , laseb too talle kuuli makku . 
66	NA	 Rajooniülem võpatab , paneb silmad kinni , tuigub ja langeb tumeda mütsatusega sillutisele . 
66	NA	 Malm jookseb edasi hoovi , näeb , et seal on plank üle hüppamiseks liiga kõrge . 
66	NA	 Ta on tupikusse jõudnud , väriseb üle keha , tema hambad plagisevad , lõualuud ei taha enam paigal seista . 
66	NA	 Malm peidab end prügikasti taha vineerikolu sisse ära . 
67	NA	 Tagaajajad tõmbavad hoovisuudmele tule peale . 
67	NA	 Hädakellana heliseb prügikastiplekk nende kuulidest . 
67	NA	 Üks satub riko ? etti ja lendab õhus keereldes juhusliku naisterahvani , kes on tulnud jäätmeid välja viima ega oska õigel hetkel varjuda . 
68	NA	 Kui tagaajajad tajuvad , et keegi enam vastu tulistama ei hakka , usaldatakse suure kambaga lähemale tulla . 
69	NA	 Võdisev Malm tiritakse pühkmekasti tagant välja ning antakse talle peksa . 
69	NA	" Nagu Malmi kiusamiseks on tema kinganina otsa kleepunud poollömastatud sigaretipakk "" Ideal "" . "
69	NA	 See lausa kisub pilgu kaasa . 
69	NA	 Pakil aga kuulutatakse suureliselt ja veidi kirjaoskamatult : 
70	NA	" Nõudke paberossikeste "" Ideal "" toimet ! "
71	NA	 Toimet ? 
71	NA	 Mispärast siis just toimet ? 
71	NA	 Algul toimeta põlev pabeross ikka korralikult suhu ja siis alles hakka toimet ootama ! 
71	NA	 Edasi kuulutatakse : 
72	NA	 1 ) mund ? tük ei ligune läbi ; 
73	NA	 2 ) kest ei lähe lõhki ; 
74	NA	 3 ) kõiges headuses hülsi paber ; 
75	NA	 4 ) tubak ei pudene neist välja ; 
76	NA	 5 ) nad on ilusasti pakitud . 
77	NA	 Malm on täiesti endast väljas ja küllap tahaks ta praegu just niisuguseid paberosse hambusse pista . 
77	NA	 Kuid ta käte ümber klõpsatavad kokku tugevad rauad . 
77	NA	 Ta on lubivalge . 
77	NA	 Kaks politseinikut ees , kaks järel , talutatakse ta politseiautoni . 
77	NA	 Nad mööduvad maaslamavast teadvuseta rajooniülemast . 
77	NA	 Keegi lööb Malmile jalaga selga . 
77	NA	 Keegi karjub needusi . 
77	NA	 Tekib väike rüselus . 
77	NA	 Ta tõugatakse autosse , kuid üks jalg jääb välja . 
77	NA	 Auto uks lükatakse hoolimatult kinni . 
77	NA	 Ta jõuab jala viimasel hetkel sisse tõmmata . 
78	NA	" Alles autos lamades jaksab Malm hüüda : "" Maha härraste riigi valge terror ! "" "
78	NA	 Raskesti haavatud politseinik tassitakse teelt ära ja auto vahialusega võtab uhke kurvi . 
78	NA	 Umbes minuti pärast on kohal kiirabiauto . 
78	NA	 Näpitsprillidega doktor uurib ohvri haava . 
78	NA	 Siis sirutab selga ja sõnab mundrimeestele valjul häälel : 
79	NA	" "" Erilist elulootust siin ei ole . "
79	NA	" See oli vist lähilask ? "" "
80	NA	 Tummad peanoogutused seepeale . 
81	NA	" "" Kuul on purustanud nii mao kui pärasoole . "
81	NA	 Lõpuks puusaluus pidama jäänud . 
81	NA	" Rohkem haavatuid ei ole ? "" "
82	NA	" "" Terroristid on ühel lapsel jalast läbi lasknud . "
82	NA	" Näete , härra doktor , seal juba tegeldakse temaga . "" "
83	NA	 Daam , kes õnnetu lapse kohale kummardub , on Tallinna töörahva hulgas üsna tuntud . 
83	NA	 Pljud inimesed teavad teda linnavalitsuse sotsiaalhoolekande-osakonnast . 
83	NA	 See pole keegi muu kui Alma Ostra-Oinas . 
83	NA	 Peenike proua on kaelast helesinise siidsalli haaranud . 
83	NA	 Selle seob ta lapsele jala ümber , laps aga krimpsutab valu pärast nägu . 
84	NA	 Lõpuks saab Alma mahti selga sirutada . 
84	NA	" Ta astub lähima inimestesalga juurde ja nõuab otsustaval ilmel toimunu kohta teateid : "" Mis siin sündis ? "
84	NA	" Kes olid nood , kelle pärast laskmine lahti läks ? "" "
85	NA	 Jutt seltskonnas vakatub , meeste ja naiste tõsised uurivad silmad vaatavad Almale viivuks otsa . 
85	NA	" Suures vabrikuametniku mütsis ja hallis vammuses vanamees , kes Almaga pea ühepikkune , vastab aeglaselt venitades , justkui kõheldes , kas tasub nii palju sõnu pruukida : "" Kudas siis prouad ikka veel ei tea , kui kõik see uulits juba räägib . "
85	NA	" Need on jo punased , üks neist oli veel Kreuks , meie klassiteadvuse-õpetaja ja endine mustatööline . "" "
86	NA	" "" Küll neid jagub ka igale poole , "" leiab Alma . "
86	NA	" "" Leidsid alles koha tulistamiseks , näe , nüüd on veel ühel lapsel jalast läbi lasknud ... "" "
87	NA	" "" Ega siis nemad üksi , "" vaidleb mees . "
87	NA	" "" Politseinikud on ka kohe hakkamas . "
87	NA	 Meie politseiga on ju sihuke lugu , et kui keegi riigi vastu liiga palju häält tõstab , siis ratsutavad kordnikud Aafrika uulitsalt kohale ja annavad kumminuiaga vasta pääluud , nii et vastaline on kohe riigitruu . 
87	NA	" Aga ärgu , kurat , tulistagu , kui lapsed on tänaval . "" "
88	NA	 Alma tunnebki , et mehel on õigus . 
88	NA	 Ta näeb , et kaks noorepoolset naist kuulavad nende juttu . 
88	NA	 Ta küsib , mida nemad juhtunust arvavad . 
89	NA	" "" Põranda all elavad tegelased on ju nagu nuhtlus meie rahva kaela peal , "" leiab üks kibedalt . "
89	NA	" "" Vaadake , kui väike on Tallinna linn , aga seda hirmsat Kingisseppa ei ole ikka veel kätte saadud . "
89	NA	" Kas meie linnavahid vahivad kuud , et neil pole aega suuri sullereid kinni püüda ? "" "
90	NA	" Vanamees muigab , sülitab läbi hammaste ja sõnab elutargalt : "" Igale oinale tuleb ükskord oma mihklipäev . "
90	NA	" Vabandust , proua Oinas , kui mina , lihtne mees säherdusi karme sõnu ütlen , aga mina ei oska teisiti , ütlen , mida mõtlen . "" "
91	NA	 Paari päeva pärast läheb vanamehe ennustus jahmatava täpsusega täide . 
91	NA	 Kinnivõetud Malm reedab Kingissepa Karu tänava salakorteri . 
91	NA	 Juht viiakse vangi ja sõjaväljakohus mõistab ta kiiresti surma . 
91	NA	 Malm ise elab veel kakskümmend aastat , aga Kingissepp hukatakse . 
91	NA	 Vaetakse , kes võiks nüüd partei peameheks saada . 
91	NA	 Pöögelmann , Vakmann ja Vallner ei sobi juhtima , sest nemad kardavad oma naha pärast . 
91	NA	 Jaan Anvelt passib sellesse ossa suurepäraselt , sest tema surma ees ei värise . 
91	NA	 Tollest mehest saabki uus juht . 
92	 3 . 	 3 . 
93	NA	 Seal , kus Pirita jõgi on kõige laiem , just enne merre suubumist , oli Jaan Anveltil maa sisse kaevatud väike suveonn . 
93	NA	" Karskusseltsi "" Valvaja "" aeda kaunistas purskkaev , mis igal hommikul kell kuus tööle pandi . "
93	NA	 Õhtul kell üheksa lõpetas see alati oma tegevuse . 
93	NA	 Alustassi meenutava aluse alla jäi kumisevate torude keerukas rägastik . 
93	NA	" Suviti oli onnis põrgupalav , talvel aga , kui lumi oli maas , siis oli "" kamorka "" külm nagu hundilaut . "
93	NA	 Kuid talvel ei olnud Anveltil sinna asja . 
93	NA	 Ta tuli sinna igal aastal alles aprillis . 
94	NA	" "" Valvaja "" põhitegevuse sisuks oli joomise vastane propaganda . "
94	NA	" Esinemas käisid peaasjalikult naised , kes lõpetasid oma kirglikud kõned ilusate sõnadega : "" Ketsemane aias saatis Jeesus naise veekruusiga Püha Õhtusöömaaja kohta kätte näitama , ja sellest naisest sai maailma kõige esimene karskuse pooldaja . "
94	NA	 Teie joote oma meelemõistuse pahatihti nii ära , et sellest suurt kahju tõuseb . 
94	NA	" See kuri , mida põletatud viin teeb , on ennenägemata . "" "
95	NA	 Vahest kanti nende koosviibimiste sisust Anveltile ette . 
95	NA	" Ta soovitas "" Valvajasse "" pugenud omainimestel karskuse teemal vaid veidi aega püsida , siis aga viia jutt ilma asjadele , kas või "" näituseks töölise elu-olu korraldamisele arenenud kapitalismimaal "" . "
95	NA	 Muidugi , rohkesti energiat pühendada Nõukogude Venemaa heade asjade ettetoomisele , et klassiteadlikud rakkuskäed võiksid sealt hõlpsamini mõõtu võtta . 
96	NA	 Anvelt , parteilise varjunimega Orthodox , oli neil aastail päris tabamatu tegelane . 
96	NA	" Ta kirjutas "" Kommunisti "" , oma ajalehte nii käremeelseid lugusid , et temas kahtlejate hulk tasapisi suurenes . "
97	NA	" Ja tema koda , mille lävelt "" Valvaja "" suvemaja kass ja koer kaugelt tulijat oma lihtsal looma kombel ikka ja alati sõbralikult tervitasid , oli korraldatud järgmiselt . "
97	NA	 Torude rägastiku kõrval oli suur ventilatsioonitoru , selle kõrval omakorda seisis väike ahi koos naabruses paikneva magamisasemega . 
97	NA	 Ahi oli väga nõgine , kõik sõrmejäljed võis selle peal ära lugeda . 
97	NA	 Ikka ja jälle klõpsus siin Anvelti kirjutusmasin , mõnikord mürtsus ka miniatuurne trükipress . 
97	NA	 Siin seisid avatult ajalehed . 
97	NA	" Ühest kolletavast sotsiaaldemokraatlikust "" Tulevikust "" näiteks võis lugeda : "
98	NA	" "" Viktor Kingissepa hukkamise puhul ütleme jälle hukkamõistva sõna . "
98	NA	 Võidakse näidata näpuga Venemaa poole , küsides : kas seal teisiti oleks tehtud ? 
98	NA	 Mingu küsijad Venemaale poomisnööri seebitajateks , tööpuudust ei ole karta . 
98	NA	 Meie ei ole Venemaal , meie ei tohi sealt üheski asjas eeskuju võtta , midagi enese juures Venemaa vägivalla ja toorusega vabandada ! 
98	NA	" Inimsuse ja kultuuri nimel nõuame , et ainult kultuurimaist eeskuju võetakse ( Anvelti märkus punase pliiatsiga : "" vaaraode roiskunud kultuur ! "" ) . "
98	NA	 Meie ei pea ka võimalikuks , et Vabariigi valitsus enese talitamisi põhjendab kommunistide veretöödega Tartus , Sangastes ja mujal . 
98	NA	" Ühtviisi nurjatud on nii kommunistide kui ka valgekaartlaste terror . "" "
99	NA	 Anvelt ei olnud valvsust unustanud . 
99	NA	 Väljast paistis tema salakorter vaid väikese kühmukesena purskkaevu kõrval . 
99	NA	 Piiluaugud olid heinakõrte varjus , pealegi lohises neist aeg-ajalt üle koera kett . 
99	NA	 Kuid aukudest avanes siiski hea vaade merele . 
99	NA	 Koer võis auke ainult kaugelt nuusutada . 
100	NA	 Anveltile tõi toitu tüse teenijanna , ainus naishing , kellega ta vahest paar sõna vahetas . 
100	NA	 Kaugelt , oma aukudest nägi enamlise revolutsiooni juht suvitajaidki , ent nende nägusid ei eraldanud . 
100	NA	 Suviselt katmata naiste leidumine vaateväljas Anveltit märkimisväärselt ei heidutanud , ta laskis niisugustel puhkudel pilgu hajameelselt daami jalge ette langeda . 
100	NA	 Just nagu huvitaks teda rand , kollane kuum liiv , ja ainult see ! 
101	NA	 Ja siis , ühel päeval ... 
101	NA	 Sellel kuul , mil hirv teeb ettevalmistusi sarvede äraviskamiseks ja võpatab kartlikult iga krõpsu peale , kui niitudel lasub tedremarana magus hingemattev lõhn ning inimesed soojades vihmahoogudes saavad mõnuleda , juhtus Anvelti salakorteri lähedal midagi erakordset . 
101	NA	" Mööda teed lähenes mees , kes põrandaaluste salaorganisatsiooni andmetel juba ammugi pidi olema "" valgete "" poolt vahetuse korras Venemaale saadetud ja nüüd välismaatööliste "" kommunistlises "" ülikoolis õppivat . "
101	NA	 Külanaised vaatasid teda päris huvitatult . 
101	NA	 Ja kuidas saabki vaatamata jätta elektriku moodi meest , kes kannab peterburi pekisea nahast tehtud kõhukat portfelli elektrikutarvetega : puuri , kaablipuntra ja muu selletaolise träniga . 
101	NA	" Kui lisada sellele veel vestitaskust tolknev võlts-hõbeuur , viltune nina , kastanpruunid juuksed , habetunud lõuapärade vahel tossav "" Ideali "" paberossike , saame õige peene härra , kelle portfell ei kolise . "
101	NA	 Ja see on juba iseenesest märk . 
102	NA	 Too tähtis tegelane oli Riigikogu endise tööliste kommunistliku fraktsiooni laekahoidja Jaan Santa . 
103	NA	 Muidugi mõista oli ta oma välimust tublisti moonutanud . 
103	NA	 Riigikogu-Santa oli heledate hõrenevate juustega . 
103	NA	 Korrapäraste kaarjate kulmudega . 
103	NA	 See siin oli aga suurte , silmadele vajuvate puhmaskulmudega . 
103	NA	 Ei tea kust olid tema näkku ilmunud rõugearmid . 
103	NA	" Riigikogu-Santa oli alati vait kui sukk , see siin aga vilistas populaarset viisijuppi "" Sa-a sobid minulee ... kui suhkur kohvissee ! "
103	NA	" jne. "" Igale võõrale pilgule oleks paistnud , et sel mehel on küll väga lõbus . "
104	NA	 Tulija jõudis aiani ja tegi värava lahti . 
104	NA	 Vaatas — korsten tossas . 
104	NA	 Peni haukus ta peale nagu meeletu , ei ta lubanud ennast puutuda , kui võõras tema järele käe välja sirutada tahtis . 
104	NA	 Santa astus sammu sirelipõõsastesse ja tõstis käe püsti , et keegi ikka märkaks teda . 
104	NA	 Siis nägi ta lävel salakorteri perenaist , kelle nägu oli talle varasematest kokkujuhtumistest põgusalt meelde jäänud . 
105	NA	 Santa astus lähemale , köhatas ja ütles välja parooli , mida kasutati vaid põrandaaluste juhiga kohtumisele minekul : 
106	NA	" "" On Eedi kodu ? "" "
107	NA	 Perenaine , tüsedusele kalduv valgete kulmudega neiu ( hilisem personaalpensionär ) tegi suured silmad ja tammus jalalt jalale , ukselink peos . 
107	NA	 Santa tulemine paistis talle ebameeldivusi valmistavat . 
107	NA	" Siis vastas paroolile : "" Ei ole , Eedi läks täiturule . "" "
108	NA	" "" Kui Eedi läks täiturule , siis mina just tulen sealt . "" "
109	NA	 Kõik paroolid klappisid — neid ei olnud vahepeal muudetud . 
109	NA	" Neiu astus talle ligi ja hingas näkku : "" Riigikogu endine liige Santa ? "" — "" Jaa , just nii . "" "
109	NA	" Naine ei tahtnud teda algul sissegi lasta , saatis kellegi maad kuulama , kas seda "" kahtlast "" ikka tohib põrandaaluste juhi juurde lasta . "
109	NA	" Aga siis tuldi parteiperemehe käsuga : "" Kui Santa , siis sisse lasta . "" "
109	NA	 Selle vastu ei julgenud keegi vaielda . 
110	NA	 Jaan Anvelt istus kummargil laua taga , särk püksist väljas , muskel pingul ning kirjutas hirmsa hooga . 
110	NA	 Anvelti ees tiksus suur valge lauakell , selle tiksumine oli niivõrd vali , et polnud arusaadav , kuidas eluruumi peremees siin öösel magada saab . 
111	NA	" Parteijuhil oli parasjagu käsil hiljem ajakirjakirjandusse toimetatav artikkel "" Kas tunnustab klassiteadlik tööline Eesti iseseisvust ? "" "
112	NA	" "" Nii küsida oleks otse koomiline — liiga naljakas , kui see küsimus ikka ja jälle üles kerkiks . "
112	NA	 Selle kallal näevad vaeva Aadu Anderkopid , Luigad ja Rebased , sellest ei saa mööda polkovnik Vahtramäe , kui ta kohut teeb töölisklassi tegelastele . 
112	NA	" Tõesti , kõik on Eestit tunnustanud , kellelt aga "" meie "" suured diplomaadid kunagi tunnustuskirja on nurunud . "
112	NA	" Ainult kõige tähtsam tunnustamine on saamata — Eesti "" oma "" rahva aktiivsem osa , Eesti klassiteadlik töörahvas ei ole härrasid veel rahuldanud ; temalt on veel "" de jure "" saamata ... "" "
113	NA	 Külaline astus sisse ja nõjatus uksepiidale . 
113	NA	 Anvelt tõstis pea kirjatöö kohalt . 
114	NA	" "" Santa ? "" "
115	NA	" "" Just nii , seltsimees Orthodox , Santa . "
115	NA	" See tähendab , mina , "" nikutas tulija pead . "
115	NA	" "" Venemaalt tagasi , sest ema on suremas . "" "
116	NA	 Anvelt pani vihiku laual kinni ja asetas kirjutusmasinale katte . 
116	NA	 Ta tõmbas limonaadipudeli lähemale . 
116	NA	" Siis hingas sügavasti sisse ja sõnas väga mõtlikult : "" Nii-nii . "
116	NA	 Või Venemaalt tagasi ja puha . 
116	NA	 Ka minu teada peaksid sa juba üle üheksa kuu Piiteris õppima . 
116	NA	 Või tüdinesid seal ära ? 
116	NA	" Ja mida sa mulle tood ? "" "
117	NA	 Santa astus ette ja võttis taskust valge kirjaümbriku välja . 
117	NA	" "" Selle kirja toomisega ei ole ma konspiratsioonireegleid mitte rikkunud , sest Soans sai selle Vene-Balti tehases ja andis seltsimees Heale "" Voltast "" , kes selle minu kätte toimetas . "
117	NA	" "" Ahel "" toimis . "
117	NA	 Siia tulles olin väga ettevaatlik . 
117	NA	 Metsast tulin välja alles Kaberneeme kandis . 
117	NA	 Niimoodi tegin ma kogu Tallinna ümber ringi . 
117	NA	" Mingisugust "" saba "" mul taga lohisemas ei ole , see on kindel . "
117	NA	" Õhk on täitsa puhas . "" "
118	NA	 Salakorteri peremees avas pikkamisi ümbriku ja luges : 
119	NA	" "" Lugupeetud Jaan Anvelt ! "
120	NA	 Ma loodan , et Teil nüüd käed värisema ei hakka , sest see olen mina , kes Teile kirjutab . 
120	NA	" Teie vana tuttav , keda kas Teie või Teie kaasvõitlejad "" Töölises "" "" häbitundeta müüdavaks tüdrukuks "" nimetavad . "
120	NA	 Ma olen äärmiselt imestanud , et te lasete seda kõike sündida , kõiki neid sõnu lendu lasta inimese pihta , kellega mõnda aega ühes majas elatud , kelle konspekte maha kirjutatud , kellega koos tudengi-leivapalukest jagatud . 
120	NA	 Kui Te meie parteid rahule jätta ei taha ja kõiges Eesti Vabariigis toime pandud õiglusetuses süüdistada soovite , jumal Teiega ! 
120	NA	 Meie , naised , oleme aga alati imestunud , kui tuuakse ohvriks inimsuhted , justkui oleksid need nii odavad . 
120	NA	 Aga need ei ole odavad , Jaan ! 
120	NA	 Võiksite vähemalt mindki häbeneda ja mitte sülitada meie vana tutvuse surnuaeda . 
121	NA	 Ma ei kirjuta seda kirja oma abikaasa või parteiliidri Rei nõudmisel . 
121	NA	" Solvake pealegi sotsiaaldemokraate , ehk leiate vängemaidki väljendusi kui "" sotsjuudased "" . "
121	NA	 Minu au jätke rahule ! 
121	NA	" Nõnda käitudes , nagu Te seni olete käitunud , mõnitate ju iseennastki , Teie , kes Te kunagi "" käisite "" "" selle müüdavaga "" , osutute seega hullemaks ja salakavalamaks igast uulitsatüdrukust , sest Te olete valmis neidki reetma ! "
122	NA	" Hilja on Teile mõistust pähe panna , aga siinkohal ehk mõned faktid selle "" müüdavuse "" kohta . "
122	NA	 1921. aastal oli tänu sotsiaaldemokraatide organiseerimistööle kümmekond Eesti vabrikut tööliskontrolli all . 
122	NA	 Neli aastat enne seda soovis Teie valitsus tervikuna anda Venemaale meie rahvuslikku rikkust — põlevkivi . 
122	NA	 Isegi mitte müüa , lihtsalt anda , kinkida . 
122	NA	 Mida kõike teie , kommunistid , Leninile ei lubanud ! 
122	NA	 Ka pole mingi saladus , et meie kaitsesime Jaan Tompi ja mõistsime hukka Kingissepa tapmise . 
122	NA	 Meie poolt oli muudki heatahtlikkust . 
122	NA	 Kuid me ei osanud valetada . 
122	NA	 Minu mees püüdis asutada institutsiooni , mis kontrolliks kaitsepolitsei tegevuse seaduslikkust ja väldiks peksmisi eeluurimiskongides . 
122	NA	 Kui teie olete olukorra riigis hulluks ajanud relvade haaramise kohta salapäraseid vihjeid tehes , siis meie oleme püüdnud olukorda leevendada , agiteerides Riigikogus pidevalt sõjaseaduse vastu ( nagu siinkohal tõele au andes , muuseas teie fraktsioongi , kelle ühe endise liikme — Soansu — kätte ma käesoleva kirja heas usus annan ) . 
123	NA	 Ma ei oota Teilt mingit vastust . 
124	NA	" Siiralt Alma Ostra . "" "
125	NA	 Seda kirja luges Anvelt käsipõsakil ja mõtteissevajunult ega tõstnud pilku enne , kui oli jõudnud allakirjutanu nimeni . 
125	NA	 Siis mõtles viivu , just nagu möödunut meenutades , kuid tema kivinenud näolt ei võinud lugeda mingeid tundeid . 
125	NA	 Nähes aga , et külaline ikka veel kohmetult tema ees seisab , ütles lõpuks : 
126	NA	" "" See kõik on ju ilus , aga palju rohkem huvitab mind , mis tuuled sind , Santa , Piiterist siia , Tallinna , surusid . "
126	NA	 On kaks võimalust : kas tulla Eestisse optandina või siis EKP Keskkomitee korraldusel põrandaaluse töö tarvis . 
126	NA	" Sa tulid muidugi nii , et keegi ei saanud teada sinu tulekust ? "" "
127	NA	" "" Seltsimees Vakmann teadis ja kiitis minu tuleku heaks . "
127	NA	" Ujusin üle piiri Kudebi jõe koolmekoha pajude varjust , nagu mõned teisedki , "" sõnas maailmarändur ja istus istmete puudusel maha . "
127	NA	" "" Kas siin suitsu teha võib ? "" "
128	NA	" "" Ei või . "
128	NA	 Räägime nüüd ausalt , Santa . 
128	NA	 Ma ei vaidlusta sinu mehisust , ei arva , et sinust äraandja saab , nagu sai Malmist . 
128	NA	 Usun , sa ei karda peksu ja piinamist , oled kui rauast . 
128	NA	 Sobid rohkem põranda alla kui põranda peale . 
128	NA	 Sellepärast ma olingi nõus sinuga kohtuma . 
128	NA	 Aga legaalse tegelasena ei ole sinust vähematki kasu , sest sa ei ole kõnemees , ei julge esineda . 
128	NA	" Ütled aga "" möhh "" ja ongi kõik . "
128	NA	 Ongi kõne otsas . 
128	NA	" See on sul totravõitu viga , aga nii see on . "" "
129	NA	" "" Riigikogus , rahanduse komisjonis taheti mind ükskord sundida eelarve numbreid kokku lugema . "
129	NA	 Ma vilistasin selle peale . 
129	NA	" Sellega tõin ma töölisliikumisele kasu . "" "
130	NA	" "" Kasu , ütled sa ? "" ironiseeris Anvelt . "
130	NA	" "" Või kasu ? "
130	NA	" Aga pöörame "" arhiividokumentide "" poole ja vaatame , mis kasu sinust siis sündinud on . "" "
130	NA	 Ta võttis hoogsa liigutusega lahti kirjutuslaua alumise sahtli ja soris mingites mappides . 
130	NA	" Santa terav pilk fikseeris kiiresti , et seal oli kaust pealkirjaga "" Tuts "" , mis ei olnud muud kui Vanja põrandaalune varjunimi . "
130	NA	" Siis ta nägi , et Anvelt haarab pihku kausta , millel suurte punaste tähtedega seisab "" SANTA "" ning mõistis , et see käib tema kohta . "
130	NA	 Juhtidel oli andmeid nende kõigi kohta , mida nad iganes Riigikogus või väljaspool seda tegid . 
130	NA	 Santal ei olnud millegagi kiidelda . 
130	NA	 Toompea lossi sattununa oli ta alati vait olnud . 
130	NA	 Isegi töökaitse-komisjonis , kuhu ta tööle määrati , ta vaikis enamasti . 
130	NA	 Ja nüüd valmistus Anvelt toimikust tema kohta karmi tõtt lugema . 
130	NA	 Jaan Santa teadis : niisuguseid toimikuid oli pidanud Kingissepp , range ja ränkraske sõnaga seltsimees . 
130	NA	 Ning tal tõusis külm higi otsaette . 
130	NA	 Eneselegi märkamatult oli ta paberossikese taas suhu pistnud ja lükkas seda ühest suunurgast teise . 
130	NA	" Anvelt hakkas "" toimikust "" Santa patukesi üles lugema : "
131	NA	" "" 15. märts , 1921. "
131	NA	 Tuts on selle poolt , et saalis mitte müra teha , kui sots Karl Ast redaktsioonikomisjoni poolt loeb ette amnestiaseadust . 
131	NA	 Santa on erapooletu . 
132	NA	 13 . november , 1921. 
132	NA	 Santa saadeti Raplasse kihutuskoosolekule , kuid ta hiilis kõrvale . 
132	NA	 Sinna saadeti hoopis Reinberg , ta kandis rahvakoosolekul kõne ette , milles otsesõnu valitsuse kukutamist nõudis . 
133	NA	 19 . märts , 1921. 
133	NA	 Santa läheb Viljandisse , tema teab , missuguse sm-e poole pöörata resolutsiooni küsimuses . 
133	NA	 Siin lõpevad sissekanded teie kohta , Santa . 
133	NA	" Kas te käisite seal Viljandis ? "" "
134	NA	 Siin ei lasknud Santa ennast sugugi segadusse viia , olgugi , et teda vaheldumisi teietati ja sinatati . 
134	NA	 Temal , Santal , ei tulnud ju 19. märtsil 1921 mõttessegi Viljandisse minemata jätta . 
134	NA	 Vähe sellest , Santa võib ka alati rinna ette lüüa ja kinnitada , et ta ses unises provintsilinnas tulise kõnega esines , ikka sõjaseaduse vastu ja Nõukogude Venemaaga kaubandusliku läbikäimise poolt . 
134	NA	 Needis kaitsepolitseid ja nuhkide vabariiki , tükitöö hinnete vähendamist ja mõisasüdame-kindraleid . 
134	NA	 Tema , Santa , saab ju väga hästi aru , et toiduainete ja üürihindade üles kruvimine lõpeb just töölise , aga mitte prassiva burzuaa surmaga . 
135	NA	 Sisimas oli Santa veidi teist meelt , tema sõnad ei vastanud päriselt tema mõtetele . 
135	NA	 Ta ei naasnud Eestisse sugugi selleks , et haiget ema aidata või kommunistlikus kihutustöös osaleda . 
135	NA	 See oli vale . 
135	NA	 Tema seitsmekümneaastane ema oli terve . 
135	NA	 Ja Eestisse tuli ta sellepärast , et tal on poliitikast täiesti villand . 
135	NA	 Parlamendiliikme palk oli küll hea , aga see töö oli kurnav . 
135	NA	" Pikkadel õhtutundidel igavaid majandusaruandeid kuulata , püüda teostada Kingissepa "" obstruktsioonipoliitikat "" — see oleks lõpupoole päris vastikuks muutunud . "
136	NA	" Kingissepp kirjutas ju neile ette , et oma sõnavõttudes peavad nad kolmekordselt ületama istungijärgu juhataja antud kõnepiirid , pärast mitmekordseid hoiatusi kõneaja ammendumise kohta ikka edasi rääkima , "" kuni juhataja — kas kardavoi kutsub , ehk koosoleku lõpetab , ehk mõnel muul viisil kõne jatkamise võimatuks teeb . "" "
136	NA	 See ei olnud võimalik , nende fraktsioonile oleks tuupi tehtud . 
136	NA	 Seepärast otsustati , et kommunistide fraktsioon pühendub rohkem kõnede kvaliteedile , mitte kvantiteedile . 
136	NA	" Riigikogu liige nende oma fraktsioonist , kingsepa õpilane Kägu ajas peale , et kommunistid peavad iga viie kuni kümne minuti järel "" kodanlise lorikogu "" töö seisma panema , et "" härradele viieminutilist puhkust korraldada "" . "
136	NA	 Niimoodi sundis kommunist Kägu riigikogulasi iga natukese aja tagant hääletama . 
136	NA	 Riigikogu asjaajamine oli nagu koer , kes raudkülmal talvepäeval pidevalt uksest sisse ja välja sõelub , kuni pakane sees radiaatori lõhki lööb . 
136	NA	" Vanjale ja Santale tundus , et sellega teeb Kägu Eesti parlamentarismile siiski liiga , nad tegid puhvetis kõvad tropid ja surusid selle ekstremistliku tegelase edaspidi tagasi pingile , kui ta jälle "" vaheaja asjus "" sõna soovis . "
137	NA	 Puhvetis istusid demonstratiivselt maaliitlased turris talupojanägudega ja kallasid omale kanget jooki sisse , sest istung kestis lakkamatult ja keegi ei pääsenud sööma . 
137	NA	 6. aprillil 1922 kõneles kommunist Vanja terve tunni , maaliitlane Laidoner üle kahe tunni , siis veel mõned härrasmehed . 
137	NA	 Seejärel ilmus välja keegi iseseisev sotsialist , kes sõnas , et koosoleku suurimad eksitajad on kommunistid ja maaliitlased . 
137	NA	 Üks vihane sõna sünnitas teise ja lõpuks pidi tööerakondlane Aleksander Veiler äärepealt kakluse algatama , üritades lüüa esseer Jonast . 
138	NA	 Nõnda siis ei jäänud Santal Riigikogust eriti häid mälestusi . 
138	NA	 Ainus , mis Riigikogu puhul veetles , oli keskmisest parem palk , kuid elu esimese kapitalikogumise teostas Santa parlamendi abita . 
138	NA	 Juba sel ajal , kui kestis sõda ja olukord tööturul sõjatööstustellimuste tõttu parem , investeeris tulevane rahvasaadik esimesed tuhanded margad salapiirituse veoks mõeldud kahemastilisse väikepurjelaeva . 
138	NA	 Santa ja tema sõber Roobert ehitasid seda Hara lahe kaldal päevad läbi . 
138	NA	 Ehituskulud aga korvati nendest summadest , mida Santa Noorproletaarlaste Ühingu tagant oli virutanud ning osalt ka palgaks saanud . 
138	NA	 Ühingu laekuri-asjaajajana sai ta palka 7000 marka kuus . 
138	NA	 Kuid Santa leidis , et Noorproletaarlaste Ühingut ei ole vaja : kui proletaarsetes ringkondades midagi otsustatakse , siis teevad seda töölisvanemad . 
138	NA	 Santa järeldas oma elukogemusest , et töölisliikumine peaks olema patriarhaalne ja hierarhiline . 
138	NA	" Sellepärast napsas ta noorteühingu tagant üht-teist ja tagantjärele arutles : kui ma oleksin veel rohkem varandust "" vasakule toimetanud "" , küllap oleks siis ühingu juht Arnold Sommerling ja teised täitsad poisid veel elus . "
138	NA	 Sommerling oleks ehk vaadanud , et raha kaob kuhugi , mark marga järel , lõpuks kaob viimanegi tilk põhjatusse auku , nagu kadus rahapada muinasjutus . 
138	NA	" Ja löönud siis käega : "" Ah , sitta sellest Noorproletaarlaste Ühingust , kuradi soomusevõtjad ei jäta ju niikuinii kivi kivi peale . "
138	NA	" Elan parem ise ka nii , et toimetan vahest midagi vasakule . "" "
138	NA	 Ja ta oleks elanud romantiliselt nagu ühepäevaliblikas , mitte aga mänginud eesti Trotskit ega tormanud kahekümne neljandamal aastal sõjaministeeriumi peale . 
139	NA	" Niisiis , Santal ja Roobertil seisis Hara ranniku varjulises sopis kopsakas kaubaveopaat , mis ristiti Eestimaa mandriosa põhjapoolseima punkti järele "" Purekariks "" . "
139	NA	 Santa oli toredat purjekat vabadel hetkedel oma kätega ehitada aidanud . 
139	NA	 Ta pani kerele kahvli alla , noppis köietakku ja pigitas teki ära . 
139	NA	" Kui kõik valmis oli , siis purustati vastu "" Purekari "" külge pudel "" Kümmelit "" ning võis sõiduks lahti minna . "
140	NA	" Kui siis merigi lahti läks , tegi "" Purekari "" mõne reisi , peamiselt kartulilastiga , sest seda kaupa lootsid mehed Eesti piiritusevabrikutes turustada . "
140	NA	" Õnnetuseks mõlkis laevukest aga üks salakari ja 17. mail 1920 kirjutas Santa kompanjon Roobertile : "" Ei saa rehkentada võib olla et saab Soome minna ja võib olla et ei saa sesd tänavused asjad on nii kirjud , sesd kartulid on siin nii kallid ja Soomes odavad ja muu prahi jauks on kappitaal meil vähäne . "
140	NA	" Kõige parem kui müüme maha , kuid niisuguses olekus nagu ta praegu on ei saa meie ostjaid millgi tingimusel pealegi veel 55 tuhantega kui sa hindad , hea oleks kui sa niisuguse mehe saad ja kui leidub niisugusd meest kes akab sinu eesd tööle selle kambaga . "" "
140	NA	" "" Kamp "" koosnes tollal vaid paarist seiklejast ja õnnekütist , kes haistsid kasumeid juba ühe-kahe aasta pärast , "" sest niisugused kanged juhid nagu Santa ja Roobert ei hakka ometi ankruköit aiamaal kõrvitsatele ümber panema "" . "
140	NA	" Kui aga Roobert oli "" Purekari "" üles vuntsinud , siis kadus tal himu asjaga edasi tegelda ja ta müüs laevukese neljakümne tuhande eest maha . "
140	NA	" Saadud "" kappitaal "" jagati võrdselt kahe mehe vahel ja õnnekütid said palka . "
141	NA	 Sel ajal töötas Santa juba Riigikogus . 
141	NA	 Istungitel räägiti piiritusevedajate muinasjutulistest kasumitest ning pahempoolsed süüdistasid kindral Sootsi , et see mitmeid kordi mitte riigi huvides , vaid oma salapiirituse-äri asjus Rootsis ja Soomes käinud . 
141	NA	 Ja Santa arutles : kui seda lubab sõjaminister Sootsi südametunnistus , siis lubab seda ka minu oma . 
141	NA	 Nii kutsus ta äripartner Rooberti uuesti välja ja seletas : tuleb koguda veel 55 000 marka ja osta piirituseäri tarvis lennukimootoriga kiirpaat . 
141	NA	 See tehtud , tasub äririsk end ära , sest siis võivad sõbrad juba mõne aasta pärast raha lugeda isegi mitte sadade tuhandete , vaid juba miljonite kaupa . 
141	NA	 Mõlemad mehed paigutasid kopsakad summad kiirpaadi-fondi ja tõmbasid püksirihmad koomale . 
141	NA	 Sel aastal läks Santa naine mehe juurest ära , isegi sülitas mõrult üle õla , sest mehel olid kuueteistkümne-tunnised tööpäevad juba tavaks saanud , aga raha ta küll koju ei toonud . 
141	NA	" Ei aidanud mehe seletus , et "" mõne aasta pärast elame sinuga nagu Pärsia kuninga kassid "" . "
142	NA	 Liiga vasakpoolse poliitika tegemine muutus Eesti Vabariigis ohtlikuks . 
142	NA	 Kaitsepolitsei toimetas Santa juures läbiotsimisi ning riigi-isad saatsid Santa juba Kingissepa elu viimasel sügisel riigi tähtsaimast kõnekojast minema . 
142	NA	 Partei suunas Santa Piiterisse õppima . 
142	NA	 Koolis käis Santa nagu sunnitööl . 
142	NA	 Ta ei õppinud ühekski eksamiks , mõtles ainult kiirpaadi ja piirituseveo peale . 
142	NA	" Ja lõpuks saabus Rooberti kauaoodatud märgukiri : "" Südamelised õnnesoovid 38-ks sündimise päevaks "" . "
142	NA	 Meestel oli eelnevalt kokku lepitud , et see tähendas : paadiraha on nüüd koos , olukord vajab kiiret tegutsemist . 
142	NA	 Järgmisel päeval õpilane Santa enam kooli ei ilmunud . 
142	NA	 Ta oli juba teel Eesti poole . 
142	NA	 Mõtles , kuidas Eestis legaliseeruda . 
142	NA	 Mõtles ka , kust odavamalt piiritust saada . 
142	NA	" Ta arvestas õigesti , et võib kasutada vanu sidemeid , mis "" Purekari "" aegadel Roseni piiritusevabrikus olid tekkinud . "
143	NA	 Ainult seda ei osanud ta karta , et teda Eestis taas enamlaste poliitika keerisesse tõmmatakse ning jälle Anvelti ette kutsutakse . 
143	NA	 Ja siis , äkki , palun väga , see kiri , mis oli vaja Anveltile ära viia ... 
144	NA	 Anveltist ei saanud Santa üldse aru . 
144	NA	" Ta võiks oma vana hea sõbranna mürgiga üle pritsimata jätta , aga ei , just Alma Ostrat mõnitab ta "" Kommunistis "" ja muudes väljaannetes hullupööra . "
144	NA	 Nimetab teda niisuguste väljenditega , mille peale Ostra teadagi nutma hakkab . 
144	NA	 Ostra silmad on juba kord niimoodi loodud , et kohe pisarad voolama hakkavad , kui hinge vaevu märgatavaltki torgitakse . 
144	NA	 Tema , Jaan Santa käituks selle Ostraga hoopis teistmoodi . 
144	NA	 See naine ei anna põrandaaluseid välja , mida näitab kas või tõik , et Viktor Kingissepp rahulikult Oinaste abielupaari Kooli tänava korteris teed jõi , sel ajal kui kapod teda Eesti igast nurgast taga otsisid . 
144	NA	 Kui tema , Santa , oleks enamlaste juht Anvelt , siis kutsuks ta proua Ostra-Oina salakohtamisele näiteks Tahkuna randa — kuhu ta kavatseb nüüd oma kiirpaadi toimetada — võib-olla saaks seal nii kaunis olema , et poliitikaküsimuste teravaid nurki annab lihvida . 
144	NA	" Seal võiks tema , Santa , näidata , et "" vana arm ei roosteta "" . "
144	NA	 Aga Anvelt ei tee nii . 
144	NA	" Kuna tema ja selle naise vahel on kunagi midagi olnud , siis seda enam põleb fanaatik Anvelt soovist näidata , et "" töölisteklassi reeturiga "" ei ole tal midagi ühist . "
145	NA	 Varem või hiljem hõivab see suurte süütute silmadega naine seni maskuliinse ametiühinguliikumise ! 
145	NA	 Võitlemaks Ostra mõjudega , peaks Anvelt alustama võitlust omaenda hingesopis ja see on tema jaoks kurnav . 
146	NA	 On veel üks oletus , mõtles Santa . 
146	NA	 Anvelt läks Eesti ühiskonnast täielikult eemale , hakkas poliitiliselt tegutsema eesti rahva enamiku tahte vastaselt . 
146	NA	 Mispärast ? 
146	NA	 Harilikult vali keegi niisugust saatust . 
146	NA	 Kas tema ühtekuuluvus esiisadega on nii nõrk ? 
146	NA	 Kas talle siis sugugi ei mõjunud Peterburi eesti üliõpilaskonna ülirahvuslik vaim ? 
146	NA	 Ei . 
146	NA	 Too vaikne ja kirglik mees pidi enne niisugust suurt vastasseisu armuma , naiselt mööda näppe saama ja siis pöörduma ära kõigest , mis selle naisega seotud . 
146	NA	 Aga kui see naine oli juhtumisi poliitik ? 
146	NA	 Siis pidi Anvelt loobuma isamaa poliitilisest elust , enamgi veel , asuma tegutsema kõigi kodumaiste parteide vastu . 
146	NA	" Kirglik armastus muutus sõgedaks vihaks : "" Kuradile kõik ! "" "
147	NA	" "" Aga mida mina , Santa , ise peale hakkan ? "
147	NA	 Kes ma olen siin maailmas ? 
147	NA	 Ostrat tunneb ära sellest , et ta on ilus , Anvelti omaduseks on olla fanaatik , kuid mille tarvis olen siis mina siia maailma loodud ? 
147	NA	 Mulle meeldivad ilusad naised , kaetud lauad , helesinine meri . 
147	NA	 Aeg-ajalt ümiseda mõnd laulukest läbi vurrude ehk siis võtta üks väike naps ühe ja teine teise jala tarvis . 
147	NA	 Ja kõik need hüved peavad tulema salapiirituseveost . 
147	NA	 Kontrabandiga teenin ma raha kedagi kurnamata ja petan ainult Eesti ja Soome riike , mis oma olemuselt on niikuinii sundimise aparaadid . 
147	NA	 Ja nood , kes mu viinal lasevad kõrist alla voolata , ei tee endale samuti liiga , kui nad joovad nii nagu mina : üks ja kaks , väike naps ! 
147	NA	 Nende tervisele on igal juhul parem , kui nad viina joovad , mitte enda aetud puskarit . 
148	NA	 Asi on otsustatud : minust peab saama piiritusekaupmees . 
148	NA	" Ilma viivituseta . "" "
149	 4 . 	 4 . 
150	NA	 Santa seisis endiselt ülemuse ees ja ootas , mida tema kohta lõpuks otsustatakse . 
150	NA	 Ta ei tahtnud enam põrandaalustega ühes tegutseda , kuid viisakuse pärast tegi siiski koostöö-ettepaneku . 
150	NA	 Anvelt oma pisikeses pugerikus näis üsna ähvardavana . 
150	NA	 Tema tõsised uurivad silmad tegid ränki etteheiteid , otsekui kõrvetasid hingepõhja . 
150	NA	 Santa hinges tõusis uuesti ähvardavalt küsimus : kui vabrikutöölised peaksid tõesti võimu haarama , mida nad siis teeksid temasuguste sahkerdajatega ? 
151	NA	 Siin kõneles temaga fanaatik , kelle juttu ta otsekui läbi mingi unehämu kuulas : kuna Santa ei tea kust teab põrandaaluste juhi kõige salajasemat , kõigi eest kiivalt varjatud aadressi , kuna Santa on lahkunud Piiterist Kominterni täitevkomitee nõusolekuta , siis ei tohi ta kahe aasta jooksul üheski EKP organisatsioonis osaleda . 
151	NA	 Santa süda lausa hüppas rõõmust seda kuuldes — hüvasti enamlased , tere piirituseäri ! 
151	NA	" Ainsaks mureks peaks nüüd saama see , kuidas tulla põranda alt taas põranda peale , kuidas õigel ajal ilmuda passilauda ja teatada : ma olen seesama Santa , keda kunagi Venemaale "" õppima "" sunniti , ma olen nüüd jälle Eestis , härrased , ning ma ei ole vene spioon ! "
152	NA	" Ja Santa sulges "" Valvaja "" suvemaja ukse peaaegu hääletult . "
152	NA	 Tema pruunid silmad lausa särasid . 
152	NA	 Sume suveõhtu oli palav , Pirita liiva-aukudest vesi kuivanud . 
152	NA	 Päikesevalgus heitis värvilisi helke , alates õrnrohelisest toonist männiokastel ja lõpetades silmadele väljakannatamatult valusa kiiskamisega rajatava aedlinna tulikuumadel plekk-katustel . 
152	NA	 Nüüd kõndis Santa mööda tänavat , mille kumbki äär palistatud noorte elujõuliste tammedega . 
152	NA	 Esimest korda pärast paljusid aastaid sundis ta end unustama hirmu ja konspiratsiooni , jälgima kassipoegadega mängivaid lapsi ja vaatama juba valmis saanud maju , veendumaks , mida oleks tema nende ehitusel teisiti teinud . 
152	NA	 Muidugi kerkisid siia mõned supelsakste häärberid . 
152	NA	 Santa tundis kadedust . 
153	NA	 Siinsamas külitas päikesekuumuses kindral Andres Larka triibuline , korraliku iluaiaga ümbritsetud maja . 
153	NA	 Sellest läks tööline kiirel sammul mööda , kuid jõudis silmata kindralivõsusid , kes liivakastis omaette mängisid , ilusad linased särgid seljas . 
153	NA	 Targad , ilusa silmavaatega lapsed , aga häält palju ei teinud . 
153	NA	 Võib-olla tahtsid nad vaikselt linnulaulu ja jõelainete liikumist kuulata , et neil lapsepõlve lõpuks oleks midagi südamesse kaasa võtta . 
153	NA	 Kohe meenus töölisliikumise tegelasele ta oma poeg , uljas pioneer Leningradis , kes oskas nii revolutsiooniliselt kõnelda , et isalgi vahest pisarad silma tulid . 
153	NA	 Poeg kandis rinnal pisikest punast tähekest . 
154	NA	 Santa võttis suuna Merivälja kalurikülade poole . 
154	NA	 Ta kõndis nüüd mööda ümaraid rannakive , heitis korraks pilgu rannal peesitajatele . 
154	NA	 Siin ei olnud kaitsepolitseinikke ega hädaohtu seepärast märgata . 
155	NA	 Jah , poeg on pioneer , arutles Santa sügavalt mõttesse vajununa . 
155	NA	 Olla pioneer 1923. aasta juulikuus - selles on midagi teedrajavat . 
155	NA	 Ta on aktivist , kes innustab teisi kommunistliku liikumisega liituma . 
155	NA	 Tema , Santa , ei mõista tänapäeva noorust kogu hingest . 
155	NA	" Ta on alati olnud tööliste ja nende elu ümber korraldamise poolt , olgu selleks ümber korraldamise vormiks kas vihatud vabrikumeistrite kotti ajamine või siis koguni mingisuguse "" töövabariigi "" loomine . "
155	NA	 Missuguse täpselt , seda teavad haritud teoreetikud : niisugused nagu Anvelt , Ostra , Semper ja teised . 
155	NA	 Temasugune lihtne inimene seda ei tea ega peagi teadma . 
156	NA	 Santa vaatas ühtlast ja rahulikku sinimerd . 
156	NA	 Ta heitis päikesepaistelisele metsavälule pikali ja sulges silmad . 
156	NA	 Tal oli tarvis meenutada möödunud päevi . 
156	NA	 Riigikogu oli saanud tema , lihtsa töölise elu kõrgpunktiks . 
156	NA	 Vaevalt usutav , et ta kunagi veel nii kõrgele lendab . 
156	NA	 Ehkki tema ülesandeiks oli seal põhiliselt vaid jalgadega trampimine ja laekapidamine , sai just Toompea talle pretsedendituks suuruseks . 
156	NA	 Kui hea on sellele mõelda palaval suvepäeval ! 
157	NA	 Mis õige oleks , kui läheks praegu kolleeg Vanjale külla , kargas unistajale pähe . 
157	NA	 Vanja oli parlamendis nende liider . 
158	NA	 Ei , Johannes Vanja külastamisega ei tasuks praegu riskeerida , pealegi võib see sõbrake Moskvas olla . 
158	NA	 Kõik , mis Santa nüüd tahaks , on suur leivakäär , kamakas esimese sordi võid ja suur pütt jääkülma piima . 
158	NA	 Ja et eestlased oleksid omal maal peremehed . 
159	NA	 Heinakõrs suus , lamas Santa kõrges rohus ja meenutas möödunut . 
159	NA	 Mesilased ja vaablased möödusid sumisedes temast , õhk virvendas ja mürkrohelised kaseoksad painutasid end kuuma tuule järgi . 
159	NA	 Õhtu oli muutunud sumedaks ja loojangukollaseks , lained kordasid üksteise järel oma tumedaid häälitsusi . 
159	NA	 Valged luiged hüüdsid : kluu ! 
159	NA	 Kluu ! 
159	NA	" Ja tööline Santa kuulis sellest hüüdmisest : "" Kodu ! "
159	NA	" Kodu ! "" "
160	NA	 Ah mis mõnus on niiviisi korraks lamada ja senisest elust kokkuvõtteid teha ! 
160	NA	 Santa hakkas unistama . 
160	NA	" Kas tuleb ka kunagi aeg , mil Toompea lossiaeda püstitatakse ausammas "" Eesti parlamentarismilt Vanjale , Santale , Alliksoole , Andrejevile ja Soansile "" ? "
160	NA	 Seal nad viiekesi seisaksid , suured pronkskujud , kelle metalljalad hoogsalt sammule suunatud ... 
160	NA	 Iga kuju juures on midagi iseloomulikku . 
160	NA	 Soansil on mõlemad käed lahases . 
160	NA	 Andrejev lohistab tinavilet järgi . 
160	NA	 Alliksoo toetub suurtele pronkstrellidele , kuna ta kord ähvardas professor Uluotsa töölistega , kes vanglast välja tulevad . 
161	NA	 Kõigist kujudest võiks Santa kuju olla rahumeelselt istuv , sest Riigikogu-praktika jooksul oli just Santal tegemist tööliste fraktsiooni kassaga . 
161	NA	 Ta kuju istub sirgelt toolil , esindusrahade kassalaegas põlvedel . 
161	NA	 Ja Vanja trummeldab sõrmedega rahakarbil . 
161	NA	" 1921. aastal ta ju teatas , et hakkab rajatava "" tööliste lossi "" aktsiaid trükkima , kui käes vajalik põhikapital - viissada tuhat marka . "
162	NA	 Santa astus mööda metsarada mereni ja vahtis vette . 
162	NA	 Tulipunane päike vajus allapoole ja tema valgus paistis veel mõne minuti kauge Aegna puude vahelt . 
162	NA	 Santa teadis , mis helid Toompeal kõlavad . 
162	NA	" Pikalt Hermannilt langeb parasjagu lipp ja grammofonil keerleb plaat lauluga , milles sõnad "" su hooleks end annan ja truuks sulle jään "" . "
162	NA	 Niisugune öö hümn on mõeldud kõigi tallinlaste , ka Santa jaoks . 
162	NA	" Et hommikul mazhoorse muusikaga ärgata ja kujutleda lipu heiskamise muusika taga sõnu "" su üle Jumal valvaku/ mu kallis isamaa "" . "
162	NA	 Siis valvab Jumal isamaad kogu päeva ja õhtul , une eel , annab muusika talle uuesti truudusvande . 
163	NA	 Nüüd tegi seda ka Jaan Santa . 
163	NA	 Esimest korda elu jooksul . 
163	NA	 Elu paljud aastad olid läinud ja tema hinge kalestanud . 
163	NA	 Nüüd , uusi sihte otsides oli ta lõpuks leidnud üles needki , kelle hulka ta juba algusest peale kuulus ja kelle keelt ta oli kogu elu oma iga mõtte välja ütlemiseks kasutanud . 
163	NA	 Eesti rahvas ! 
163	NA	 Jalge ees mühisev meri ja üle Eesti metsade loojuv päike olid temasse pühapäevatunde toonud , millest ta õieti kunagi enam ei soovinud lahkuda . 
164	 5 . 	 5 . 
165	NA	" Roobert ja tema abiline Otsa Siim Purekarist , spetsialist piirituseveo alal ajasid paadikuuri juures piibujuttu , kui neile lähenes poliitilise politsei numbriga helehall "" Ford "" , kolm tõsiste nägudega meest sees . "
166	NA	" "" Vaata , Siim , meile on külalisi oodata , "" osutas Roobert saabuvale autole ja puhus välja suitsurõnga . "
167	NA	 Vanamees kahvatas . 
167	NA	 Suvisest meretuulest räsitud habe hakkas värisema . 
167	NA	 Ta pani paadikuuri ukse kõvasti lukku ja heitis mureliku pilgu rannikuvees kahlavatele lammastele , otsekui oleks tulijail uttedega mingi side . 
168	NA	" "" Jessas , vist polpoli mehed ! "
168	NA	 Ei tea , mida need küll siit otsivad ? ! 
168	NA	 Viimati tunnevad meie paadi vastu huvi ? 
168	NA	" Viimati tahavad meid ülekuulamisele viia ? "" hädaldas vanamees . "
169	NA	" "" Kuule Siim , ää aja lapsejuttu . "
169	NA	 Paadi omamine pole kellelegi keelatud , olgu sellel või kaks lennukimootorit . 
169	NA	 Meie paat on ju ametlikult registreeritud . 
169	NA	" Küllap nad otsivad meie kompaljongi Santat , kes on Tallinnas vist jälle mingi tükiga hakkama saanud . "" "
170	NA	" "" Ma hoiatasin sind mitu korda , ära sina jahmerda selle kahtlase tegelinskiga ! "" "
171	NA	" "" Ole vait , mehed tulevad autost välja ! "
171	NA	" Vaata , et sa väga viisakas oled . "" "
172	NA	 Autouks pandi vaikselt kinni ja kolm rühikat meest hakkas sammuma allapoole . 
172	NA	 Nad kohendasid pintsakuhõlmu ja panid siis nagu kokkuräägitult käed selja taha . 
172	NA	 Esialgu ei vihjanud miski nende ametile — nad olid kõik ühesugustes soliidsetes ülikondades . 
172	NA	 Kuid nende päevitunud näod andsid tunnistust paljudest välitöödest . 
173	NA	 Vanim , tumedate juuste ja piinlikult hoolel aetud habemega politseinik soovis viisakalt jõudu . 
173	NA	 Saanud sellele vastuse , jätkas : 
174	NA	" "" Vabandage , poliitiline politsei tülitab , assistent Soovik . "
174	NA	" Kas Jaan Santa on teie mehi ? "" "
175	NA	" "" Käis siin enne Riigikogusse astumist , "" oli Roobertil kähku vastus valmis . "
176	NA	" "" Noo ? "
176	NA	 Või nii ? 
176	NA	" Meil on andmeid , et ta on ka pärast siin viibinud . "" "
176	NA	" — "" Kui teil niisuguseid andmeid on , mis te siis meid usutate ? "
176	NA	" Ehk on härrad nii lahked ja lähevad nende juure , kellelt andmed pärit . "" "
177	NA	" "" Küllap meie ise teame , kellelt me oma andmed korjame . "
177	NA	" Ma küsin teie käest viimast korda , kas Santa on viimastel päevadel siin käinud või mitte . "" "
178	NA	" Roobert tundis huvi : "" Mis , kas ta siis pani Venemaalt lõikama ? "
178	NA	 Mina oleksin nagu kusagilt kuulnud , et Santa pidi Venes olema . 
178	NA	" Piiteris või kusagil seal ... "" — "" Teda on viimasel ajal Tallinnas nähtud , linna peal ringi kolamas . "
178	NA	 Vaat nii on lood . 
178	NA	" Ja ma panen imeks , et just teie , kes te oma ärikaaslast väidetavasti aastate kaupa pole näinud , temast nii palju teate . "" "
179	NA	 Aga nüüd sekkus vestlusse Otsa Siim oma käriseval häälel : 
180	NA	" "" Mina olen rumal inime ja mitte ei saa sotti , kas te otsite Riigikogu liiget või mõnda Venemaa radadelt tulnud pätti . "
180	NA	 Neid riigikogulasi ma tean häste , neil on pikad mustad torukübarad , hõbenuppudega kepid ja ilusad kulduurid . 
180	NA	 Nagu ma häste tean , kasvatavad nad endale nina alla musti vurrukesi või kui neid ei tule , siis lahjasid valgeid udemeid . 
180	NA	 Ja nende naesed uitavad ringi siidis ja sametis , midagi muud selga ei pane . 
180	NA	" Ja vabal ajal on riigikogujatel nihukesed erilised ratsapiitsad , millega saab tänaval penidele vastu hända virutada , et need mitte ülekäte ei läheks ... "" "
181	NA	 Politseinikud vahetasid pikki pilke . 
181	NA	" Siis ütles üks : "" Sa vaata ette , vanamees , et sulle endale vastu hända ei virutata . "
181	NA	 Meil on iga minut kallis ja meie ei armasta mitte , et meie üle sel kombel nalja visatakse . 
181	NA	" Millised Eesti poliitikud on , seda teame me ise , meil on Santat vaja . "" "
182	NA	" "" Ma loodan väga , et te ei hakka kahtlustama mingisuguse tühipalja Riigikogu-Santa varjamises mind , kes ma olen seilanud palju maailmamerd , olen olnud tormivarjus saarel , kus lausa kubises latsutajatest madudest ja rääkinud juttu meestega , kes hiljem kõlkusid võllas Londoni kuulsal Hukkamisdokil ! "" suurustas Siim , kui politseinikud tema paati uurisid . "
182	NA	" "" Need olid priimad ajad , sest siis ma olin vaba nagu Atlandi mahe briis . "" "
182	NA	" — "" Te võite ka vanul päevil ja maismaal vaba olla , "" õpetasid politseinikud asjalikult , "" kui te oleksite natuke targem ega jääks nii õnnetult võimule jalgu . "
182	NA	" Meie võim kaitseb ja hoiab teid kõiki , aga näeb vastutasuks sageli vaid täielikku mõistmatust ! "" — "" Kommunistide toetamine , see on ju midagi sellist , nagu laseks keegi end hammustada merilõvidel ehk siis käiks kambüüsis vorsti näppamas . "
182	NA	 Ma tahan öelda , et see on nii põhimõttelage asi , see kommunistide toetamine . 
182	NA	" Kui admiral Nelsoni meeskonnas oleksid olnud punased , siis ei oleks ta iial Trafalgari lahingut võitnud . "" "
183	NA	 Roobertist ja Siimust ei olnudki sel korral korravalvureile abi ja nood pidid tühjade kätega tagasi pöörduma . 
184	NA	 Mehed pidasid nõu , kuni päike lagitaevasse jõudis . 
184	NA	" Siim sülitas lirtsti läbi hammaste ja sõnas meelekibeduses : "" Ma ütlen sulle , noormees , kes see Santa sihuke on . "
184	NA	 See Santa on üks kuradima nuhk ! 
184	NA	 Meie oleme ausad Eesti kodanikud , aga temal on nuhipass taskus . 
184	NA	 Ja minul on täitsa ükstapuha , kas ta nuhib poliitilise politsei või GPU kasuks , aga selge on see , et kahju saame ikka meie , ausad piiritusevedajad . 
184	NA	" Tema tõmbas need kolm nuhki meile kraesse ! "" "
185	NA	" "" Aga kui teda ei oleks , siis oleks meil kappitaal liiga vähene , et üleüldse piirituse järgi sõita . "
185	NA	 Ja mis kõige tähtsam , siis meil ei oleks seda paatigi , mille numbri need nuhid praegu üles kirjutasid . 
185	NA	 Nii et enne , kui me merele läheme , peame tema saabumise ikka ära ootama . 
185	NA	" Ta on asjatundlik varas , kapod ja popod peaksid talle veel tänulikud olema , et ta nii palju Noorproletaarlaste Ühingu varandust kõrvale toimetas . "" "
186	NA	" "" Ena mul asja ! "
186	NA	 Rahad on käes , paat on sõidukorras , bensiini jägub ... 
186	NA	 Mida me veel ootame ? 
186	NA	 Tema võib oma osa ka hiljem saada , teda ei saa niikuinii kaasa võtta . 
186	NA	 Kui ta meie paadilt leitakse , siis ei ole meiega enam ka nalja . 
186	NA	 Tema on ju mässaja ja eks ta antakse igal juhul sõjakohtu alla . 
186	NA	" Algajatel paadimeestel ei tohi niisuguste meestega sekeldusi olla , sest niikuinii on risk , et paat konfiskeeritakse , hakka siis veel sita pärast lisariski võtma . "" "
187	NA	" "" Sul on õigus nagu alati . "
187	NA	 Sõber Santaga ei saa esialgu arvestada . 
187	NA	" Las jääb maha . "" "
188	NA	 Mehed ootasid esimese tormiöö ära ja asusid siis mereteele . 
188	NA	 Summutatud mürina saatel kadus nende kaater silmapiiri taha . 
188	NA	 Nad rikkusid Eesti Vabariigi merepiiri , et Saksamaale piirituse järele sõita . 
188	NA	 Aga rannal leidus keegi , kes vaatas neile igatsevalt järele ja tahtis kaasas olla . 
188	NA	 See keegi heitis pilgu tühjale paadikuurile , kiristas hambaid ja vedas sõrmed rusikasse . 
188	NA	 Ja pistis suhu järjekordse paberossikese . 
188	NA	 Aga juba oli tal uus salaplaan - riikliku piirituselao plommide võltsimine . 
188	NA	 Selles karmis ühiskonnas pidi silmad lahti hoidma , õhkamisest isamaa poole jäi napiks . 
