par_nr	head	sentence
1	 Kevade tulek 	 Kevade tulek 
2	NA	 Indrek Hargla 
3	NA	 Kolm sõlme I 
4	NA	 Teelahkmel seisis õhtuhämaruses välismaise päritoluga piklik neljainimesetõld , mille kõrval sadulas jõuline , musta mantlisse mähitud ratsamees . 
4	NA	 Tema hobune trampis närviliselt jalgu ja korsatas nagu oleks midagi tõlla juures teda kohutavalt häirinud . 
4	NA	 Ent rakmeis hobused olid rahulikud , neid ei paistnud miski segavat . 
4	NA	 Kutsar jalutas põllu peal ja popsis oma piipu , hoidudes kuuldekaugusest välja . 
4	NA	 Polnud tema asi , millest härrad juttu ajavad . 
5	NA	 Oli veebruar , ent lumi juba sulanud või kavatses ta viivu pärast tagasi tulla , et kevade saabumine kaugemale lükata . 
5	NA	 Õhtueel oli valge kirme ometi porisele teele tagasi tekkinud , ilm kandis nõelteravat jäist hingust . 
5	NA	 Talv polnud oma võimu loovutanud , ei , nii kergesti ei soovinud ta mitte alla anda . 
5	NA	 Öösiti näitas tali ennast taas , kompas võimalusi tagasi tulla . 
5	NA	 Tema jõud polnud veel murtud ega hoog raugenud . 
5	NA	 Ikka veel pimedatel ja pikkadel öödel külmutas ta teid ja poetas mõne lumehelbe . 
6	NA	 Tõlla uks oli avatud , ratsanik kõneles seesolijaga . 
6	NA	 Ilmselt olid nad head tuttavad , ja ratsanik reisijale mingi teene tänuvõlgu , sest tema toon oli aupaklik ja kummardused sügavad . 
6	NA	 Kummati võis näha , et kummarduma polnud see mees mitte harjunud . 
6	NA	 Nad kõnelesid saksa keeles , ent murrakud ja rõhuasetused sõnades olid erinevad . 
6	NA	 See ei seganud neil üksteist mõistmast . 
6	NA	 Lõpuks ulatas ratsanik kaaslasele kaks eset . 
6	NA	 Üks neist oli suur kukkur , mis loomulikult kõlises . 
6	NA	 Kui kullal on oma kõla , siis seda see oli — selline tuhm , mahe ja vaoshoitud . 
6	NA	 Teine ese oli mapp paberitega . 
7	NA	" "" Väärtpaberid , "" lisas ratsanik . "
7	NA	" "" Andestage , ent me ei suutnud rohkem münte kokku korjata . "
7	NA	 Keisrimaksud ja rasked ajad . 
7	NA	" Ma loodan , et ... "" "
8	NA	" "" Ärge muretsege , mu sõber , "" vastas teeleasuja malbelt . "
8	NA	" "" Nende paberite väärtus on rahast isegi tugevam , sest kannavad need ju õilsate ja jumalakartlike rüütlite allkirju . "
8	NA	" Mis võiks maailmas olla veel kindlamat , kui ausameelsete inimeste oma käega kinnitatud tahe ? "" "
9	NA	 Pimedas polnud näha , kas ratsanik kahvatas või mitte , kuid kindlasti taipas ta teise sõnade tähendust . 
9	NA	 Jah , kuldmündil pole allkirju , nad on anonüümsed ega kõnele täpsemalt , mille eest või kellelt tasuks saadud . 
9	NA	 Ei kõnele ka väärtpaberid , ent allkiri jääb allkirjaks . 
9	NA	 Kindlustuseks vaikimise eest . 
10	NA	" "" Summa on täpne , nagu kokku leppisime , "" kinnitas rüütel . "
11	NA	" "" Ma ei kahtle selles. "" "
12	NA	" "" Mida mul teha tuleb ? "" "
13	NA	" "" Üsna vähe . "
13	NA	 Kõik on juba tehtud . 
13	NA	" Teie asi on vaadata , et sõlmed koos püsivad . "" "
13	NA	 Mees tõllas küünitas veidi tahapoole ja ulatas ratsanikule väikese karbi . 
13	NA	" "" On kolm paela sõlmedega , kolme Sõna kaitsmiseks . "
13	NA	 Selles karbis on kaks ja te teate , kus asub kolmas . 
13	NA	 Ja on kolm reeglit . 
13	NA	 Ärge puudutage neid ! 
13	NA	 Ärge laske päevavalgusel neile peale paista ! 
13	NA	 Igal neljapäeva õhtul tilgutate minu poolt näidatud kabelis igale sõlmele tilga verd . 
13	NA	" Veri on väikses pudelis seal karbis. "" "
14	NA	" "" Ja kui ... kõik on läbi ? "" "
15	NA	" "" Lähevad sõlmed sama teed . "
15	NA	 Matke nad maha kabeli taha , pühitsetud mulda . 
15	NA	 Sügavale . 
15	NA	 Aga kolmanda peate õigel ajal kätte saama . 
15	NA	" See on korraldatud. "" "
16	NA	" "" Ma tean. "" "
17	NA	 Nad vaikisid hetke , siis tahtis ratsamees veel midagi öelda , ent teine hõikas juba käskivalt kutsarit . 
17	NA	" "" Mul on aeg teele asuda . "
17	NA	" Pean hommikuks Riiga jõudma , "" sõnas ta hüvastijätuks . "
17	NA	" "" Laev läheb õhtupoolikul. "" "
18	NA	" "" Head teed ! "
18	NA	" Ma ei suuda kirjeldada kogu rüütelkonna tänutunnet ... "" "
19	NA	" "" Polegi vaja . "
19	NA	" Jumal õnnistagu teid , parun ! "" "
20	NA	" "" Ja teidki , püha isa ! "" "
21	NA	 Aeglaselt kadus tõld teekäänaku taha , ratsamees ei jäänud kauaks sellele järele vaatama , vaid kannustas hobust ja kappas tagasi oma mõisa poole , karp sõlmedega põuetaskus ja käed ratsmete ümber külmast kronksus . 
22	NA	 Ta tundis , kuidas sõlmatud paelad läbi riiete ja karbi ta rinda kõrvetavad ning kuidas nad ahastusest ja valust karjuvad . * 
23	NA	 Kolistav kodukäija 
24	NA	 Aga Kaikajaagu talu õuel säras varahommikul juba soe päike , mis öised jääkirmed kiirelt peletas . 
24	NA	 Vana taluhoone ja küüniubrik vajanuks hädasti töökäsi , mis lagunevad palgid ja sindlid uutega asendaks , vahest uue laudagi ehitaks , sest too juba õige lääpas oli . 
24	NA	 Talu taha jäi karjamaa ja idakaarde metsaviirg — laas kulges siit pea Otepääni välja , vaid aegajalt mõnele künklikule põllulapile ruumi tehes . 
24	NA	 Kitsuke teerada viis õuelt karjamaa vahelt läbi , kuni mõne versta pärast suuremaga ühines . 
24	NA	 Kui Sänna-Tarmo majast välja astus , oli perenaine juba loomad talitanud ja asus just ainsat lehmakronu karjamaa poole vedama . 
24	NA	 Ta oli poole ööni mehe kõrval istunud , eks ikka selleks , et näha kuidas Tarmo tema painajatele lõpu teeb . 
24	NA	 Aga silm oli kinni vajunud . 
24	NA	 Loomad ju ... 
25	NA	 Mees seisis hetke lävel ja hakkas siis piipu toppima . 
25	NA	 Pikk , rohmakas ja jõuline , tahutud nurgeliste näojoontega mürakas mees . 
25	NA	 Seljas põlvini ulatuv mantel , peas kaabulodu , õlal märss . 
26	NA	" "" Nu , kaiss tüü joba tettu ? "" hõikas perenaine üle õue , kui pangega lauda poole jooksis . "
26	NA	 Tarmo noogutas . 
26	NA	 Kui Kaikajaagu Ann Sänna-Tarmo juurde tuli , ta karjatas . 
26	NA	" "" Ai , heldeke ! "
26	NA	" Sul jo puha veri kõrvant vällan ? "" "
27	NA	" "" Es tuu tii midagist , "" porises Sänna-Tarmo . "
27	NA	" "" Õks juhtse. "" "
28	NA	" "" Sa peas' tohtride manu kaema , "" arvas Ann , "" säänatse lõhkise kõrvaga ... "
28	NA	" Tuu tekse vai ? "" ja näitas peaga maja poole . "
29	NA	" "" Tuu neh , "" noogutas mees pead . "
30	NA	" "" Nüid siis viil , vasta ummõgut , ma esigi es kuulse , "" vangutas naine pead . "
30	NA	" "" Muidu kolistass ja kiusass , mes jakse , une raasugi es lasõ silma tullõ. "" "
31	NA	" "" Küll nüid lasep. "" "
32	NA	" "" Ah õks save jagu vai ? "" "
33	NA	" "" Jah , "" ohkas mees ja popsis rahuga piipu . "
33	NA	" "" Ai ta enamb tulõ , a'asin ta välla. "" "
34	NA	" "" Taivale tänu ! "" õhkas naine . "
34	NA	" "" Mol nakse jo irmgi , et mes ma väeti naesterahvas ütsi säänatse kotonkävva vasta tii ... "" "
34	NA	 Ta sülitas . 
35	NA	" "" Jo sa tiadse , kes tuu kotto kävse . "
35	NA	" Mutu olõski irm nakanu , "" arvas Tarmo . "
36	NA	" "" No kost ma tota tiia , "" laiutas naine käsi . "
36	NA	" "" Jaak jo mittu aiga koolnu , äga's siis enamb nakasi tulla . "" "
36	NA	 Ja kadus taas lauta . 
36	NA	 Tarmo ei hakanud vaidlema , istus lävepakule maha ja popsis piipu . 
36	NA	 Veel jupp aega kolistas Ann laudas , enne kui toa poole jooksis ja mehele suure moonakoti kokku pani . 
37	NA	" "" Tänutähess vai nii , "" ütles ta häbelikult , "" mede iale avita'le . "
37	NA	" Äga pallu põle , a tuu mes om ... "" "
38	NA	" "" Aitüma , "" kostis Tarmo . "
38	NA	 Rohkem nad ei rääkinudki . 
38	NA	 Mees viskas ühele küljele oma märsi , teisele õlale riputas töötasuna saadud moonakoti ja hakkas vaikides metsa poole astuma . 
38	NA	 Naine seisis õuel ja vaatas talle pikalt järele . 
38	NA	 Siis ta sülitas uuesti ja pomises midagi vihaselt . 
39	NA	 Keskhommiku paiku , kui Ann hagu raius , hakkas tee pealt kostma häält , mis Kaikajaagul väga haruldane — hobuste kappamine ja vankrirataste kolin . 
39	NA	 Ann ajas end hämmeldunult sirgi ja vaatas tee poole . 
39	NA	" "" Opman vai ? "" mõtles ta imestunult . "
39	NA	 Aga ei olnud opman ; kaarik oli küll ja selles kutsar ning tekkidesse mähitud reisija . 
39	NA	 Õule jõudes hüppas reisija kergel sammul kaarikust välja , vaatas ringi ja jooksis vilkalt Annu poole . 
39	NA	 Üllatusega avastas Ann , et tulija oli naisterahvas . 
39	NA	 Sihvakas küll , kaunite näojoontega , ent mitte esimeses nooruses enam . 
39	NA	 Õbluke punasekirju pearätt ei suutnud naise pikka helepruuni juustepahmakut enda alla suruda — need lehvisid tuules ja Ann tundis õhus peent linnahaisu . 
40	NA	" "" Oh hea emake , öelge ometi , kas see on Kaikajaagu talu ? "" hüüdis naine jooksu pealt . "
41	NA	" "" No tia , mes ta's muut piass olõma ? "" naeris Ann ettevaatlikult . "
41	NA	 Ta polnud juba aastaid linnainimest näinud ; veel enam sellist , kes Kaikajaagu talu taga otsib . 
41	NA	 Kaariku nägemisest esimene hirm oli nüüd — kui sealt naisterahvas välja karanud — hajunud . 
41	NA	 Kohtupristavit ei kartnud Ann ju tegelikult enam ammu ... 
41	NA	 Kui nemad tulnud oleks , siis ikka tükk aega tagasi . 
41	NA	 Kui Jaak siit vankril kalmistu poole veeti . 
42	NA	 Naine jõudis Annu juurde ja haaras tal kätest . 
42	NA	 Ta nägu õhetas ja silmad olid nutetud . 
42	NA	" "" Mina olen sõitnud pika tee , otse Venemaalt Tartu linna ja edasi Võru peale ja mitu valda ja küla läbi sõitenud , kuhu mulle juhatust anti , et ikka Sänna- Tarmot leida . "
42	NA	" Ja Pangodi kõrtsitare alt anti teada , et temamoodi mees just Kaikajaagu poole läinud oli. "" "
43	NA	" "" Ol' tõne küill siin , "" noogutas Ann . "
43	NA	" "" Ma esi kutse. "" "
44	NA	" "" Oh , emake , kui isamaa ilu teile armas on , siis ütelge omete , et kas tema veel siin on ? "" "
45	NA	" "" No ammu läänu joba , "" lõi Ann käega , ise uudishimust lõhki minemas . "
45	NA	" "" Sai ummõgu tüü tettu ja mõtsa puule katuski. "" "
46	NA	" "" Töö , mis töö ? "" "
47	NA	" "" Üits kottokävva vaim kolistase tare all . "
47	NA	" Mia kutse õks Tarmo. "" "
48	NA	" "" Kodukäija ? "" oli naine ehmatanud . "
48	NA	" "" Et noist pea ka aus talurahvas iial rahu saama ! "
48	NA	" Aga millal see oli , kui Tarmo siit ära läks ja kuhu poole tema küll suundus ? "" "
49	NA	" "" Äi mia küll noid nõia kävemisi vai tekemisi tia , "" õhkas Ann . "
49	NA	" "" Mõtsa puule ta läits , "" ja näitas käega lõunakaarde . "
50	NA	" "" Proua , "" hõikas äkki kutsar kaariku poolt , kes nende kõnelust kahtlemata kuulnud oli . "
50	NA	" "" Jäljed on veel selgelt näha ! "" "
50	NA	 Ja näitas mahatallatud rohu peale , kust Sänna-Tarmo mõned tunnid tagasi läinud oli . 
51	NA	 Naine laiutas ahastuses käsi , näis nagu puhkeks ta nutma . 
51	NA	 Ta taarus veidi koha peal ja juba voolasidki pisarad ta silmist . 
51	NA	 Kutsar jooksis ta juurde ja püüdis ta kinni , sest muidu oleks naine maha kukkunud . 
52	NA	" "" Hilja , liiga hilja ! "" halas ta . "
52	NA	" "" Miks küll minule seda õnne ei anta , et enne loojangut kasvõi üksi õilis tegu isamaa heaks korda saata ? "" "
53	NA	" "" Me peaksime nüüd küll linna poole tagasi sõitma , proua Mich ... "" arvas kutsar . "
54	NA	" "" Ära kutsu mind siin niimoodi ! "" hüüatas naine läbematult . "
55	NA	" "" Härra võtab mul niigi naha maha , kui kuuleb , et teid siia soode ja metsade keskele vedasin. "" "
56	NA	" "" Isa ei tohi teada , "" sosistas naine . "
56	NA	" "" Isa pole kunagi aru saanud ... "
56	NA	" Ja ta on haige ka. "" "
57	NA	 Ann ei mõistnud selle kõige peale midagi kosta . 
58	NA	" "" Mine too kuuma vett , "" käskis kutsar teda . "
58	NA	" "" Proua on läbinisti külmetanud ja tervis tal ka kehvavõitu. "" "
59	NA	" "" Me ei tohi silmapilkugi kaotada , Jaagup , "" sosistas naine siis äkki . "
59	NA	" "" Ma pean tema jälgedes metsa minema. "" "
60	NA	 Kutsar vangutas pead ja nad jootsid naisele kuuma rohuteed . 
60	NA	 Siis ta läks . * 
61	NA	 Kohtumine metsas 
62	NA	 Sänna-Tarmo ei kõndinud metsa vahel kaua . 
62	NA	 Valu kõrvas muutus liiga tugevaks , ta otsis sobiva kuivema koha , istus ja otsis märsist parajat maarohtu ; segas ojas leotise , pühkis hüübinud vere ja ravis ennast . 
62	NA	 Hiljem vaatas töötasuks pandud moonakotti , kangutas leivapätsi ja singitüki välja ning hakkas sööma . 
62	NA	 Silmad olid keskendunud ühte punkti metsavahel , suu mälus toitu , rasvaseid käsi pühkis otse kuube . 
62	NA	 Tarmol oli palju mõelda . 
62	NA	 Liiga palju ühe hariliku kodukäija väljaajamise juhtumi jaoks — tavaliselt unustas ta need kiiresti . 
62	NA	 Tavaliselt mõistis ta surnut lepitada ja veenas teda tagasi minema . 
62	NA	 Nüüd polnud ta kindel , kas mitte polekski parem olnud , kui Jaak kodu edasi oleks käima jäänud . 
62	NA	 Kaua mõtles ta . 
62	NA	 Ja tundis siis , et pole öö läbi maganud . 
62	NA	 Pangodi kõrtsi manu ta tagasi minna ei tahtnud — lärmakas seltskond polnud Tarmo meele järele . 
62	NA	 Aga Vainkülli maadele , koduse metsatare juurde ta tänase päevaga ka ei jõuaks . 
62	NA	 Ööd metsas veeta on liiga külm . 
62	NA	 Targem on päeval magada ja öösel kõndida . 
63	NA	 Nõid tõi kuuseoksi , ja keeras ennast mantlisse . 
63	NA	" Ent enne uinumist kuulis ta kaugel metsaserva poolt heledat naisehäält : "" Tarmo ! "" "
64	NA	 Esiti arvas ta , et Ann teda taga otsib , kuid hääle nooruslikum kõla ja ahastus veensid teda vastupidises . 
64	NA	 Ann oleks olnud tige ja kuri . 
64	NA	 Ta ei kartnud oma surnud meest , kellele osavasti mürki sisse söötnud oli . 
64	NA	 See naine ei kartnud midagi , kodukäija oli teda ainult häirinud . 
64	NA	 Ja Jaagul polnud kurje kavatsusi , ta oli ainult teada tahtnud , miks ? 
64	NA	 Mille eest ? 
65	NA	 Aga sellele vastamine polnud Tarmo asi . 
65	NA	 Vastama oleks pidanud sellele kohtupristav või urjaadnik . 
65	NA	 Aga Tarmo ei anna iialgi ühtegi oma üles . 
65	NA	 Oma võõrale . 
65	NA	 Küll Taara hiiekohtus Annu üle kohut mõistetakse ; küll maa hoolt kannab , et mõrtsuk karistud saaks . 
66	NA	 Tulija ei olnudki Ann vaid üks naine , keda Tarmo ähmaselt mäletas . 
66	NA	 Nad olid kohtunud , kümmekond aastat tagasi , tänu Võru lauluisa imelikkudele soovidele . 
66	NA	 Tarmo mäletas , et kord oli talle Madise läbi sõna saadetud , et Võru linnast keegi tohter ja vanade laulude üleskirjutaja temaga kõneleda sooviks . 
66	NA	 Tarmo läks linna . 
66	NA	 Selgus , et luuletaja temalt oma kirjatööde tarbeks needmise ja nõidumise sõnu teada tahab . 
66	NA	 Talle olla räägitud , et just Tarmo siitkandist kõige paremini vanade aegade loitse mäletab . 
66	NA	 Aga kui selgus , et seda kõike Lauluisal ainult naljaviluks tarvis , et kedagi kurja kaetamise alt lahti nõiduda polegi tarvis , oli Tarmo vihastanud ja linnast sääred teinud . 
66	NA	 Või nemad arvavad , et loitsimised on ülestähendamiseks ja lõbu pärast ettelaulmiseks ! 
66	NA	 Niimoodi võib nõiavägi neist sootuks ära kaduda , kui nad paberile panna ja inimeste vahel laiali jaotada . 
66	NA	 Pealegi polnud tal ju vaja kedagi nõiduda ja kui asja pole , siis pole ju ka sõnu millestki võtta . 
66	NA	 Ega's ussisõnad valmis asi ole , nagu pang , et võtad ja vinnad vett täis ! 
66	NA	 Ikka iga asja puhul omaette tuleb nad välja mõelda . 
67	NA	 Aga see naine ... tema oli — siis palju noorem ja siledama välimusega — sealsamas Võru linnas olnud ja lauluisa soove tagant õhutanud , ka Tarmole peaaegu pisaratevoolu saatel peale käinud ning midagi esiisade pärandist rääkinud , mis kaotsi ei tohi minna . 
68	NA	 Kui taaskohtumise asjaolud on äärmiselt ebaharilikud , siis kaua nendel ei peatutagi . 
68	NA	 Mis siin ikka seletada oligi , selge ju , et naine oli tema kohta teateid palunud , pika maa maha sõitnud , Annu käest viimast juhatust saanud . 
68	NA	 Ja naine ei vaevunud ka pikalt oma eksirännakuid kirjeldama . 
68	NA	 Hilistalvine mets oli ta riided lõhki käristanud , ta vankus ja vaagus , ent näol oli kindlameelne ilme . 
69	NA	 Tarmo tundis kohe ära , et naine on suremas . 
69	NA	 Raske tõbi oli tal kallal ja sellise vastu rohtu pole . 
69	NA	 Mõned aastad veel , siis ta hääbub . 
69	NA	 Naine teadis seda . 
69	NA	 Sedagi oli kohe tunda . 
70	NA	" "" Hea nõia-isand , küll teeb meele kergeks , et omete ma teid ülesse leidsin , "" ohkas naine . "
70	NA	" "" Kas teie veel mind mäletate ? "" "
71	NA	 Tarmo noogutas . 
72	NA	" "" Ja ega teie minu üle enam pahane ei ole ? "" "
73	NA	 Tarmo isegi mõtles küsimuse üle järele . 
73	NA	 Ei , ta ei olnud , leidis ta lõpuks . 
73	NA	 Miks ta pidanukski . 
73	NA	 Naised on ju lõpuks ainult naised ja iseäranis neilt , kes talutööd ei tee , vaid linnas luuletuste kirjutamiste ning näitemängude korraldamisega askeldavad , ei maksa ju ilmaasjadest täit mõistmist oodata . 
74	NA	" "" No siis on küll kenasti , "" seletas naine edasi . "
74	NA	" "" Sest muidu minu süda küll sees lõhki tahaks minna , kui teie ikka veel vaenuvimma peaksite . "
74	NA	 Mis olnud , see olnud ja seda tahan mina tõeks pidada , et Eesti Hiit valvavad suured mehed väeti naesterahva rumalustest suurt tähendamist ei tee . 
74	NA	 Mina olen sagedaste ikka veel enam laps , kui ma ise arvan , ja tänan igatühte , kes seda mulle andeks annab . 
74	NA	" Ja ega mina teid hoopiski enda pärast taga ei ajanud. "" "
75	NA	 Uni tikkus Tarmole silma , mis esiti üllatusest tulija üle taanduma oli kippunud . 
75	NA	 Metsas ja maal tühja juttu ei aeta ning nõid polnud pikkade sissejuhatustega harjunud . 
75	NA	 Aga polnud ka tema viis inimeste juttudele vahele segada . 
75	NA	 Ometi ei osanud ta midagi sobimatut ette kujutada , kui sellist tühja jutuvada metsa vahel . 
76	NA	" "" Vaadake , hea nõia-isand , nüüd mina teile küll midagi ära seletama pean . "
76	NA	" Ehk olete kuulnud , et mina juba ammu enam armsa Eestimaa pinnal ei ela , vaid Kronstaadis hoopis , mis ühel saarel Sankt-Peterburgi juures ? "" "
77	NA	 Ei , Tarmo ei olnud . 
77	NA	 Ta pingutas oma teadmisi Venemaast , kuid ainult Pihkova kanti oli ta kunagi sattunud aga sealt põhja poole mitte . 
77	NA	 Peterburi pidi olema suur linn , kus Vene keiser — pikne teda võtku ! — elab , niipalju ta ometi teadis . 
78	NA	" "" Valus ja vaene on isamaast eemal olla , nõiaisand . "
78	NA	 Ka Saksamaal veeti mind ringi ja sõidutati kõige imepanu väärsematesse kohtadesse , aga isamaal minu südamele ikke kõige armsam on . 
78	NA	 Ja nüüd , tagasi jõudes Kronstaadi , käin ma ikke vahel isal külas , sest tema enam sugugi liikuda ei saa , vanaks ja väetiks on tema jäänud ! 
78	NA	 Aga mitte tema pärast , nõiaisand , hoopistükis oma isa teadmata ja ilma tema hea nõuta , otsin mina teid taga . 
78	NA	 Sest mida ma kuulsin , kui mõned päevad tagasi Tartusse jõudsin ? 
78	NA	" Et minu hea ja austatud sõber , keda teiegi mäletama peaksite , kurja tõbe küüsi on sattunud ! "" "
79	NA	 Lauluisa ? , mõtles Tarmo . 
79	NA	 Kas tema siis ongi mingi tõve endale kallale mananud nende loitsudega lohaka ümberkäimise pärast . 
80	NA	" "" Näen , et te ei mõista mind , "" rääkis naine kiiresti edasi , "" kuid pikemalt seletamiseks pole ka aega . "
80	NA	 Kopsu-onu on surma suus , nõiaisand ! 
80	NA	 Kopsu-onu , nagu teda kutsutakse ja nagu teie minu austatud sõpra tunnete . 
80	NA	" Aga see tõbi pole päris maapealne tõbi. "" "
81	NA	 Või Kopsu-onu ? 
81	NA	 Ja Tarmo käed tõmbusid rusikasse . 
81	NA	 Kui nende kirjatarkade seas oligi üks mees — peale Madise muidugi — kelle heaks tema kõik omad oskused ja teadmised tahtis mängu panna , siis Kopsu-onu see oli . 
81	NA	 Või mis onu nüüd , Tarmoga sama vanune ju teine aga selle lugupidamise ja austuse pärast , mis tema ära teeninud , teda ikka onuks hüüti . 
81	NA	 Nii siin , lõunas , kui Sakalas ja Pärnu poolgi . 
82	NA	" "" Ehk olete ka kuulnud , et minu sõber teiega kokku puutumise pärast mitmes asjas oma meelt muutis . "
82	NA	" Kas tulete temale appi ? "" "
83	NA	" "" Ma 'ep ole tohter , "" sõnas Tarmo vaikselt . "
84	NA	" "" Tohtrite õpetused siin ei aitagi , "" hüüatas naine . "
84	NA	" "" Ainult nõiamees võib maha võtta selle , mis teine kurjuse ja vimma pärast inimesele kaela nõidunud ! "
84	NA	 Nii palju kui minul teadust on selle üle , mis teie vahel aset leidis , siis pean ma tõeks , et on just nõidumine see , mis minu sõbra maha murdnud ja surmaks sängi surunud . 
84	NA	" Kui meie nüüd ühel nõul ei ole ja teie abisse ei tõtta tulema , on meie isamaa on tublist kaitsejast ilma jäänud. "" "
85	NA	" "" Kuri nõidumine ? "" küsis Tarmo . "
86	NA	" "" Kõikse kurjem siin ilma pääl , nõiaisand ! "" * "
87	NA	 4 . märts 1870 , Lõhavere linnamägi 
88	NA	 Ilma vankrita on nii raske kinniseotud inimest vedada . 
88	NA	 Eriti kui sa ise oled lihtne talumees ja sinu vang mõisasaks . 
88	NA	 Sa seod ta käed selja taha kinni , topid prundi suhu , annad aegajalt süüa-juua ja mõne võmmu , et ta liigse kisaga tähelepanu ei tõmbaks . 
88	NA	 Ja liikuda tuleb muidugi öösiti , kuidas muidu ? 
88	NA	" Neil harvadel hetkedel , mil vangi suu vaba oli , suutis ta kuuldavale tuua kähedaid häälitsusi , millest Tarmo tundis ära vaid ühe sõna : "" Halastust ! "" "
89	NA	 Ta isegi ei vaevunud vastama . 
90	NA	 Nädalaid oli kestnud nende retk Virust Sakalasse . 
90	NA	 Tarmo tundis talusid , kust süüa sai , kus elasid lahked inimesed , keda võis usaldada . 
90	NA	 Leivakannikas ja vahest kausitäis putru , jõukamas kohas anti ka seajalgu . 
90	NA	 Ikka hoolitses nõid , et tema vangil kõht täis ja meeled ärkvel oleks , et tema mõistusenatuke nälja tõttu ei kustuks . 
91	NA	 Lõhavere alla jõudsid nad päikeseloojangul . 
91	NA	 See oli hea aeg . 
91	NA	 Tarmo tahtis , et tema vang päikesetõusu ära näeks . 
91	NA	 Et näeks , kuidas soojad kiired paitavad maad ja see valgusele ahnelt vastab ; et midagi pole muutunud , et puud kasvavad edasi ja maa hingab . 
91	NA	 Hans von Lückendorf pidi seda nägema . 
91	NA	 Ühe öö peab ta vastu küll . 
92	NA	 Linnamäe põhjapoolsel nõlval sahises noorte tammede salu . 
92	NA	 Need olid tugevad puud . 
92	NA	 Sinna Tarmo oma ohvri lohistaski . 
92	NA	 Ka elujõus poleks saks temast tugevam olnud , kuigi vanust oli neil ühepalju . 
92	NA	 Nõid tundis seda salu , ta oli palju käinud , puudega kõnelnud , nendelt teateid palunud iidsete aegade kohta . 
92	NA	 Ohjaa , nad mäletasid , kuigi olid veel noored . 
92	NA	 Aga puud on kõik sugulased ja nende mälu pitk . 
93	NA	 Vang paisati puude alla , ta kondid raksusid põrutusest , suunurgast , prundi tagant hakkas verd immitsema . 
93	NA	 Tarmo soris taskutes ja võttis välja mõned esemed , sealhulgas ka väikese vaheda väitsa . 
93	NA	 Siis kompas ta tamme , sosistas sellele mõned sõnad ning tõmbas kiire liigutusega üle vangi kaela . 
93	NA	 Vaevalt see valu oli , pigem hirm ja õudus teadmisest , et tema peenesse valgesse ihusse on julgenud keegi haava teha , mis meest nüüd silmi pungitama ja vähkrema pani . 
94	NA	 Nõid määris verd tammekoorele . 
94	NA	 Ta ootas vastust . 
94	NA	 Siis see tuli . 
94	NA	 Lehesahinast ja tuulehoost kuulis Tarmo otsuse . 
94	NA	 Ta polnud hetkekski kahelnud , et see selline on . 
95	NA	 Jah , puud mäletasid seda verd , tundsid selle ära . 
96	NA	 Von Lückendorf oli surma mõistetud . 
97	NA	 Ta tegi oma ohvrile veel neli lihahaava , et veri voolaks ja selle imal lõhn tungis metsloomade ninna . 
97	NA	 Suur mets ei ole siit kaugel ja külasid samuti läheduses pole . 
97	NA	 Siis sidus ta vangi puu külge . 
97	NA	 Sidus sõlmedega , mida isegi lahti poleks osanud teha . 
98	NA	 Ta vaatas von Lückendorfi silmi ja nägi neis äratundmist ja õudust . 
98	NA	 See oli hea . 
98	NA	 Ta sureb pikkamööda ja ehk mõtleb oma ohvritele . 
98	NA	 Siis oleks nagu mehe silmisse siginenud mingi lootus . 
98	NA	 Ta lõug hakkas rabelema , ihuliikmed tõmblema . 
99	NA	" "" Mis siin sünnib ! ? "" "
100	NA	 Hääl tuli kui tõrrepõhjast , kaikus üle linnamäe , kandev , kõlav ja võimas . 
101	NA	 Tarmo pööras võpatades ümber . 
101	NA	 Õhtuhämaruses jooksis nende poole pikkade sammudega suur kogu . 
101	NA	 Ta lähenes tee poolt , kust ometi polnud salus sündiv näha . 
101	NA	 Mingi õhtune uitaja ? 
102	NA	" "" Tõe ja õiguse nimel , mis siin toimub ? "" "
103	NA	 Tarmo sisises vihaselt . 
103	NA	 Mees kandis linnariietust , kuid miski temas kõneles tõepoolest tõest ja õiglusest . 
103	NA	 Ta oli pikka kasvu , põlvini tumedas reisikuues , musta habeme ja väikeste prillidega . 
103	NA	 Joostes vehkis mees oma jalutuskepiga ning Tarmo sai aru , et sellega pihta saada oleks võrdlemisi valus . 
103	NA	 Mitte et ta kartnud oleks ... aga niimoodi ei pidanud von Lückendorf pääsema . 
104	NA	" "" Kes ... sa oled , vasta ! "" nõudis linnamees ja nägi alles siis , et vang lisaks sellele , et puu külge köidetud , ka verd jooksis . "
104	NA	" "" Mis kurjatööd sa siin toimetad ? "" "
105	NA	 Ja ta ei kardagi , mõtles Tarmo . 
105	NA	 Ta ei kardagi , et ma mõni röövel olen ja talle kirvega selga lajatan . 
105	NA	" Mees tõmbas vangi suust prundi ja viimase suust kostis hale karje : "" Helfen Sie mir ! "" "
106	NA	" "" Ei ! "" pani Tarmo käe tulnuka õlale . "
107	NA	" "" Mida sa , tõbras , siin piinad ? "" hüüdis mees , tõukas Tarmo eemale ja asus sõlmede kallale . "
107	NA	 Ta ei vaadanud isegi ümber . 
108	NA	" "" Ei , "" kordas Tarmo kindlalt . "
108	NA	" "" Ta peab surema . "
108	NA	" Nii on mõistetud. "" "
109	NA	 Vang karjus midagi ja mees pusis sõlmede kallal edasi . 
109	NA	 Loomulikult ei saanud ta neid lahti . 
109	NA	 Tarmo ootas . 
109	NA	 Päike hakkas juba looja minema ja hämardus . 
109	NA	 Lõpuks pööras mees ennast ümber . 
109	NA	" "" Kes sa oled ? "" kordas ta nõudlikul häälel oma küsimust . "
110	NA	" "" Sänna-Tarmo , "" ütles Sänna-Tarmo . "
110	NA	" "" Ja sina ? "" "
111	NA	" "" Seo ta lahti ! "" käskis mees . "
112	NA	" "" Ei seo . "
112	NA	" Ta on kurjategija. "" "
113	NA	" "" Du bist ein estnisches Schwein ... "" ähkis endiselt seotud vang . "
114	NA	" "" Oot-oot , sellist kõnepruuki ei ole paslik küll kasutada , "" arvas mees , "" kes teie üldse olete , kuidas te selle röövli kätte sattusite ? "" "
115	NA	 Vang avas suu , ent Tarmo ei lasknud tal lõpetada vaid kiire liigutusega haaras maast prunni ja lõi selle von Lückendorfi suhu tagasi . 
115	NA	 Habemik ei jõudnud midagi teha . 
116	NA	" "" Ei maksa tal kõneleda lasta , "" ütles Tarmo . "
116	NA	" "" See mees on paha nõid ja talurahva piinaja . "
116	NA	" Ta sureb siin õiglast surma , nagu hiiekohus mõistnud. "" "
117	NA	" "" Kes sa selline oled , et hiiekohtust räägid ? "" oli habemik üllatunud . "
118	NA	 Tarmo raputas pead , võttis märsist nahkse paela ja näitas seda mehele . 
118	NA	 Too võttis selle hämmeldunult ja uuris . 
119	NA	" "" Mis see veel on ? "
119	NA	" Haisep nagu mädand korjus. "" "
120	NA	" "" Kümne süüta neitsi vitumokast põimitud nõiapeal , mida nende südameveres leotatud . "
120	NA	 Küsi selle tõpra käest , kuhu kadusid läinud aasta jooksul Jõhvi kihelkonnast kümme taluneitsit . 
120	NA	 Ehk oskab ta sulle juhatust anda nende kontide juurde Siiraku metsas . 
120	NA	" Säält ma ta leidsingi , palvetamas ja kuritõpraid välja manamas. "" "
121	NA	 Habemik seisis jahmunult paigal ja pillas paela sõrmede vahelt . 
121	NA	 Tarmo korjas selle üles ja lausus lepituseks paar sõna . 
122	NA	" "" Seitungid kõnelesid küll sellest , et näitsikud Jõhvi kandis kaduma jäävad , "" pomises habemik hämmeldunult . "
123	NA	" "" Siis las kohtupristav otsib neid Siiraku metsast , mitte kaugel Paikre mõisast , mille isandaks ja krahviks see ennast nimetab. "" "
124	NA	" "" Von Lückendorf ? "" kõlas teise mehe hääles imestus , äratundmine ja kerge põlguski . "
125	NA	" "" Tema see on , aga ükski kohus teda peale hiiekohtu süüdi ei mõista . "
125	NA	" Hiis mäletab selle soo kuritegusid . "" "
125	NA	 Tarmo polnud ammu niipalju korraga rääkinud . 
125	NA	 Ja nüüd talle aitas . 
125	NA	 Kes see koolipapa ka polnud , teadis ta nüüd tõtt . 
125	NA	 Tarmo oli ta valiku ette pannud ; mehe veri oli proovile pandud . 
125	NA	 Ta pidi kas uskuma oma suguvenda ja tema otsuseid või ta reetma ja võimude poole pöörduma . 
125	NA	 Aga kohtukull on võõras võim , tema ei mõista hiie , vaid raha järgi . 
125	NA	 Kumbki otsus ei saanud habemikule kerge olla . 
125	NA	 Aga kellel üldse oli kerge ? 
125	NA	 Kas Tarmol oli ? 
126	NA	" "" Vaata , "" ütles Tarmo veel . "
126	NA	 Ta tõstis paela huultele ja sosistas : 
127	NA	 Kõnõle nüid tõprast sõnu kõnni esä hainamaale sõlmä lahti piiga vaivad sõnnikude torka haavad puudõle las lenda valu puistul , parsil palagu käve ülle kingu neidu käsa lükku painajalle silmeisse tal torka orad silma alla mädanegu munni õkva otsast kisu muru kasvgu läbi konte keelele too tuld ja tõrvä kelladele kitsikusi lase neidu näita tonti lapilisi kärnalisi koolnule too kergitusi koolejale kannatusi tütrikuile rõemu surmas tütardeile vallatusi massa , hinge hävitatu massa tõpral viimast piinä tasu , vaimu suretatu tasu , maksa kätte vaivad 
128	NA	 Mehe sõnad muutusid üha valjemaks ja aeglasemaks , tõusis tuulehoog , mis raputas tammeoksi . 
128	NA	 Vihinast väljus külm puhang . 
128	NA	 Puu külge seotud vang hakkas meeleheitlikult visklema , ta silmad pungusid hullusest , valust ja õudusest . 
129	NA	 Tarmo tõstis naharibadest ja lihast põimitud paela habemiku silme ette . 
129	NA	 Sellest immitses verd . 
130	NA	" "" Ta näeb neid nüüd , "" sõnas Tarmo vaikselt . "
130	NA	" "" Aga ei sure nende kätte . "
130	NA	" Köida ta lahti ja vii pakku , kui usud , et ta süüta on . "" "
130	NA	 Tema ise nägi neid muidugi ka . 
130	NA	 Kõike seda vaeva ja valu , mida neidised pidid enne surma läbi elama ning seda röögatut raevu , millega nad oma vaenaja kallale sööstsid . 
130	NA	 Hingepiina , mida muud võisid nad põhjustada . 
130	NA	 Aga see sünnitab hirmu ja von Lückendorfile pole midagi paremat , kui tunda enne surma mõõtmatut hirmu . 
130	NA	 Hirmu selle ees , mis saabub peale surma . 
131	NA	 Habemik ja Tarmo lahkusid Lõhavere linnamäe tammesalust kahekesi . 
131	NA	 Mehe vanker ootas teeserval ja hobused trampisid närviliselt jalgu . 
131	NA	 Ta ei suutnud rääkida ja nõial oli selle üle hea meel . 
132	NA	" Enne kui mees vankrile hüppas , küsis Tarmo : "" Ja kes sa siis ise oled ? "" "
133	NA	" "" Kopsu-onuks kutsutakse , "" vastas mees kõlatul häälel . "
133	NA	 Siis utsitas ta hobuseid ja vuras minema . 
133	NA	 Tal oli palju , mille üle järele mõelda . 
134	NA	 Madise käest sai Tarmo hiljem teada , et keegi olla Wesenbergi kohtupristavile kirja saatnud , kust kadunud tüdrukuid otsida . 
134	NA	 Siiraku metsas , Paikre mõisa maadelt leitigi ühest august laibad ... üksikasjalisemalt seitungis ei seisnud . 
134	NA	 Aga Tarmo kujutas hästi ette , milline pilt otsijaile oli avanenud , oli ta ju seda ise kõike varem näinud . 
134	NA	 See oli ka seitungis , et krahv von Lückendorf olla kadunud aga kreisikohus teda üsna kindlakäeliselt taga otsib . 
134	NA	 Laipade juurest oli leitud suguvõsavapiga sõrmus . 
135	NA	 Viimast korda oli Tarmo seda puu külge seotud krahvi sõrmes näinud . * 
136	NA	 Doktor Köhleri arstivandest 
137	NA	 Kaarik korjas neid metsaservalt üles , Jaagup viskas nõia poole vaid ühe ja veidi küsiva pilgu , ent ei pärinud sõnagi . 
137	NA	 Ta oli piiritult ustav oma perenaisele ja nagu ta tihti kõrtsides kuulutas , ka kõige õnnetum inimene terve Tarto linna pääl , et Emajõe Ööbik Venemaale elama läks . 
137	NA	 Need mõned harvad korrad , mil naine aga kodumaile käis , oli tema jälle kõige rõemsam . 
138	NA	 Nad sõitsid kiiresti traavi Tartu peale , mähkides end soojadesse tekkidesse . 
138	NA	 Proua rääkis pidevalt , jutustas Tarmole oma üleelamisest kaugetes maades , kahetses oma eemalolekut ja igatses kodumaa ilu . 
138	NA	 Tihti puutus mõni teeäärne paik tema silma ja siis ei suutnud ta vaimustushüüet tagasi hoida — kui kaunis ja meelepärane see kõik on , kui väljamaa kohad selle kõrvale panna . 
139	NA	 Tarmo istus sirgelt ja veidi ebalevalt . 
139	NA	 Ta polnud harjunud kaarikuga sõitma , seni ikka kõik omad käimised oma jala peal ära teinud . 
139	NA	 Noh , ja naisterahvaga — abielus naisterahvaga veel pealegi — polnud tema sootuks harjunud nii lähestikku olema . 
139	NA	 Aga olla tuli neil veel kaua , sest Tartus pikemalt peatuda ei kavatsetud , kohe tuli sõita edasi ida poole Puhja , sealt üles Põltsamaa peale ja siis Sakalasse , uhkete mulkide maale . 
140	NA	 Naise vadin ja kaariku õõtsumine ainult uinutas Tarmot . 
140	NA	 Aga ta sundis ennast vapralt kuulama . 
140	NA	 Ning sai aru , et lobisemise taha peidab naine oma teadmist peatselt lähenevast surmast . 
140	NA	 Ehk mitte sel aastal ei tule see , vahest ka mitte järgmisel , kuid tuleb see kindlasti . 
140	NA	 See naine on juba välja valitud ning siia ei saa parata enam ühegi nõidumisega . 
141	NA	" "" Aga ma pole ju teile veel rääkinud , kuidas üldse kõik juhtus , "" seletas proua Michelson . "
141	NA	" "" Las ma kõnelen siis . "
141	NA	 Seda pean mina kindlasti tegema , et teie mitte ei mõtleks , et kurja nõidumise kohta teadused vaid väeti naisterahva väljamõeldis on . 
141	NA	 Kui ma mõned päevad tagasi Tartusse jõudsin , et oma armast isa vaadata — temagi tervis jo kiita pole — sattusin kallite sõpradega kokku ja nii me ühel õhtul istusimegi isamaa asjade üle aru pidades ja luuletusi lugedes . 
141	NA	 Korraga aga katkestas meie jutuajamise koputus uksele ... 
141	NA	 Ahjaa , ma polegi veel öelnud , et istusime isand Jaaksoni aaptegi tagatoas , tema on üks vahva ja tubli aapteker Tartu linnas . 
141	NA	 Ja minu isa kindlasti rõõmus pole , kui kuuleks , et mina just selles majas oma pärastlõunat veetsin , sest ausa proviisori kirjatöid minu isa oma ajalehes samuti avaldada ei taha , nagu minu armsa sõbra , keda teie , nõiaisand Kopsu-onu nime all tunnete . 
141	NA	 Ja ukse taga seisiski minu hea sõbra sulane otse Kurgjalt ja kurtis , et tema isand raskeste haige on , tõvevoodisse nagu aheldatud ja kuri haigus iga päevaga üha rohkem võimu võtab . 
141	NA	 Vändra arst — too vana doktor Köhler — olla küll paar korda käinud , aga suuremat abi temast polnud . 
141	NA	" Nii siis Kopsu-onu saatnudki isand Jaaksoni järele ja palunud suusõnal edasi öelda , et hea kui aapteekriisand ise tulla saab aga parem veel , kui Sänna- Tarmole sõna saadab ja abi palub. "" "
142	NA	" "" Miks ? "" küsis Tarmo . "
142	NA	 Ja jälle meenus talle Madis , kes kirjatarkust mõistis ja talle mõnikord ette luges , mida Kopsu-onu kuskil öelnud või teinud . 
142	NA	 Jah , Madis ei teadnud nõiasõnu ega muid loitse , ei osanud koolnutega kõnelda ega vanarahva käest õpetust saada . 
142	NA	 Aga ometi olid nad kokku kasvanud — üheküla poisid nagu nad olid — ühel ööl peale peksu mõisas vandunud , et kättemaks sakstele saab olema verine ja valus . 
142	NA	 Siis ei teadnud veel kumbki , et Sänna-Tarmo mõisast põgenedes Meenikunnõ hiide jõuab ja haldjad temaga seal kõnelema hakkavad . 
142	NA	 Et peale tavalise mõisniku ja kiriku veel hulga kurjemaid ja hullemaid asju häärberites toimetatakse . 
142	NA	 Kõigele kurjale on oma mõõt . 
142	NA	 Ja keegi peab seda mõõtu võtma . 
142	NA	 Madis läks hiljem linna kooli , Tarmo jäi metsa . 
142	NA	 Metsakooli . 
142	NA	 Ja nii see sellest ajast saati on — Madis loeb seitungit ja sätib asju ... 
142	NA	 Tarmo loeb sõnu , manab ja otsib Kurja . 
142	NA	 Aga Kopsu-onu kohta luges Madis seitungitest ainult halba . 
142	NA	 Teda siunasid nii saksad kui nende orjadest kirikukrantsid , kes ometi taludes sündinud . 
142	NA	 Aga mõni aasta tagasi oli Kopsu-onu ise seitungi käima ajanud ja nüüd Madis lausa röökis rõõmust , kui seda luges . 
142	NA	 Ajad on muutumas , ütles ta Tarmole , niikuinii me nüüd võidame , kui selline mees rahva ärkama paneb . 
142	NA	 Ehk saab ka ilma nõidumise ja karistamiseta läbi , arvas ta ka . 
142	NA	 Aga seda Tarmo ei uskunud . 
142	NA	 Kuri ei lähe ise kuhugi , ta tuleb välja ajada . 
143	NA	" "" Miks ? "" päris proua Michelson nüüd vastu . "
143	NA	" "" Aga sellepärast , et doktor Köhler käis mitu korda Kurgjal ravitsemas aga tema abist polnud põrmugi kasu . "
143	NA	 Et mitte öelda kahju ! 
143	NA	 Küünlakuul — teel Pärnust koju — külmetas minu hea sõber kangeste , nii rääkis sulane . 
143	NA	 Ometi pidi ta kohe Viljandisse edasi sõitma ega hoolinud tõvest sugugi . 
143	NA	 Kutsuti küll doktor Köhler ja temagi olevat öelnud , et ega see haigus meest murra . 
143	NA	 Aga ometi võttis ta haigelt verd , et seda vaja uurida . 
143	NA	 Viljandist tagasi tulles oli minu sõber juba täiesti haige ja jälle toodi Vändrast arstihärra . 
143	NA	 Ta jäi haigega omavahele ja keegi ei tea , mis seal aset leidis . 
143	NA	 Pärast komberdas Carl sauna ja vihtles ennast tugevalt — see on tema teada kõige parem ravi ilma peal . 
143	NA	 Arst aga lahkus kiireste . 
143	NA	 Rohkem pole tema oma nägu enam Kurgjale näidanud . 
143	NA	 Juba siis ütles sõber , et parem oleks vist Sänna-Tarmo kutsuda , kuna tema arusaamist mööda tohter väga veidralt käitunud . 
143	NA	 Järgmisel päeval — ikka veel haigena — sõitis Carl üksinda metsa elumaja tarbeks palke välja vaatama . 
143	NA	 Kui ta liiga kauaks ära jäänud , läks sulane järele . 
143	NA	 Ja leidis tema hobuselt maha visatuna külmunud oja peal oigamas ! 
143	NA	 Mees oli läbi külmunud ja kange , sonis ainult . 
143	NA	 Teadmata asjade pärast oli hobune lõhkuma hakanud ja oma isanda reelt välja paisanud ! 
143	NA	 Sulane aga avastas võsast lume pealt kellegi jäljed . 
143	NA	 Keegi oli pealt vaadanud ja siis minema jooksnud . 
143	NA	 Mõned verepiisad olid ka lume pääl selgesti näha . 
143	NA	" Carl ... "" "
144	NA	" "" Carl ? "
144	NA	" Kopsu-onu või ? "" "
145	NA	" "" Tema muidugi ! "
145	NA	 Ja puruhaigena veeti ta koju . 
145	NA	 Ainus mida sonis , oli midagi ... oh emake ! 
145	NA	 .. ei tule see sõna üle minu huuli ... nahast sõlmedest ja paeltest , kellegi kurjast silmas , ja sinust nõia-isand ! 
145	NA	 Et ainult sina võid teada rohtu . 
145	NA	 Aga me peame kiirustama , Jaagup , kui tahame õigeks ajaks jõuda ! 
145	NA	" Ei rohkem ega vähem , kui isamaa ilu ja tulevik on nüüd meie täkkude jalgades . "" "
145	NA	 * 
146	NA	 15 . mai 1870 , Tartu Toomemägi 
147	NA	 Loomulikult on see park jalutamiseks ... 
147	NA	 Siin on rahulik ja vaikne , linna voorivankrite vurin mäele ei kosta , inimesed käivad siin ainult puhkamas ja loodust nautimas . 
147	NA	 Ja muidugi ka tudengid — nemad sagivad hooti parves siia-sinna , neid ei huvita iidsete pärnade salapära ja varjud . 
147	NA	 Kirikuvaremed on samuti siinsamas aga sinnapoole nad ei läinud . 
147	NA	 Mees toetas Lydiat kombekalt küünarnukist ja nad astusid üksteisele väga lähedal — nii lähedal , et naine tundis mehe jässakat käsivart aegajalt oma vasaku rinna vastu puutuvat . 
147	NA	 Iga puudutus lahvatas üle ta keha ja surus sõnad kurku kinni . 
147	NA	 Aga sõnu , oh neid sõnu küll , neid oli ju nii palju ja nii vähe samaaegselt . 
147	NA	 Ja kunagi nad polnud õiged ! 
147	NA	 Ikka varjasid nad enda taha nii palju , ikka valisid nad enda seast kõige tavapärasemad , mitte vajalikud . 
147	NA	 See polnud nagu luuletusis , oma kirjutuslaua taga tundis Lydia end kindlalt aga alati siis , kui mõnda salmi istus kirjutama . 
147	NA	 Ei kunagi mehele kirju kirjutades , sest kirjale peab ju vastama ja neid vastuseid — sisaldanuks kirjad õigeid sõnu — ta kartis . 
148	NA	 Nüüd olid nad Inglisillal ja siin oli naine näinud tudengeid vallatult üle nõjatise kummardumas ja vahest oli juhtunud , et nad siin linnapreilidega jalutasid ja neile käe õlgadele panid . 
148	NA	 Muidugi ei lootnud ta , et mees sedasama teeb . 
148	NA	 Aga ikkagi seisatus ta nõjatise ääres ja toetus sellele küünarnukkidega . 
149	NA	 Malbe maikuu oli naise kehamahlad pulbitsema pannud . 
149	NA	 Tema vanuses ei vaadata linnas jalutavaid noori enam romantislise , vaid ahne ja valusalt igatseva pilguga . 
149	NA	 Need preilid , kellega tudengisaksad ringi patseerivad , ei pea ennast kellegi jaoks hoidma — oh ei ! 
149	NA	 Ja võtaks pikne neid tänapäeva kombeid , mis nii palju lubavad , et isegi Toomemäel musutatakse . 
150	NA	 Jah , tema salmid ... neisse võis ta valada palju , ent kõike mitte kunagi . 
150	NA	 Liiga teraselt mõistis mees luuletusi lugeda . 
150	NA	 Aga kuidas siis suudab ta lõpuks öelda seda , mida vaja on ? 
150	NA	 Taevaisake ! 
150	NA	 Kas peab ta kõik oma nutmata jäänud pisarad tõeste alla neelama ? 
150	NA	 Jah , luulest tahaks ta kõneleda — luulest ja luulekeelest — ei millestki muust , kui ööbikud nii armsalt laulu löövad ja puud kõik õide puhkenud . 
150	NA	" Õhk ise sosistab talle kõrva õigeid sõnu , nad on siinsamas , tema keelel ja kurgus , kuid ei tule sugugi välja , sest mees räägib ainult sellest , kuidas "" põllumajanduse asju mõistuse najal tuleb toimetada "" . "
151	NA	" Lõpuks Lydia katkestab ta : "" Aga öelge , oh armas sõber , miks te naisterahvale ainult pullidest ja kukkedest räägite , kui omete teie luuleraamat just äsja välja on tulnud ja inimesed säält ka inimeste asjadest võivad lugeda ? "" "
152	NA	 Mees naeratab nukralt ja häbelikult . 
152	NA	 Tema võimsa koguga ei sobi see , ent nii on ta teinud alati , kui talle millestki meeldivast räägitakse . 
152	NA	" "" Minu salmid on teie omade kõrval väga väetid , "" ütleb ta . "
152	NA	" "" Minu jaoks on nad rohkem vahelduseks argistest asjadest. "" "
153	NA	" "" Mina arvan , et luuletamine peab rõõmu pakkuma , "" sõnab naine vaikselt . "
154	NA	" "" Rõõmu ? "
154	NA	 Minu ainus rõõm on see , kui tean , et ma oma rahva kasuks jälle midagi head korda olen jõudnud saata . 
154	NA	" Ja mida rohkem ma selles õnnestun , mida otsekohesemalt ma oma teed käin , seda vähem saab mul teiste inimeste rõõmu , seda enam vaenlasi olema. "" "
155	NA	 Nii see oli alati . 
155	NA	 Kõik jutud tunnetest keeras mees oma kutsumusele ... 
155	NA	 Naine ohkab , suskab oma randme mehe käevangu ja nad jalutavad sillast üle . 
156	NA	" "" Minu isal sugugi hea meel ei olnud , kui kuulis , et ma teiega siia trehvama tulin , "" ütleb ta lõpuks . "
156	NA	" "" Aga mitte ei saa ma vaikida sellest , et isa kindlaks nõuks on võtnud oma ajalehes teie kirjatükke enam mitte avaldada . "
156	NA	" Selleks on temale juba makstud ja käed ka löödud ... "" "
157	NA	" "" See on minule teada , "" katkestab mees teda . "
157	NA	" "" Õnneks on Eestimaa peal veel ausaid toimetajaid , kes sakste rublad ära põlgavad . "
157	NA	" Aga mu oma seitungit nad veel välja anda ei lase. "" "
158	NA	" "" Te jo tunnete mu isa hästi ... aga ühte palun ma veel , et te teda oma vaenlaseks ei pea . "
158	NA	" Ega Hurda-isandat , eks ? "" "
159	NA	 Mees raputab pead . 
159	NA	" "" Nemad pole minu vaenlased mitte. "" "
160	NA	" "" Aga ometi on isa öelnud , et ... "" "
161	NA	" "" Mina olen liiga tühine inime , et endale vaenlaseid lubada saan , kas teie seda veel ikka ei mõista ? "
161	NA	 Aga oma rahva vaenlasi põlgan ma kõigest südamest . 
161	NA	" See pastori-herra , keda kõneks võtsite , minu suureks kurvastuseks , ka teie isa ja paljud veel , tahavad meie maa jätta võõra võimu alla ... "" "
162	NA	" "" Ikka priiusest kõnelevad ju nemad , "" hüüatab naine . "
163	NA	" "" Mis priius see , on mida kirikukantslist ja vallutaja kommete kohaselt üles laotakse ? "" kehitab mees õlgu . "
163	NA	" "" Ikka sama orjus — veel valusamgi ehk. "" "
164	NA	 Mees peab tundma , kuidas Lydia rind võpatab . 
164	NA	 Kevadpuna kaob naise näost ja asendub kahvatusega . 
164	NA	" "" Kas te seepärast minu kirjade peale enam ei vastanudki ? "" küsib ta lõpuks kogeledes . "
165	NA	" "" Ükski laps ei pea oma vanema tegude eest vastust kanda , "" arvab ta kaaslane . "
165	NA	" "" Ka see laps , kelle isa minu rahva vastu seisab ning tema tõe ja õiguse nimel kellegi teise omade eest hoolt kannab . "
165	NA	 Igaüks peab teadma , mis tema õigus ja kohus on — kui keegi selles äratundmisele jõudnud ja oma vankrit südamega veab , siis tehku seda pealegi . 
165	NA	" Küll ükskord tuleb ka kohus. "" "
166	NA	" "" Aga mille ette siis teie oma südame rakendanud olete ? "" "
167	NA	" "" Kas pean ma seda veel kord välja ütlema ? "" "
168	NA	 Jah , ükskord ometi , tuleb teil seda tõesti teha , ükskord ja lõplikult ! 
168	NA	" Aga valjusti ütleb ta nii : "" Südame asjadest tuleb ikka suuga rääkida . "
168	NA	" Ise olete mulle jo kirjutanud , et kirjasõna teel mõnest asjast raske kõnelda on. "" "
169	NA	" "" Töö on mulle armas , "" ütleb mees siis mõtlikult ja seisatub väikese lombi ees pargiteel . "
169	NA	 Hakiparv lendab üle nende peade ja Raekoja kell lööb keskpäeva tunde . 
169	NA	" "" Tööd ma ei karda ; mida raskemalt ja visamalt ma töötama pean , seda armsam on see mulle . "
169	NA	 Ainult töö peab minu vaimule rahulolemist andma — ja see on võimalik üksi seal , kus minu tegevus isamaale kasuks tuleb — näiteks põllumajanduses . 
169	NA	 Uskuge mind , niisugustel tingimustel saame me õnnelikuks talutares kui vastupidistel tingimustel linnades või lossides . 
169	NA	 Põllutöö on rahvad üleval pidanud ja need , kes mitte selle poole ei hoidnud , on enamast ärakadunud . 
169	NA	 Meie eestlased oleme iseäranis üks põlluharija rahvas ja ainult siis võime oma vabaduse peale julged olla , kui liha ja leib oma enese päralt on . 
169	NA	" Ja ühe koha olen ma enesele juba välja valinud , kus tahan ühe eesti talumaja ära osta ja seal ausasti südame rõõmuks ja oma rahva auks toimetada. "" "
170	NA	" "" Kas tõesti kavatsete linnast maale tagasi asuda ? "
170	NA	" Ja mina juba mõtlesin , et teid Talinast enam ühegi hargiga välja ei kõrveta. "" "
171	NA	" "" Talin on tõeste üks väga tähtjas Eesti linn , sest päris sakslaste arv on seal väike ja kõige rikkamad kaupmehed on eesti soost . "
171	NA	 Aga eesti vaimu on nende juures veel vähe leida ja pole ka näha , et seda juurde tuleks . 
171	NA	" Ja minul pole seal midagi teha. "" "
172	NA	" "" Et siis ikka talu ostate ? "" "
173	NA	" "" Talu. "" "
174	NA	" "" Aga luuletöö ? "
174	NA	" Kas sellele põllule ka külvi jaguma hakkab ? "" "
175	NA	" "" Kui mõni salm südamest ja hingest tuleb , küll saab tema ka paberile . "
175	NA	" Aga paraaegu on tähtjasemaidki asjatoimetusi , kui luuletamine. "" "
176	NA	" "" Kas siis maa mitte ei innustagi luuleratsut ? "" "
177	NA	" "" Mina kavatsen vaimuharimist teistel viisidel edasi viia . "
177	NA	 Õrn luulemõte ei vea väljalt kive ega langeta palke . 
177	NA	 Küll aga teeb seda teadmine ja iseäranis sellest , kuidas isamaale sellest kasu on . 
177	NA	" Kusagil ei või üks aus inimene nii õnnelik ja prii olla , kui prii põllumehe seisuses. "" "
178	NA	" "" Et siis talutööde vahel pole teie meelest luuletamise kohta ? "
178	NA	" Seda ütlemata kurb kuulda on . "" "
178	NA	 Aga kui kurb , seda Lydia öelda ei suuda — ei mõeldagi veel ... 
178	NA	 Ainult teada . 
178	NA	 Teada , miks lakkasid kirjad Peterburgist , miks nii kaua pidi ta oma uute luuletuste kohta arvamust ootama . 
178	NA	 Emajõe ööbik ei lähe põldu harima . 
178	NA	 Talus pole kohta luuletajale . 
179	NA	" "" Kõikse tähtsam on , et hing laulab , "" sõnab mees . "
179	NA	 Ta peatub nüüd suure pärna all ja silmitseb naist kuidagi nukral ja igatseval pilgul . 
179	NA	 Vist isegi naeratus väreleb ta suul ja vunts tõmbleb . 
179	NA	" "" Teie , Lydia , ei jätaks vist kunagi luuletamist ? "" küsib ta vastu . "
180	NA	" "" Aenult ehk siis , kui minu tulevane abikaasa seda nõuab , "" kostab naine julgelt . "
180	NA	" "" Või mul elus muid ja tähtjasemaid asjatoimetusi ette tuleb . "" "
180	NA	 Ta naeratab ja mõtleb jälle nutmata pisaratele . 
181	NA	 Mõtleb ka kolme aasta pärast , kui ta siinsamas Tartus sõjaväearst Michelsoni abikaasaks laulatatakse . * 
182	NA	 Nõia-usk ja nõiaprotsessid 
183	NA	" Carl Robert Jakobson ; 26. augustil Tartus "" Vanemuise "" seltsis ; kolmas isamaakõne "
184	NA	 Ükski aastasada ei ole nii rikas nähtustest , kellest Eüroopa praegune vaimu-oleku kõrgus välja on siginenud , kui 15. aastasada . 
184	NA	 Aga nagu oleks pimeduse riik neid uue valguse poole juhtivaid asju kõik tahtnud häbiks teha , saatis ta ühe viirastuse üle maa , kelle hirmuteod kõigestest üle käivad , mis vanad pimedad ajad hirmsa tegudest olid jõudnud sünnitada . 
184	NA	 See on nõiausk ja nõiaprotsessid . 
184	NA	 Vanast jo vaimuliku inkvisiizio rüppes välja auutud , astub ta 15. aastasadas oma täielikus suuruses avalikult maailma ete ja saab kiriku seaduskorraliseks lapseks tunnistatud , et selle katte al mitmed aastasadad otsa inimeste mõistuseealist põlve ära rüüstada . 
184	NA	 Kui paljud ausad ja õiged mehed ja naised , kel maailmaasjadest sügavlisem ettekujutamine ja teadus oli , kui kirikuherradel , nende tuleriitadel hukka pidid minema ? 
184	NA	 Ja milliseid kurja tegusid needsamused nõiajahtijad Eestimaal toime ei pannud ? 
184	NA	 Kõik need said surmale antud , kes isaisade keeles maa , rahva ja loodusega kõnelda mõistsid . 
184	NA	 Sest mitte üksi katoliku maades , vaid ka protestanti-usuliste seas tõusis nõiajaht suureks ja rahva vaimuselgust selles asjas nõnda äralämmatas , et ka siis veel , kus selle protsessi toimetused vaimuliku kohtute käest ära said võetud , teda siiski ilmalikud kohtud edasi talitasid . 
184	NA	 Meil eestlastel on siiski veel üks küsimine südame peal . 
184	NA	 Kes meist ei teaks , kui palju Saksad meie maale kõiksugu head toonud ? 
184	NA	 Oma kalli saksakeele tõid naad meie sügava metsadesse , omad uhked kantsid ehitasivad naad meie mägede peale , kelle varemed nüüdgi veel mõnda maakonda ehtivad , ja kus selle kõne ettekandija tihti uudishimust vanade aegade vasta on luusimas käinud ja palju uvitavat näinud ning läbi elanud . 
184	NA	 Oma ilusa mõisade ja viisaka junkrudega õnnistasid naad meie maad , ja kes jõuab nende asjade nimesi kõik ülesrääkida ! 
184	NA	 Kuidas oli nüüd seal lugu nõiausu ja nõiaprotsessidega ? 
184	NA	 Kallis vend , seda sa peaksid jo iseenesest teadma . 
184	NA	 Naad on kül ja öige tubliste meie maal valitsenud , ning pärandus , mis neist meie rahva seka jäänud , on suurem kui sa ehk arvad . * 
185	NA	 Kolm sõlme II 
186	NA	 7 . märts 1882 ; Kurgja 
187	NA	 Poleks hobused vajanud puhkust ja jootmist , oleksid nad varem kohale jõudnud . 
187	NA	 Aga loomale ei tee ju selgeks asju , mis inimest võivad magamata hoida ... või vähemasti tekkidesse mähitult kaarikus tukastamisega unejanu rahuldamas . 
187	NA	 Paaris teeäärses trahteris nad peatusid ja proua Michelson oli kitsukeses tagatoas silma looja lasknud , Tarmo ja Jaagup aga sealsamas kaarikus . 
187	NA	 Pime aeg pole reisimiseks kõige parem , aga kui täiskuu valgust näitab , siis kuidagi sõidab ära ka . 
187	NA	 Kuid taevas siras täiskuu ja nad tormasid edasi Sakala peale . 
187	NA	 Ja Tarmo teadis kõige paremini , et see oli võidujooks surmaga . 
188	NA	 Koidikul , kui taevas idakaarest ahetama hakkas , keerasid nad Vändra teelt ära metsa vahele . 
188	NA	 Oli küll porine ja mudane , ja Jaagup kahtles , kas ikka kaarik läbi läheb , aga proua Michelson rääkis , et nii olla Kurgja sulane Ants kinnitanud — läheb läbi küll , sest metsa vahelt pole lumi veel sulanud ning maa on jääst kange . 
188	NA	 Ja naine oli ka ainus , kes teed teadis — seda oli lasknud sulasel endal mitu korda kirjeldada , et eksimisevõimalust ei olnud . 
189	NA	 Ja hommikul lõppes mets ära , algas heinamaa , nad jõudsid Kurgjale . 
189	NA	 Udu oli maas , ja nii nad seisid seal — võõrad , ärevil ja veidi kohmetunud . 
189	NA	 Koerad hakkasid haukuma ja läbi udu lähenes keegi rätikusse mähitud naine . 
190	NA	" "" Kas Sänna-Tarmo ? "" hõikas too juba eemalt . "
191	NA	" "" Me oleme õiges kohas , "" sosistas proua Michelson , "" anti meile õnne mitte eksida . "" "
191	NA	" Ja siis hõikas ta : "" Ravitseja toodi Jakobsoni- isandale ! "" "
192	NA	 Siis , uduses vines ja mõlemad külmast lõdisedes , seisid kaks naist vastakuti ning Tarmo tundis , kuidas midagi siin korras pole ja kahtlustuse vimm nende pilkudest sähvis . 
193	NA	" "" Taevale tänu , et keegi ikka tuli , "" sosistas siis perenaine . "
193	NA	" "" Ants tõi doktor Jaaksoni aga tema toherdamisest ei läinud Carlil sugugi kergemaks . "
193	NA	" Liiga kuri ja valus haigus , ütles tema. "" "
194	NA	 Tarmo silmitses nüüd naist lähemalt . 
194	NA	 Eriliselt taluperenaise moodi too küll välja ei näinud , selline õbluke ja kleenuke . 
194	NA	 Ometi oli tal kena näolapike , ilusad pruunid silmad ja kaunid kitsad huuled . 
194	NA	 Aga naise silmis sähvis ikka kahtlus ja ettevaatus . 
195	NA	" "" Mina olen proua Michelson , Carli vana tuttav , "" sõnas proua Michelson , "" ma kuulsin , et Sänna- Tarmo järgi saadeti ja ... "" "
196	NA	" "" Ma tean , "" katkestas ta perenaine , "" kutsuge mind proua Julieks , mina olen Carli naine . "" "
196	NA	 Kas see nüüd ainult tundus Tarmole , või rõhutas naine tõesti sõna 'mina' kuidagi eriliselt ? 
197	NA	" "" Carl on vist teie heaks palju teinud ? "" "
198	NA	" "" Ja veel kui palju ! "
198	NA	 Tema minu luuletusi kõvaste kiitnud on ja minnu Koidulaks ristinud . 
198	NA	" Jo ma talle ristitütar olengi. "" "
199	NA	" "" Ja teie olete see kuulus Sänna-Tarmo ? "
199	NA	" Ravitseja ? "" päris naine proua Michelsonile rohkem tähelepanu pööramata . "
200	NA	" "" Olen. "" "
201	NA	" "" Carl sonib ja räägib teist kogu aeg . "
201	NA	 Ta on väga haige . 
201	NA	" Ta on ... "" "
202	NA	 Proua Juliel ei pruukinud öelda , et tema mees on suremas . 
202	NA	 Nad kiirustasid taamal läbi udu sinavate hoonete poole . 
202	NA	 Tarmo eristas suurt karjalauta , aita ja muid abihooneid . 
202	NA	 Vana talumaja oli aga palkest lahti võetud , kumas läbi udu nagu tontlik viirastus . 
202	NA	 Naine juhtis neid hoopis sauna poole . 
203	NA	" "" Me hakkasime uut elumaja ehitama , "" rääkis ta vaikselt , "" seniks on elamine saunas , milles ruumi lahedalt , sulased elavad aidas . "
203	NA	 Ma jo rääkisin Carlile , et kuhu ta väeti ja tõbine läheb aha tema ikka metsa kippus , uuele hoonele palke kaema . 
203	NA	 Seal metsavahel Kirno ta reelt viskaski , hakkas lõhkuma . 
203	NA	" Imelik , väga rahulik mära , kunagi varem pole sedaviisi teinud. "" "
204	NA	 Vaikselt kiiksus saunauks ja nad astusid sisse . 
204	NA	 Esimeses suuremas ruumis magasid tekkide all kaks imikut ja veidi suurem tüdrukutirts . 
204	NA	 Viimasel oli kaltsunukk süles ja nii väga meenutas tema rahulik magav lapsenägu ema oma . 
205	NA	" "" Linda , Ida ja Elsa , "" ütles proua Julie vaikselt ja ohkas . "
205	NA	" "" Tulge siiapoole , palun aga vaikselt. "" "
206	NA	 Veel üks uks avanes . 
206	NA	 Sauna tagakamber . 
206	NA	 Küünla oli naine hiljuti ära puhunud , esimesed ähmased hommikukiired valgustasid kitsukest , ent soojaks köetud ruumi . 
206	NA	 Tagaseinas oli kirjutuslaud ja raamaturiiul , laual veel tindipott sulega , piip ja ohtralt täissirgeldatud paberilehti . 
206	NA	 Nurgas hõõgav ahi ja sellest edasi voodi . 
206	NA	 Tarmo tundis mehe otsekohe ära , kuigi mitme teki alt paistis ainult tema võimas pea . 
206	NA	 Ega ta palju muutunudki olnudki . 
206	NA	 Ikka seesama uhke ninaga pea ja pitkas mustas täishabemes lõug . 
206	NA	 Mehe laup oli kaetud higiga , ta magas , ent hingeldas raskelt läbi une . 
207	NA	 Nõidus oli siinsamas , Tarmo tundis selle kohe ära . 
208	NA	" "" Rohud on laual , herra Jaakson tõi mikstuuri ja ... "" "
209	NA	" "" Küll ma tean , mis vaja , "" lõikas Tarmo . "
210	NA	 Mees oli suremas . 
210	NA	 Talle oli määratud surra täna õhtul — vaid niipalju oli tema ihu võimeline veel õhku hingama , hing oli väsinud ja rippus pettumuse ning ahastusega viimaste tõmmete küljes . 
210	NA	 Tarmo liigutas teki aeglaselt mehe pealt ja katsus teda . 
210	NA	 Haige ärkas . 
210	NA	 Ilma mingi võpatuseta , ta lihtsalt tegi oma silmad lahti . 
210	NA	 Vähe võisid nad näha , ent tundsid Sänna-Tarmo ära ja ütlesid talle hüvasti . 
211	NA	 Aga Tarmo raputas pead . 
211	NA	 Veel ei pea see mees minema . 
211	NA	 Veel ehk annab midagi teha ... 
212	NA	 Aeglaselt tõmbas nõiutu teki alt käe , kobas Tarmo oma järele ja toppis värisevate , higiste sõrmedega talle midagi pihku . 
212	NA	 See oli kortsulistest nahksetest ribadest pael . 
213	NA	" "" Sängi ... all , "" sosistas ta . "
213	NA	" "" Köhler ... tõbras. "" "
214	NA	 Tarmo võttis paela . 
214	NA	 Jah , naisterahvaste ihuosadest oli see põimitud , üks parimaid viise surmahaiguste manamiseks . 
214	NA	 Prouad Julie ja Michelson jõllitasid tummas hämmingus paela . 
214	NA	" "" Kust see siia sai ? "" kogeles perenaine viimaks . "
215	NA	 Tarmo ei vastanud . 
215	NA	 Ta võttis oma märsist välja kaks kuivanud kronksus linnujalga ja käsivarre- pikkuse lõngaga kokkuköidetud pikliku noka . 
215	NA	 Selle vahele asetas ta nüüd paela ... tõmbas sellega üle haige . 
215	NA	 Too vappus ja oigas . 
216	NA	" "" Mida te ometi teete ? "" hüüatas perenaine . "
217	NA	" "" Küllap Sänna-Tarmo teab , kuidas kurja nõidust välja ajada , "" sõnas proua Michelson mõnevõrra upsakalt . "
218	NA	" "" Siia on surm toodud , "" ütles Tarmo vaikselt . "
218	NA	" "" Keegi kaetas ta seal metsas ära , kui sälg ta seljast viskas . "
218	NA	 Surmaköidik toodi sängi alla . 
218	NA	 Oli õnn , et mees selle üles leidis aga sellest veel üksi vähe . 
218	NA	" Selles paelas siin on surma jõud . "" "
218	NA	 Seda öeldes tõstis ta haisva nahkse paela suhu , imes seda ja naharibad hammaste vahelt ripnemas , silus üle vähkreva mehe pika linnunoka ja varvastega , hakates tasasel häälel lugema : 
219	NA	 Toonekurg , oh surmalindu tuu mul toonest sõnumeid kaeta nokaga sa järgi kes om manalasse kantu kelle heng om paistetamas kelle võhma välja aetu kas om kodu koolenuille ootamas sääl tõsen puulen varvas pista toonelasse nakse kinni eksinuista kanna ilmapääle mehi takasi säält külmant vallant too mul toonest sõnumeid 
220	NA	 Ja Tarmogi silmad vajusid kinni , kui ta edasi-tagasi koogutades sängi kohal vaarus . 
220	NA	 Justnagu iseenesest kompas ta toonekurenokaga üle haige keha , mis tekkide all viskles ja rähkles , nagu otsinuks tõesti viimast jõuraasu , et Toonest tagasi tulla . 
221	NA	 Surma sõnu põhjapuule henge katsu kodumaile neitsille sa lepitusi anda võta , toonelindu kurba suru kaugemaille pimedusta üle veere tõve kanna õhta'asse tervisi too ilmapääle toonekurg , oh surmalindu 
222	NA	 Nõid ei pööranud tähelepanu , et kaks naisterahvast hirmust vabisesid ning nende näod oli kahvatud ja käed kramplikult ümbert kinni . 
222	NA	 Tasa soigus mees ja tema otsaette tekkisid higipullid , temagi käed värisesid ja huulte vahelt immitses verd . 
222	NA	 Ta ei olnud enam siin ja selles ruumis , ei olnud päris teadvusel ja mõistuse juures ent ometi mõistsid naised , et seda mana polnud keegi varem lugenud , et see sündis just praegu . 
222	NA	 Ja nad hoomasid sõnade jõudu , toas lehviv võitlus sirutas oma raudsed küünised nendegi südametesse . 
223	NA	 Lõpuks vajus Tarmo ohates kokku , haige vappus veelkorra ja jäi silmad kinni lamama . 
223	NA	 Mõlemad naised astusid ebalevalt paar sammu haige poole . 
223	NA	 Nüüd lamas ta rahulikult , hingas raskelt aga polnud veel meelemärkusel . 
223	NA	 Ta nägu oli koolnukahvatu . 
224	NA	" "" See ... mees ... on nõid ? "" kogeles proua Julie hirmunult . "
225	NA	" "" Ja üks parimaid . "
225	NA	" Kurja kaetamise vastu arstirohud ei aita , "" vastas teine naine . "
226	NA	 Tarmo ajas ennast vaikselt sirgu . 
226	NA	 Ta pilgutas silmi ja kompas enda ümber , tiris siis suust roiskuva paela ja ohkas . 
227	NA	" "" On ta nüüd terve ? "" küsis perenaine ettevaatlikult . "
228	NA	" Tarmo raputas pead , käed värisemas ja temagi hääl oli nõrk : "" Ei jäksa ... "
228	NA	 Kõva nõidumine . 
228	NA	" Nad ihkavad surma. "" "
229	NA	" "" Kes ? "" küsisid naised ühest suust . "
230	NA	" "" Need , kes siin nõidusid ja need , kelle henged paela kätketud on . "
230	NA	 Ta peab surema , siis on lootust . 
230	NA	" Jah , ma pean neid petma ... "" "
231	NA	 Naised ei saanud segasest jutust midagi aru . 
231	NA	 Perenaine võttis oma mehe käe , silitas seda ja tema silma tekkisid pisarad . 
231	NA	 Tarmo tõusis püsti ja läks saunast välja . 
232	NA	" "" Ta tuleb tagasi , "" ütles Lydia Michelson veendunult . "
233	NA	 Tarmo oli ära õhtupoolikuni . 
233	NA	 Kumbki naine ei lahkunud selle aja jooksul saunast , vaid perenaine käis vahest eeskambris lapsi imetamas . 
233	NA	 Aeg-ajalt kiikasid sisse teenijad ja sulased . 
233	NA	 Üks neist — nooreohtu plika Kadri — käis iga poole tunni tagant küsimas , kuidas peremehe tervis on . 
233	NA	 Talle ei vastatud palju , sest haige olukord paremuse poole vaevalt muutunud oli . 
233	NA	 Teadvusele ta ei tulnud , sonis ja oigas . 
234	NA	" "" Vaene tüdruk , "" õhkas proua Julie Lydiale , Kadri peaga järele näidates . "
234	NA	" "" Tema ema on samuti suremas ... vaagub hinge . "
234	NA	" Aga kohusetundlik tüdruk , käib meile ikka abiks. "" "
235	NA	 Lydia noogutas . 
235	NA	 Jaagup käis oma perenaise järele pärimas , aga too vaid raputas nukralt pead — ei , praegu ei sõida nad siit kuhugi . 
235	NA	 Tarmot oli nähtud , kui ta metsa suundus , ja rohkem ei teadnud temast keegi midagi . 
236	NA	 Siis ta tuli ja nõudis endale keeva vett . 
237	NA	 Katlasse viskas ta hunnikus rohte ja taimi . 
237	NA	 Määris haige nägu soolaga . 
237	NA	 Jõi ise ära peaaegu pange vett . 
237	NA	" Ning ütles : "" Sellele mehele on nõiutud surm . "
237	NA	 Sellesama paelaga , milles kisavad surnud . 
237	NA	" Kas siit kihelkonnast pole hiljuti mõned neitsid kadunud ? "" "
238	NA	 Proua Julie noogutas ettevaatlikult pead . 
238	NA	" "" Jah , tegelikult küll . "
238	NA	" Viisunõva talu kolm õde kadusid küünlakuu lõpu poole. "" "
239	NA	" "" Õed ? "" pomises Tarmo . "
239	NA	" "" Siis on veel kaks . "
239	NA	 Ja nad peavad kokku saama . 
239	NA	 Ah , piksevägi , kui väga nad tahavad kokku saada ! 
239	NA	" Ei ole vägevamat tõmmet siin ilma peal kui surnud õdede vahel. "" "
240	NA	" "" Millest te omete kõnelete , nõiaisand ? "" nõudis Lydia . "
241	NA	" "" Minge välja ! "" käsutas mees . "
241	NA	" "" Minge eeskambrisse või õue . "" "
241	NA	 Seda öeldes viskas ta paela kuuma vette ja sellest tõusis sisisedes vastikult lehkav aur . 
241	NA	" Ja naised astusid ehmunult ruumist välja , kui Tarmo hüüdis : "" Ei , sina jää siia , linnaproua ! "" "
242	NA	 Lydia vaatas ehmunult Tarmo poole , noogutas siis perenaisele ja istus tagasi . 
243	NA	" "" See on kõva nõidus , "" pomises Tarmo veelkord . "
243	NA	" "" Väga kõva. "" "
244	NA	" "" Nõiaisand , kui teie ei suuda , siis ei ole mitte ühtegi inimest ilma pääl , kes ... "" "
245	NA	 Mees katkestas ta . 
245	NA	" "" Õeraasud tahavad ühte saada . "
245	NA	 Ainult siis saavad , kui nõidus täide läheb . 
245	NA	 Üks surm on ilma pääle rohkem tekkinud ja seda mina ära muuta ei saa . 
245	NA	" Kõik peab üksteisega tasaselt käima. "" "
246	NA	" "" Kas tõeste sugugi midagi teha ei anna ? "" nuuksus Lydia . "
247	NA	" "" Nad peavad oma henge saama , "" kostis Tarmo vaikselt . "
247	NA	" "" Ehk õnnestub mul esiteks nõidus ära petta ja loits vabaks kangutada . "
247	NA	 Siis peab aga surm oma ohvri leidma . 
247	NA	" Needus saab rahu ainult siis , kui kellegi maha murdnud. "" "
248	NA	" "" Kas see ohver ... sureb kohe ? "" sosistas naine . "
249	NA	" "" Kui tal endal tõbi juba küljes , siis ikka õigel ajal. "
249	NA	" Aga nõidus jääb seniajani tema sisse. "" "
250	NA	" "" Nõiaisand , "" ohkas naine . "
250	NA	" "" Ma pean teile midagi tunnistama . "
250	NA	" Olen näinud unenägusid ja ... "" "
251	NA	" "" Ma tean , "" sõnas Tarmo . "
251	NA	" "" See on sulle näkku üles kirjutatud. "" "
252	NA	" "" Minu sõbral on isamaa teenimiseks veel palju tegemata . "
252	NA	 Tema äranägemiste järgi võib meie rahvas õide puhkeda nagu lilleke kevadel . 
252	NA	 Tema mõtted ja teod juhivad meid sinna , kuhu ise teed leida raske ja ilma temata eksime me teelt , kui üksinda ööseks metsa jäänud lapsukesed . 
252	NA	 Minu tegemised ja luuletamised on juba tehtud . 
252	NA	" Mina ... "" "
253	NA	 Tarmo noogutas . 
253	NA	" "" Ei ole minu asi seda sinult paluda. "" "
254	NA	" "" Mina ise palun seda sinult , nõiaisand ! "" "
255	NA	" "" Siis võta oma rõivad seljast ! "
255	NA	" Kõik viimseni. "" "
256	NA	 Ja üürikese aja pärast alustas ta jälle oma loitsu : 
257	NA	 Surmaesä , koolnu kallim anna andess vargaille salamahti hiilijaille liiga vara mehi kisud maalta ilmapäälta võetu ... 
258	NA	 Kui Lydia eeskambrisse läks , tundis ta ennast kuidagi väga kergelt ja otsekui hõljus . 
258	NA	 Ta tundis ikka veel oma ihul Tarmo käsi , ja seda , kuidas mees nõidust toimetas . 
258	NA	 See polnud sugugi nii ebameeldiv , nagu ta kartnud oli . 
258	NA	 See pael ... oh , see küll ! 
258	NA	 Äraseletatud ilmega ühines Lydia teistega eestoas , ohkas ja kehitas perenaise küsiva ilme peale ainult õlgu . 
258	NA	 Kerge oli olla . 
259	NA	 Juba ammu oli pimedaks läinud , Tarmo veetis haige juures mitmendat tundi . 
259	NA	 Kõik teenijad ja sulased kogunesid kitsukesse sauna eeskambrisse , nad teadsid , et Põlva poolt on tulnud kuulus nõid nende peremeest ravima , ja see andis lootust . 
260	NA	 Ja siis lõpuks uks tagakambrisse avanes . 
260	NA	 Sänna- Tarmo seisis lävel . 
260	NA	 Ta ei öelnud midagi , ent tema pilk oli kõnekas . 
260	NA	 Samuti sõnagi lausumata sööstis proua Julie nõia kõrvalt mööda tahatuppa . 
260	NA	 Oli näha , kuidas ta nagu naelutatult paigale seisatus , voodi kohale kummardus ja karjatas . 
261	NA	 Kõik tunglesid , hüüdsid midagi ja pressisid ennast läbi kitsa ukse haigesängi juurde . 
262	NA	" "" Oh heldeke , surnud ! "" hüüdis keegi . "
263	NA	" "" Ei hinga , mitte üldse ei hinga ... "" "
264	NA	 Ainult Lydia jäi kahvatuna eestuppa istuma ja vaatas nõrkenud pilgul Tarmole otsa . 
265	NA	 Lydial oli raske pärast kõike meenutada . 
265	NA	 Jah , loomulikult mäletas ta segadust , sagimist ja hala , nõia poole viibutatud rusikaid ja kurje pilke . 
265	NA	 Naised nutsid , mehed vandusid vaikselt . 
265	NA	 Keegi nõudis kirikuõpetajat . 
265	NA	 Lydiagi nuttis , talumatust valust , kui miskit tema sees katkes . 
265	NA	 Sõna 'surm' kõlas ikkagi nii kohutavalt ja ta ei teadnud , kuidas Tarmol petukaup oli õnnestunud . 
266	NA	 Ähmaselt mäletas ta , kuidas Tarmo ennast samuti väikesesse kambrisse poetas ja teraselt kõike jälgis . 
266	NA	 Ta isegi mäletas oma armsama suurt kogu voodil tekkide all lebamas , nii rahulik ilme näol , ja seda , kuidas tema habemesse tilkusid tema seadusliku abikaasa pisarad . 
266	NA	 Aga ta ei suutnud kokku viia Tarmo endist pühendumust ja visadust ravi kallal ja nüüdset eemalolevat ning otsekui ükskõikset ilmet . 
266	NA	 Lydia ei mäletanud , kui kaua kitsukeses umbses saunas leinaitk ja hala kestis — mitte väga kaua vist . 
266	NA	 Kauaks ei olnud põhjust . 
266	NA	 Inimesed sagisid ja kurtsid kui äkki ... 
267	NA	" ... haaras Tarmo Lydial tugevasti küünarnukist kinni , pitsitas seda ja hüüdis : "" Tasa nüüd kõik see mees ! "" "
268	NA	 Inimesed vakatasid . 
268	NA	 Aeglaselt tõstis lesk oma nutetud pale , nüüd hakkas sellele tekkima vihalõõm . 
268	NA	 Aga Tarmo kiirustas sängi juurde , lükkas naise kõrvale , vinnas jälle kuskilt kurenoka ja varbad ning hakkas nendega üle koolnu keha tõmbama . 
268	NA	 Kui inimesed olidki sellest vapustatud , ei suutnud nad esialgu veel sõnagi öelda . 
268	NA	 Liiga õudne ja võõristav oli vaatepilt . 
269	NA	 Tarmo kummardus peremehe kohale , avas ta suu , langetas oma pea habetunud huultele vastu ja hingas sinna sisse . 
269	NA	 Ja Tarmo viimast loitsu üritas Lydia oma surmatunnilgi veel meelde tuletada , haakides end sõnakatkete külge kui viimsesse lootusesse , klammerdus kramplikult eluniidi külge , kuigi nägi seda katkemas . 
269	NA	 Sõjaväearst Michelson hoidis nuttes oma naise kätt , kui too elust lahkus ja pidas neid sõnu tema viimaseks luuletuseks ja hüvastijätuks . 
270	NA	 Sülgä , sülgä , sülgä mürki vällä õkva unuta , unuta , unuta toonetiid ja kaldad tõmba , kaku , rabõle eluvaimu manu ülle maa ja saja järve tiibäd laota tuuldõ 
271	NA	 Ikka veel täielikus pealtvaatajate vaikuses , nõiasõnade üksluisel taustal , oksendas hiljutine surnu Tarmo näkku musta röga . 
272	NA	" "" Nüüd on Kurgja peremees terve , "" kuulutas Tarmo . "
272	NA	" "" Me petsime surma ära , "" vaatas siis enda ümber , naeratas ja noogutas . "
272	NA	 Keegi ei pannud tähele , et toas oli üks teenijatüdruk vähem . * 
273	NA	 Kolm sõlme III 
274	NA	 8 . märts 1882 , öö ; Vändra surnuaed 
275	NA	 Pimeduses võisid nad paista nagu kolm kuradit , kes öösel haudadele tantsu tulevad vihtuma . 
275	NA	 Oli külm . 
275	NA	 Meestel olid kõigil seljas pikad mantlid . 
275	NA	 Nad seisid kabelist mõnikümmend sammu ida poole , tammusid külmast jalgadega ja pidasid aru . 
275	NA	 Nad teadsid , mida pidid tegema aga veel hoidis neid miski tagasi . 
276	NA	 Kõige pikem neist , kõige kogukam ja jõulisema välimusega , tõmbas lõpuks põuetaskust välja väikese karbi , teised astusid ettevaatlikult paar sammu eemale . 
276	NA	" Aeglaselt avas mees karbi , "" Andke mulle kolmas ! "" nõudis ta . "
277	NA	 Kõige kiitsakam ja kössis kogu astus esile , kobas taskutes ja tõstis kahe sõrmega kinni hoides karpi väikese eseme . 
278	NA	" "" Tubli , Köhler , "" kähistas kolmas mees . "
278	NA	 Ta kandis pikka halli habet , ja kuigi tugeva rühiga , oli näha , et tema oli koosviibijaist vanim . 
278	NA	" "" Ma teadsin kohe , et teie meid alt ei vea. "" "
279	NA	 Köhleriks hüüti kummardas kergelt . 
279	NA	" "" Ma tänan , pastorihärra , "" sosistas ta . "
280	NA	" "" Tüdruku eest te kannate hoolt , ma loodan ? "" küsis rüütlivälimusega mees eset karpi sulgedes . "
281	NA	" "" Jah , parunihärra , "" noogutas Köhler . "
281	NA	" "" Ma ju ütlesin , et seni , kuni tema ema hinge vaakumas ja ainult minu rohud valusid eemal hoiavad , on ta vait kui sukk ja teeb kõik , mis vaja. "" "
282	NA	" "" Aga pärast ? "" "
283	NA	" "" Issanda teed on imelikud , "" pomises vanamees , "" kui talus kuri tõbi valla , võib ka preilnasse nakata. "" "
284	NA	 Köhler võdistas õlgu ja tõmbas mantlihõlmu koomale . 
284	NA	 Ta kujutas ette , et tal on külm . 
284	NA	 Väga külm . 
284	NA	" "" Ta on hea tüdruk , tegelikult , "" sõnas arst vaikselt . "
284	NA	" "" Sõnakuulelik ja hoolas. "" "
285	NA	" "" Küll me teame seda sõnakuulelikkust , "" porises parun . "
285	NA	" "" Kas tüdruk rääkis , kuidas surm saabus ? "" "
286	NA	" "" Nad olid kutsunud mingi ... nõia , "" ütles Köhler , viimast sõna väga ettevaatlikult hääldades . "
286	NA	" "" See posis küll , aga midagi ei aidanud . "
286	NA	" Heitnud hinge täpselt ettemääratud ajal , ma ei pidanudki seal võsas kaua ootama. "" "
287	NA	" "" Ega too võinud tõve olemust ära arvata ? "" küsis parun . "
288	NA	 Pastor raputas pead ja köhis rämedat vanamehe köha . 
288	NA	" "" Von Vickers on kõige parem , "" häälitses ta siis . "
288	NA	" "" Kõik teavad seda . "
288	NA	 Ja mida keegi ühe maanõia pajatamiste peale ikka arvab . 
288	NA	 Ajalehte ta ju selle jutuga ei lähe . 
288	NA	 Nagu kopsupõletik ja kõhutüüfus , lubas ju Von Vickers , ja kopsupõletik ja kõhutüüfus need olid . 
288	NA	" Köhler pani ju ise diagnoosi ? "" "
289	NA	" "" Jah , panin küll , "" kinnitas arst kiiresti . "
290	NA	" "" Peaasi et keegi mingit mürki ega muud ei kahtlustaks , "" ohkas parun . "
290	NA	" "" See oli ju kõige tähtsam . "
290	NA	" Hea küll , pühitsege nüüd muld , "" nõudis ta . "
290	NA	 Pastor tõmbas kohe mantli alt risti ja astus väikese augu poole , mis äsja oli kaevatud . 
290	NA	 Kergelt koogutades hakkas ta oma kombetalitusi toimetama . 
291	NA	" "" Tehke kiiremini , Landesen , "" nõudis parun . "
291	NA	" "" Mul on külm . "
291	NA	" Meil kõigil on . "" "
291	NA	 Tema ja Köhler olid augu kallal askeldava pastori poole seljaga ning nägid ilmutist esimesena . 
292	NA	 Inimesele ligi rinnuni kasvavaist sõnajalgadest sööstis äkitselt välja üks valge kogu . 
292	NA	 Tal polnud käsi ega jalgu ega peadki — lihtsalt üks valge ilmutis . 
292	NA	 Hirmuäratavalt hüplikult lähenes ta , taarudes ja summutatult häälitsedes . 
292	NA	 See juhtus nii kiiresti , et mõlemad mehed tardusid soolasambana . 
292	NA	 Seepärast ei suutnud ka parun ennast labidahoobi eest kõrvale hoida . 
293	NA	 Tugev matsatus pimedusest lajatas talle vastu selga ja mees vajus oiates kokku . 
293	NA	 Valge tomp kukkus talle otsa . 
293	NA	 Teine labidahoop paiskas doktor Köhleri pastori otsa , kes just oli hakanud ennast ümber pöörama . 
293	NA	 Kaks meest langesid auku , mille pühitsemisega Landesen oli just lõpule jõudmas . 
294	NA	 Landesen oli all ja Köhler tema peal . 
294	NA	 Terav labidaäär pressis arstile kohe vastu rinda , nii et kumbki liigutada ei saanud . 
294	NA	 Nad olid kõnevõimetud ja kukkumisest poolenisti meelemärkuseta . 
295	NA	 Sänna-Tarmo uuris hetkeks kukkunuid , ümises rahulolevalt ja astus paruni juurde . 
295	NA	 Tema oli täiesti teadvuseta . 
295	NA	 Nõid lükkas linasesse riidesse keeratud Kadri ta pealt ära — prunti suust ära ei võtnud , sest tüdruk pistaks ju kohe karjuma — ja kobas mehe taskuid . 
295	NA	 Sealt leidis ta karbi kolme sõlmega . 
296	NA	 Hetkeks seisis Tarmo võidukalt lahinguväljal . 
296	NA	 Samal ajal sõudis kuusirp sünkjate pilvede tagant välja , valgustades ähmaselt lahinguvälja . 
296	NA	 Parun oli oimetu , Tarmo tonksas teda jalaga , ent too ei liigutanud . 
296	NA	 Tüdruk vähkres ja inises , temale ei pööranud Tarmo suuremat tähelepanu . 
297	NA	 Ta läks tagasi augu veerele , kükitas ja pidas aru . 
297	NA	 Saksa keelt mõistis ta vähe — tegelikult vaid üksikuid sõnu ja peamiselt neid lihtsamaid , millega mõisnikud talupoegade poole pöörduvad . 
297	NA	 Madisest oleks praegu hüva abi olnud , mõtiskles ta . 
297	NA	 Tavaliselt ongi Madis see , kes ütleb , kes tegi mida ja kui palju peab kedagi karistama . 
297	NA	 Ent veel enam kui sõnad , olid Tarmole kõnekad olnud meeste liigutused ja hääletoonid . 
297	NA	 Sõnajalgades kükitades oli ta tähelepanelikult jälginud kolme vandenõulase käitumist ja kehahoiakuid . 
297	NA	 Polnud kahtlust , et too sitke herr baron oli ninamees . 
297	NA	 Ehk mitte kogu vandenõu isa , ent täideviija vähemalt ja sellest Tarmole piisas . 
297	NA	 Pastor ? 
297	NA	 Tema üle Tarmo pikalt üldse ei mõelnud . 
297	NA	 Jäid veel arst ja tüdruk . 
297	NA	 Viimasele Tarmo midagi kurja ei kavatsenud . 
297	NA	 Polnud tema asi talupiigasid karistada . 
297	NA	" Kohe peale seda , kui tüdruk oli "" surnu "" juures suures segaduses ettevaatlikult sängi alla kummardunud ja sealt nahkse sõlmatud paela koukinud , — mille Tarmo sinna ettenägelikult reeturi paljastamiseks oli jätnud , — oli Kadri hilju saunast välja nihkunud . "
297	NA	 Tarmo järgnes talle ja nägi , et tüdruk oma saagi Kurgja lähedal ühele mehele üle andis . 
297	NA	 Siis oli Tarmo Kadri kinni nabinud ja temalt kõik välja pinninud . 
297	NA	 Et tohtriherra linnast ja tema nõudnud Kadri sureva ema piinade vaigistamise eest ja nii edasi ... oli Kadri pisarsilmil tunnistanud . 
297	NA	 Oleks tüdruk ilus olnud , siis Tarmo oleks ehk vihastunud , aga piiga oli kehvema välimusega ja sestap nõid tema peale väga kuri ei olnudki . 
298	NA	 Tarmo sidus ta kinni , vinnas hobusele ja üle mitme aasta oma elus , ratsutas . 
298	NA	 Tasahilju ja vaikselt , et mitte ees kaarikus vurava tohtri tähelepanu tõmmata . 
298	NA	 Nii olid nad jõudnud ööhakuks Vändrasse . 
298	NA	 Ja tolle järel surnuaiale . 
299	NA	 Köhleri üle mõtles Tarmo kõige rohkem . 
299	NA	 Kolm korraga tundus nagu liiast olevat ... 
299	NA	 Ega nad talupojad ole , kelle kadumise kohta pristav erilist huvi tunne . 
299	NA	 Karistama aga arsti pidi . 
300	NA	 Parun oli ikka veel oimetu , kuid augu poolt hakkas ähkimist ja tasast madinat kostma . 
300	NA	" Kiiresti tõstis Tarmo tüdruku jalule , talutas ta kabeli poole , sõlmas köidikud lahti ja sosistas kõrva : "" Jookse ! "
300	NA	" Ainult tasa ! "" "
301	NA	 Seda ei pidanud ta kaks korda ütlema . 
302	NA	 Siis ruttas ta lahinguväljale tagasi , köied käes ripnemas . 
302	NA	 Tarmo vinnas hädise tohtri august välja , andis talle obaduse , et mees kisama ei hakkaks ja silmitses pastorit . 
302	NA	 Vanamees lamas kuuvalguses augus , hingeldas ja kobas kätega mulda . 
302	NA	 Kui ta ennast püsti ajab , saaks ta sealt hõlpsasti välja . 
302	NA	 Sestap vinnas Tarmo temagi välja , talutas lamava paruni juurde ja sidus tema külge . 
302	NA	" Siis rebis ta Köhleri üles ja ütles ainult ühe sõna : "" Kaeva ! "" ja sikutas põuest terava seatapunoa . "
303	NA	 Igaks juhuks . 
303	NA	 Tarmo polnud elus ühtegi siga tapnud . 
304	NA	 Kaks tundi hiljem , kui kuu jätkuvalt kahvatult surnuaeda valgustas ja arst külmast ja õudusest hoolimata higistas , polnud Tarmo ikka veel rohkem öelnud . 
304	NA	 Ta ei pidanud sõnu kulutama , doktor Köhler kandis ühtaegu karistust ja pääses sellest . 
304	NA	 Kahtlemata oleks ka pastor Landesen või parun Urckfeldt palju andnud , et Vändra arsti asemel olla . 
304	NA	 Kindlasti oleks andnud , ent Tarmo ei pakkunud neile seda võimalust . 
304	NA	 Ega Köhlerile taganemisteed , kui inimkehasid kattev poole küünra paksune mullakiht kergelt vabises . 
304	NA	 Vähemasti üks neist oli seal all hetkeks teadvusele tulnud . 
304	NA	 Üsna lühikeseks ajaks ilmselt , aga sellest Tarmole piisas . 
305	NA	 Kui vankuv ja nõrkenud arst haua tasandanud oli , võttis Tarmo karbi nahksete paeltega , avas selle ja poetas kolm sõlme kalmule . 
306	NA	 Nad ei pea seal nii pea rahu saama . 
307	NA	 Ega saa ka doktor Köhler . 
307	NA	 Kuhu ta läheb , mõtles Tarmo . 
307	NA	 Talina ? 
307	NA	 Või Riiga ? 
307	NA	 Või üldse siitmailt ära . 
307	NA	 Küllap vist . 
307	NA	 Vändrasse see mehike küll ei jää . 
307	NA	 Mitte ainult sellepärast , et kalmistu siin on ja süümepiinu õhutab , mitte ainult teadmisest , millega ta hakkama saanud . 
307	NA	 Enne kui Tarmo paruni hauda oli lohistanud ja Landeseni otsa heitnud , oli ta sinna visanud ka arsti põuetasku . 
307	NA	 Sellise tugevast vasikanahast , mille sisu vähemasti kiiresti ei mädane . 
308	NA	 Kui kabuhirmus ja poolenisti hullunud arst kalmistult põgenes , silus Tarmo õrnalt kolme nahkset sõlmatud paela . 
309	NA	 Kos so sõsar , koolend neidu kos om tõne , kos om kolman kos so mõrtsuk ja kos vaev'ja tunõt ä' ta tütrik , tunõt sõsaräga alla hauda tõsegagi kae sa perrä ... 
310	NA	 Tagasiteel Kurgjale leidis Tarmo kraavist läbikülmunud ja ennast segaseks nutnud Kadri . 
310	NA	 Ta tõstis neiu enda taha hobusele . 
310	NA	 Kogu ülejäänud aja lebas tüdruku pea ta õlal , Kadri hoidis kramplikult nõia ümbert kinni ja nuuksus vahetpidamata . 
310	NA	 Pisarad tilkusid Tarmo krae vahelt sisse ja panid temagi lõpuks külmast värisema . * 
311	NA	 Nägu aknal 
312	NA	 1882 . aasta 8. märtsi hommik oli Eestimaal ilus . 
312	NA	 See oli esimene tõeline kevadhommik , Sakala kandis puhkesid õide lumikellukesed ja rahvas rääkis , et nüüd on talve selgroog murtud . 
313	NA	 Kurgja rahvas rõõmustas , nende peremees ajas ennast üle pika aja tõvevoodist välja ja kuulutas , et aeg minna jälle metsa uue elumaja tarbeks palke vaatama . 
313	NA	 Et ta öösel nagu surnud oli või nii ... noh , Tarmo seletas neile ära , et tegelikult polnud see mingi surm , lihtsalt kuri tõbi võttis viimast ja pani viivuks hingamise kinni . 
313	NA	 Nõiaga ei vaieldud , seda nõida usuti ja usaldati nüüd . 
314	NA	 Lydiale seletas Tarmo veel kord ära , et nõidus oli tarvis ära petta , panna ta uskuma , et manatu ongi Toones , sest muidu sellest lahti ei saanud . 
314	NA	 Kolme kalli õeraasu väge muidu murda oli raske . 
314	NA	 Ning naise küsiva pilgu peale nõid vaid noogutas . 
314	NA	 Nõidus saab oma ohvri . 
315	NA	 Ja kui kadunuks jäänud paruni ja pastorihärra kohta hakatakse küsimusi esitama , et taipa keegi Kurgjale tulla . 
315	NA	 Aga seda Tarmo ei öelnud . 
315	NA	 Kui peremees või keegi teine midagi kahtlustaski , siis Tarmosse see enam ei puutunud . 
315	NA	 Tema asutas ennast proua Michelsoni ja Jaagupiga tagasiteele , oli üldse väga sõnaaher . 
315	NA	 Aeg-ajalt käis ta vaatamas aidas magavat Kadrit , silitas ta pead ja mõtles , et peaks enne ära minema , kui tüdruk üles ärkab . 
315	NA	 Ja et Kadri oma suud paotaks , seda ta ei kartnud . 
315	NA	 Lihtsalt ei kartnud . 
316	NA	 Palkide järgi peremees sel päeval siiski ei läinud , tegi suure osa hommikust tagatoas kirjatööd oma ajalehe tarbeks ning sõi ja jõi mehemoodi . 
316	NA	 Tarmot ja proua Michelsoni samuti nii lihtsalt minema ei lastud , neile pakuti head ja paremat , näidati talu ja tänati südamepõhjast . 
316	NA	 Üheks ööks keelitati neid veel jääma . 
316	NA	 Peremees pinnis Tarmot kõvasti oma haiguse ja doktor Köhleri üle — naised ju rääkisid , mida nad näinud olid — aga nõid jäi sõnaahtraks . 
317	NA	" "" Mis lännu , see lännu , "" kostis ta mokaotsast . "
318	NA	" "" Ja õige on , "" ohkas peremees lõpuks . "
318	NA	" "" On halvad ajad möödas , tuleb ikke tulevate aegade peale vaadata . "
318	NA	 Kui mina sääl sängis lamasin ja oma surma peale mõtlesin , tuli kangeste hale tunne , et mis kõik tegemata jääb . 
318	NA	 Mitte enda üle polnud kahju , vaid oma isamaa pärast . 
318	NA	" Mitte ei taha minu süda lubada , et selle toimetused Hurda-suguste ja ... "" mees vakatas , heitis kiire pilgu proua Michelsoni poole ja köhatas . "
318	NA	 Nad seisid Pärnu jõe kaldal , mis juba üsna kõrgele tõusnud . 
318	NA	 Allavoolu triivisid väiksemad jääkamakad , mis veel sulada polnud jõudnud . 
318	NA	 Ent küllap kevadpäike nendega varsti hakkama saab . 
319	NA	" "" Lähme parem toa poole , "" sõnas peremees . "
319	NA	" "" Ma tahtsin sinu käest , Tarmo , ja proua Michelsoni käest samuti ühe kirjatöö kohta pärida. "" "
320	NA	" Neile loeti ette see "" kirjatöö "" ja proua Michelsonil oli selle kohta üsna palju arvamisi . "
320	NA	 Tarmol mitte ja ta mõtiskles , et peaks varavalges teele asuma . 
320	NA	 Kaarikusõitu linnaproua seltsis tahtis ta sedakorda vältida . 
320	NA	" Nii oligi , et Tarmo ja proua Julie kuulasid tummalt kõrval , kuidas Carl Robert Jakobson ja Lydia Koidula 1882.aasta aprillikuu esimese "" Sakala "" juhtkirja üle mõtteid vahetasid . "
320	NA	 Tegeles see kirjatükk jälle jahiõigusega ja Kurgja peremees nõudis Tarmolt , et kas Põlva kandis mõisnikud samuti loodust ei mõista au sees pidada , küttivad kui palju ja kuidas juhtub ning parema saagi puudumisel ka talumeeste koeri ja kasse maha lasevad . 
321	NA	 Tarmo ei vastanud . 
321	NA	 Mitte et ta polnuks pärijaga nõus olnud ja ise tunnistajaks olnud , mismoodi viinast hullunud mehed jahte peavad ja lõbu pärast karusid ja põtru mõrvavad . 
321	NA	 Aga ta ei uskunud , et kirjasõnaga selliste asjade vastu hakkama saab . 
322	NA	" "" Mina olen lugenud , "" pistis Lydia arglikult vahele , "" saksakeelsetest seitungitest , et talupoegi endeid loomade ja lindude südametunnistuseta tapjateks nimetatakse , salaküttideks ja metsavarasteks . "
322	NA	" Et nemad pole korraliku haridust saanud. "" "
323	NA	" "" Eesti talumees ei saa metsa varastada , "" kähistas peremees . "
323	NA	" "" Ja mis haridusse puutub , siis esmalt ei õpeta kirikherrad looduse õpetust mitte nõnda , nagu nad seda peaksivad tegema . "
323	NA	 Suurema jao Talina koolides ei saa lapsed muud looduse õpetust , kui seda , kuida Iisraeli rahvas kõrbes nii palju vuttisid maha lõivad , et neil suud haisema hakkasid ja kuidas Simson tule rebaste sappa pani . 
323	NA	" Ja see asi peab nüüd ära muutuma ! "" "
324	NA	 Kaua kestis arutelu sauna tagakambris , justkui polekski peremees öösel veel nõiduse käes surmaga võidelnud . 
324	NA	 Nüüd oli ta elus ning rohkem kui varem teo- ja võitlustahet täis . 
324	NA	 Perenaine Juliel polnud palju öelda , ta vaatas kummalisel pilgul proua Michelsoni , kui viimase kortsulised ja aukuvajunud silmalugudele ilmusid naerukurrud , siis perenaine ainult kissitas silmi . 
325	NA	 Aga kaua ei pidanud mees hoogsat jutuajamist vastu , tema tervis oli ikka veel nõrk ja raskest tõvest mitte täielikult taastunud . 
325	NA	 Pikkamööda vajus ta pea rinnale ja mees hakkas — pea veel endiselt mõtteid täis ja katkenud sõnad huulil — norskama . 
326	NA	" "" Teie kurnasite ta jälle ära , "" lausus perenaine etteheitvalt proua Michelsonile . "
326	NA	 Viimane tahtis midagi öelda , kahvatas , sõnad jäid talle kurku kinni — ta tõusis siis ja läks toast välja . 
327	NA	 Julie võttis oma mehe pea ettevaatlikult sülle , silitas hellalt ta tumedaid juukseid ja nuuksatas . 
327	NA	 Liiga palju oli ta pidanud viimaste päevade jooksul läbi elama . 
327	NA	 Magava mehe ja naise vastasseinas oli kitsas saunaaken . 
327	NA	 Tarmo nägi , kuidas proua Michelsoni nägu väljastpoolt sellele väga lähedale kummardas , kuidas toas põlevate küünalde leekide peegeldused tema palel tantsisklesid — ja siis — nagu oleksid leegid naise silmad valla päästnud , voolasid üle tema põskede ja läbi küünlasära pisarad . 
327	NA	 Varsti nägu kadus ja Tarmo kuulis kaarikurataste vura , mis taluõuelt kitsa metsatee poole suundus . 
