par_nr	head	sentence
1	 Inglid ja kangelased 	 Inglid ja kangelased 
2	NA	 Mererand oli tühi . 
2	NA	 Ainult kolm kahtlustäratavt tüüpi lonkisid piki randa . 
2	NA	 Neil olid peas tülpinud näod , juuksed üle pea kammitud , jalas kitsad püksid ning teravaninalised jalavarjud . 
2	NA	 Esimesel oli seljas punane nailonsärk . 
2	NA	 Särgi kaeluses rippus kingapaelu meenutav kaelaside , mida kurgu alt kinnitas püroopidega ehitud vaskne lohepea . 
2	NA	 Teisel sepal , kolmikust kõige soliidsema välimusega , oli kollakas- 
3	NA	 beež ülikond , mida meie päevil harva näha võib , ja peas kaabu . 
3	NA	 Kõik kolm panid suitsud ette . 
4	NA	" "" Mida teeme ? "" küsis kaabu ja võttis oma mustad paksude klaasidega päikeseprillid eest- päike oli juba loojumas . "
5	NA	" "" Teeme suitsu , "" ütles kolmas , üleni musta rõivastatud kuju , kelle mustad juuksed olid lehviga "" hobusesappa "" seotud ning kelle kaeluses helkis metalne surnupealuu . "
6	NA	" "" Peaks midagi tekitama , "" ütles kaabu ja vaatas igatseval ilmel Pirita tulede suunas . "
7	NA	" "" Vaat see on mõte , "" kiitis nailonsärgiga tüüp püksitaskust tikke otsides . "
8	NA	" "" Ma nukralt leban kuumal rannaliival "
9	NA	 ja ümisen üht ammutuntud viisi . 
10	NA	 Siis tõusen üles , vaatan kuhu sammud viivad 
11	NA	" ja juba lendan linnutiivul naiste paradiisi . "" "
12	NA	 deklameeris patsiga tüüp , kui nad hakkasid lähenema vastavale lõigule Pirita rannal . 
13	NA	" "" Kurat , kas jälle peame kuivama ? "" läks Olaf ( nailonsärgiga tüüp ) närvi , kui ta oli lasknud mündi õlleautomaati ja asjatult märjukest ootama jäi . "
13	NA	 Paar hästisihitud lööki viisid mehe tasakaalu tagasi ning nad sammusid edasi . 
14	NA	" "" Huligaanid ! "" pistis kisama mingi koristaja-vanamutt , kes oli matsatuste peale kohale jooksnud ja märganud kergelt lömmis õlleautomaati . "
14	NA	" "" Kaabakad ! "
14	NA	 Mis see automaat teile tegi ! 
14	NA	" Kõik peab ikka ära lõhkuma , tükkideks kiskuma ! "" "
15	NA	" "" Sa püia rohkem omaette olla ! "" soovitas Olaf mutikesest möödudes ja nipsutas enda koni minema . "
16	NA	" "" Ei maksa skandaali teha , neiu , "" asus parlamentääri ossa kaabu ja pakkus eakale daamile juhuslikult taskust leitud iirist . "
17	NA	" "" No mis see nüüd on ? "
17	NA	" Mina teie almust ei vaja , mina teenin ise endale ausalt toiduraha ! "" ärritus vanamutt . "
18	NA	 Jättes vanaeide kägisema tänapäeva allakäinud noorusest , siirdusid härrad kangelased Rannahoone poole , mõttega kusagil hagu anda . 
18	NA	 Videvik hakkas juba kätte jõudma ning enam polnud nii lämmatavalt palav nagu keskpäeval . 
19	NA	" "" Kas lähme uurime elu või ? "" küsis Kaaren ( patsiga tüüp ) pilku restole suunates . "
19	NA	 Korraga jäi kõrtsi ette seisma takso , millest astusid välja kolm moemeest ja üks judy , kelle ainsaks kehakatteks oli kollane tiheda nööbireaga minikleidike . 
20	NA	" "" Vaata , Võlur , "" Kaaren tonksas küünarnukiga kaabut , "" see lind sobib meile ka , "" osutas ta tüdrukule . "
20	NA	 Viimane süütas parajasti ühe sigareti otsast teist ning taganes oma tikk-kontsadel paar sammu , et mitte tasakaalu kaotada- ilmselt oli ta purjus . 
21	NA	" "" Kas noorhärrad ei arva , et tütarlapsel oleks meie seltskonnas huvitavam , kui teie seltsis ? "" küsis Võlur ühe lögarites noormehe poole pöördudes . "
22	NA	" "" Excuse , meil pole aega , ärge segage . "
22	NA	" Lähme Piret ! "" "
22	NA	 Viimane oli öeldud tüdrukule . 
22	NA	 Tundus , nagu poleks see öeldut kuulnudki . 
22	NA	 Ta seisis abitult keset parkimisplatsi ning vedas ahnelt suitsu . 
22	NA	 Paistis , nagu ootaks ta lihtsalt , mida temaga nüüd ette võetakse . 
22	NA	 Tema näoilme oli täiesti tühi ja lõtv . 
23	NA	" "" Kui mu kuulmine pole mind veel maha jätnud , siis ma arvan , et meist tahetakse lahti saada , "" Seda öeldes äestas Kaaren jalaga mööda ühe moevenna lakutud molli , nii et too taganedes sillutisele lendas . "
23	NA	 Üks moemeestest tormas restosse , teine hüppas eemale ja haaras pihku kivi . 
24	NA	" "" See ei tähenda veel ... , et ta visata julgeb . "
24	NA	" "" sõnas Võlur Olafile , kes otsis mida pihku haarata . "
24	NA	 Samal hetkel vuhises tast mööda , akendesse , lamoonekas , mis oli Võlurile suunatud . 
24	NA	 Restoranist jooksid välja veel neli moevennikest . 
24	NA	 Järsku avanesid takso parempoolsed uksed . 
25	NA	" "" Ronige peale ! "" karjus valge nahkjopiga taksojuht , kes oli millegipärast Just . "
25	NA	 Oligi viimane aeg , sest kuskilt ilmusid juba mendid . 
25	NA	 Kaaren haaras libul , kes oli kaklust jabura näoga pealt vaadanud , käest ja tiris ta enda järel autosse . 
25	NA	 Oli kuulda kummide vilinat . 
25	NA	 Tüdruk istus tagaistmel Kaarna süles . 
25	NA	 Ta keha oli täiesti lõtv , välja arvatud vasak käsi , millega ta sigaretti hoidis . 
26	NA	" "" Ära suitseta autos , "" ütles Just üle õla tüdrukule , "" Täna sul vedas , täna on sul tegemist korralike elementidega . "" "
27	NA	" "" Ma teen selle lõpuni , "" pobises Piret , "" On teil viina ? "" "
28	NA	" "" Sa pudelist võtad ? "" küsis Just , kui oli auto peatanud Metsakalmistu juures , ja õngitses istme alt pudeli "" Lemmikut "" . "
28	NA	 Piret haaras pudeli ja rüüpas mitu pikka sõõmu . 
29	NA	" "" Kust sa selle takso said ? "" oli Olafil , kes ees istus , nüüd lõpuks mahti Justi käest küsida . "
30	NA	" "" Kuule , vedeles poe ees . "
30	NA	 Tulin just veini järelt ja mõtlesin , millega see laadung Alfonsi juurde transsida . 
30	NA	 Mootor käis ja sohver oli vist leelet tõmmanud . 
30	NA	" Aga see pole oluline . "" "
31	NA	" "" Mehed , ma olen purjus , "" naeris Piret totakalt ja pani pudeli endale jalgade vahele . "
32	NA	" "" Meil pole kuigi kasulik sellesse kärusse enam jääda , "" teatas Just , kui Piret oli pudelist veel rüübanud . "
32	NA	 Auto keeras kalmistule . 
33	NA	" "" Millised toredad poisid ! "" naeris Piret- ta oli tõesti juba päris purjus.Pudel oli peaaegu tühi , veidi oli veel põhja peale jäänud . "
34	NA	 Just peatas masina Valdo Pandi haua juures ja nad väljusid . 
34	NA	 Surnuaial oli juba päris pime . 
34	NA	 Osadel haudadel põlesid küünlad . 
34	NA	 Oli ilus ja pisut õudne . 
35	NA	" "" Viige mind nüüd kuhugile ! "" nurrus Piret . "
35	NA	 Tuikudes lähenes ta ühele hauaplaadile ja lõi pudeli vastu raudkivi puruks , kui nii õnnetult , et üks kild ta pihku suure haava lõikas . 
35	NA	 Piret vaatas lollakal pilgul verd , mis hauaplaadile tilkus . 
35	NA	 Veri täitis P-tähe , mis oli nagu ülejäänudki sügavalt kivisse raiutud . 
36	NA	" "" Poisid ! "" piuksatas Piret ehmunult . "
37	NA	" "" Ilus , "" nentis Kaaren kuidagi hajameelselt . "
38	NA	" "" Poisid , ma jooksen verest tühjaks ! "" kiunus Piret ja hoidis kätt kehast kramplikult eemal . "
38	NA	 Üle tüdruku põskede voolasid pisarad . 
38	NA	 Paistis , et iga hetk võib ta hüsteeriasse sattuda . 
38	NA	 Justkui ärgates võttis Kaaren püksitaskust oma musta taskurätiku ning vaatas otsivalt maas ringi . 
38	NA	 Piret nuuksus kõrge peenikese häälega ja vajus haua kõrvale istuma . 
38	NA	 Järsku kostis kõrvu läheneva auto mürin . 
39	NA	" "" Mendid ! "" hüiatas Olaf . "
40	NA	" "" Ole vait ! "" sisistas Kaaren , "" Otsige teelehti ! "" "
41	NA	 Just kükitas maha ja hakkas rohuliblesid uurima . 
42	NA	" "" Surnuaial sul mõned teelehed , "" porises ta endamisi . "
43	NA	" "" Pole tarvis . "
43	NA	" Olge rahulikud , "" sõnas Võlur . "
43	NA	 Ta oli Pireti juures ja tegi midagi arusaamatut . 
43	NA	 Veri hakkas kinni jääma . 
44	NA	" "" Anna nüüd oma tatikalts , "" sõnas Võlur Kaarnale . "
45	NA	 Kaaren ulatas talle taskurätiku . 
45	NA	 Võlur tõmbas selle ribadeks ning sidus Pireti haava kinni . 
45	NA	 Auto hääl eemaldus Motoklubi suunas . 
45	NA	 Kõik hingasid kergendatult . 
45	NA	 Kaaren tõstis Pireti püsti ning nad hakkasid mööda haudadevahelisi radu Võluri juhtimisel läbi kalmistu minema . 
45	NA	 Kaaren oli Piretil ümbert kinni võtnud ja sundis teda kiiremini kõndima . 
46	NA	" "" Tere , Kaaren , "" kostis korraga ühe värske hauakääpa tagant . "
46	NA	 Kaaren võpatas ja pööras pea hääle suunas . 
46	NA	 Kostis kuuseokste raginat ja pärgade vahelt ronis mingi vanamehenäss lagedale . 
47	NA	" "" Ega sul ei juhtu kärakat kaasas olema ? "" kähises vanamees mingi võõrapärase hääldusega , mis võis samahästi olla ka lihtsalt iseäralik kõneviis . "
47	NA	 Tema tumeda kübara alt , mille täpset värvust ei olnud pimeduse tõttu võimalik eristada , langesid salkus juuksed kulunud , kohati isegi räbaldunud põlvini mantlile , mis näis olevat sama karva , mis kübargi . 
47	NA	 Kaaren tundis vanamehe ära . 
48	NA	" "" Mis kärakat sa , sopakas , mult tahad . "
48	NA	" Võib-olla tahad veel midagi ? "" "
48	NA	 Kaaren osutas uudishimulikult vanameest uurivale Piretile . 
49	NA	 Võlur ja Just olid eespool seisma jäänud . 
50	NA	" "" Kes see on ? "" küsis Olaf Kaarna kõrval peatudes . "
51	NA	" "" Lebra , "" ütles Kaaren . "
52	NA	 Vanamees pani käe rinnale ja kummardus . 
53	NA	" "" Võite mind edaspidi lihtsalt Krokuks kutsuda , aga ega mul midagi ka Lebra vasta põle , "" sõnas ta ninaga tatti kurku tõmmates ja osavalt suunurgast välja sülitades . "
54	NA	" "" Kutsume sind Mökuks , "" ütles Kaaren , patsutas vanameest hüvasti jätuks õlale ja asus minekule . "
54	NA	 Vanamees tegi Olafile silma : 
55	NA	" "" Lähete pidu panema ? "" "
56	NA	 Olaf noogutas . 
57	NA	" "" Õige värk . "
57	NA	 Pange aga pidu , nii et maa on must ! 
57	NA	 Mendid , raisad , sõitku sitale ! 
57	NA	" Õigus ? "" "
58	NA	 Olaf noogutas veelkord ja ulatas vanamehele hüvastijätuks käe : 
59	NA	" "" Sa ole ise ka tugev ! "
59	NA	" Vaata , varsti tuleb talv , siis katsu endale uus ulualune muretseda ! "" "
60	NA	 Vanamees lõi käega ja ütles midagi roppu Brežnevi aadressil . 
60	NA	 Olaf jooksis teistele järgi . 
60	NA	 Nad ronisid mäest alla ja hakkasid mööda asfaltteed Motoklubi poole minema . 
60	NA	 Seljatagant , männimetsaga kaetud kõrgendikult , kostis vanamehe rõvedat vandumist . 
61	NA	 Stinger ei saanud lugemist jätkata , sest keegi koputas uksele . 
61	NA	 Tasa , vaikselt , nagu vaim . 
61	NA	 Stinger virutas pudeli vastu ust . 
61	NA	 See avanes ja seal ei olnud keegi muu , kui Walter , teme ammune sõber ja joomahunt . 
62	NA	" "" Šeff , siin ma olen . "
62	NA	" Millal me algame ? "" "
63	NA	" "" Otsekohe . "
63	NA	 Kogu operatsioon tuleb läbi viia kiirkorras ja laitmatult . 
63	NA	" Vaheta riided . "" "
64	NA	 Walter hakkas musta kummiülikonda selga ajama . 
65	NA	" "" Raadiojaam on siin , "" sõnas Stinger . "
66	NA	 Walter heitis pilgu nurka . 
66	NA	 Peale elegantse lameda kohvri , mille sees oli raadiojaam , seisis seal veel paar kasti dünamiiti ja terve hulk Ameerika päritoluga kuulipildujaid . 
66	NA	 Linte oli hunnikute viisi . 
67	NA	" "" Komm mit ! "" kõlas rusutult Stingeri hääl . "
68	NA	 Nad läksid läbi vahekäigu , mille laes põlesid stalakdioodid , lüüsikambrisse . 
68	NA	 Ja sealt algas lõpmatus . 
68	NA	 Järsku nägi Walter ebamääraselt enda ees maakera . 
68	NA	 See oli sinine ja valev . 
69	NA	 Öö oli sume ja soe . 
69	NA	" Piret kobas veidi oma kleiditaskutes , mis vedeles Kabelikivil kusagil käeulatuses , ja süütas viimase alles jäänud "" Zolotoje Runo "" . "
69	NA	 Tikk valgustas tema ümaraid valgeid roosade rinnanibudega tisse . 
70	NA	" "" Peaks teised üles otsima , "" ütles Kaaren Piretile , kes tardunud pilgul taevatähti vaatas . "
71	NA	" "" Ma ei tea , "" vastas Piret . "
72	NA	 Eemalt kostis vaikset mootorrattamürinat . 
73	NA	" "" Just , "" ütles Kaaren ja tõusis kuulatades istukile . "
73	NA	 Mürin muutus valjemaks ning juba vilkus võsa vahel läheneva mootorratta esilatern . 
73	NA	 Hetke pärast olid Kaaren ja Piret eredas valgusvihus . 
73	NA	 Piret ei püüdnudki ennast millegiga katta . 
74	NA	" "" Mis sul asja oli ? "" küsis Kaaren käega silmi varjates . "
75	NA	" "" Tulin vaatama , mida te teete . "" "
76	NA	" "" Korraldasime onaneerimisvõistluse . "" "
77	NA	" "" No ja kumb võitis ? "" "
77	NA	 Just oli laterna ära kustutanud . 
77	NA	 Pimedas helendas tema valge nahktagi . 
78	NA	" "" Loll , "" tähendas Piret ja tõusis püsti . "
78	NA	 Mõne hetke seisis ta alasti tähtede valgel ning võttis siis kummardudes kivilt oma kleidi . 
79	NA	" "" Hea küll , tõmbame siit minema , ! "" ütles Just , "" Kutid on kõik Alfonsi juures , panevad veini . "" "
80	NA	" "" Ma lähen ujuma , "" ütles Piret mööda Kabelikivi laugjat külge alla laskudes , "" Kui tahate võite ka tulla . "" "
81	NA	" "" Eks vaata ise , Kaaren , "" hoiatas Just , "" Kas lähed sinna solberdama või tuled Alfonsi juurde . "" "
82	NA	 Kaaren vaatas kõhklevalt Justi ja seejärel Piretit . 
83	NA	" "" Ei , ma lähen ujuma . "
83	NA	" Praegu on suvi , peab ujuma , "" "
84	NA	" "" Praegu on suvi , peab jooma . "" "
84	NA	" parandas Just , tõmbas oma valge "" astronaudi "" uuest pähe ja lõi sikli käima . "
84	NA	 Mootorratas nõksatas ja liikus lärmiga kohalt . 
84	NA	" Kaaren vajutas enda musta "" astronaudi "" samuti pähe , lõi enda sikli samuti käima ning istus sadulasse . "
85	NA	" "" Istu taha , "" ütles ta Piretile . "
85	NA	" "" Sul on ju käsi katki , "" meenus Kaarnale , kui Piret oli alasti sadulasse istunud . "
86	NA	" "" Ei ole , "" vastas Piret . "
87	NA	" "" Kuidas ei ole ? "" "
88	NA	 Piret näitas oma kätt . 
88	NA	 Haav oli kinni kasvanud . 
89	NA	" "" Imelik , "" ütles Kaaren . "
90	NA	" "" Võlur puhus peale , "" "
91	NA	" "" Mismoodi , puhus peale ? "" "
92	NA	" "" Noh , lihtsalt puhus ja ma tundsin , kuidas haav kinni kasvab . "" "
93	NA	" "" Selge . "" "
93	NA	 Rohkem Kaaren selle kohta ei küsinud . 
93	NA	 Ta pani käigu sisse ja lasi siduri lahti . 
93	NA	 Mootorratas liikus sujuvaltkohalt , põrises mööda kitsast jonklikku jalgrada , sõitis kohinal läbi madala oja ning pööras vasakule . 
93	NA	 Nüüd kihutasid nad juba mööda pimedat muuli- Kaaren ja alasti tüdruk , juuksed tuule käes lehvimas . 
93	NA	 Ees haigutas mustendav udune meri . 
93	NA	 Paremal , kaugel üle muuli kõrvalt algava roostiku , kumasid Kallavere öised tuled . 
93	NA	 Enne muuli lõppu võttis Kaaren hoo maha ning pööras üle paekivilahmakate muulilt alla kõvale rannaliivale . 
93	NA	 Ta seiskas mootori , võttis kiivri peast ja ahmis kopsudesse soolast mereõhku , ühtlasi ka viimase pahvaka vingugaasi , mis summutist välja tossas . 
93	NA	 Merelained loksusid sikli esirattale . 
93	NA	 Piret ronis sadulast ja kõndis sõnatult vahustesse lainetesse . 
93	NA	 Kohisev , udusesse pimedusse hajuv meri tekitas Kaarnas pisut kõhedust . 
93	NA	 Ometi tekkis tal Piretit vaadates soov ujuma minna . 
94	NA	" "" Oota ! "" hüüdis ta Piretile ja võttis pealuupannaldega kannibalisaapad jalast . "
94	NA	 Tüdruk seisis puusadeni vees ja valmistus ennast märjaks kastma . 
95	NA	 Püksilukk jupsis , oli kõvasti tegemist selle lahtisaamisega . 
95	NA	 Kaaren jättis rõivad mootorrattasadulale . 
95	NA	 Kui ta vette astus , ujus Piret juba kaugel . 
95	NA	 Vesi oli võrdlemisi soe . 
95	NA	 Kaaren sumas vööni vette , lasi ühel suuremal lainel ennast märjaks kasta ning hakkas siis kiiresti Pireti poole ujuma . 
95	NA	 Seejuures märkas ta , et on patsipaela pähe unustanud , aga see polnud suurem õnnetus . 
95	NA	 Kui ta jalad põhja lasi , oli Piret temast umbes kaheteistkümne sülla kaugusel . 
95	NA	 Nüüd oli vesi rinnuni , ent varsti pidi jälle madalamaks minema . 
95	NA	 Merepõhi oli siin laineline . 
95	NA	 Neli-viis korda läks sügavamaks ja madalamaks , enne kui vesi üle pea ulatus . 
96	NA	 Üle-pea vees oli külmem , kui kalda lähedal . 
96	NA	 Piret oli kuhugi silmist kadunud . 
96	NA	 Kaarnal hakkas juba kõhedaks minema , nii et enam kaugemale ta ei ujunud . 
96	NA	 Enne tagasi pööramist otsustas ta veel sügavust proovida , ent kohe puutusid jalad põhja . 
96	NA	 Kaaren tõusis püsti . 
96	NA	 Vesi ulatus siin ainult vööni . 
96	NA	 Kuid see polnud merepõhi . 
96	NA	 See oli mingi sile pind , nagu klaas või plastmass . 
96	NA	 Kaaren vaatas mässavates lainetes ringi- Piretit polnud kuskil näha . 
96	NA	 Kallas oli päris kaugel . 
96	NA	 Mootorratast ei suutnud ta pimedusest peaaegu eristada . 
96	NA	 Üle puudelatvade paistis punastes ja valgetes tuledes Telemast . 
96	NA	 Kaaren hakkas kobamisi kalda poole liikuma . 
96	NA	 Sile pind laskus kumeralt sügavamale . 
96	NA	 Lõpuks muutus kallak nii järsuks , et edasi polnud võimalik enam minna . 
97	NA	 Kaaren sukeldus , et asja , millel ta seisis , lähemalt uurida . 
97	NA	 Allveelaev , mõtles Kaaren , kuigi ühtegi illuminaatorit , ega midagi selletaolist polnud ta avastanud . 
97	NA	 Õhk hakkas kopsudest juba lõppema ning Kaaren tõusis pinnale . 
97	NA	 Kui ta pea vee alt välja pistis , pimestas teda helepunane valgus . 
97	NA	 Temast ligikaudu kuue sülla kaugusel seisis vööni vees tütarlaps . 
97	NA	 Seda valgust kiirgas vanaaegne latern , mida ta käes hoidis . 
98	NA	" "" Kes sa oled , ilus tüdruk ? "" küsis Kaaren . "
99	NA	 Tüdruk ei lausunud selle peale musta ega valget , ainult latern tema käes kustus aegamisi . 
99	NA	 Kaaren sumas paar sammu tüdrukule lähemale . 
99	NA	 Kui latern kustus , oli ka tüdruk kadunud . 
99	NA	 Kaaren läks kohta , kus tüdruk oli seisnud , ning kompis siledat pinda enda jalge all . 
99	NA	" "" On libu , "" mõtles Kaaren . "
99	NA	 Nõutult hüppas ta lainetesse ning hakkas hoogsalt kalda poole ujuma . 
99	NA	 Ta jõudis päris ära väsida , enne kui jalad põhja ulatusid . 
99	NA	 Juba eemalt nägi Kaaren , et Piret istub mootorrattal . 
100	NA	" "" Mis punane valgus see oli ? "" küsis Piret , kui Kaaren mootorratta juurde jõudis . "
101	NA	" "" Ma ei tea , "" vastas Kaaren . "
101	NA	" "" Ma nägin ise ka seda , aga ma ei tea kust see tuli . "" "
102	NA	" "" Mis me nüüd teeme ? "" küsis Piret , kui Kaaren oli ennast riidesse pannud . "
103	NA	" "" Lähme Alfonsi juurde , "" ütles Kaaren oma patsi välja väänates , "" Mine oota seal muuli peal , ma sõidan üles ja võtan su peale . "" "
104	NA	 Piret astus mootorrattalt maha ning jalutas muuli poole . 
104	NA	 Üle puudelatvade paistis punastes ja valgetes tuledes telemast . 
104	NA	 Kaaren tõmbas kiivri pähe ning lõi mootorratta käima . 
104	NA	 Segaste tunnetega sõitis ta muuli poole . 
105	NA	 Tee oli tühi . 
105	NA	 Esilatern valgustas mootorratta alt läbi libisevat katkendlikku valget joont . 
105	NA	 Just möödus paremal suvilate vahel kasvavast männitukast . 
105	NA	 Tuul laperdas tema valge nahkjopi lahtisi hõlmu . 
105	NA	" Enne "" Õunapuu "" peatust , kust asfalttee täisnurkse pöörde linna poole tegi , võttis Just hoo maha . "
105	NA	 Linna poolt paistsid lähenevad autotuled . 
105	NA	 Just sõitis otse suvilatevahelisele kruusateele ning lisas kiirust . 
106	NA	 Täiesti ootuspäraselt istus linna poolt tuleva auto roolis Manilast pärit ukrainlane Elpidio Potapov . 
106	NA	" Saatuse keerdkäikude tõttu sõitis ta nüüd oma sinise "" Renault R8 Gordiniga "" mööda Õunapuu puiesteed . "
106	NA	 Vasaku käega rooli hoides ja enda ees kulgevat teed jälgides jorises ta üht tagalogikeelset laulukest . 
106	NA	 Harilikult ei armastanud Potapov pimedas tuledega sõita , siin Naisteojal aga liikus palju mootorrattaid , nii et tuledeta sõitmine võinuks lõppeda avariiga . 
106	NA	 Vähimgi kriimustus uuel autol tähendanuks aga Potapovile midagi veel hullemat , kui Jaapani koonduslaager , kuhu teda sõja ajal mõneks ajaks komandeeriti . 
106	NA	 Näe , juba kihutaski üks graadepoiss risti üle tee , paremat kätt jäävale kruusateele . 
106	NA	 Nähtavasti Alfonsi juurde , kuhu Potapovgi teel oli . 
106	NA	 Alfons oli tema vana sõber , kes pidas siin Naisteojal salaurgast , kus motolõngused koos käisid . 
106	NA	 Alfons müüs neile veini ja tubakat ning üüris tube välja . 
106	NA	 Potapov mõtles eelseisvast kohtumisest Alfonsiga . 
106	NA	 Kell masina armatuurlaual näitas teist öötundi . 
106	NA	 Siin mööda suvilaaedadevahelisi pimedaid tänavaid ekseldes , meenus Potapovile üks episood . 
106	NA	 See oli Zamboangas 1946. , Filipiinide taassõltumatuks kuulutamise aastal . 
107	NA	 Ööd . 
107	NA	 Zamboanga pilkased ööd . 
107	NA	 Tookord oli ta puhtjuhuslikult püstoli laeva unustanud , kui sadamakõrtsi kolama läks . 
107	NA	 Nad tulid neljakesi , nugadega . 
107	NA	 Potapov virutas ühele tooliga . 
107	NA	 See kukkus kuhugile . 
107	NA	 Teine viskas teda noaga . 
107	NA	 Potapov oli jõudnud õigel ajal pea kõrvale tõmmata . 
107	NA	 Kolmas ründaja sai metsiku jalahoobi kuhugile ribidesse , kuid siis tundis Potapov kaelas tuima tuiget ja vajus teadvust kaotades põrandale . 
107	NA	 Teda oli päästnud üks Ameerika leitnant , kes juhuslikult läheduses viibis . 
107	NA	 Lühidalt öeldes , see oligi toosama Alfons . 
108	NA	 Kaaren lükkas kiivriklaasi üles . 
108	NA	 Juba eemalt kostis vaikset makimuusikat ning kandus ninna koldesuitsu lõhna , mis segunes aedade ääres kasvavatejasmiinipõõsaste aroomiga . 
108	NA	 Mootorratas veeres vabal käigul Alfonsi väravast sisse . 
108	NA	" Kaaren oleks pimedas äärepealt vastu terrassi äärde pargitud "" Renault'd "" sõitnud.Selge pilt , Potapov , käis tal peast läbi . "
108	NA	 Kes muu sihukese riistapuuga sõidab . 
108	NA	 Kaaren paigutas sikli sirelipõõsasse , kuna terrassi ääres polnud enam ruumi . 
108	NA	" Peale "" Renault' "" seisid seal Võluri , Olafi ja Justi mootorrattad . "
108	NA	 Rohkem kedagi ei olnud . 
109	NA	" "" Justi auto , "" valetas Kaaren Piretile , terrassi ääres seisvale "" Renault'le "" osutades . "
110	NA	" "" Oo ! "" tunnustas Piret Kaarna järel trepist üles minnes . "
110	NA	 Viimane avas tammepuust ukse ja nad olidki trahteris . 
111	NA	" "" Moens ! "" pasundas Kaaren ning märkas alles siis , et kõrtsituba on peaaegu tühi . "
111	NA	 Ainult nurgalauas istus Alfons arvatavasti Potapoviga , kes oli seljaga tulijate poole . 
111	NA	 Laud oli koristamata ja leti peal sillerdas maha voolanud vein . 
111	NA	 Kumbki vanameestest Kaarna tervitusele ei reageerinud . 
111	NA	 Istusid laua ääres ja vaidlesid millegi üle . 
111	NA	 No mida on sellistel meestel vaielda , mõtles Kaaren . 
112	NA	" "" Sa , Alfons , vala meile veini parem , mitte ära tüüta seal ukrainlast oma kiburate jutukestega , "" sõnas ta mõne aja pärast , kui vanamehed ikka veel temast välja polnud teinud . "
113	NA	" "" Oota , ma valan tattidele veini , "" ütles Alfons Potapovile , seejärel Kaarnale : "" Mis veini sa tahad ? "" "
114	NA	" "" Kõigepealt ütle , kus sa tatte näed ? "" küsis Kaaren . "
115	NA	" "" Teised on maja taga , kas sa sinna ei taha minna ? "" küsis Alfons leti taha kummardudes . "
116	NA	" "" Jaa-jaa , minge maja taha ! "" sekkus nüüd ka Potapov , end lauaääres pöörates . "
116	NA	 Ta oli endal vuntse püganud ja nägi üsna nooruslik välja . 
116	NA	 Piret hakkas naerma , kui tema lõusta nägi . 
117	NA	" "" Mida ma valan ? "" kostis leti alt Alfonsi hääl . "
118	NA	" "" Eleuterokokki , kaks klaasi , "" "
119	NA	 Leti peale ilmus Alfonsi küsiv näolapp . 
120	NA	" "" Sabin , sabin , "" ütles Kaaren , "" Mis veini sa jood ? "" küsis ta Piretilt . "
121	NA	 Piret kissitas silmi ja uuris riiulil seisvaid pudeleid , mis meenutasid pakse tinasõdureid . 
121	NA	 Alfons oli nad pikkusejärjekorda paigutanud . 
121	NA	" Kõige taga seisis teenimatult "" Napoleon "" , paks ja lühike . "
122	NA	" "" "" Agdami "" ei olegi ! "" sõnas Piret lõpuks pettunult . "
123	NA	" "" "" Agdami "" ei ole , "" laiutas Alfonskahetsevalt käsi . "
124	NA	" "" Kuidas ei ole ? "
124	NA	" On küll , "" kostis välisukse juurest . "
125	NA	 Kõik neli vaatasid ukse poole , ka Potapov . 
125	NA	 Ukse juures seisis tumedas mantlis kogu . 
125	NA	 Napis valguses läikis tal paremas käes rohekas pudel . 
126	NA	" "" Lebra , "" toibus Alfons kõige esimesena . "
127	NA	" "" Nii ta on , "" sõnas Lebra ja astus pimedusest esile . "
127	NA	 Vilunud liigutusega eemaldas ta pudelilt korgi ning mulistas sisu endale kurku . 
127	NA	 Seejärel viskas ta tühja pudeli üle õla uksest välja , lasi rahuloleva röhatuse kuuldavale ning jäi ruumisolijaid väljakutsuval ilmel passima . 
127	NA	 Õuest oli kuulda , kuidas pudel vastu mingit plekk-asja ( Potapovi autot ) kõmathas . 
127	NA	 Kõik vaatasid kartlikult nurgalaua poole . 
127	NA	 Õhus oli tunda elektrit . 
128	NA	" "" Oleksid võinud meile ka jätta , "" ütles Kaaren pudeli "" Chauteau'ga "" uksest välja minnes . "
128	NA	 Muie Lebra suunurgast oli kadunud . 
129	NA	" Kui Kaaren ja Piretmajatagusele terrassile astusid , vedelesid Võlur , Olaf ja Just võbeleva koldetule valgel nähtavasti juba tundide eest tühjaks imetud peekrite taga ja kuulasid "" Runaways'i "" . "
129	NA	 Trahterist kostis ümberkukkuvate laudade kolinat . 
129	NA	 Kaarnat silmates kargasid nad kõik püsti ja tulid terve delegatsiooniga talle vastu , Võlur kõige ees . 
130	NA	" "" Kuradi venelane sa , Kaaren , oled , "" alustas Võlur . "
130	NA	 Kaabu oli tal silmile tõmmatud ja sel hetkel sarnanes ta tegelasega mingist 50-ndate aastate gangsterifilmist . 
131	NA	" "" Tähendab , tuli välja , et täna on Han'i sünnipäev ja meil tuleb üsna kiiresti Merisallu sõita , kui me tahame enne hommikut kohale jõuda , "" selgitas Olaf , viibates umbmääraselt selles suunas , kus pidi tema arvates Merisalu asuma . "
131	NA	 Kaaren vaatas näidatud suunas . 
131	NA	 Parajasti jooksid sealt Potapov ja Lebra mööda . 
132	NA	" "" No selge , "" ütles Kaaren , "" Aga ma pean enne Pireti koju viima . "
132	NA	" Ma lähen toon ülevalt enda tagi ära . "" "
133	NA	 Peagi täitus õu kõrvulukustava mootorimürinaga . 
133	NA	 Üksteise järel sõitsid mootorrattad väravast välja , öhe . 
134	NA	 Kaaren oli juba tüdinud mööda pimedat maanteed kihutamast , kui Võlur lõpuks käega märku andis ning tema punane stopptuli süngete puude vahele keeras . 
134	NA	 Rockerid sõitsid üksteise järel mööda kitsast metsavaheteed , Võlur teistest oma 30 meetrit eespool . 
134	NA	 Lõpuks jäi Võluri mootorratas seisma . 
134	NA	 Esilaternad valgustasid kivist väravaposte , millel istusid kaks lõvikuju . 
134	NA	 Lõvidel olid üsna tülpinud näod peas , ilmselt oli neil posti otsas kükitamisest kõrini . 
134	NA	 Võlur avas väravad ja peagi avastasid nad ennast kõrge kivimaja eest . 
134	NA	 Mõned teise korruse aknad olid pärani ja akendest välja lehvivate kardinate tagant kumas hämar , pisut punakas valgus . 
134	NA	 Trepi ees seisis kuus mootorratast . 
134	NA	 Kui nad enda omad ka sinna kõrvale ajasid , oli neid täpselt kümme . 
135	NA	" "" Vaadake , et te ennast viisakalt üleval peate , "" ütles Võlur ja koukis pintsakukäisest kimbu sinililli välja . "
135	NA	 Seejärel vajutasid kõik korraga helisignaali , mispeale õu täitus metsiku ebakõlalise huilgamisega . 
135	NA	 Ülevalt trepilt kostis sammumüdinat ja vaheuste paukumist . 
135	NA	 Hetke pärast seisis uksel Han- üleni valges , mustade sukkade ja punase peaga . 
136	NA	" "" Palju õnne sünnipäevaks ! "" ütles Võlur mesimagusa häälega , ulatas sünnipäevalapsele helesinise pakikese ning torkas sinililled talle tisside vahele . "
136	NA	 Han tegi niksu ja rebis paki õhinal lahti . 
136	NA	 Seal sees oli Potapovi toodud player . 
137	NA	" "" Elagu vaba Eesti ! "" tähendas Just ja surus sünnipäevalapsel kätt . "
137	NA	 Han patsutas vaimustusest poisse õlale , lasi Olafil ja Kaarnal ennast põsele suudelda ning juhatas külalised trepist üles . 
137	NA	 Majas oli õdusam , kui väljast arvata oleks võinud . 
137	NA	 Kõikjal oli tunda naisterahva hoolitsevat kätt . 
138	NA	" "" Han , ma armastan sind ! "" sosistas Olaf , kui nad mööda pikka koridori elutoa poole sammusid . "
138	NA	 Koridori lõpus asetseva tualettpeegli ees istus tütarlaps ja minkis ennast . 
138	NA	 Peeglilaud kubises kõikvõimalikest kaunistusvahenditest . 
139	NA	" "" Saage tuttavaks ! "" sõnas Han ja osutas peegli ees istuvale kahvatu jumega "
140	NA	" tütarlapsele , kes endal vaikides huuli värvis , "" See on minu sõbranna Zarah ... "
140	NA	 Zarah Leander . 
140	NA	" Ta sündis 1902. aastal Rootsis ja ta on ka ainuke , keda ma pole täna oma sünnipäevale kutsunud . "" "
141	NA	 Kaarnale tundus , et ta on seda tüdrukut juba kusagil näinud . 
142	NA	" "" See on Olaf . "
142	NA	 Võlur . 
142	NA	 Just . 
142	NA	" Kaaren , "" tutvustas Han järgemööda poisse . "
143	NA	 Tütarlaps heitis rockeritele põgusa pilgu , mis peatus pisut Kaarnal pisut kauem , ning vaatas siis uuesti peeglisse . 
144	NA	" "" Geniaalne , "" sõnas Võlur sigaretti läites . "
145	NA	 Elutoast kostis kellegi naerulaginat . 
145	NA	 Han lükkas ukse lahti ja nad astusid hämarasse elutuppa . 
145	NA	 Koldes põles praginal tuli . 
145	NA	 Suure ümmarguse laua ümber istus trobikond külalisi , kes rüüpasid veini ja tossutasid sigarette . 
145	NA	 Keset lauda seisis suur vahukooretort . 
145	NA	 Küünlad tordil polnud veel süüdatud . 
146	NA	" "" Jõudsime õigel ajal , "" sõnas Võlur kaaslastele ja nad istusid laua äärde . "
146	NA	 Kaaren nõjatus mahagonipuust toolileenile ja kuulas mida ümberringi räägitakse . 
146	NA	 Tema vastas istus kõrge tulipunase kukeharjaga punk , keda rockerid Super-Villuks kutsusid . 
146	NA	 Seltskonnast ainsana oli ta söandanud endale veel lahti lõikamata torti tõsta . 
146	NA	 Nägu vahukoorene , seletas ta midagi vigases inglise keeles kahele roimarinäoga tüübile , kes erinevalt teistest kohalviibijatest tirisid ilma filtrita sigarette . 
146	NA	 Aeg-ajalt kolmik naeris üksmeelselt . 
146	NA	 Nagu selgus , olid mõrvarinägudega mehikeste nimed Bill ja George ja mõlemad olid pärit Edinburgh'ist . 
146	NA	 Nende kõrval istus Hotõnn , lilla haleysoenguga rocker . 
146	NA	 Kaaren tervitas teda peanoogutusega . 
147	NA	" "" Sina ja mina , me oleme ühte verd , "" sosistas Hotõnn Kaarnale . "
148	NA	" "" Võib-olla tõesti , "" ütles Kaaren tordi küljest pudenenud kirsse noppides . "
149	NA	" "" Kaaren , lõika tort lahti ! "" ütles Han täpilistesse tassidesse kakaod valades . "
149	NA	 Kaaren tõusis püsti , võttis taskust oma nupuga noa ja hakkas torti lahti lõikama . 
150	NA	" "" Kuule , Lydia , vaata , võta sealt kummutist veel neli peekrit neile poistele ja vala need ka täis , "" pöördus Han seejärel lillas kostüümis neiu poole , kes samal ajal peekritesse hõõgveini kallas . "
151	NA	 Uksele ilmus Zarah , nagu Han teda oli tutvustanud . 
151	NA	 Kaaren saatis teda pilguga , kui ta üle parketi astus , laualt peekri võttis ning elegantselt suurde vanaaegsesse tugitooli heitis . 
151	NA	 Jälle ei tulnud Kaarnale meelde , kus ta tüdrukut näinud oli , kuid tundis selgelt , et see ei ole tavaline tüdruk . 
151	NA	 Vahest ei ajanudki Han lihtsalt lolli juttu , nagu Kaaren algul oli arvanud . 
151	NA	 Kaua ei lastud teda juurelda , sest juba müksas Just teda ribide vahele : 
152	NA	" "" Võta ka , mis sa uimerdad ! "" "
153	NA	 Alles nüüd märkas Kaaren , et tal on tort alles neljaks lõigatud . 
153	NA	 Kähku lõikas ta iga neljandiku veelkord kolmeks ja lakkus noa puhtaks . 
153	NA	 Tema ees laual seisis tumepunase märjukesega täidetud peeker . 
153	NA	 Hõõgvein , kuum ja usaldusväärne , lõhnas hõrgutavalt . 
153	NA	 Kaaren võttis peekri sõrmede vahele ning jõi selle ühe sõõmuga tühjaks . 
154	NA	" "" Päris hea rüübe , "" ütles ta Võlurile ning kallas endale veel ühe . "
154	NA	 Peas hakkas sumisema . 
154	NA	 Ümberringi nosisid kõik isuga torti . 
154	NA	 Võlur ja George suundusid teineteist kutsuvalt viibates punase kaleviga kaetud kaardilaua juurde , mis oli vahepeal ühte elutoa nurka siginenud . 
154	NA	 Super-Villu lülitas sisse kõrvulukustava muusika . 
154	NA	 Olaf ja Just sööstsid korraga Hani juurde , kes ei suutnud aga kummagi kavaleri kasuks otsustada , mistõttu nad lõid tantsu kolmekesi . 
154	NA	 Kaaren puges laua tagant välja , võttis oma peekri ja läks Zarah juurde . 
155	NA	" "" Üks tants , mademoiselle ? "" ütles ta Zarah'kõrvale tugitooli maandudes . "
156	NA	" "" Tänan , monsieur , ma ei tantsi , "" vastas Zarah laisalt , "" Jätke lori ja pakkuge üks sigarett . "" "
157	NA	 Kaaren pakkus talle suitsu , rüüpas veel ühe lonksu veini ja heitis pilgu üle toa . 
157	NA	 Muusika mürtsus . 
157	NA	 Võlur , George ja Bill tagusid panuseid piiramata pokkerit . 
157	NA	 Han kepsutas Justiga rock'n'rolli tantsida . 
157	NA	 Lydia koristas lauda . 
157	NA	 Tassid , lusikad ja Olafid keerlesid nagu kärbsed ta ümber . 
157	NA	 Ükski nõu ei püsinud paigal- Kaaren sai plehkupaneval veinikannul hädavaevu sabast kinni ja kallas enda püksid täis . 
157	NA	 See oli viga . 
157	NA	 Neiu solvus ja läks minema . 
157	NA	 Siis astus Kaarna juurde Han ja palus teda tantsima . 
157	NA	 Hetke pärast oli Kaaren kindlalt veendunud , et peab oma saatuse siduma üksnes Hani- ja ei kellegi teisega . 
157	NA	 Hanil olid imekaunid silmad , jumalikud pehmed käed ning ta lõhnas nii meeliköitvalt . 
157	NA	 Kõik oli kõige paremas korras . 
157	NA	" Kastidest kostis Noddy Holderi ( "" Slade'i "" laulja ) käredat häält . "
158	NA	" "" We were miles out to sea "
159	NA	 Did we float you and me 
160	NA	 Maybe one day we'll go back for more 
161	NA	 We were miles from the bay 
162	NA	 Did we float I should say 
163	NA	" Maybe next time we'll leave from the shore ... "" "
164	NA	 Siis aga lõi Kaarnal pea äkki selgeks ning ta avastas , et viibib koos Haniga aknakardina taga . 
164	NA	 Tema käsi ole Hani pihal , Han oli oma pea tema õlale nõjatanud ning lausus : 
165	NA	" "" Vaata ometi , kui kaunis vaade ! "" "
166	NA	 Kaaren jäi nürimeelselt lahtisest aknast avanevat vaadet vahtima . 
166	NA	 Vaatel polnud muide tõepoolest midagi viga . 
166	NA	 Hani aed oli päris pime ja põlised puud sahisesid süngelt . 
167	NA	" "" Kisub sügise poole , "" tähendas Kaaren . "
167	NA	 Äkki märkas ta all Zarah't , kes kiiresti värava poole lippas . 
167	NA	 Kaaren pidas aru , kuidas saaks endal marki täis tegemata käe Hani pihalt ära võtta . 
167	NA	 Õnneks löödi kardinad kärinal lahti ja nende ette kerkis Hotõnn . 
167	NA	 Kaarna poole vaatamata tegi ta kohmakalt kraapjalga ja lausus kähedalt : 
168	NA	" "" Permettez vous ... "" "
169	NA	" "" Palun , mu poiss , "" kostis Han võluvalt naeratades , kinkis Kaarnale veel ühe pimestava naeratuse ning hõljus Hotõnni embuses üle põranda eemale . "
169	NA	 Mängurite kolmnurk nurgas tagus endiselt kaarte . 
169	NA	 Olaf ja Lydia olid kuhugile kadunud . 
169	NA	 Holder röökis nüüd poole vaiksemalt , Han ja Hotõnn demonstreerisid tähelepanuväärset meisterlikkust . 
169	NA	 Kaaren läks neist ettevaatlikult mööda , sammus läbi tühja koridori , läks trepist alla halli , sealt välistrepile ja jooksis kõigest väest lõvikujudega värava poole . 
169	NA	 Zarah't polnud loomulikult enam näha . 
169	NA	 Kaaren jooksis mööda pimedat metsateed , mida mööda nad Hani juurde olid sõitnud . 
169	NA	 Kui ta asfaltteele jõudis nägi ta Zarah' heledat kuju paarkümmend sülda linna pool puude vahele kaduvat . 
169	NA	 Kaaren lidus üle tee tüdrukule järgi . 
169	NA	 Kõrgete puude tihedad võrad tegid metsaaluse veelgi pimedamaks . 
169	NA	 Ebaühtlaselt allamäge minev jalgrada oli üksnes aimatav . 
169	NA	 Varsti jõudis Kaaren valge kruusaga sillutatud jalgteele . 
169	NA	 Mõne aja pärast istus Zarah teeäärsele pingile ja raputas kinga tühjaks . 
169	NA	 Siis pidi Kaaren peatuma , et mitte tüdrukule vahele jääda . 
169	NA	 Eemal kohises meri . 
169	NA	 Tundus , nagu oleks see siinsamas , kuigi sinna oli veel tükk maad . 
169	NA	 Pikkamööda läks mets madalamaks ning puude vahelt hakkas paistma öine taevas . 
169	NA	 Tüdruk oli juba metsast välja jõudnud ning kadus rannaäärsest kõrkjate vahele . 
169	NA	 Kui Kaaren läbi kõrkjariba rannaliivale jõudis , jooksis Zarah juba piki veepiiri kaugemal kalda ääres mustendavate rannakivide poole . 
169	NA	 Kaaren tõmbus kõrkjate vahele tagasi . 
169	NA	 Tüdruk hakkas kivilt kivile hüpates kaldast eemalduma . 
169	NA	 Lõpuks kargas ta koos riietega vette ning hakkas kaugemal juba hõredamalt paiknevate kivide vahel edasi kahlama . 
169	NA	 Nüüd tuli Kaarnale meelde , kus ta Zarah't näinud oli . 
169	NA	 Tema oligi see punase lambiga viirastus , keda ta õhtul Naisteojal ujumas käies meres näinud oli . 
169	NA	 Nüüd oli ta juba silmist kadunud . 
170	NA	 Kaaren oli teda justkui oodanud , nii et ta ei üllatunudki , kui lainetavale veepinnale kerkis ujumismask . 
170	NA	 Kaaren oli siin kivide vahel istunud ööläbi . 
170	NA	 Vastu hommikut oli ta juba täiesti kindel , et KEEGI PEAB TULEMA . 
170	NA	 Nüüd oli juba näha ka must kummiülikond ja hapnikuballoonid . 
170	NA	 Mehel oli käes mingi kohver . 
170	NA	 Ta sumpas kaldale ja suundus kõrkjate vahele . 
170	NA	 Kaarnal polnud vähimatki kavatsust takistada tumedaid isikuid oma tumedaid plaane läbiviimast , kes nad siis ka polnuks- Kaaren ei olnud oma maa patrioot- kuid uudishimu sundis teda tundmatule järgnema . 
170	NA	 Kummiülikonna oli mees kõrkjatesse peitnud ja kõndis nüüd hämaras metsas nagu härrasmees , ruuduline suveülikond seljas ning kohver käes . 
170	NA	 Hoidudes endistviisi jälitatava vaatevälja sattumast , juhul kui see peaks tagasi vaatama , lisas Kaaren sammu . 
170	NA	 Tundmatu oli samuti sammu lisanud ning vahemaa nende vahel suurt ei vähenenud . 
170	NA	 Korraga mees peatus ning suunas pilgu ees kerkivale kõrgendikule . 
170	NA	 Arvatavasti teda oodati- mäeveerul põles lõke . 
170	NA	 Jahedas hämaruses istusid lõkke ääres kaks tekidesse mässitud kuju . 
170	NA	 Mees hakkas mäkke tõusma.Üks lõkke ääres istujatest tõusis püsti ja vaatas hämaras suvehommikus ringi . 
170	NA	 Nähtavasti oli ta kuulnud mäest üles rühkivaid samme . 
170	NA	 Lõke heitis valgust üle pea heidetud teki alt välja paistvale näole . 
170	NA	" "" Sa sade ! "" käis Kaarnal peast läbi . "
170	NA	 Seesama suur kongus nina , see raskepärane , ent ümar lõug , see lai , justkui põlastavaks muigeks kõverdunud suu , mille ülahuult ääristas mustade vurrude kitsas triip , ning need keskelt kokku kasvanud mustad puhmaskulmud , mille all välkuvates silmades võis ühe hetke jooksul vahelduda trots pilke , rõõm viha ja kalkus kaastundega , kuid millest samal ajal polnud võimalik midagi välja lugeda , olid Kaarnale juba vägagi hästi tuttavad . 
170	NA	 Jah , see oli Elpidio Potapov- Kaaren tundis ta kohe ära . 
170	NA	 Niisiis polnud tema tumeda kübaraga kaaslaseski raske ära tunda joodikut ja päevavarast Lebra , kelle õige nimi oli Chrétien Le Brun . 
170	NA	 Kui Kaaren nüüd järele mõtles , siis oli see prantsusepärane nimi ka kõik , mis ta sellest vanamehest teadis . 
171	NA	 Tundmatu oli ennast mäest üles ukerdanud ning lähenes nüüd tekkidesse mässitud meestele . 
172	NA	" "" Guten Morgen , "" viskas ta tervituseks , mispeale Lebra end ümber keerates teda huviga seirama hakkas . "
173	NA	" "" Guten Morgen , Walter ! "" vastas Potapov ning võttis tulija käest kohvri . "
173	NA	" "" Kas jälgi ei jäänud ? "" küsis ta pisut kõheldes . "
174	NA	" "" Kõik on O.K. , "" vastas Walter , kes oli juba lõkke äärde istunud ja näkitses pisut kõrbenud karpkala kallal . "
174	NA	 Potapov avas kohvri . 
174	NA	 Seda täitis läikiv värviliste nuppude ja tuledega seadis , mis valgust saades õrnalt piiksuma ja tulesid vilgutama hakkas . 
174	NA	 Kaaren oli mäest üles roninud , põõsaste vahel vanameeste rummikastil istet võtnud ning vahtis üksisilmi teiselpool põõsast lebavat veidrat seadist . 
174	NA	 Lebra , kes sellest kummalisest seadisest eriti ei huvitunud , alustas juttu naistest ja sexist . 
174	NA	 Walterile istus see teema imehästi- hea meelega kuulas ta kõiki neid nilbusi , mida Lebra oma poolenisti hambutust suust välja ajas . 
175	NA	" "" Noh , mis edasi sai ? "" küsis Walter , kui Lebra oli katkestanud oma jutu selle koha peal , kui ta ühe korteri ukse taha oli sittunud . "
176	NA	" "" Ah , edasi ei saanud enam midagi , "" äigas Lebra käega . "
177	NA	" "" Kuidas ei saanud ? "" imestas Walter . "
178	NA	" "" Noh , sellepärast ei saanud , et korterivaldaja , kes ukse peale tuli ja sita sisse astus , läks näost sini-lilla-roheliseks ja röögatas , nii et mul jäi kõht kinni . "
178	NA	" Siiamaani on mul seedehäired ... "" "
179	NA	 Walter hakkas naerma . 
179	NA	 Lebra plärises veel midagi , kuid Kaaren sellele tähelepanu ei pööranud , ei jälitanud ta ju tundmatut selleks , et siin Lebra armuseiklusi kuulata . 
180	NA	" "" Peremees , kas sul ei juhtu kusagil rummi olema ? "" küsis Walter korraga Potapovilt . "
180	NA	 Ukrainlane oli just lõpetanud juhendi lugemise ja ütles Lebrale , et see pudeli rummi lahti teeks . 
180	NA	 Kuid Kaaren oli Lebrast kärmem . 
180	NA	 Ta võttis pudeli , keeras korgi pealt ning astus pimedusest esile . 
180	NA	 Potapov võttis talle ulatatud pudeli vastu ning pööras end Kaarna poole . 
180	NA	 Tema punetav nägu oli korraga lubivalge . 
181	NA	" "" Moens , "" ütles Kaaren . "
182	NA	 Keegi ei vastanud . 
182	NA	 Seadis piuksus pahaendeliselt oma koha peal , justkui aimates midagi kahtlast . 
182	NA	 Järgmisel silmapilgul oligi Potapov kohal . 
182	NA	 Kaaren tundis ainult , kuidas ta käed vastu maad nätsatasid . 
182	NA	 Ta taipas , et on pigisse jäänud . 
182	NA	 Abitus vihas kraapas ta käega maad ning virutas Potapovile peotäie mulda näkku . 
183	NA	" "" Prrrhh ... "" puristas Potapov summutatult . "
183	NA	 Ta turtsus ja sülitas ning näis , et hea meelega oleks ta taevani möiranud , aga küllap ei tahtnud ta hommikurahu häirida rohkem kui hädavajalik . 
183	NA	 Kära paisus siiski suureks . 
183	NA	 Seadis lõi põrgulärmi ning oli mingit musta tossu välja ajama hakanud . 
183	NA	 Lebra karjus midagi prantsuse keeles . 
183	NA	" Potapov , hoides ühe käega raudses haardes Kaarna kukalt ning pigistades teisega suud kinni , tiris teda nüüd armutult keset põõsaid seisva järelvanker-suvila poole , mille kõrval seisis sinine "" Renault "" . "
184	NA	" "" Niimoodi , nüüd meie ajame väikest juttu , "" lausus Potapov ning läkitas Kaarna ägeda müksuga pea ees järelvankrisse . "
184	NA	 Seal istus juba Just , näost üsna kaame . 
184	NA	 Kaarnat silmates katsus ta püsti karata lavatsilt , kus Alfons teda kinni hoidis . 
184	NA	 Kaarna vankrisse läkitanud , tõmbas Potapov taskust pussnoa , millega ta vankriseinale , valgele plekile , kriipsu tõmbas . 
184	NA	 Kriips sattus mitte juhuslikult teise , täpselt samasuguse kriipsu kõrvale . 
184	NA	 Seejärel tõmbas ta vankriukse kinni , nii et hilinemisega kohale tormanud Lebra pidi leppima ainult vankriukse tagumisega . 
185	NA	" "" Seda sa , Kaaren , veel kahetsed , kuradi agent , raisk ! "" karjus ta täiest kõrist ning prõmmis oma paistes rusikatega vastu vankri lukustatud plekkust . "
186	NA	 Walter oli vahepeal ringi luusides leidnud põõsastest rummikasti . 
186	NA	 Haigutades ja ilmset igavust tundes lasi ta kõrvetaval vedelikul kõrist alla voolata . 
186	NA	 Kogu konspiratsioonist polnud enam jälgegi järel . 
186	NA	 Idast hakkas taevas juba punetama . 
186	NA	 Väsimusest ja joodud rummist jäi ta vaikselt tukkuma . 
187	NA	 Samal ajal pidas Potapov vahele jäänud Kaarnale ja Justile epistlit . 
188	NA	" "" Heakene küll , ütleme , et te ei teinud seda meelega . "
188	NA	 Aga see on ju ikkagi vastik , mis te teete , on ju nii ? 
188	NA	 Näiteks meie sõber , vapper võitleja ja üllas mereröövel Walter on kindlasti maruvihane . 
188	NA	" Saate aru , selle raadiojaama , mille abil saab tähelaevaga otse sidet pidada , selle tõi ta meile kah suure palumise peale , lihtsalt heast südamest ja hea raha eest ... "" rääkis Potapov natuke endast välja minnes . "
188	NA	 Samas kohtas ta Alfonsi hoiatavat pilku ning taibates , et on suhteliselt lühikese aja jooksul enam-vähem kõik välja pläterdanud , hakkas ta suures vihas ilmsüütut trahteripidajat sõimama : 
189	NA	" "" Värdjas mees oled , Alfons , "" karjus ta vastikul kurguhäälel , "" Oma lolluse pärast jäid leitnandi pagunitest ilma . "
189	NA	 Mitte kedagi ei saa sa selles süüdistada , et sulle Manila vanglas kolm aastat järjest persse nussiti . 
189	NA	" "" Rohkem ta karjuda ei jõudnud , Alfonsi võimas rusikas lajatas talle piki silmnägu . "
190	NA	" "" Ärga jamage , lähme vaatame parem , mis Lebra seal väljas kokku on keeranud ja joome veits rummi , "" katsus Just juhtimist oma kätte haarata . "
191	NA	" "" Kuhugi ei lähe , Just ! "" ütles Potapov põske hõõrudes ja vehkis hoiatavalt sõrmega , "" Siin on su uus kodu . "
191	NA	" Oled siin kuni meie operatsiooni lõpuni . "" "
191	NA	" Seejärel avas ta ukse ja hüüdis lõkke ääres istuvate kambameeste poole : "" Rummi ! "" "
192	NA	" "" Rummi . "
192	NA	" Tissi oleks sulle sitale vaja ! "" salvas Kaaren . "
193	NA	 Potapov läks jälle näost valgeks . 
193	NA	 Kui talle veri uuesti näkku imbus , hakkas ta aeglaselt Kaarna poole tulema . 
193	NA	 Enne , kui ta midagi ütelda või teha jõudis , kergitas Just ennast lavatsilt ning lõi talle rusikaga otsaette . 
193	NA	 Tekkis rüselus . 
193	NA	 Miski vuhises läbi õhu ja purustas laes rippuva elektripirni . 
193	NA	 Kostis plätse ja Potapovi maruvihaseid võitlushüüde . 
193	NA	 Äkki hoovas vankrisse koidupuna . 
193	NA	 Avatus uksest vahtis sisse Super-Villu . 
193	NA	 Kohe sai ta Potapovilt jalaga ning kadus vaateväljast . 
194	NA	" "" Potapov ! "" manitses Alfons . "
195	NA	" "" Häh , "" tõmbas Potapov ukse kinni , "" Õieti tegin , "" selgitas ta ülejäänutele , "" vaadake , kui palju meid siin on ! "
195	NA	" Üks , kaks , kolm ... "" "
195	NA	 Uks läks uuesti lahti . 
195	NA	 Seekord seisis seal Võlur . 
195	NA	 Käes oli tal Walteri salapärane kohver . 
196	NA	" "" Lähme linna , tüübid ! "" ütles ta Justile ja Kaarnale , "" Hanil on meist juba villand . "
196	NA	 Eriti neist šotlastest . 
196	NA	" Aa , õige , "" meenus talle Potapovi pilku kohates , mis oli tema käes olevale kohvrile suunatud , "" Kohtume täna öösel Alfonsi juures . "" "
197	NA	" "" Äääk , "" kägises Potapov käsi välja sirutades . "
197	NA	 Kaaren ja Just astusid uksest välja . 
198	NA	" "" Moens , "" tähendas Just Potapovile , kes soolasambana siklile istuvat Võlurit jõllitas , ja lõi ukse kinni . "
199	NA	" Võlur tõstis oma kollakasbeeži "" astronaudi "" klaasi üles . "
199	NA	" Temast mõnikümmend meetrit eespool pimeduses valendas kiri : "" TALLINN "" . "
199	NA	 See oli pealinna piiri tähistav tahvel , mis kuidagi kodusena teepervellasus . 
199	NA	 Tahvli ülemisel äärel istus öökull . 
199	NA	 Ümberringi mattus kõik valkjasse vingugaasi ja mootorimürinasse . 
199	NA	 Kostis seiskuvate mootorite turtseid . 
199	NA	 Võlur võttis kiivri peast , asetas selle oma mootorratta bensiinipaagile ning süütas sigareti . 
199	NA	 Temast esiratta võrra eespool istus Kaaren oma musta äramaalitud sikli otsas ja vahtis tahapoole . 
199	NA	" Suunurgas tolknes tal äranätsutatud "" Romeo & Juliet "" . "
199	NA	" Ükshaaval kustuvate esilaternate valguses läikis tema must nahkjopp , mille käise peal , nagu ka kõikidel ülejäänud mootorratturitel , ilutses anarhiamärk , mille kohal seisis poolkaares kiri : "" ROCKERS "" ning vastavalt all : "" UNIVERSUM "" . "
199	NA	 Eraldusmärk mis moemeeste hulgas kerget meeltesegadust tekitas . 
200	NA	" "" Tallinn ! "" karjus Kaaren ja sülitas sigarijunni maanteele . "
200	NA	 Seljataga vallandus üldine naerulagin . 
201	NA	" "" ENSV pealinn ja Harju rajooni halduskeskus , "" täiendas Just . "
202	NA	" "" Õudne tark , peaks mainima , "" ütles Han , kelle porgandivärvi mootorratas seisis Võlurist pisut tagapool . "
203	NA	" "" Hei , tüübid , mulle tuli vahepeal meelde , et täna on "" Auriku "" klubis kontsert , "" ütles Olaf sigaretti süüdates , "" Minu arust ei tohiks see veel lõppenud olla . "" "
204	NA	" "" Siis sõidame sinna , "" ütles Võlur ja hakkas enda mootorratast uuesti käima lööma . "
204	NA	" "" Fuck technics , "" lausus ta , kui sikkel esimese korraga millegipärast käima ei läinud . "
205	NA	" "" Nojah , rohkem mustakunstimeeste asi , "" ülbitses Kaaren ning andis gaasi . "
205	NA	 Tema järel startisid teepeenralt ülajäänud mootorrattad , mis hõivasid peagi mõlemad pärisuunarajad . 
205	NA	 Mõne aja pärast hakkasid ühtlase kiirusega üle pea lendama tilgakujulised tänavavalgustid . 
205	NA	 Nad olid jõudnud äärelinna eramajade piirkonda . 
205	NA	" Varsti tuligi tänav , kus asus "" Auriku "" klubi . "
205	NA	 Vahepeal oli linnas vihma sadanud ning vastu tulevate autode tuled peegeldusid märjal sõiduteel . 
206	NA	 Klubi ümber sebis kari plikajõngatseid , kes kõik uksel seisvat piletikontrolli mõnitasid . 
206	NA	 Lakkamatult paukusid saabuvate autode uksed , teised jälle sööstsid paigalt , olles koormatud paraja auru all olevate noorukitega . 
207	NA	 Võlur läks sissekäigu juurde ja ulatas kontrolörile viielise . 
208	NA	" "" Raha paneb rattad käima , "" ütles viimane tunnustavalt ning tuli ukse eest ära . "
208	NA	 Plikajõngatsid vaatasid kadedate nägudega , kuidas Võlur , Kaaren , Just , Han ja Olaf üksteise järel uksest sisse marssisid . 
208	NA	 Üks plikadest tegi meeleheitliku katse uksest sisse hiilida , kuid sai kontrolörilt jalaga ning vajus oiates tänavasillutisele . 
208	NA	 Ülejäänud purskasid oma kaaslase äpardust nähes laginal naerma . 
209	NA	 Seespoolt kostis teadustaja püüdlikku jutukõminat . 
209	NA	 Ka tubakasuitsune eeskoda oli tulvil käratsevaid murdeealisi . 
210	NA	" "" Tere , poisid ! "" hüüdis Võlur uljalt pintsakunööpe valla päästes . "
210	NA	 Nende juurde astus kõhukas , roosade pekiste kätega heavymees ja pakkus veini . 
210	NA	 Keegi kustutas eeskojas tule , saalist kostis trummipõrinat . 
211	NA	" "" Mu nimi on Haldur , "" selgitas heavymees . "
211	NA	 Hämaras meenutas ta karvast karujõmmi . 
212	NA	" "" Haldur ? "" küsis Just , "" Anna andeks , esimest korda kuulen . "" "
213	NA	" "" Ma tean , "" sõnas heavymees nukralt , "" Sellepärast ma ütlesingi . "
213	NA	 Ma olen lihtsalt väga üksik ja soovin teiega tutvuda . 
213	NA	" Olete toredad poisid . "" "
213	NA	 Karvendav mehike vaatas tänulikult , kuidas pudeli sisu rockeritel kõrist alla voolas . 
213	NA	 Järsku ta võpatas ja pööras oma karvast pead tahapoole vaatama . 
213	NA	 Keegi oli talle jalaga persse pannud . 
213	NA	 Lööjaks osutus kontrolör . 
214	NA	" "" Kuule , pekinägu , "" hüüdis ta tigedalt , "" sina kustutasid tule ära või ? "" "
215	NA	" "" Kuule , kassiir , "" sisistas Han , "" sina lõid teda jalaga või ? "" "
216	NA	" "" Ei löönud , "" kogeles kontrolör Hani metsistunud pilku kohates . "
217	NA	" "" Vale ! "" kisendas Haldur hüsteeriliselt . "
218	NA	" "" Läts ! "" käis rusikas vastu kontrolöri ehmunud larfi . "
218	NA	 Han oli endaga rahul . 
218	NA	 Kontrolör lamas põrandal . 
219	NA	 Rockerid astusid rutates saaliukse suunas . 
219	NA	 Han tiris ka Halduri kaasa 
220	NA	" "" Meil pole siin sekeldusi vaja , "" rääkis ta Haldurile , "" see loll võib mendid kutsuda . "" "
220	NA	 Nad kadusid pimedasse saali tungleva rahvamurru sisse ning jäid kuskil saali keskosas ühte veidi hõredamasse kohta seisma . 
220	NA	 Parajasti esines enda silmis palki mitte nägev heavy-ansambel . 
220	NA	 Pikajuukseline maakaolemisega solist väänles püüdlikult sinakas prožektorivalguses . 
221	NA	" "" Heavy tuleb , heavy tapab , "" targutas kaasa tulnud paks ja õngitses taskust järjekordse veinipudeli välja . "
222	NA	" "" Ei tapa , rohkem nülib , "" ütles Kaaren pakutud pudelit vastu võttes . "
222	NA	 Paks Haldur ise nähtavasti ei tahtnudki veini . 
222	NA	 Kui talle pudel ulatati , raputas ta eitavalt pead . 
223	NA	" "" Surm ! "" vingus heavylaulja loo lõppedes ja põgenes vilekoori saatel lavalt . "
223	NA	 Silmapilk kadusid ka seni mornilt siniste lavakardinate ääres seisnud kitarristid . 
224	NA	 Kohe , kui lavale astus järgmine esineja , oli selge , et tegemist on vana rock'n'rolli tähega . 
224	NA	 Rockerid trügisid lava ette . 
224	NA	 Tagantpoolt rõhus rahvas peale ja nad nägid suurt vaeva , et koos püsida . 
224	NA	 Helgiheitjad vilkusid . 
224	NA	 Lärm paisus nii suureks , et võimatu oli omavahel juttu rääkida . 
225	NA	" "" Klõks-klõks-klõks-klõks , "" kostis valjuhääldajatest otsekui lahenduseks trummipulkade avasignaal ja sume särtspillide mürin täitis saali . "
225	NA	 Peagi ühines nendega ka viiul , mis mõjus salapäraselt ja vanaaegselt . 
225	NA	 Viiulit mängis neiu , kusjuures ülejäänud orkestrandid olid noormehed . 
225	NA	 Hajameelse ilmega rock-staar võttis jalandilt mikrofoni ning hakkas madala ükskõikse häälega laulma . 
225	NA	 Rahvas hakkas helide rütmis kaasa hüppama , kuni üksteise vastu põrkumine muutus hulgaliseks hüplevaks tantsuks . 
225	NA	 Tantsu nimi oli pogo . 
225	NA	 Pogo kehastas suurlinna rahvamurdu , ülerahvastunud ühiskonda . 
226	NA	 Orkestri etteaste lõppes sellega , et laulja ahmis kopsud õhku täis , lasi kuuldavale mõttete kõrge noodi ning kukkus . 
226	NA	 Keegi pealtvaatajatest valas talle aeglaselt pudeli õlut näkku . 
227	NA	 Nad jätsid mootorrattad veidi enne Alfonsi maja asuvale suvilakrundile . 
228	NA	" "" Konspiratsioo , "" tähendas Võlur salapäraselt ja käskis teistel endale järgneda . "
228	NA	 Kohver Võluri käes surises vaikselt . 
228	NA	 Nad kahlasid läbi vihmamärja sireliheki ja liikusid hanereas Alfonsi maja akna juurde , kus põles tuli . 
228	NA	 Kardinad olid ette tõmmatud , kui keskel haigutas kitsas pilu . 
229	NA	" "" Hoia kohvrit ! "" ütles Võlur Olafile , võttis aknalauast kinni , astus alusmüürile ning upitas end kardinate vahelt sisse vaatama . "
229	NA	 Midagi muud peale ribakese toapõrandast ja otse akna all oleva voodijalutsi polnud näha . 
229	NA	 Teki alt paistsid kellegi katkistes nailonsokkides jalad . 
229	NA	 Arvatavasti kuulusid need Lebrale . 
229	NA	 Läbi kardinate paistsid kahe lauaääres istuva mehe siluetid . 
230	NA	" "" Kogu bande on koos , "" sosistas Võlur ja surus kõrva vastu aknaruutu . "
230	NA	 Kõik oli vaikne , ainult üks laua ääres istujatest trummeldas sõrmedega vastu lauda . 
230	NA	 Võlur jõnksatas peaga trummeldamise rütmis . 
231	NA	" "" Metal , "" kihistas paks Haldur , kuid jäi kohe vait , kui Justilt kerge obaduse sai . "
232	NA	" "" Ilmaasjata võtsime su kaasa , "" sisistas Kaaren talle rusikat näidates . "
233	NA	" "" Tss , "" tegi Võlur . "
233	NA	 Seespoolt kostis matsutamist j alõpuks Walteri metalne hääl : 
234	NA	" "" Kell on juba kaks . "
234	NA	" Mida kuradit me ootame siin mingite poisikeste pärast . "" "
234	NA	 Kardinad võpatasid . 
234	NA	 Arvatavasti viskas rääkija midagi vastu neid . 
235	NA	" "" Nemad ei ole sugugi nii poisikesed , "" kostis Potapovi kärisev bariton , "" Aga see Võlur , see kaabuga keigar , see on üks iseäranis peenike vend . "" "
236	NA	 Võlur võttis tunnustussõnad silmapilgutamata vastu . 
237	NA	" "" Mõne koha pealt on ta muidugi igavene turakas , "" seletas Potapov edasi , "" Praegalt istub kuskil mätta otsas ja arvab , et on mirmus tark ja keerab meie raadiojaama persse ja me ei saagi minu poole Filipiinidele lennata , ega kuu peale samuti mitte . "" "
238	NA	" "" Regulusele , "" parandas Walter . "
239	NA	" "" Mis ta ütles ? "" sosistas Kaaren . "
240	NA	" "" Praegu lähme kõik sisse , "" jättis Võlur Kaarna küsimusele vastamata ja libistas pilgu üle kaaslaste . "
240	NA	" "" Mis sa , paks , tuled ka kosmosesse või ? "" küsis ta nina urgitsevalt Haldurit . "
241	NA	" "" Tulen ! "" vastas Haldur . "
242	NA	" "" Lähme , "" sõnas Võlur ja läkas ees majatagusele terrassile . "
242	NA	" "" Sa , Olaf , jää esialgu kohvriga siia , "" ütles ta ning lõi jalaga ukse lahti . "
242	NA	 Vanamehed laua ääres võpatasid ja pöörasid ennast tema poole vaatama . 
242	NA	 Voodi peal seisis tikksirgelt Lebra ja pungitas ehmunult silmi . 
243	NA	" "" Kus kohver on ? "" küsis Potapov peaaegu anuvalt . "
243	NA	 Lebra vajus ohates voodile . 
244	NA	" "" Jaa , muidugi , kus on kohver ? "" toetas ta maharahunenult Potapovit . "
245	NA	" "" Kohver ? "
245	NA	" Mis kohver ? "" küsis Võlur . "
245	NA	 Nähtavasti oli tal tahtmine vanamehi lollitada . 
246	NA	" "" Raadiojaam ! "" kisendas Potapov ja peitis pea käte vahele . "
247	NA	" "" Aa , raadiojaam . "
247	NA	" See on ühes kohas , kavalasti ära peidetud . "" "
248	NA	" "" Too kohver kohe ära , iga minut on kallis ! "
248	NA	 Võtame su kaasa kosmasesse ! 
248	NA	 Saad rikkaks ! 
248	NA	 Ära aja meid närvi ! 
248	NA	 Ole täitsa poiss ! 
248	NA	" Sa oled meie sõber ! "" hakkasid Alfons , Potapov ja Lebra talle läbisegi seletama . "
248	NA	 Nad patsutasid teda sõbralikult õlale ja proovisid naeratada . 
248	NA	" Ainult Walter istus ükskõikselt laua ääres ja imes "" Zolotoje Runod "" . "
249	NA	" "" Olaf ! "" hüüdis Võlur , "" Anna neile kohver ! 2 "
250	NA	 Olaf tuli uksest sisse ning asetas kohvri vanameeste ette lauale . 
250	NA	 Otsemaid sööstis Potapov kohvri juurde . 
250	NA	 Kostis kohvrilukkude klõgin ning raadiojaam ilmus nähtavale . 
250	NA	 Õhinal toppis Potapov endale kõrvaklapid pähe ja hakkas klahve klõbistama . 
250	NA	 Seadisest kostis piiksumist ja mingi rohelin epirnike hakkas vilkuma . 
250	NA	 Potapovi nägu lõi särama ning ta pilgutas Võlurile silma . 
250	NA	 Seejärel jäi ta kuulatama . 
250	NA	 Kõrvaklappidest kuuldus pirinat . 
251	NA	" "" Šeff ! "" kisendas Potapov seadisel olevasse mikrofoni . "
251	NA	 Kõrvaklappidest vastati midagi ja Potapov rahunes . 
252	NA	" "" Ma enam ei karju , "" vabandas ta pead mikrofonist eemale tõstes ja pühkis selle tatist puhtaks . "
252	NA	" "" Lennake kohale , ootame teid Alfonsi maja taga . "
252	NA	" Meid on nüüd kokku ... "" "
252	NA	" Potapov vaatas toasolijaid , "" üks , kaks , kolm ... kümme , kümme tervet ja tugevat meest . "
252	NA	" "" lõpetas ta lause . "
253	NA	" "" ... tervet ja tugevat meest . "" "
253	NA	 kordas Haldur masinlikult . 
254	NA	" "" Üheksa , "" parandas Han . "
255	NA	" "" Ah jaa , üks on naine , "" ütles Potapov mikrofoni . "
255	NA	 Seejärel võttis ta kõrvaklapid peast nin gpani kohvri kinni . 
255	NA	" "" Nüüd oleks tarvilik , et keegi mees katusele valvama läheks , "" ütles ta Võlurile otsa vaadates . "
256	NA	" "" See kraami kandma ei pea , "" selgitas Alfons . "
257	NA	" "" Ma võin minna , "" mõmises Haldur . "
258	NA	" "" Sind on all vaja , "" ütles Võlur . "
259	NA	" "" Läheb Olav , "" ütles Potapov . "
260	NA	" "" Olaf , "" parandas Olaf ja läks pööningutrepist üles . "
261	NA	" "" Ülejäänud minu järel ! "" kamandas Potapov ning haaras maast mingi kasti , "" Võtke kõik , mida mina käsin , ja viige maja taha . "
261	NA	 Kõik , kõik , kõik võtke . 
261	NA	" Enam me siia tagasi kunagi ei tule , "" arvas ta , "" Käime ainult mu kodukohast Filipiinidelt läbi ja põrutame avarusse . "
261	NA	" Arusaadav ? "" "
262	NA	 Edasi läks sagimiseks . 
262	NA	 Kõik haarasid igasugu kola , enamasti väärtesemeid , ja kandsid neid terrassile . 
263	NA	" "" Puupead , "" mõnitas Walter , "" Misasja te ahnitsete . "
263	NA	 Seal , kuhu me läheme , on kõik olemas . 
263	NA	 Võtke jooki . 
263	NA	 Jooki seal võibolla on vähe . 
263	NA	" Või on lahja . "" "
264	NA	" "" Selge , "" vastas Haldur , kes parajasti külmutuskappi tühjendas . "
264	NA	 Aga mitte maja taha , vaid endal näost alla . 
264	NA	 Alfons istus ikka veel käsipõsakil laua taga ning vaatas osavõtmatult , kuidas tema elamist laiali kanti . 
264	NA	 Lõpuks tõusis ta laua äärest püsti ning hakkas ise vägesi juhatama . 
265	NA	" "" Ärge , kurat , lõhkuge , kõike saab ju korralikult teha . "
265	NA	 Paksmagu , miks sa külmkapi ukse lahti jätsid ? 
265	NA	 Toakraami ärge nihutage , las olla paigal . 
265	NA	 Saabastega ärge voodi peal trampige ja kui aeda lähete , siis marjapõõsad jätke rahule . 
265	NA	" See siin on ikkagi minu maja ja kui tullakse mind siit otsima , siis ma ei taha , et must nõme mulje jääb . "" "
266	NA	 Just jättis ebatarvilike esemete prügikasti loopimise ja Haldur matsutamise . 
267	NA	" "" Tuleb ! "" kostis ülevalt Olafi hääl . "
267	NA	 Kaaren , kes terrassi ääres seisis ja öisesse taevalaotusesse vahtis , ei märganud seda enne , kui see juba peaaegu räästa kõrgusel oli- niivõrd ühte värvi oli ta pimeda taevaga . 
267	NA	 Tähelaev laskus hääletult allapoole , kuni jäi terassipõrandaga ühele kõrgusele õhku rippuma . 
267	NA	 Kaaren vedas sõrmega üle tähelaeva klaassileda pinna nin gtaipas samas , et see ongi see allveelaev , mida ta eelmisel õhtul meres näinud oli . 
267	NA	 Otsekui ta mõtte kinnituseks ilmus tähelaeva seina taha Zarah Leander . 
267	NA	 Tüdruk naeratas Kaarnale ja kadus . 
267	NA	 Keegi peale Kaarna , kes tähelaevale kõige lähemal seisis , ja Olafi katusel , tähelaeva ei näinud . 
267	NA	 Kõik vahtisid otsivalt ringi ja küsisid : 
268	NA	" "" Kus ? "
268	NA	 Kus ? 
268	NA	" Kuskohas ? "" "
269	NA	 Alles siis , kui Kaaren vastu tähelaeva seina koputas , hakkasid nad laeva piirjooni aimama . 
269	NA	 Pealegi tuli kuu pilve tagant välja , mispeale tähelaev kergelt helendama hakkas . 
270	NA	" "" Šeff ! "" kriiskas Potapov ja tagus rusikatega vastu tähelaeva seina , "" Tee uks lahti ! "" "
271	NA	 Seestpoolt kostsid lohisevad sammud . 
272	NA	" "" Kes seal on ? "" uuris kellegi unine hääl . "
273	NA	" "" See olen mina , Elpidio . "
273	NA	" Tee kähku lahti ! "" "
274	NA	 Oli kuulda pahurat jorinat ja kriiksudes avanes sein . 
274	NA	 Nende ees , sumedalt valgustatud vahekäigus , seisis hommikumantlis ja toatuhvlites mees . 
274	NA	 Juuksed olid tal segamini ja nina all turritasid tähtsalt hitlerivuntsid . 
275	NA	" "" Mis tahad ? "" küsis mees , püüdes kramplikult oma vasakut silma avada . "
276	NA	" "" Mis tahan ! "" ägestus Potapov , "" Sa , Stinger , oled debiilne ! "" "
277	NA	 Stingeriks hüütu rapsas tüdinult käega ja kadus susse lohistades tähelaeva sisemusse . 
278	NA	" "" Tavai , viime kodinad laeva ! "" käsutas Potapov . "
279	NA	" Kaaren tahtis kolde kõrvalt kasti "" Lapponiat "" võtta , kuid lasi selle kohe lahti , et uurida tähelaeva sissepääsule ilmunud kummalist olevust . "
279	NA	 See oli kõhn nõtke ebamäärast sugu tüüp . 
280	NA	" "" Mis vahid ! "" kostis olevus vastiku kiunuva häälega , ilmselt kõva Reguluse aktsendiga . "
280	NA	 Tal oli tõmmu näolapp , mida poolest saadik varjasid suured piimjast ainesest prillid , pahmakas valgeid sassis juukseid ja kohev elektrisinine sall . 
281	NA	" "" Mis su nimi on ? "" küsis Kaaren kompse tassivatele kaaslastele jalgu jäädes . "
282	NA	" "" Spaelgäu , "" vastas tulnukas . "
282	NA	 Rääkides liikus tal pea ülemine pool , lõug seisis paigal . 
282	NA	 Kaaren nägi suurt vaeva , et mitte maerma pursata . 
282	NA	 Tulnukal seevastu paistis taktitunne puuduvat . 
282	NA	 Jälginud veidike kraami laadivaid mehi , purskas ta kriiskava häälega naerma . 
282	NA	 Ilmselt polnud ta kunagi nii palju maakaid ühekorraga näinud . 
283	NA	" "" Mendid ! "" kostis korraga katuselt . "
284	NA	 Õnneks oli kogu varandus juba laevas ning kõik pühkisid Alfonsi korraldusel luudadega terrassi puhtaks . 
285	NA	" "" Kuhu ma luua panen ? "" hüüdis Just . "
286	NA	" "" Kõik võtke kaasa ! "" röökis Potapov . "
286	NA	 Katusel tümpsusid Olafi sammud . 
286	NA	 Ühe hüppega oli ta all ja tormas teiste järel tähelaeva . 
286	NA	 Juba pööras kollane sinise triibuga masin majanurga tagant välja . 
286	NA	 Olaf nägi kriiksudes sulguvast uksest , kuidas tähelaev Alfonsi maja kohale kerkis ning majakatus kiiresti kaugele maha jäi . 
287	NA	 Miilitsakapten Smirnov väljus ettevaatlikult autost ning jäi uudishimulikult taevasst vahtima . 
287	NA	 Paistis kuu ja tumeda taeva taustal sätendasid üksikud tähed . 
288	NA	 Potapov istus higist leemendades vahekäigus ühel rummikastil , kust ta oli üh epudeli välja õngitsenud ja nüüd seda lonkshaaval tühjendas . 
288	NA	 Teised kolistasid mööda tähelaeva ringi ja hõikusid Stingerit . 
288	NA	 Stinger aga ei suvatsenud vastata . 
288	NA	 Lõpuks leidsid nad ühest pimedast toast mingi suure vilkuva seadise ja selle tagant ka Stingeri . 
288	NA	 Ta istus suures nahkses lamamistoolis , näksis biskviite ja vaatas televiisorist üht erootilise sisuga filmi . 
289	NA	" "" Tiirleme praegu Skandinaaviamaade kohal , "" ütles ta sissetulijatele , "" Ma vaatan selle pornoka lõpuni , siis kütame Filipiinidele . "" "
289	NA	 Kõik võtsid sohval istet ja süvenesid filmijälgimisse , mida segasid Reguluse-tüübi järjepidevad naerupursked . 
289	NA	 Mõne aja pärast sisenes juhtimisruumi Potapov . 
289	NA	 Ta oli endal vahekäigus nina täis võtnud ja asus kohe , kui Stingerit märkas , tem akallal norima . 
290	NA	" "" Stinger-kringel , kolakat tahad ? "" sõnas ta üleolevalt Stingeri pakist biskviite võttes . "
290	NA	 Varsti tõmbas ta taskust pussnoa ja hakkas sellega televiisorile enda nimetähti sisse lõikama . 
291	NA	" "" Lõpeta ! "" manitses Stinger . "
292	NA	" "" Hä-hä-hä , "" naeris Potapov ja keeras televiisori teisele kanalile . "
292	NA	 Seal laulis parajasti Ella Fitzgerald üht igavat viisi . 
292	NA	 Nüüd hakkasid kõik Potapovi kallal õiendama . 
293	NA	" "" Pane kohe tagasi ! "
293	NA	 Kuradi mees ! 
293	NA	" Mis s ajamad ! "" karjusid nad läbisegi . "
294	NA	" "" Kui sa telekat kohe tagasi ei keera , siis me su Filipiinidele jätame , "" ähvardas Stinger . "
294	NA	 Telerit Potapov küll õigele kanalile ei keeranud , kuid juhtimisruumist läks ta õnneks minema . 
294	NA	 Lebra keeras pildi tagasi ja kõik vaatasid ülekannet edasi . 
294	NA	 Vahekäigust kostis kolinat ja Potapovi naeru . 
294	NA	 Televiisoris riietas ennast naisterahvas lahti . 
294	NA	 Kõik krõbistasid Halduri kaasa võetud sihvkasi ja neelasid pilguga kaunitari . 
294	NA	 Kui naine püksteni jõudis , oli Potapov jälle platsis ja keeras televiisori hoopis kinni . 
295	NA	" "" Koosolek ! "" kisendas ta , "" Algab laeva ülemnõukogu spetsiaalne eriotstarbeline koosolek ! "
295	NA	" Palun valida koosoleku protokollija ... "" "
295	NA	 Rohkem ta seletada ei jõudnud , maruvihane Lebra kargas sohvlt ja lõi ta ümber . 
295	NA	 Kui Lebra televiisori sisse lülitas , oli naisterahvas ekraanilt kadunud , näidati hoopis mingeid reklaame . 
295	NA	 Tuba täitis pahameelepomin . 
295	NA	 Potapov tõusis püsti ja hakkas pilguga süüdlast otsima . 
296	NA	" "" Nagunii sina , Stinger , "" ütles ta ning viskas Stingeri küpsisepaki vastu põrandat . "
296	NA	 Spaelgäu kriiskas naerda . 
297	NA	" "" Mida sa hirnud , väljamõeldis ! "" ägestus Potapov , "" Tavai , kõik seina äärde ritta ! "" "
297	NA	 Selle käsklusega ei saavutanud ta muud , kui et Kaaren tal käed seljataha väänas ning ta vahekäiku viis . 
297	NA	 Nüüd oli seal pime . 
297	NA	 Laes rippuvad ämblikke meenutavad valgustid olid kustunud . 
297	NA	 Äkki tundis Kaaren , kuidas keegi teda õrnalt , kuid vastupandamatult käsivarrest tiris . 
297	NA	 Ta vaatas üle õla . 
297	NA	 Juhtimisruumist hoovavas hämaras valguses seisis Zarah . 
297	NA	 Kaaren lasi Potapovi lahti , mispeale see kohe juhtimisruumi tagasi läks . 
297	NA	 Silmadega tüdruku pilku otsides astus Kaaren Zarah'le lähemale . 
297	NA	 Tüdrukust hoovas kannikese lõhna . kaaren võttis tal õlgade ümbert kinni ja tundis tüdruku kehasoojust . 
298	NA	" "" Miks sa mind niimoodi vaatad ? "" küsis tüdruk . "
298	NA	 Siis ilmus keegi ukse peale ning tüdruk rebis ennast lahti . 
298	NA	" "" Nurga tagant läheb trepp üles . "
298	NA	" Paremalt esimene uks , "" sosistas ta Kaarnale ja kadus pimedusse . kaaren vaatas ukse poole , kuid seal ei seisnud enam kedagi . "
298	NA	 Ta hakkas seinte äärde kuhjatud pampude ja pakkekastide vahel edasi liikuma kuni jõudis nurgani . 
298	NA	 Kusagilt ülevalt kumas väga nõrka rohekat valgust . 
298	NA	 Kaaren silmas treppi ning hiilis sealt vaikselt üles , nagu lapsepõlves , kui ta mõnikord pööningul kirstudes tuhnimas oli käinud , ähmi täis , et keegi ta avastab . 
298	NA	 Kaarjate uste kohal hõõgusid jaaniussidena rohelised tulukesed . 
298	NA	 Juhtimisruumist kostev lärm kajas nüüd summutatult ja kuidagi ebatõelisena tähelaevas valitsevas vaikuses . 
298	NA	 Kaaren katsus nimetatud ust . 
298	NA	 See andis järgi . 
298	NA	 Ta leidis ennast väikesest pimedast kambrist , mille üks sein oli läbipaistev . 
298	NA	 Nagu kuutõbine läks ta sängist mööda ja seisis liikumatult läbipaistva seina juurde . 
298	NA	 See oli suurepärane vaade . 
298	NA	 Peaaegu kuni hahetava silmapiirini laius nende all tuledesäras mingi hiigellinn , võib-olla Stockholm . 
299	NA	" "" Siin tähelaevas olen ma kogu aeg ennast üksikuna tundnud . "
299	NA	 Alates eilsest mõtlen ma kogu aeg ainult sinust . 
299	NA	" Ja nüüd oled sa korraga siin , minu käe ulatuses . "" "
299	NA	 Tüdruk tiris ta seina juurest ära ning tõmbas sulgvaiba voodilt kõrvale . 
299	NA	 Tema riided kahisesid . 
299	NA	 Kaaren tegi kõik nagu poolunes . 
299	NA	 Masinlikult kooris ta ennast lahti ning alles siis kui avamata ununenud saaparihm tema kärsitust peatas , hakkas ta süda kiiremini lööma . 
300	NA	 Kui Kaaren juhtimisruumi astus , märkas ta üllatusega , et seltskond on täielikult vahetunud . 
300	NA	 Välja arvatus Stinger , kes endiselt lamamistoolis pikutas , ja Potapov . 
300	NA	 Seinal oleva umbes süllase läbimõõduga ekraani juures seisid Piret , Super-Villu , George , Bill . kõik uudistasid ekraanilt paistvat lõunamaist rannikut , mille kohta Potapov aeg-ajalt selgitavaid märkusi tegi . 
300	NA	 Lopsakate palmide all seisid vaiade otsas pärismaalaste hütid . 
300	NA	 Arvatavasti oli tähelaev vahepeal Filipiinideni jõudnud . 
301	NA	" "" Möödume Zamboangast , "" seletas Potapov . "
301	NA	 Otse kalda ääres laius kuni mõnekorruselistest heledatest majadest linn , mis peegeldus siledal veepinnal . 
301	NA	 Sadamasilla ääres seisid paar laeva . 
301	NA	 Päikesetõusul libisesid saarte varjust peegelsiledale merele filipiini kalurite kirevate purjedega piroogid . 
301	NA	 Kaaren polnud kunagi näinud nii vaikset merd . 
301	NA	 Roheka vee peegelpinda ei häirinud mingi liikumine . 
301	NA	 Puudus väikseimgi virvendus , laugeimgi laine . 
301	NA	 Sogasevõitu vees kihas elu . 
301	NA	 Õhus oli lendkalu nagu liblikaid . 
301	NA	 Ekraani ees mänglesid pääsuvaalad . 
301	NA	 Kaaren märkas kilpkonna . 
302	NA	" "" Hai ! "" kiljatas Piret ja osutas veepinnal kiiresti edasiliikuvale varjule , mis musta uimega vett lõhestas . "
303	NA	" "" Tühiasi , "" tähendas Potapov ja näitas teistele oma vasakul käel irvitavat vaksapikkust armi , "" Sain selle omal ajal ühel hästi palaval päeval , kui tahtsin end veidike jahutada . "
303	NA	" Õnneks oli mul tookord pussnuga kaasas . "" "
303	NA	 Potapov tõmbas pluusivarruka alla ja käsutas seejärel juhtimispuldi juures igavlevat Stingerit : 
304	NA	" "" Nüüd sõidame Manilasse , aga paraja kiirusega , et jõuaks ringi vaadata . "
304	NA	" Tahan , et nad näeksid neid paiku , kus meie omal ajalmerd kündsime . "" "
304	NA	 Nad libisesid kiiresti liikumatu veepinna kohal . 
304	NA	 Potapov kommenteeris peaaegu igat kajakat . 
304	NA	 Korraga käskis Potapov tähelaeva seisma jätta . 
304	NA	 Stinger pööras ennast uniselt toolis ja tõmbas mingit kangi . 
304	NA	 Ekraanil laius ääretu peegelsile meri . 
305	NA	" "" Kuskil siin pidasime me hirmsa lahingu reisipraami "" Lourdes "" meeskonnaga , "" rääkis Potapov , "" See olgu teile niisama möödaminnes teadmiseks , et teil tekiks umbkaudne ettekujutus , kui võimsad mereröövlid me Stingeri ja Alfonsiga oleme olnud ja kui paljudes kohtades me lahingut oleme löönud . "" "
306	NA	 Kuulajad noogutasid päid . 
306	NA	 Meri jäi seljataha ning nüüd liuglesid nad juba üle mägiste saarte . 
307	NA	" "" Kohal , "" tähendas järsku Stirger . "
307	NA	 Nende ees laius ääretu , ebakorrapäraseks kvartaliteks jagunenud pruunikas hoonetemass , millest taevasinise lindikesena eraldus mingi jõgi . 
308	NA	" "" Noh , mis te selle peale kostate ? "" küsis Potapov nina püsti ajades , "" Siin , Manilas , möödus minu , Elpidio Potapovi , lapsepõlv . "
308	NA	 Linnas , kus elab 10 miljonit inimest ja 250 miljonit hiirt . 
309	NA	" "" Hiirt ? "" kiljatas Piret ja astus kaks sammu ekraanist eemale . "
310	NA	" "" Jaa siin on väga palju hiiri , "" ütles Potapov . "
311	NA	" "" Kuhu ma kün apargin ? "" küsis Stinger juhtimispuldi juurest . "
312	NA	" "" Kuhugi linna lähedale ranna äärde , niimoodi , et te saaksite vahepeal ujumas käia , kui ma linnas ära käin , "" ütles Potapov . "
313	NA	 Kohe ilmus ekraanile liivarand , murdu täis inimesi , kes kõik ehmunult üles vahtisid . 
313	NA	 Ilmselt olid nad märganud tähelaeva ilmumist . 
314	NA	" "" Mida sa teed ! "" karjus Potapov endamisi itsitavale Stingerile , "" Kähku kuhugi kõrvalisemasse kohta ! "" "
315	NA	 Nüüd oli rand inimestest tühi , ainult üks koer klähvis arglikult ülespoole . 
315	NA	 Juhtimisruumi uksele ilmusid Just , Olaf ja Võlur . 
315	NA	 Nende tagant piilus Han . 
315	NA	 Stinger vajutas mingeid nupukesi ja tõmbas kangi . 
316	NA	" "" Esimene peatus : Luzoni saar , võite päikest võtma minna , kui tahate , "" ütles ta laisalt ja lasi kangi endisesse asendisse tagasi . "
317	NA	" "" Laske mind välja ! "" ähkis Potapov õõnsa häälega . "
317	NA	 Ta trügis rockerite vahelt läbi ja kiirustas mööda vahekäiku väljapääsu poole , kust hoovas eredat päikesevalgust . 
317	NA	 Varsti seisid nad kõik pikki palmijõlgatseid täis täksitud kuumal rannaliival . 
317	NA	 Tõsi . 
317	NA	 Lebra seisis ukseavas ja kissitas silmi . 
318	NA	" "" Ilge pea-valu , "" ütles ta kogu selle asja peale ja kadus tähelaeva sisemusse tagasi . "
319	NA	" "" Ma lähen käin nüüd ära , "" ütles Potapov , "" teie aga olge siin ja oodake . "" "
320	NA	 Kohe läks hirmsaks vaidlemiseks , kõik avaldasid Potapovi vastu protesti- keegi ei tahtnud terveks päevaks mereranda vedelema jääda . 
320	NA	 Lõpuks õnnestus Potapovil neil eselgeks teha , kui ohtlik on Manilas niisama jalutada ja kui kergelt võib endale kuuli keresse saada . 
321	NA	" "" Ega see pol eteil Tallinn , kus te võite niisama mööda linna tolgendada ja midagi ei juhtu , "" rääkis Potapov , "" Siin on igal ühel püstol taskus . "
321	NA	 Mis te arvate , et kui mõni teist surnuks kõmmutatakse , hakkab keegi teid taga leinama või ? 
321	NA	" Mitte üks koer ei haugu ... "" "
322	NA	" "" Mina ja Võlur tuleme kaasa , "" ütles Kaaren , plõksutas lahti oma nupuga noa ja peegeldas selle helkiva teraga Potapovile päikest silma . "
323	NA	" "" Me otsustasime endale igaks juhuks revolvrid osta , "" selgitas Võlur . "
324	NA	" "" Heakene küll , aga vaadake , et te mind segama ei hakka , "" nõustus Potapov ning sammus ees palmide vahele . "
324	NA	 Nad läksid läbi palmisalu ning jõudsid peagi maanteele välja . 
324	NA	 Mööda maanteed astus nende poole suurte kõverate sarvedega pühvel , kahe suure rattaga vanker järgi logisemas . 
324	NA	 Potapov hõikas midagi pühvli seljas idtuvale tõmmule õlgkübaraga talumehele ning mõne hetke pärast istusid nad juba pühvlirakendil . 
325	NA	" "" Sellega me kaugele ei jõua , "" ütles Kaaren mõne aja pärast , kadedusega mööda vuhisevaid välismaa autosid vaadates . "
325	NA	 Ta hüppas vankrilt maha ning peatas ühe kireva , vanaaegse tõlla laadis kirjuks värvitud , lipukeste , vanikute ja isegi aisakelladega ehitud jeep'i . 
325	NA	 Potapov ulatas pühvlimehele mingi paberraha ning nad ronisid autosse . 
325	NA	 Selgus , et see oli takso . 
325	NA	 Tahavaatepeegli küljes rippuva värvika Kristuse pendeldades tõmbas jeep kohalt . 
326	NA	" "" Kõigepealt lähme ühte vanasse sadamakõrtsi , kus mina omalajal käisin , "" seletas Potapov . "
326	NA	 Nad sõitsid mööda palmidega ääristatud merekallast , kuni jõudsid Manila sadamapiirkonda . 
326	NA	 Palmide vahelt paistsid sadamasildade ääres seisvad laevad . 
326	NA	 Lõpuks peatusid nad ühe tillukese lauajuppidest ja plekitükkidest kuidagiviisi kokkuklopsitud osmiku juures , millel ilutses raskestiloetav silt . 
326	NA	 Potapov andis taksojuhile mõned rahatähed ning palus teda nähtavasti oodata . 
326	NA	 Kõrtsi ukseava ette riputatud kirju riidetükk lükati kõrvale , lävele ilmus mustaverd keskealine naine ning palus neil sisse astuda . 
326	NA	 Nad sattusid päikesevalgusest hämarasse akendeta ruumi , millest suurema osa võttis end alla värvimata puust laud , kummalgi pool kaks pinki . 
326	NA	 Seinal- Neitsi Maarja vilets luitunud reproduktsioon , nurgas puur , mille katusel kükitas turris sulgedega must kukk , ketike jala ümber . 
327	NA	" "" Võitluskukk , "" seletas Potapov . "
327	NA	" Endale tellis ta vänget ja odavat Manil arummi , Kaarnale ja Võlurile aga "" San-Migueli "" õlut , mis oli üldiselt suurepärane jook . "
327	NA	 Perenaine vestis Potapoviga juttu ja naeratas aina . 
327	NA	 Kukk tõstis ajuti pead ja raputas tiibu , justkui oleks tahtnud ka midagi vahele öelda , ent jäi taas tukkuma . 
328	NA	" "" Nüüd näita , kus relvapood asub , "" ütles Kaaren Potapovile , kui nad olid Võluriga oma õlled ära joonud . "
329	NA	" "" Ei , mina ei liigu siit kuhugi , "" ütles Potapov ja pilgutas Kaarnale silma , "" Aga ma ütlen taksojuhile , et ta teid kohale viiks ja anna teile veidike taskuraha kaasa . "" "
329	NA	 Ta kukutas lauale aukartustäratava paki peesosid , mille Võlur endale pintsakutaskusse torkas . 
329	NA	 Kui nad välj aläksid , seletas Potapov juba midagi taksojuhiga , talle ükshaaval kokkukägardatud peesosid rinnataskusse torgate . 
330	NA	" "" Plekkisin taksojuhi kinni , et ta teid relvaärisse viiks ja mööda linna ringi sõidutaks . "
330	NA	" Aga vaadake , et te õhtuks laevas tagasi olete , muidu jääte maha , "" hoiatas Potapov sõrme vibutades . "
331	NA	" "" Sa vaata , et s aise õhtuks tagasi oled , "" hüüdis Kaaren kõrtsiurkasse kaduvale mereröövlile ja hüppas Võluri järel juba liikuvasse jeepi . "
331	NA	 Nad möödusid avarast kaheharuliste postide otsas rippuvate kerakujuliste valgustitega ääristatud väljakust , millel seisis suur ausammas . 
332	NA	" "" José Rizal , "" ütles taksojuht . "
333	NA	" "" Kes see on ? "" küsis Kaaren Võlurilt . "
334	NA	" "" Rahvuskangelane . "" "
335	NA	" "" Kus tead ? "" "
336	NA	" "" Ta ise ütles seda mulle . "" "
337	NA	 Osavalt liiklussaginas laveerides sõitsid nad mööda kirevat kärarikast linna . 
338	NA	 Relvakaupluses seisis leti taga elegantne daam . 
338	NA	 Klaaskappides lebasid sametpadjandil reas igasugu tulirelvad , pisimõõtmelisest pärlmuttriga ilustatud brauningust ( mõeldud daamidele käekotis kandmiseks ) kuni suurekaliibriliste käsikuulipildujateni nagu Stirneri toanurgas . 
338	NA	 Kui Kaaren vitriinide imetlemise lõpetas , passitas Võlur juba leti ees asjatundlikult padruneid uhiuude revolvrisse . 
339	NA	" "" Where do we go to ? "" küsis taksojuht soravas inglise keeles , kui Võlur ja Kaaren jälle jeepi ronisid . "
340	NA	" "" Peaks kuskile sööma minema , "" ütles Kaaren , "" Ma pole juba Hani sünnipäevast saati mitte midagi söönud . "" "
341	NA	" "" To some better dining-rooms , "" ütles Võlur taksojuhile ning jälle õõtsusid nad mööda autoderohkeid tänavaid . "
341	NA	" Kaaren luges igasuguseid majade küljes kirendavaid kirju : "" "" The Passionate Strangers "" , "" Prudential Bank . "
341	NA	" Trust Company "" ... "" "
341	NA	 Panga juures seisis kinnine soomustatud veoauto , ringis ümber kümmekond edvitavates mundrites meest , jalad harkis ja automaadid laskevalmis . 
342	NA	" "" Seal autos on raha , "" ütles Võlur . "
342	NA	 Majad tänavate ääres muutusid järjest uhkemateks . 
342	NA	" Lõpuks peatus jeep ühe hoone ees , millel ilutses lühike sõna : "" Sulo "" . "
342	NA	" Vestibüülis tervitas neid tahvel kirjaga : "" Palume tulirelvad riietehoidu ära anda , et mitte kiusatusse viia ennast ja teisi külastajaid . "" "
342	NA	 Võlur ja Kaaren andsid jätsid oma revolvrid riietehoidu ja siirdusid salongi . 
342	NA	 Peenelt sisustatud poolpimedas saalis tantsisid hispaanialike rütmide saatel kirevas rõivastuses tõmmud neiud , kes poistel veel siis silme ees virvendasid , kui nad pärast kaunitaride seltsis veedetud õhtut , imeliselt lõhnavatest lilledest keed kaelas , jeepilt maha astusid ja läbi pimeda palmisalu mereranda läksid . 
343	NA	 Öösel saabus Potapov . 
343	NA	 Ujumisest ja muudest asjadest väsinud rockerid istusid parasjagu juhtimisruumis ja vaatasid televiisorit . 
343	NA	 Vahekäigust kostis , kuidas Potapov Lebra ja Alfonsiga midagi rääkis . 
343	NA	 Lõpuks tulid nad juhtimisruumi . 
343	NA	 Potapov nägi üsna kena välja . 
343	NA	 Seljas oli tal pagunite , hõbeakselbantide , sädelevate pannalde ja muu sõjaväelise edevuse tunnustega sinine elegantne munder . 
343	NA	 Nähtavasti oli ka tema vahepeal relvakauplusest läbi astunud , sest ühel puusal rippus tal mürakas kolt , teisel puss , tagataskust punnitas brauning , kaelas aga rippus parabellum . 
344	NA	" "" Nüüd algab ärasõit ! "" ütles Potapov pidulikult ning jäi justkui aplausi oodates ruumisolijaid vaatama . "
344	NA	" "" Kus Walter ja Reguluse-mehike on ? "
344	NA	" Ja kus on Zarah ? "" küsis ta hetke pärast . "
345	NA	" "" Kuskil laevas , "" sõnas Stinger ükskõikselt . "
346	NA	" "" On see kindel ? "" "
347	NA	" "" Fakt . "" "
348	NA	" "" Siis hakkame minema . "" "
349	NA	" "" Minugi poolest , "" ütles Stinger ning lükkas kangi põhja . "
349	NA	 Põranda alt kostis vaikset undamist . 
349	NA	 Stinger vajutas ühele nupule ja senial olevale suurele ekraanile ilmus kiiresti eemalduv Maa . 
349	NA	 See oli üpris kõhe vaatepilt . 
349	NA	 Varsti polnud sinist kera enam üldse näha . 
349	NA	 Ruumis tekkis hetkeks vaikus . 
349	NA	 Kõik mõtlesid vist midagi . 
349	NA	" Ainult Lebra mulistas "" San-Migueli "" õlut kõrist alla ja popsis sigaretti . "
350	NA	" "" Jaa-jaa , "" hakkas ta mõne aja pärast arutama , "" head õlut oskavad ainult meil Eestis teha . "
350	NA	" See siin ... "" "
350	NA	" Ta vaatas põlastavalt plekkpurki , "" Sellel on mingi kreveti maitse juures , meenutab rohkem kalapuljongit , kui õlut . "" "
351	NA	" "" Kui ei meeldi , ära joo , "" salvas Potapov . "
352	NA	" "" Ei noh , ega ma paha pärast . "
352	NA	" Ma saan aru küll , et Manilas elades jõid iga päev seda solki , aga ma lihtsalt tahan öelda , et Saku Õlletehas on väärt firma , see Miguel aga on logapeed ja ei tea õlle tegemisest tuhkagi . "" "
352	NA	 Lebra lõpetas oma jutu ja viskas tühja purgi vastu põrandat . 
352	NA	 Uut avades rääkis ta juba teistel ainetel . 
353	NA	" "" Ei tea millal me sinna Reemusele jõuame . "
353	NA	" Tea , kas nädalaga saab hakkama . "" "
354	NA	" "" Ei tea jah , "" mõnitas Potapov . "
355	NA	 Lebra pöördus Võluri ja teiste kuttide poole . 
356	NA	" "" Noh poisid , kuda sõit meeldib ? "" päris ta isalikus toonis . "
356	NA	 Suunurka oli tal ohatis tekkinud . 
357	NA	" "" Mõnus , et sina kaasa tulid , "" ütles Kaaren . "
358	NA	" "" Muidugi mõnus , "" noogutas Lebra ja pakkus Kaarnale õlut . "
358	NA	 Stinger vajutas õhupuhasti sisse . 
358	NA	 Oli tunda kerget tuulepuhangut . 
358	NA	 Ekraanil paistsid tähed . 
359	NA	" "" Päris kiiresti kütame , "" arutas Just ekraani jälgides . "
359	NA	 Tähtkujud olid Maalt vaadatuna hoopis teistsugused , kui praegu . 
359	NA	" "" Huvitav , mis süsteemiga see laev sõidab ? "" päris ta Reguluse-tüübilt , kes Halduriga juttu ajas . "
360	NA	" "" Ma ei viitsi teile seletada , "" lõi Spaelgäu käega , "" Pealegi ei saaks te nagunii pihta . "" "
361	NA	" "" Sa ei saaks nagunii pihta , "" toetas Lebra Spaelgäud , "" Sa ole parem õnnelik , et teid üldse kaasa võtsime . "" "
362	NA	" "" Sa , Lebra , ära mölise ! "
362	NA	" Ütle parem , miks sul selline prantsusepärane nimi on- Le Brun . "" "
363	NA	" "" Ma olen Prantsusmaalt pärit , "" vabandas Lebra . "
364	NA	" "" Prantsusmaalt ? "" "
365	NA	" "" Just nimelt . "
365	NA	 Le Havre'ist . 
365	NA	" Alles hiljem sattusin Inglismaale ja läksin lennuväkke . "" "
366	NA	" "" See mind ei huvita , "" ütles Just , "" Ma tahtsin lihtsalt teada , miks sul nii kentsakas nimi on . "" "
367	NA	 Lebra jahvatas ikkagi edasi : 
368	NA	" "" Inglismaale läksin sellepärast , et sõdida . "
368	NA	 Panin esimest hulgas Jaapani peale . 
368	NA	" Pommitasime neid kilisi , nii et aitas . "" "
368	NA	" Lebra lasi laia naeru ning jõi "" San-Migueli "" õllepurgi tilgatumaks . "
368	NA	" "" Ühel hästi tobedal päeval võtsid need kuradi pilusilmad mu kinni . "
368	NA	 Olin ihuüksinda mingi riisipõllu ääres ja jõin šoti viskit . 
368	NA	 See käis meie varustuse hulka . 
368	NA	" Lennuk seisis veidi eemal maanteel . "" "
368	NA	 Lebra kortsus moll muutus nukraks . 
368	NA	" "" Mind viidi Filipiinidele koonduslaagrisse . "
368	NA	 Muide seal ma Potapoviga tuttavaks saingi . 
368	NA	" Oli teine üsna hädine seal . "" "
369	NA	" "" Ise olid hädine , "" segas Potapov vahele . "
369	NA	 Lebral oli hea meel , et keegi ta juttu oli kuulanud . 
370	NA	" "" Potapov , "" pöördus ta oma endise koonduslaagrikaaslase poole , "" mäletad neid aegu ? "" "
371	NA	" "" Jaa-jaa . "" "
372	NA	" "" Siis mäletad , kuidas me sõpradeks saime ? "" "
373	NA	" "" Ei mäleta . "" "
374	NA	" "" Kuidas ei mäleta ? "" solvus Lebra . "
375	NA	" "" Kuule , mismoodi te Eestisse sattusite ? "" sekkus jutuajamisse Han . "
375	NA	 Tema oli ainuke , kes Lebra juttu viitsis kuulata . 
375	NA	 Ülejäänud kolistasid mööda tähelaeva või vaatasid Billi ja George'i kaasa toodud pornokaid . 
376	NA	" "" Eestisse sattusime hiljem , "" rääkis Lebra , "" Potapov , kes oli laagris kriminaalkurjategijate hulgas , kui kardetav mereröövel ja salakaubavedaja , lasti peale sõda suures segaduses vabadusse ja me läksime tema endisele laevale "" Santa Veronica "" . "" "
377	NA	" "" Liiga palju pläterdad , "" salvas Potapov . "
378	NA	" "" Põhiliselt tegelesime kaubalaevade puistamisega Filipiinide lähedal , "" rääkis Lebra märkusele tähelepanu pööramata edasi , "" Lõpuks jäime omadega igatpidi vahele . "
378	NA	" Ja kui poleks seda tähelaeva , istuksime praegu kõik kinni . "" "
379	NA	" "" Ma küsisin , kuidas te Eestisse sattusite , "" segas Han jälle vahele . "
380	NA	" "" Oota , las ma räägin . "
380	NA	 Ühesõnaga , selle tähelaevaga põgenesimegi Eestisse ja valisime enda peatuspaigaks Tallinna . 
380	NA	 Eestisse põgenesime sellepärast , et seal ei ole politseid . 
380	NA	 Mendid on , aga need püiavad ainult tänavapealt punkareid ja sellega ei saa ka hästi hakkama . 
380	NA	 Aga Tallinna läksime sellepärast , et Potapov , kui vana mereröövel , ei saa ilma soolase mereõhuta elada . 
380	NA	" Olete tähele pannud , et ta tolgendab õhtuti mererannas ja nutab ? "" "
381	NA	" "" Ei ole , "" vastas Han . "
382	NA	" "" Minul on see mereõhk pohhui , "" rääkis Lebra edasi , "" kuigi ma olen ise ka La Manche'i väina ääres sündinud . "
382	NA	 Minul on tähtis , et juua saab . 
382	NA	 Ja juua saab Eestis kõvasti . 
382	NA	 Stinger aga , kes oli meie laeva kapten , temal on põhiline , et pulli saab . 
382	NA	" Selle Reemusele lendamise mõtles ka tema välja . "" "
383	NA	" "" See on väga hea , et ta selle välja mõtles , "" arvas Han . "
384	NA	 Stinger tõusis lamamistoolilt ja läks ekraani juurde . 
384	NA	 Endiselt paistis sealt lõputu must maailmaruum . 
384	NA	 Olles veidi tähti uurinud , teatas Stinger : 
385	NA	" "" Muide , varsti jõuame kohale . "" "
386	NA	" "" Kuulsite ! "" rõõmustas Lydia , "" Varsti oleme kohal , Regulusel ! "" "
387	NA	" "" Hurraa ! "" hõiskas Haldur , "" Varsti jõuame Regulusele ! "" "
388	NA	 Ruumis läks hirmsaks vadistamiseks . 
388	NA	 Alguses vahtisid kõik huviga ekraani , aga kuna seal mingit planeeti paistma ei hakanud , tüdinesid nad sellest . 
388	NA	 Lebra ajas kõik alles jäänud terved õllepurgid ühte suurde kotti , tõmbas sellele sõlme peale ja lohistas vahekäiku . 
389	NA	" "" Vaadake , "" ütles Walter ja osutas ekraanile . "
389	NA	 Ekraani keskel särav täht muutus järjest heledamaks , kuni hakkas silmnähtavalt suurenema.Stinger kummardus juhtimispuldi juurde ja hakkas kiiresti nuppudele vajutama . 
390	NA	" "" Praegult oleks mööda pand , "" seletas ta ärevalt , kangi aeglaselt enda poole tõmmates . "
390	NA	 Ekraani vasakusse nurka ilmus mingi taevakeha , mis vastavalt kangitõmbamisele järk-järgult keskelepoole ja lähemale ujus . 
391	NA	" "" Regulus , "" sosistas Potapov . "
391	NA	 Pilvede vahelt hakkasid juba paistma pruunikate maailmajagude piirjooned . 
391	NA	 Kera paisus hiigelsuureks ning varjas peagi kogu ekraani . 
391	NA	 Nad suubusid tihedaisse pilvekämpudesse ja kihutasid üha sügavamale hämarasse uttu . 
391	NA	 Järsku udu hajud- ilmselt olid nad pilvedest läbi sõitnud- ja nende ees laius võõra taevakeha hämar maastik . 
391	NA	 Nad kihutasid üle süngete mäeahelike , salapäraste tasandike ja igatsuslike järvesilmade . 
392	NA	" "" Kus me maandume ? "" küsis Stinger Spaelgäu poole vaadates . "
393	NA	" "" Maandume siinsamas , "" lõi kõnetatu käega , "" muidu jõuame ühe linna kohale ning siis saadakse meie saabumisest teada . "
393	NA	 Aga seda pole ju vaja ? 
393	NA	" Teeme parem ühe väikese jalutuskäigu sügisesse metsa . "" "
394	NA	" "" Sa ütlesid sügisesse ? "" küsis Stinger kangi tõmmates . "
394	NA	 Kujutis ekraanil peatus . 
395	NA	" "" Ütlesin või ? "" imestas Spaelgäu . "
395	NA	 Tähelaev hakkas nagu lift allapoole laskuma . 
396	NA	" "" Stinger , "" ütles Lebra , "" "" Santa Veronicat "" mäletad ? "" "
397	NA	 Stinger talle ei vastanud , hoopis vajutas ühele nupule , mispeale kujutis ekraanil kustus . 
398	NA	" "" Paistab , et film on läbi , "" ütles Võlur . "
398	NA	 Kõik ajasid ennast sohvalt püsti ning läksid läbi vahekäigu väjapääsu poole . 
398	NA	 Juba õhust oli tunda , et nad viibivad võõral taevakehal . 
399	NA	" "" Heavy metal ! "" sosistas Haldur uksepeal silmi kissitades . "
400	NA	" "" Mis see siia puutub ? "" päris Piret imestunult . "
401	NA	" "" See on ... "
401	NA	" Ma lihtsalt ei oska oma tundeid väljendada , "" vabandas Haldur . "
401	NA	 Nende ees laius hiigelsuurt tiiki meenutav järv , mille liikumatu veepind peegeldas taevas lasuvaid rünkpilvi ja taamal laiuvat udust mäeahelikku . 
401	NA	 Järve laugjatelt kallastelt algas lopsakate rohupuhmastega kaetud hämar tasandik , mida hõredalt katsid viirastuslikud okastega palme meenutavad puud , mille jässakaid tüvesid katsid korrapäraselt mitmevärvilised õiesilmad . 
401	NA	 Kaaren nimetas need puud mõttes palmlehikutaks . 
402	NA	 Lebra ja Super-Villu olid juba välja läinud ja uudistasid mingit rotisuurust loomakest , kes neile kartmatult vastu oli tulnud . 
403	NA	" "" Siin on mingi kuradi soo , "" ütles Lebra ümbrust uurides . "
404	NA	 Õige pea olid vajalikud asjad tähelaevast väljas , telgidki üle slöödud ja punakalt loitvatel lõketel podisesid katlad . 
404	NA	 Kaaren istus järvekaldal mahalangenud puutüvel ja vaatas mõtlikult tasandiku kohale kerkinud rohelist taevakeha . 
404	NA	 Nüüd oli juba palju hämaram . 
404	NA	 Mööda maad rulluv paks udu oli vallutanud kogu ümbruse . 
404	NA	 Õhk oli niiskeks muutunud ja tungis läbi riiete . 
405	NA	" "" Peab vist puid tooma , "" ütles Kaaren , keda niiskus esimesena segama hakkas . "
405	NA	 Ta tõusis püsti ning jalutas maapinda katva udu seest kerkivate palmlehikute vahel edasi . 
405	NA	 Paar ronti , mis ta suure otsimise peale leidis , õigemini , mis talle jala alla sattusid , olid vettinud . 
405	NA	 Korraga märkas Kaaren , et ta seisab maanteel . 
405	NA	 Jah , see oli tõesti maantee . 
405	NA	 Laia tumeda ribana kadus ta mõlemale poole palmlehikute vahel hõljuvasse uttu . 
405	NA	 Kaaren kükitas maha ja katsus sõrmega sillutist . 
405	NA	 See tundus olevat maavaik , ainult täiuslikult sile . 
405	NA	 Oleks praegu mootorratas , teeks väikese ringi , mõtles Kaaren kahetsusega . 
405	NA	 Korraga tahtis ta tagasi Maavalda , mootorrattaga sõitma . 
405	NA	" Ta õngitses oma nahkjopi põuetaskust kortsunud "" Zolotoje Runo "" paki ning võttis sealt ühe sigareti . "
405	NA	 Tikke ei olnud . 
405	NA	 Kaaren vaatas ringi , kelle käest tuld küsida . 
405	NA	 Tähelaeva ukse juures seisis Võlur ja uuris igast kandist ühte Alfonsi juurest kaasa võetud luuda . 
405	NA	 Huvitav , mis ta selle luuaga teeb , mõtles Kaaren tähelaeva poole kahlates . 
405	NA	 Nüüd oli Võlur luua endal jalgade vahelt läbi torganud ja ... tõusis sellega õhku ! 
405	NA	 Kaaren jäi seisma . 
405	NA	 Võlur lendas luua seljas ringi ümber tähelaeva ning laskus siis sujuvalt Kaarna ette maha . 
406	NA	" "" Noh , kuidas on ? "" küsis ta luuda jalgade vahelt ära võttes . "
407	NA	" "" Ega sul tikke ei juhtu olema ? "" küsis Kaaren esimese ehmatusega . "
408	NA	 Võlur ulatas talle tavalisest tikutoosist pisut väiksema must läikiva karbikese , mis tundus rauast olevat . 
408	NA	 Kaaren tegi selle lahti ja võttis sealt ühe musta terava otsaga tiku . 
408	NA	 Ka see tundus rauast olevat . 
408	NA	 Ta kraapsas seda vastu toosi serva , ei juhtunud midagi . 
409	NA	" "" Oi , ma andsin sulle vale toosi , "" ütles Võlur Kaarna tegevust märgates . "
410	NA	" "" Mis asjad need on ? "" küsis Kaaren must tikku uurides . "
411	NA	" "" Need pinnud muudavad tahte liikumapanevaks jõuks , "" selgitas Võlur ning süütas Kaarna suunurgas pendeldava sigareti , "" Torkasin ühe luuavarre sisse ja näe , vaata , et parem veel , kui mootorratas . "" "
412	NA	" "" Kust sa need said ? "" küsis Kaaren Võlurile karbikest tagasi andes . "
412	NA	 Kõik rockerid olid nende ümber kogunenud . 
412	NA	 Ilmselt olid nemadki näinud , kuidas Võlur luua seljas ümber tähelaeva sõitis . 
413	NA	" "" Minge võtke endale luuad ! "" ütles Võlur pöidlaga üle õla osutades . "
414	NA	 Peagi olid kõik endale luuad välja valinud ning nüüd oli järvekallas nagu Blocksbergi mägi Walpurgi ööl . 
414	NA	 Kõik seisid lõkketulede punakas valguses luuad käes ümber Kaarn aja Võluri , kes ükshaaval luuavartesse musti pinde vajutasid . 
414	NA	 Kui Kaaren viimast luuda omanikule tagastas , seisis tema ees Potapov . 
414	NA	 Mereröövel naeratas ja istus rõõmsalt luua selga . 
415	NA	" "" Nüüd istuge kõik luudadele ja soovige , et te õhku tõuseksite . "
415	NA	" Aga mitte kõvasti , vaid mõttes , "" õpetas Võlur . "
415	NA	" "" Lendamise ajal hoidke luudadest kõvasti kinni ! "" jõudis ta veel lisada , kui Lebra juba mantlihõlmade lehvides ja ühe käega kaabut kinni hoides pimedasse taevasse vihises . "
415	NA	 Järgmine oli Piret . 
415	NA	 Kaaren nägi kuidas luud ta ilusate jalgade vahele soonis . 
415	NA	 Vaevalt jõudis Kaarengi õhku tõusmisele mõelda , kui luud ta juba maast lahti kergitas . 
415	NA	 Luuast kramplikult kinni hoides tõusis ta palmlehikute sõnajalataoliste latvade kohale . 
415	NA	 Nagu kaarnaparv kihutasid rockerid salapärase tasandiku kohal , mis kiiresti nende alt läbi libises . 
415	NA	 Enamus lendas madalal palmlehikute kohal , kuid mõned , nagu näiteks Lebra ja Potapov , olid väga kõrge lennuga . 
415	NA	 Peagi jäi lõkketulede punakas kuma kaugele seljataha , kuni kadus sootuks silmist . 
415	NA	 Kaaren märkas , et palmlehikud kasvasid järjest tihedamalt . 
415	NA	 Üha sagedamini eksis nende sekka hiigelsuuri küpresse meenutavaid okaspuid ning varsti liuglesid na djuba sünge ürgmetsa kohal . 
415	NA	 Et mitte ära eksida , lendasid nad maanteega rööbiti , otse silmapiiri kohal rippuva rohelise kuu poole . 
415	NA	 Kaaren tõdes , et luua liikumine allub täielikult tahtele . 
415	NA	 Piisas ainult väikesest mõttevälgatusest , kui luud juba tõusis või laskus , kiirust juurde või maha võttis . 
416	NA	 Korraga märkas Kaaren , et silmapiiri varjavast uduloorist ujub välja mingi suurlinna siluett . 
417	NA	" "" Tallinn pole enam kaugel , "" viskas Võlur kesisevõitu nalja ning kukkus otsekui karistuseks pea alaspidi kihutava luua külge rippuma . "
417	NA	 Kaarnal vajus süda saapasäärde . 
417	NA	 Esimene mõte oli , et Võluril on luud rikki läinud . 
417	NA	 Kuid siis tõusis Võlur teiselt poolt jälle sujuvalt üles ja hakkas niimoodi luuavarre ümber keerlema . 
417	NA	 Teised katsusid teda järgi ahvida ning varsti tiirlesid rockerid , nüüd jub aõigemini rollerid , nagu vurrkannid pimedas taevalaotuses . 
417	NA	 Lebra , ehk- nimetame siin lõpus teda õige nimega- Chrétien Le Brun , tegi samuti Võluri triki järgi , aga erinevalt teistest lasi ta seejuures kuuldavale hirmasid matsloomahääli . 
417	NA	 Ja nii nad tiirlesid- ümber iseenda ja ümber Reguluse , mis võib-olla oligi see tõotatud Taevavald . 
417	NA	 Ja nii nad lendasid seal vallatult uperpallitades- inglid ja kangelased . 
