par_nr	head	sentence
1	 Habemeajaja 	 Habemeajaja 
2	NA	 Arvo Uustalu 
3	NA	 Habemeajamisel tarvitan ma teravaks ihutud žiletti . 
3	NA	 Aeg-ajalt võib mõne taolisega küll sisse lõigata , kuid ainult kiirustades , või kui tera on liiga nüri – piisav ainult veenide läbi lõikamiseks . 
3	NA	 Eks siis tuleb kergele nahahaavale süljega niisutatud ajalehetükikesi peale panna . 
3	NA	 Allergikud ei tohiks aga unustada , et trükivärv sisaldab naha rasvkudet ärritavaid kantserogeenseid aineid . 
3	NA	 Tean juhuseid , kus ajalehepaberi rohke tarvitamine on põhjustanud koguni pärakuvähki . 
4	NA	 Siiski , vaevalt et ajalehetükikeste näopiirkonna mikrohaavadele asetamine sellessamuses kasvajaid tekitab . 
4	NA	 Kui , siis tõesti allergikutel vereringe kaudu . 
4	NA	 Samas mäletan selgelt , kuidas nooremseersant Urjukov teatud soolikast verd köhis ja söögivalmistaja peale kartulikoorimisnuga teritas . 
4	NA	 Kuid ka oma tumedaimates fantaasiates ei osanud kogenematu nooremseersant arvata , mille kätte ta tegelikult sureb . 
5	NA	 See surm oli vähemalt kaks korda valulisem kui persest vere ning soolikate köhimine . 
6	NA	 Vähemalt kaks korda . 
7	NA	 Mäletan seda selgelt . 
8	NA	 Kuidas ta karjus . 
9	NA	 Tugeva sisemise pingega . 
10	NA	 Ja välimise pingega . 
11	NA	 Nagu veristatav kult . 
12	NA	 Esialgu vaikselt , siis üha kõvemini . 
13	NA	 Kõvemini . 
14	NA	 Kõvemini … . 
15	NA	 Ta silmist ei paistnud kübetki vene intelligentsile nõnda omast olukorrast huumoriga üleolekut . 
15	NA	 Üleolekut ka siis , kui Leningradi blokaadi ajal rotti või oma hirmkõhna last pimedas keldris sai järatud . 
15	NA	 Pimedas seetõttu , et teised intelligendid jaole ei saaks . 
15	NA	 Ainult vahel harva , intiimses ja härdas meestevahelises ringis , lipsab see tal keelele . 
16	NA	 Ei ühtegi rõõmusädet silmis . 
17	NA	 Ma ei tea , mida nooremseersant toona mõtles , kuid kindlasti mitte anekdooti porutÜik Rževskist . 
18	NA	 Väärikalt saab eluraskusi kanda ja seejärel surra vaid see , kellel neid raskusi pole teele ette juhtunud , kes ei ole neid nuusutadagi saanud . 
18	NA	 Õnneseened . 
19	NA	 Pigem taluksin kümme korda päevas tuliseks oraks muundunud meeste suguelundit oma tagumikus , kui peaksin veel kord pealt nägema seda , mida toona seersant Urjukoviga tehti . 
20	NA	 Kuigi lõua vigastamine ei ole ägedaloomulisemate meeste hulgas haruldane , tuleb silmas pidada , et nii mõnelegi naisele meeldib arm karvasest lõuast enam . 
20	NA	 Sellest armist õhkub veel möödunud aegade mehisust ja džentelmenlikkust . 
20	NA	 Aegade , mil seksuaalühteni jõudmiseks kaitsti vapralt naise au . 
20	NA	 Tol kaugel härrasmeeste ja naturaalmajanduse ajastul polnud võimalust elukaaslast raha eest osta . 
21	NA	 Kui , siis ehk näljaperioodil paari piraka papaia eest . 
22	NA	 Mida suurem nälg , seda väiksem papaia . 
22	NA	 Kitsastel aegadel kuni kakskümmend grammi . 
22	NA	 Ükski mees ei julgenud naisterahvale läheneda ilma selle lõunamaise viljata . 
23	NA	 Matriarhaat . 
24	NA	 Ja nad olid tollal tõesti tugevad . 
24	NA	 Tõid perele leiva lauale . 
24	NA	 Termiliselt töötlemata juurika . 
24	NA	 Meessugu on neile selle eest tänaseni tänulik . 
24	NA	 Toidab ja katab vana mälestuse eest . 
24	NA	 Sageli piisab ka vaid näitamisest . 
25	NA	 Muide , sile lõug ei vähenda vähimalgi määral meesterahva karismaatilisust , sest seksuaalselt erutavamad karvad kasvavad mitte lõual , vaid rinnal ja jalgadel . 
26	NA	 Seda enesestmõistetavalt ainult meesterahvaste puhul . 
27	NA	 Mõnus on libistada käsi läbi papaiadžentelmeni ürgse karvastiku ning mõõta ta armastuse suurust . 
27	NA	 Mida ümaram kõht , seda suurem armastus . 
27	NA	 Juurikakaupa jagades jätkub koopakaaslastelegi . 
28	NA	 Kuna maskuliinsed kehad on mulle vastunäidustatud nii karvastena kui karvatutena , on siinkohal tegu vaid minu subjektiivse arvamusega , millega poisikeste hindajad ei pruugi nõustuda . 
28	NA	 Protsentuaalselt küllaltki suur osa elanikkonnast eelistab ju homoseksuaalseid ja pedofiilseid suhteid . 
28	NA	 Kuid nooruki liiget hõõrutakse pederastide poolt ka lihtsalt vastu oma jalga , ilma temaga seksuaalsesse kontakti laskumata . 
28	NA	 Taolisel süütu keha puudutamisel ja selles tekkivate protsesside jälgimiselgi on oma võlu . 
28	NA	 Vähemalt nii räägitakse . 
29	NA	 Aga ka lapsed ise näitavad seksuaalmängudes meelsasti oma veel väljaarenemata suguelundeid . 
29	NA	 Mäletate ehk teatud piinlikkustundega isegi neid lõputuid pimedas keldris liikmete kõrvutamisi ja näppudega mudimisi . 
29	NA	 Ärge häbenege , see kõik on loomulik noorukite seksuaalkäitumine . 
29	NA	 Tõuske julgelt kontorilaua tagant püsti , pühkige taskurätikuga oma prillid ning öelge selge ja kõva häälega – jah , ma nühkisin liiget teise mehe jala vastu . 
29	NA	 Ja süda on järsku vaba teid aastaid vaevanud valehäbi taagast . 
30	NA	 Juudiusu seadustiku talmudi järgi võib kolme aasta ja ühe päeva vanuse tüdruku isa loal kihlata koos penetratsiooniga ehk peenise tungimisega vaaginasse . 
30	NA	 Aga poisi imepisikest liiget hakkavad juudid mudima praktiliselt selle sünnimomendist . 
30	NA	 Et pealtvaatajate seksuaalset pinget veelgi tõsta , sooritatakse juudi poisslastel circumcisio . 
30	NA	 Selle piinarikka protseduuri jooksul lõigatakse mudilaste peenise eesnahka . 
30	NA	 Mida kõveraninaliste poisikestega veel pimedas ja ilma publikuta tehakse , teavad vaid rohkearvulised muhameedlased ja nende hingesugulased juudiusulised . 
31	NA	 Juutide naabrid ja kaimud araablased harrastavad poiste ümberlõikamise kõrval ka tütarlaste ümberlõikamist . 
31	NA	 ( Komme on säilinud ka Musta Aafrika neegrite seas , keda ei ole veel tsiviliseerida jõutud . ) 
31	NA	 Selle iidse tava kohaselt kas eemaldatakse neidude eruti nahavoldike või kärbitakse kliitorit . 
31	NA	 Paljudel juhtudel lõigatakse ära ka väikesed häbememokad . 
32	NA	 Paraku on kliitorilõikamisrituaali läbinud neidudel tunduvalt raskem orgasmini jõuda , kuna nii jääb sugulise rahulduse saavutamine peamiselt G-punkti , mitmesuguste õrnuste ning naha ja limaskestade silituste peale . 
32	NA	 Selle vastu on aga täielikult feministid , kes nõuavad naistele meestega võrdse töö eest suuremat palka . 
33	NA	 Kuna käesolevat lugu antakse edasi esimeses isikus , siis ausa jutustajana ei tahaks ma piinlikke fakte varjata . 
33	NA	 Seega pean selguse huvides lisama , et mõistan suurepäraselt inimkonna füüsiliselt kaunima poole kohatist meestepõlgust . 
33	NA	 Kes meist siis tahaks haisvat karvast siga enda kõrvale voodisse ilma materiaalse kompensatsioonita . 
33	NA	 Või ka karvatut ? 
33	NA	 Ega neil suurt vahet ole . 
33	NA	 Nagu ka sellel , kas mõni inimkonna suuremakasvulise poole esindaja kehaosa on tahtejõuline või tahtejõuetu , kaarega alla või üles . 
34	NA	 Kuigi väidetavalt eelistavad naised tahtejõulise lõuaga raseeritud okassigu . 
35	NA	 Need olevat keskmisest alatumad ja enesekasupüüdlikumad . 
35	NA	 Kellele aga ei meeldiks raha . 
35	NA	 Okassigu ülekantud mõttes . 
36	NA	 Eks neid lühikese ja igava elu poolt kõrva taha pandud tähelepanekuid ole teisigi . 
36	NA	 Nagu see , et hommikul ei maksa unise peaga habet ajama minna enne äratuskella äratusmehhanismi käivitumist . 
36	NA	 Või suurest agarusest ühiskondlikus WC-s lõuga kraapida kolme minuti jooksul , mil sinu kõrval urineerib kadeda iseloomuga kolleeg . 
37	NA	 Siuh . 
38	NA	 Kõri , kui õrna kehaosa , läbi lõikamiseks piisab ühest tugevamast tõmbest . 
38	NA	 Tee sa siis takka järgi täiesti keskmisele uurijale selgeks , et sinu enda käsi ei värisenud ega vääratanud Adama sõlmelt udemeid kraapides . 
38	NA	 Sinist väikesekasvulist laipa ei usu keegi . 
38	NA	 Rondina lamavat ausameelset laipa . 
39	NA	 Panete tähele – ausameelset . 
39	NA	 Olen püüdnud sellest kaasasündinud vaimupuudest igati vabaneda . 
39	NA	 Paraku tulutult . 
39	NA	 Fenomeni saab võrrelda raskest selgrookõverdusest lahtisaamise sooviga . 
39	NA	 Pinguta kuidas tahes , aga küür ei kao kuhugi . 
39	NA	 Ei aita siin kirurgi nuga ega türgi saunas kontide väänamine . 
39	NA	 Ainus , mida teha saate , on depressioonihoos endale nöör kaela siduda . 
39	NA	 Oluline on ainult jälgida , et te ei jääks küljega välisukse poole . 
39	NA	 Seda üleliigset naeru pole kellelegi vaja . 
40	NA	 Sama kehtib ka aususe suhtes . 
40	NA	 Ärge kunagi mainige hüvastijätukirjas , et panite kabla kaela aususest . 
40	NA	 Austage ka teiste inimeste tõekspidamisi . 
40	NA	 Nende , kes peavad oskamatust valetada raskekujuliseks psüühiliseks kõrvalekaldeks . 
41	NA	 Ausus on haigus , nagu iga teinegi , mis sind paratamatult varem või hiljem murrab . 
41	NA	 Parem siis juba hiljem kui mitte kunagi . 
41	NA	 Nii jääb sust vähemalt märtri oreool . 
41	NA	 Väikese ausa märtri . 
42	NA	 Olete ehk isegi tähele pannud , et lõuakraapimine , kui ohutu protseduur see ka ei ole , lõpeb vahel ohtra verega . 
42	NA	 Ja mis kõige paradoksaalsem – su enda omaga . 
42	NA	 Reeglina püütakse ju kaaskodanikesse auku teha , kõri läbi lõigata , noaga susata , knopkaga tagumikku torgata . 
43	NA	 Mõni neist vaestest torgatutest vaatab sulle sinisilmselt mõistmatu pilguga otsa – teeskleb . 
43	NA	 Mõni peab aga uskumatult kaua vastu – vingerdab , püüab knopka pehmes kehaosas või nuga seljas eemale roomata . 
44	NA	 Aga asjata , sest suur verekaotus teeb ohvri nõrgaks . 
44	NA	 Pealegi oled sa , suskaja , osav poiss . 
44	NA	 Oled juba kord asja käsile võtnud , viid selle ka meie põhjamaa rahvale omase visadusega lõpuni . 
44	NA	 Oi siis seda verd . 
44	NA	 Ime , et sulle pole veel teravad vampiirikihvad kasvanud . 
44	NA	 Teate küll , niisuguseid , mis jätavad kaelale maohammustuse sarnased jäljed . 
45	NA	 Reptiili käest võid ehk kiire poisina pääseda – uputad oma hetkelise kondivalu viinasse ja peagi paistetus kaob . 
45	NA	 Kerge hammustus on mõne aja pärast hetk elust , mälestuseks 78 õmblusarmi . 
45	NA	 Vereimejate käest pole aga pääsu . 
45	NA	 Nad jälitavad sind nagu hagijad saaki kuni surmani . 
45	NA	 Ole sa siis nõnda suur ja julm karu kui tahes – mesikäpp , põhjamaiste metsade kuningas . 
45	NA	 Kogenud koerte vastu sa ei saa . 
46	NA	 Ega need lätlasedki teisest puust ole . 
46	NA	 Saavad asjaga keskmise mehe tasemel hakkama . 
46	NA	 Lõdvalt . 
47	NA	 Knopkaga . 
48	NA	 Nende surma oodata on lootusetu . 
49	NA	 Hagijate . 
50	NA	 Kindlasti tuleb aga ka maohammustuse ohvritele läheneda individuaalselt . 
50	NA	 Kellele kerge paistetus , kellele piinarikas tursunud enneaegne surm . 
50	NA	 Paistetuse ulatus sõltub pigem hammustatavast kui hammustajast . 
50	NA	 Tooksin paralleeli elust – kes viskab vedru välja juba esimese tapjamesilase torke peale , kes peab vastu miljon sutsu . 
50	NA	 Tuhat . 
51	NA	 Olen lugenud , et välismaal toodetakse žilette , mis püramiidis taastavad oma habeajamiseelse teravuse . 
51	NA	 Seal on mõtleva inimese jaoks muudki põnevat . 
51	NA	 Nende jaoks , kellel pole olnud võimalust piiritagust maailma nautida , ütlen , et karvase makaagi vabadust siiski piiratakse ka sealsetes avarates ning looduslähedastes loomaaedades . 
51	NA	 Võib-olla te ei tea , aga osa meie immigrantidest ja inimestest töötab sealsetes loomaaiavõrkudes lähimate suguvendadena loodusest . 
51	NA	 Imiteerivad isegi lühemaid hüppeid , haaravad kinni liaanidest , karjuvad . 
52	NA	 Näitavad punast tagumikku . 
53	NA	 Aga seda ainult peale lepinguliste suhete lõppemist . 
53	NA	 Ahvina töötamine on meie edasipürgivatele inimestele tavaliselt vaid vaheastmeks inimlikuma elukutse suunas . 
53	NA	 Nende unistuste tipp on arstina töötamine . 
53	NA	 Kujutage korraks ette , milline elu unistuste tipule järgneb – käpp pidevalt kullas . 
54	NA	 Naised , viin , noored poisid . 
55	NA	 Vaevumärgatavate mustade ebemetega lõual ja kubemepiirkonnas . 
56	NA	 Väristan külmakartlikult õlgu . 
57	NA	 Parem siis juba aus ahv . 
58	NA	 Muide , ka need mustade ebemetega noorukid unistavad ahvi elukutsest , mis on meesprostituudi omast hinnatavam . 
58	NA	 Ka pole ahvidel pärasooleprobleeme . 
58	NA	 Tõsi , üks mu lähedastest tuttavatest , kes oli karjääriredelil tõusnud meesprostituudist pediaatrini , kurtis , et ka doktoriametil on teatud miinused . 
58	NA	 Kuidas ma ka ei pinninud , mees neid ei avaldanud . 
59	NA	 Kumb on etem amet , kas prostituudi või sugulase oma , pole minu kompetentsis otsustada . 
59	NA	 Eks igal elukutsel ole omad head ja vead . 
59	NA	 Ühelt poolt mõningased piirangud liikumisraadiuses , teisalt pead jälle meelalt jalgu laiali ajama , lõbusalt naerma , harkasendeid võtma , Ülaagreid laulma . 
59	NA	 Õnneks pole mul mõttessegi tulnud valida mitteerialast tööd . 
60	NA	 Kuigi jäsemed painduvad hästi . 
61	NA	 Nagu baleriinil . 
62	NA	 Peaaegu nagu . 
63	NA	 Ja ka viisipidamisega saan suurepäraselt hakkama . 
63	NA	 Olen nimelt aastaid segakooris laulnud . 
63	NA	 Rõhutan veelkord – segakooris . 
63	NA	 Naljaga pooleks võib öelda , et lööksin Hollywoodis laulva maailmakirjanduse õppejõuna läbi . 
63	NA	 Eriti sobiks mulle aafrika kirjanduse andmine . 
63	NA	 Iga vähegi rütmi pidav mustanahaline kirjaoskaja ja Musta Mandri kirjanduse õppejõud oskab ka trummi mängida . 
64	NA	 Aga mere taga oodatakse ainult proffe . 
64	NA	 Amatöörina seal läbi ei löö , ole sa kui painduv tahes . 
65	NA	 Iga aastaga kasvab nende arhantropuste arv , kes suunduvad Läände paremat elu otsima . 
65	NA	 Loomulikult olen pigem inimene siin , kui hästitoitunud ahv seal . 
65	NA	 Ometi olen teatud kibestumushetkedel mõelnud , et kui saaksin kuidagi ühendada need kaks vanimat elukutset – ahvi ja prostituudi oma – siis topelttasu eest võiks ju ka proovida . 
65	NA	 Eeldused on ju olemas – painduvad . 
66	NA	 Tegemist on siiski spekulatiivse ja raskesti realiseeritava ideega . 
66	NA	 Loomaaed on ju eelkõige lastele ja rikkumata noorsoole orienteeritud asutus . 
66	NA	 Lahjad põdrapullid ja kaamelid pole vaatepilt ärimaailma haidele . 
67	NA	 Eeslid . 
68	NA	 Ponid . 
69	NA	 Neilt pole peale naha midagi võtta . 
70	NA	 Muide , pättide käes on ohutust lõikajast žilett muutunud ohtlikuks tööriistaks , vaheda habemenoa asendajaks . 
70	NA	 Just tööriistaks , sest paljudele on see julm kõrilõikamismäng elu , kogenematutele töö ja edasijõudnuile elutöö . 
70	NA	 Ainult habemeajajad ei mängi . 
70	NA	 Raske töö toob neile hallid karvad pähe , viib enneaegselt hauda , laiendab jalaveene . 
71	NA	 Mäletan selgelt seda aega , kui töötasin veel juuksur-habemeajajana . 
71	NA	 See kõik oli nagu eile : pesemata pead , laienenud jalaveenid , vahutupsud , iharad pilgud , osavad kiired liigutused . 
71	NA	 Ja mitte tilkagi verd . 
71	NA	 Peaaegu mitte tilkagi . 
71	NA	 Selle mõne tilga pärast aga lausa hulluti haiglaselt . 
72	NA	 Tungiti kallale . 
73	NA	 Solvati füüsiliselt . 
74	NA	 Ometi ei antud neid tilku mitte kuradile vaid intelligentsele habemeajajale . 
75	NA	 Mitte ohtlik amet ei röövinud mult kolme esihammast , vaid labiilse närvisüsteemiga debiilikud . 
76	NA	 Linnapea . 
77	NA	 Rektor . 
78	NA	 Ja bisnesman . 
79	NA	 Eriti solvav oli viimase turvamees . 
79	NA	 Kolmest kaks jäid tema sääremarja . 
79	NA	 Peale väikest intsidenti oma nägu peeglis märgates mõistsin , et füüsiline töö pole minu jaoks . 
79	NA	 Eelistasin nimelt pehmele pudrule vintsket liha . 
79	NA	 Kasvõi tagumiste lamedate kikudega . 
80	NA	 Habemepügamisbisnesis löövad läbi vaid karmid mehed . 
81	NA	 Kuid mitte veristest karvatüügastest ei tahtnud ma täna rääkida . 
81	NA	 Kui jälgite mu juttu tähelepanelikult , taipate isegi , milles asi . 
81	NA	 Tohutu suure ja koostööaldi pingutusega . 
81	NA	 Kes on öelnud , et valu peab lugema sada lehekülge tunnis , lehekülge võib lugeda sada tundi . 
82	NA	 Tol kõledal maihommikul ajasin taas oma pikaksveninud haritlashabet . 
82	NA	 Mäletan toda kauget päeva kui eilset . 
82	NA	 Hommikud on meil eriti kõledad ja rusuvad , sombused . 
82	NA	 Nad vajuvad sulle peale , tungivad su reumaatilistesse liigestesse , ümbritsevad sind oigeid täis uduna . 
82	NA	 Su painduvad jalad muutuvad aastatega paindumatuteks valutavateks köntideks . 
82	NA	 Nad on sul küll all , aga kõverad . 
83	NA	 Reuma . 
84	NA	 Radikuliit . 
85	NA	 Osteoporoos . 
86	NA	 Gangreen . 
87	NA	 Keegi ei usugi , et kunagi paindusid nad sul suurepäraselt . 
88	NA	 Peaaegu nagu baleriinil . 
89	NA	 Balletitantsijatel , nagu tänapäeval on kombeks neid meessoost androgüüne kutsuda . 
90	NA	 Ja kui saabub vaikus , surud käed kõrvadele . 
90	NA	 Sa ei sarnane uduga kohanenud inglasega , sest tema jalad ei kõverdu aastatega . 
90	NA	 Nad ei kattu isegi soojendavate karvadega . 
90	NA	 Bussiaknast ujuvad aeglaselt mööda okastraadiga ümbritsetud tsemenditehased , ketrusvabrikud , põlevkivikaevandused , lehmi ning rasvunud sigu täis suurfarmid koos mõne armetult kõhna vaaruva töölisega . 
91	NA	 Ärge arvake , härrased , et neil pole probleeme . 
92	NA	 Ükski siga ei taha noa alla minna . 
93	NA	 Ja ükski heasüdamlik maamees neid torgata . 
94	NA	 Neil hetkil kõverdaksin pigem rahva lõbustamiseks oma karvakasvanud nägu , vitsutaksin banaane , näitaksin elurõõmsatele külastajatele sündsuse piires tagumikku . 
94	NA	 Neile see meeldib – vaoshoitud kastreeritud lõbusus . 
95	NA	 Eriti naistele ja lastele . 
96	NA	 Kuulen vahel praegugi kõrvus seda naeru segunemas litside nukrameelsega . 
96	NA	 Nemad ei pea enam muretsema reumaatiliste näppude pärast , paindumatute jalgade pärast . 
97	NA	 Sadakond püsiklienti ja oled omadega mäel . 
98	NA	 Paar-kolm rikaste armastust ja sa oled omadega mäel . 
99	NA	 Kui andunud paistavad siis su silmad . 
100	NA	 Armastus kaob , raha jääb . 
101	NA	 Nad ostavad su ära , kogenud tohter . 
102	NA	 Ja kogenematu prostituut . 
103	NA	 Ja prokurör . 
104	NA	 Poliitikutest me siinkohal ei räägi . 
104	NA	 Püüame siiski sündsuse piiresse jääda , kallid kolleegid . 
105	NA	 Sile lõug oli juba Vanas-Roomas keigari tunnus . 
105	NA	 Tol kaugel ajal kasutati habemeajamisel teisi instrumente , kuigi inimesed olid täpselt samasugused nagu praegu . 
105	NA	 Viimasel ajal olen mõelnud , et vaevalt isegi paremad . 
106	NA	 Nad olid siis julmad ja ajasid orasid tagumikku , eraldasid tulise rauaga kehast suguelundeid , torkasid silmi peast , raiusid jäsemeid otsast , venitasid keha toona uudsel leiutisel rattal ning solvasid meid , kallid sõbrad . 
106	NA	 Eriti valus oli , kui nad munandite kallale tulid . 
107	NA	 Vabandust , unustasin end hetkeks . 
107	NA	 Keda huvitab teise valu . 
108	NA	 Olgu see kui päratu tahes . 
109	NA	 Aga sa mõistad mind , kui juhtud säärane olema . 
110	NA	 Toona käivitati habemeajamismasinaid tehnika vähese arenemise tõttu vända abil , mida keerutasid kavalad naised . 
110	NA	 Kui jutt juba neile kaldus , siis suurerinnalised naised ( rinnavähk oli tol ajal peaaegu tundmatu ) , pikakoivalised naised , lamedarinnalised naised , laiapuusalised naised , ja pange tähele , mis eriti üllatav – krokodillilaadselt inetud naised . 
110	NA	 Nad on integreerunud tihedalt meiegi ühiskonda . 
110	NA	 Haaravad võimu . 
111	NA	 Kasvult olid nad praegustest väiksemad . 
111	NA	 Palju väiksemad . 
112	NA	 Ajan habet püüdlikult , sest aitab sellestki , kui teised su veremädanikuga nakatunud verd valavad . 
112	NA	 Bakterid tungivad läbi kogu su nõrga organismi otse südamesse , pannes su vatsalisele organile surmapõntsu . 
112	NA	 Nad närivad läbi su kärbuva selgroo , lagundavad kaarieserikkaid , kunagi nii terveid hambaid , annavad hoobi seljatagant . 
112	NA	 Mis hambaid – kihvu . 
112	NA	 Usku ja lootust raske haigus just ei süvenda . 
112	NA	 Usku , lootust , armastust . 
113	NA	 Nad ei võta füüsilist valu tekitades arvesse sinu sandistatud organismi iseärasusi . 
114	NA	 Ilmas on kahte tüüpi inimesi – ühed , kes lepivad kurva orjaseisusega ja teised , kes mingil tingimusel ei lepi . 
114	NA	 Viimased on intelligentsemad , ükskõik kui lollid nad ka ei oleks . 
114	NA	 Kahjuks ei sure paljud sellest väikesest inimkonna osast oma loomulikku surma . 
114	NA	 Nad puuakse oksa . 
114	NA	 Seda on eriti lootusetu taluda . 
115	NA	 Jändrikku männioksa . 
116	NA	 Oma käega ei tee ma seda mitte . 
117	NA	 Ärge lootkegi . 
118	NA	 Kalmistud on meil ilmselgelt ülerahvastatud . 
118	NA	 Võib juhtuda , et sulle pole seal laiutavate laipade tõttu koguni kohta . 
118	NA	 Ärge arvake , et nad kõik on peale maisest elust lahkumist maha rahunenud . 
118	NA	 Hoidke end nende raevu eest , ausad inimesed . 
118	NA	 Eriti ettevaatlik olge ühe küljepealse kusetoruga santkummituse suhtes . 
119	NA	 Tema nimi on Mohhom . 
120	NA	 Vennike on kibestunud seetõttu , et oma maise elu jooksul ei õnnestunud tal kordagi naisterahvale seksuaalselt läheneda . 
121	NA	 Tema toru nähes puhkesid kõik neiud hüsteeriliselt naerma . 
122	NA	 Isegi need , kellel huumorisoon täielikult puudus . 
123	NA	 Leidmata muldasängitamiskohta , tõused sa nördinult ja rahuldamatult puulatvade kohale , tiirutad elupuupõõsaste vahel , loendad raevus riste kokku . 
123	NA	 Varesed ja hakid kihutavad sust paremalt ja vasakult mööda , laulavad oma laule . 
123	NA	 Ja mine tea , kui midagi üle ei jää , põrutad ehk põrgu asemel otse tähistaevasse . 
123	NA	 Samal ajal kui teised su suguvennad kaevavad lagunema kippuvate vakladest puretud näppudega tunnelit üüratutesse sügavustesse , uuristavad muti kombel käike , vahetevahel abiks lõualuus hõredalt turritavaid hambad . 
123	NA	 Kuumus aina kasvab . 
124	NA	 Ainult ärge , palun , naerge mu üle , kui näete mu kõhna keha tungimas taevalaotusse , lõhestamas õhku koos kotkaste ja tuvidega . 
125	NA	 Varblased kadugu mu teelt . 
126	NA	 Tuvid ja tihased . 
127	NA	 Väikesed armetud olendid . 
128	NA	 Mitte palun . 
128	NA	 Lihtsalt , ärge irvitage . 
129	NA	 Habemeajamisvahuga ma väga ei lobista , sest ka teine kord läheb vaja . 
129	NA	 Lame kollakashall valgus vannitoas jätab sulle petliku mulje , et oled kalapime . 
129	NA	 Mitte kanapime , vaid kalapime , sest õhus ringleb vaatevälja ahendavat auru . 
129	NA	 Väike ruum , kõledus ja lagi . 
129	NA	 Kui siia lisada veel suure sauna kauge kumin , võidki üks kord lolliks minna . 
129	NA	 Kui sa ükskord tunned , et kogu maakera on sulle kollektiivse sauna pesuruum , kui sa märkad , et tagumikku sinu poole pööravad makaagid pole mitte metsikud ahvid vaid rõvedad liigikaaslased . 
130	NA	 Vaatad ringi ning märkad õudusega , et nad on kõik ühte sugu , londid lõdvalt rippu . 
130	NA	 See tähendab – keskmise sookaaslase keskmise erektsiooni seisundis . 
130	NA	 Ja kuidas sa ka ei pingutaks , ei suuda sa seda pilti silme eest rebida . 
131	NA	 Päevast päeva . 
132	NA	 Päevast päeva . 
133	NA	 See kerkib ikka ja jälle su silme ette . 
134	NA	 Sa libistad aeglaselt pilgu üle rohelise seina , aknaorvade rea , hallide kivipinkide , libeda betoonpõranda , punasenahalise mehe , tema armetu suguliikme . 
134	NA	 Endaga võideldes rebid pilgu uksele , duÜiruumile , voolavale veele , selle all sulistavale lampjalgsele härrasmehele , kelle elund on kergelt eregeerunud seisundis . 
134	NA	 Küllap mõtleb räigelt erootiliste fotode peale teatud ajakirjades . 
135	NA	 Piinlikkustundest sunnid end ikka ja jälle üha pesema ja pesema . 
136	NA	 Endaga võideldes rebid oma läbinägeliku pilgu reaalsuselt ja sukeldud hunnitutesse unelmatesse . 
136	NA	 Suurte tissidega naisi pole kuigi raske ette kujutada . 
136	NA	 Ei , mitte lihtsalt teisele poole kergkonstruktsioonist vaheseina , vaid sinna , kus möllavad orgiad . 
137	NA	 Kuid ometi ergutavad sind ka need reaalsuse pisut siivutud kilked . 
138	NA	 Lisavad asjale jumet . 
139	NA	 Liiga kahvatu on see muidu , lausa näljaselt haiglane . 
140	NA	 See unistus . 
141	NA	 Kui unistus kärbub reaalsuseks , siis sind enam pole . 
142	NA	 Väikest ja tähtsusetut . 
143	NA	 Sind enam pole . 
144	NA	 Veel hästi painduvate jalgadega . 
145	NA	 Sind , kes sa loodad veel ahvi ja prostituudi ameti ühendamisse . 
145	NA	 Sind , kes sa saaksid selle raske tööga kindla peale hakkama . 
145	NA	 Kui vaid antaks võimalus . 
146	NA	 Lõpetanud habemeajamise , viskasin vana Vene žileti tänavale . 
146	NA	 Neva , kui mäletate ? 
146	NA	 Las lõikavad veene . 
146	NA	 Mina ei ole selline mees . 
146	NA	 Üksikut hunti nii lihtsalt ei murra . 
146	NA	 Vaatan endale julgelt näkku , sellisena nagu olen , meeldivalt väike ja karvane . 
146	NA	 Unistuste seksikangelane . 
147	NA	 Hõõrusin lõuale töölistele määratud odekolonni “ Hellas ” , mis virgutab nende eneseteadvust , ja vaatasin endale näkku . 
148	NA	 
149	NA	 Laubale oli ilmunud korts . 
150	NA	 Aukuvajunud põsed rõhutasid seda veelgi teravamalt . 
150	NA	 Mis seal's ikka , mõtlesin pingega – vanadus . 
150	NA	 Kuigi nagu varavõitu , kolmkümmend kolm . 
151	NA	 Otsekoheselt öeldes tundsin end näruselt , ülimalt näruselt . 
152	NA	 Kui kogu ümbritsevale jamale lisada sinu enda tragöödia , siis mõistad suurepäraselt . 
152	NA	 Kui juhtud seda tüüpi olema . 
152	NA	 Kui oled nukraid raamatuid lugenud , õhtuti kamina ees tulle vahtinud , näljasel lapsel pead silitanud . 
153	NA	 Tõmbasin väriseva intelligendikäega üle aurava peegli ja kummardusin lähemale . 
153	NA	 Ma ei tahtnud temalt midagi teada , kõik oli kirjutatud mu oma näkku . 
153	NA	 Korts oli ülejäänud nahapinnast valgem ja õhetas . 
153	NA	 Tundsin , kuidas kogu nägu hakkas tasapisi huugama . 
153	NA	 Tõmbasin käega üle kurru . 
154	NA	 See oli paks . 
155	NA	 Voldiline . 
156	NA	 Lisaks olid silmades veresooned lõhkenud . 
157	NA	 Eriti vasakus . 
158	NA	 Kuid hetkekski ei samastanud ma end keevitajaga , selle rasket , tänuväärset ja tervistkahjustavat tööd tegeva meistrimehega . 
158	NA	 Piim siin ei aita . 
158	NA	 Seksuoloogide poolt soovitatav lemmikravivõte ammugi mitte . 
159	NA	 Nägin aga suurepäraselt , või pisut kehvemini . 
160	NA	 Surusin kinni nii vasakut kui paremat . 
161	NA	 Seejärel vastupidi . 
162	NA	 Pisut halvenenud nägemine ei löö mind rivist välja . 
162	NA	 Loen edaspidi prillidega . 
163	NA	 Järgmisel uimasel hommikul oli neid juba kaks . 
163	NA	 Vaatlesin kurdusid kaua . 
163	NA	 Kuidagi liiga kiiresti tekivad . 
163	NA	 Samas võivad nende tekkimisele soodustavalt mõjuda rasked aastad , töö objektidel , piinamised . 
164	NA	 Peas halle karvu polnud . 
165	NA	 Peaaegu . 
166	NA	 Need ilmusid täie hooga mu hõrenevate juustega pähe palju hiljem . 
167	NA	 Järgmisel varajase talvega aastal . 
168	NA	 Kui veel mäletate , siis tol talvel räägiti ajakirjanduses palju perekonnast , kes toitus inimlihast . 
168	NA	 Seda serveeriti nii hautistena , karbonaadina kui mitmete suppide komponendina . 
168	NA	 Räägitakse , et pereema Kihnu mutt oli veel oma väimehe Heikiga sugulises vahekorras . 
168	NA	 Mis räägitakse . 
168	NA	 Nägin seda ise salaja naabrimehe aknast sisse piiludes . 
169	NA	 Kui part kukkus , lausa võpatasin . 
169	NA	 Olin selle leluga mänginud oma lapsepõlves . 
169	NA	 Mulle meenus ema noorena , plastmassist suleline ja mina , väike ja õnnelik . 
169	NA	 Õnnelik , see on mul hästi meeles . 
169	NA	 Ka mu ema naeris . 
170	NA	 Uskuge mind – naeris . 
171	NA	 Mäletan seda hästi . 
172	NA	 Aga tema silmi ma ei mäleta . 
173	NA	 Need olid tal helesinised . 
174	NA	 Helesinised , aga ei mäleta . 
175	NA	 Algul arvasin minagi , et need hetked ei unune . 
175	NA	 Aga nad ununevad . 
175	NA	 Ka kõige intiimsemad neist . 
176	NA	 Sulgege oma silmad ja proovige meenutada . 
177	NA	 Karvakasvuga näis kõik korras olevat , kasvas . 
177	NA	 Vaata et rohkemgi kui keskmine ette näeb . 
177	NA	 Paar millimeetrit päevas . 
177	NA	 Eks ma hakanud ka varakult peale . 
177	NA	 Raseerimisega . 
177	NA	 Mitte et ma oleksin seda väga tahtnud . 
177	NA	 Pigem vastupidi . 
178	NA	 Kui kurrud oleksid ilmunud mõne tavalise töökaaslase näole , poleks juhtumit peale tema enda keegi tähelegi pannud , kuid mulle valmistasid kurrud tõsist muret . 
178	NA	 Kui te , kallis sõber või sõbranna , leiate end kunagi taolisest olukorrast , siis teadke , et on juba hilja . 
178	NA	 Keha küljest rebitut ei saa iialgi tagasi . 
179	NA	 Nad ei teki ilma põhjuseta . 
180	NA	 Sellest põhjusest ei tahaks ma aga rääkida . 
181	NA	 Kui suudate , siis fantaseerige oma kogemuste raames . 
181	NA	 Ärge ainult naerma puhkege . 
181	NA	 Kui teil neid ei ole . 
182	NA	 Teil on lihtsalt vedanud . 
183	NA	 Või naerge pealegi . 
183	NA	 Olen sellega harjunud . 
183	NA	 Naelte inimkehha löömisega . 
184	NA	 Kurrud muutusid paksuks , hakkasid sügelema ja tekitasid valu . 
184	NA	 Samalaadsed ilmusid ka munanditele ning sugutijuurele . 
184	NA	 Pihku võetult meenutasid nad väikeseid ajupoolkerasid . 
184	NA	 Kibelus oli liikunud piki vart ülespoole . 
184	NA	 Samuti sügelesid aeg-ajalt käeseljad ning silmamunad . 
184	NA	 Lähemal vaatlusel märkasin neil valgeid kõvu täppe . 
184	NA	 Tundsin , et mu tervis on lootusetult läbi , lonkab . 
184	NA	 Jalad end tunda veel ei andnud . 
184	NA	 Kuigi juba higistasid . 
185	NA	 Proovisin olukorra leevendamiseks mitmeid ravivõtteid : kompressi , kõrvenõgeseteed ( talvel kuivatatud taimedest ) , mitmeid uinuteid . 
185	NA	 Aga need ei andnud soovitud tulemusi . 
185	NA	 Ainus , mis küll haigust ei ravinud , kuid võttis kibeluse , oli dimedrool . 
185	NA	 Kahjuks toob viimane kõrvalmõjuna kaasa loiduse , reaktsiooni nõrkuse ja unisuse , mis võivad meie karmis ühiskonnas sulle saatuslikuks saada . 
186	NA	 Olin proovinud endale asjata mitmeid diagnoose panna – alates suhkrutõvest kuni verevähini . 
186	NA	 Eriti kaldusin viimast arvama . 
186	NA	 Kuid nõgestõvele iseloomulike villidega ja allergiatunnustega haigusi on niivõrd palju , et võtab silme ees kirjuks . 
186	NA	 Ilma vereproovita pole võimalik oletusi kontrollida . 
186	NA	 Omakäeliselt ei söandanud ma aga proove võtta . 
186	NA	 Samuti on meditsiiniga päev-päeva kõrval tegelevatel spetsialistidel ka teatud kogemusi sellel alal , seljataga tuhandeid patsiente . 
186	NA	 Loomulikult pole kogemus takjas . 
187	NA	 Arstid on näiteks halvad armatsejad , kuigi astuvad sageli ühtesse oma õnnetute patsientidega . 
187	NA	 Viimases üldlevinud arvamuses pigem kahtlen , sest ma ei usu , et inimkond on langenud nii madalale ametialasele astmele , et kingsepad rahuldavad ennast kingadega , arstid tulevaste laipadega , kirjanikud kirjatähtedega , tuletõrjujad tulega . 
187	NA	 Usun jätkuvalt looduse krooni tervesse mõistusesse . 
188	NA	 No tervesse kehasse kindlasti . 
189	NA	 Terves kehas terve vaim . 
190	NA	 Higistavate jalgade peale ei viitsinud ma isegi mõelda , niivõrd tähtsusetud tundusid need kurdude kõrval . 
191	NA	 Lõpuks otsustasin piiratud teadmistega arsti juurde minna . 
191	NA	 Too oli omal alal parim . 
191	NA	 Eriti tuntud oli ta diagnoosipaneku kiiruse osas . 
191	NA	 Võib-olla pole ma just kõige objektiivsem valgekitlimeeste hindaja , kuid kes meist siis on , kes meist siis on . 
192	NA	 Särav Päike ja ilus ilm tol kaunil looduslähedasel varahommikul ei loonud minus mingeid eufoorilisi illusioone , parandas ehk ainult natuke tuju . 
192	NA	 Tänavanurgal kasvav haraline tamm sirutas oksi nagu lennuks valmistuv raisakotkas . 
192	NA	 Olen näinud neid ainult zoopargis . 
192	NA	 Vabaduses on hakanud raipeid väheseks jääma . 
193	NA	 Mida humaansem ühiskond , seda vähem laipu tänavatel . 
193	NA	 Mäletan , kui elasin kaheksakümnendatel Moskvas , siis ei tehtud laipadest väljagi . 
193	NA	 Anti neile veel jalaga kõhtu . 
193	NA	" Ja surnukeha vastas hoobile kirglikult : "" Bei , jesli ljubiÜ ! "" "
194	NA	 Ei , seda ütles siiski kirglik Ljuba ühel vihmasel sügispäeval . 
194	NA	 Idanaabritel on selline sõjakas iseloom . 
194	NA	 Kolhoosi tantsupeole võetakse alati puss või teritatud vikat kaasa . 
194	NA	 Tõsi , terariistade abil ei avaldata armastust mitte neidudele vaid omasugustele lokkispäistele pruunisilmsetele noormeestele . 
194	NA	 Veri , kui kirgliku armastuse sümbol . 
195	NA	 Siuh-säuh ja punase füsioloogilise lahuse nägemine tekitab sinus ennenägematu erektsiooni , mis ammugi tehnilise piiritusega kõrist alla lastud . 
195	NA	 Kirglikele slaavlannadele see aga meeldib . 
195	NA	 Tehniline piiritus . 
195	NA	 Sellega kustutavad nad oma kirge . 
196	NA	 Või võta sa kinni , mida nad seejuures mõtlevad . 
197	NA	 Enne liinibussi sisenemist ostsin lehepoisilt kõmu-uudiste žurnaali . 
198	NA	 Esikaanel inimsööja , rasvane kont näpus . 
199	NA	 Inimliha moorida . 
199	NA	 Kui julm . 
199	NA	 Mina teeksin seda vaid äärmise häda sunnil . 
199	NA	 Isegi jänese tapmine valmistab mulle raskusi . 
199	NA	 Mõtlen pikk-kõrvale veel tükk aega tagantjärele . 
199	NA	 Ja pärast on hale soolikaid seest välja rookida , nahka nülgida , konte murda , pead otsast lõigata . 
199	NA	 Aga peab , aga peab . 
199	NA	 Proteiinid . 
200	NA	 Need jänkud ei andesta mulle iialgi . 
201	NA	 Inimesed on märksa leplikumad . 
201	NA	 Näiteks mina ei käi kedagi verdtarretamapanevates unenägudes kollitamas . 
201	NA	 Kuigi põhjust oleks küllaga . 
202	NA	 Siiski , ma ei ole leppinud . 
203	NA	 Lihtsalt alla andnud . 
204	NA	 Veel trammiski mõtlesin vastikustundega sellele täielikult viisakustundetule kannibalile . 
205	NA	 Naha- ja suguhaiguste dispanser oli üllatavalt tühi . 
205	NA	 Vaid paar-kolm ooteruumi seina ääres märkamatult oma järge ootavat süfiliitikut . 
205	NA	 Püüdsin neist targu eemale hoiduda . 
205	NA	 Ühel polnud nina , seda hingamiseks nii vajalikku kehaosa . 
205	NA	 Teisel polnud … , jah , uskuge või mitte , kuid teisel polnud vasakut jalga . 
206	NA	 Ega te vist oska ette kujutada , mida see tähendab . 
207	NA	 Võimalik , et ajas kiirustades osakonnad sassi . 
208	NA	 Akna tagant kostus looma haukumist . 
208	NA	 Ilmselt koera . 
209	NA	 Kuid võimalik ka , et sinirebase oma . 
210	NA	 Kogenematu kõrvaga on nende vahel raske vahet teha . 
211	NA	 Kontrollisin veel kord silmanurgast mehe jäsemete arvu . 
211	NA	 Neid oli tõesti üks . 
211	NA	 Köndi otsa võis lotendava püksisääre sees vaid aimata . 
211	NA	 Et invaliidile mitte piinlikkust valmistada , püüdsid tema jalga märkamatult silmitseda . 
212	NA	 Akna tagant kostus el zorro ulg . 
213	NA	 Ei , rebased ei ulu kunagi nii madalas helistikus , mõtles mu väsinud aju . 
214	NA	 Tahtsin just invaliidi käest küsida , kus ta parempoolne tõukejalg on , kui kostus inimhääl . 
215	NA	 “ Sisse . ” 
216	NA	 Jõudsin veel silmanurgast märgata , kuidas mees seda jalutuskepiga sügas . 
217	NA	 Õigemini seda , mis sellest järgi oli . 
218	NA	 Ta silmad järgnesid mulle arsti kabinetti . 
219	NA	 Kabinetti sisenedes suutsin vaevaga üllatust maha suruda . 
219	NA	 Isegi oma praeguses kurvas olukorras märkasin , kuivõrd väike oli arst sanitari kasvuga võrreldes , lausa kääbuslik . 
219	NA	 Tavaliselt on ju vastupidi . 
219	NA	 Antud asjaolu häiris mind pisut . 
219	NA	 Pigistasin rullikeeratud inimsööjat kõvemini . 
219	NA	 Mina selleni ei laskuks . 
220	NA	 “ Istuge , palun . ” 
221	NA	 Näiline viisakus tõi mind reaalsusesse tagasi . 
222	NA	 Istusin kannatamatult , samal ajal kui kirjaoskaja ilmega doktor dokumente sirvis , kontrollis paberil mu selja küljest lahtilöödud neere . 
222	NA	 Õde seisis kuskil minu tooli taga . 
222	NA	 Asjaolu , mis mind pisut rahutuks tegi . 
222	NA	 Oleks aga skisofreeniline karta seljatagant tõsist hoopi raviasutuses . 
222	NA	 Õe kaenlaalused lõhnasid deodorandi järgi . 
223	NA	 Mõistan , kui oled ettevaatlik leivajärjekorras või ühiskondlikus transpordivahendis , või mõnes väärastunud seksuaalsuunitlusega institutsioonis . 
223	NA	 Aga meditsiiniasutuses pole tõesti seljataguse kontrollimise vajadust . 
223	NA	 Heitsin vaid põgusa pilgu üle õla . 
223	NA	 Õde sai must valesti aru , kuid silma ei pilgutanud . 
224	NA	 Haigusega olen kaotanud oma endise sarmi . 
225	NA	 Mäletan , et veel mõned aastad tagasi vaatasid nukrate silmadega hellust otsivad tüdrukud mulle sügavalt silma . 
225	NA	 Aga võib-olla seepärast , et ka mina veel otsisin midagi . 
226	NA	 See otsimine kosutab hinge ja turgutab keha . 
226	NA	 Kui sa mitte , kallis sõber , seda liiga pingsalt taga ei aja . 
226	NA	 Parem las jääb midagi rõvedaks saladuseks . 
227	NA	 Libistasin igavleva pilgu lahtilõigatud inimesele plakati peal , kraadiklaaside komplektile klaasis , jorsi lühikestele kõveratele jalgadele , mis kohati ajasid ta punnkõhu taustal koguni naeru peale . 
227	NA	 Minu terava pilgu eest neid juba laua alla ei peida . 
227	NA	 Liiga terav on see . 
228	NA	 Vahe nagu nuga . 
229	NA	 Loomulikult ülekantud mõttes . 
230	NA	 Samas , ma pole kordagi suutnud sellega jäsemeid lõigata . 
231	NA	 Pilguga . 
232	NA	 Dokumente oli palju . 
232	NA	 Vaatasin süüfilisele omaste tunnustega kätt formaliiniga täidetud purgis ning harva mõne üksiku tilga poetavat kraanikaussi . 
232	NA	 Käsi tõmbus rusikasse . 
232	NA	 Masseerisin seda märkamatult . 
233	NA	 Lihaste kärbumine . 
234	NA	 Vaatamata õe kasvule , jätsid ta jalad igati hea mulje . 
234	NA	 Õnneks polnud tal jalas haiglaslikke haiglasusse . 
234	NA	 Rebisin neilt pilgu ja mu silmad vaatasid otse doktori väikestesse kurjadesse seasilmadesse , küllaltki nõrkade prillide taga . 
235	NA	 Nad võisid olla umbes miinus üks . 
236	NA	 Mitte rohkem . 
237	NA	 Mees vidutas neid abitult , kuid samas pahatahtlikult . 
237	NA	 Tüüpiline väikekodanlane . 
237	NA	 Lõug perfektselt raseeritud - ei mingit habemeajamist segavat haigust , nagu vistrikud , leetrid või vere hüübimatus . 
237	NA	 Doktori silmis peegeldusid abiarsti sääred . 
237	NA	 Vaene tüdruk lootis enamat . 
238	NA	 Asusin asja juurde : 
239	NA	 “ Sügelevad punased . ” 
240	NA	 Kurdudele tähelepanu juhtimiseks puudutasin neid ettevaatlikult . 
241	NA	 Ka väikseim puudutus tekitas tavapärasest tugevamat õhetust . 
242	NA	 “ Nimi ? ” 
243	NA	 “ Arvo Bakenbard , ” ütlesin millegipärast oma esinejanime . 
244	NA	 Õnneks mees kontroolima ei hakanud . 
245	NA	 Ka pupille mitte . 
246	NA	 “ Sugu ? ” 
247	NA	 “ Mees , ” laususin mingi kõhklusvarjundita hääles . 
248	NA	 Arst tõstis pilgu , kuid loodetavasti tegi seda niisama . 
249	NA	 Polnud ka mingit alust arvata , et tegu oli homoseksualistiga . 
250	NA	 Kuigi mine sa tea , neid on rohkem kui kogenematu inimene arvata oskab . 
250	NA	 Läksin kord Emajõelinna kinnisvararegistrisse , et paberilipakale allkirja saada . 
250	NA	 Aga naine , kes pukis istus , ei andnud seda . 
250	NA	 Isegi siis mitte , kui naeratasin talle oma kõige sarmikamal moel . 
250	NA	 Kujutate ette , kõige sarmikamal moel . 
251	NA	 Tegu oli ilmselt lesbilisi suhteid harrastava kontoritöötajaga . 
252	NA	 “ Vanus ? ” 
253	NA	 Mehe käest pole küll viisakas vanust küsida , aga mida teab üks keskmine inimene viisakusest . 
254	NA	 “ Kolmkümmend kolm . ” 
255	NA	 Mul polnud põhjust valetada . 
256	NA	 Sulg krõbises paberil . 
256	NA	 Pikk kuid meeldiv abiarst kirjutas kõik püüdlikult ja kräbedalt üles . 
256	NA	 Näha oli , et tema tundis oma kohta elus , võimu , mida annab asetäitjale sulepead hoidev käsi . 
256	NA	 Mida siis veel ülemustelt oodata ? 
257	NA	 “ Aadress ? ” 
258	NA	 “ Kalmistu 17-4 , teine korrus . ” 
259	NA	 “ Sünge elukoht patsiendi jaoks , ” naljatles arst omal kombel . 
260	NA	 Haiglas tohib naljatleda ainult tema . 
261	NA	 Õde naeris . 
262	NA	 Märkasin , et ta jalgadel esines siiski teatud defekte , mis vanuse kasvades muutuvad lausa vastikuks . 
262	NA	 Näiteks pakkjalgsus koos sääremarjade rasvumisega . 
262	NA	 Inimilu on äärmiselt lühiajaline . 
262	NA	 Paraku kasutavad rumalad inimesed seda lühiajalist ainult hetkeväärtusega materiaalsete ja vaimsete impulsside hankimiseks . 
263	NA	 Pole just kaugele viia jah , mõtlesin . 
264	NA	 “ Pole midagi , ” laususin vaikselt , “ keldrikorrusel on veelgi süngem . ” 
265	NA	 Niiske , rotid . 
266	NA	 Kord hukkus sinna keldri põlvekõrgusesse ollusesse isegi üks hulgus . 
266	NA	 Alkohol oli temas ülemäärast kuraasi tekitanud . 
266	NA	 Mitte igaüks ei suuda end uputada kolmekümne sentimeetri sügavusse vedelikukihti . 
267	NA	 “ Rahvus ? ” 
268	NA	 Kõhklesin hetke . 
269	NA	 Aga ainult hetke . 
270	NA	 “ Eestlane . ” 
271	NA	 Õnneks ei märganud arst midagi kahtlast . 
272	NA	 Muidugi oleksin võinud öelda ka juut . 
272	NA	 See loonuks meie vahele südamlikuma õhkkonna . 
272	NA	 Kuid oma südant ma ei müü . 
273	NA	 Ma ei suutnud ikka ja jälle kõrvutamata jätta nende kummalist , ebaproportsionaalset kasvude vahet . 
273	NA	 Üks väike ja sanitar suur . 
273	NA	 Samas võisid nad olla lihtsalt kolleegid . 
274	NA	 “ Parteilisus ? ” 
275	NA	 “ Kuidas , palun ? ” 
276	NA	 “ Parteilisus ? ” 
277	NA	 Milleks see , konstateerisin mõttes . 
278	NA	 Ja taipasin ise samas ka kohe . 
279	NA	 Ma pole küll arg mees , kuid külmajudinad jooksid piki mu selga . 
279	NA	 Peaaegu et kahetsesin oma sinnaminekut . 
279	NA	 Võivad neerud selja külge tagasi lüüa . 
279	NA	 Tohtrid on kõigeks võimelised . 
280	NA	 “ Parteitu , ” pobisesin ausalt . 
281	NA	 See pole mulle kasuks tulnud . 
282	NA	 Ausus . 
283	NA	 Paraku on see pärilik haigus . 
284	NA	 “ Vanad blanketid , ” pidas valgekitlimees vajalikuks selgitada . 
285	NA	 Ohkasin kergendunult . 
285	NA	 Selgituseks ütlen , et isegi haige kardab . 
285	NA	 Samas taipasin , et need ajad on möödas . 
285	NA	 Puurisin pilgu doktori seasilmadesse – aga inimesed on samad . 
286	NA	 Jah , mitte üle miinus ühe . 
287	NA	 Millegipärast paelus mind ikka ja jälle pedantselt teravaks ihutud skalpell hoolikalt tolmust pühitud lauanurgal . 
287	NA	 Kuna meditsiiniline instrument tekitas minus soovimatuid amputeerimismälestusi , uurisin kopsu , maksa ja neere plakatil . 
288	NA	 Kõigi kahjustused seotud ilmselt suguhaigustega . 
289	NA	 Päike sillerdas sellel . 
290	NA	 Oli juba tõusnud . 
291	NA	 Arst lükkas skalpelli märkamatult sahtlisse . 
292	NA	 “ Mille üle kaebate , patsient ? ” 
293	NA	 Võisin pea anda , et ta pöördus minu poole . 
294	NA	 Lihtsalt ebaviisakas vormis . 
295	NA	 Olgu , mängime siis kaasa . 
296	NA	 “ Sügelevad , punased . ” 
297	NA	 “ Näidake , palun , ette . ” 
298	NA	 Demonstreerisin vastu tahtmist . 
299	NA	 Külmaga tõmbavad nad mul pisut kokku . 
300	NA	 Arst katsus . 
301	NA	 Õde vaatas . 
302	NA	 Need olid tal sinised , kuid tühjad . 
303	NA	 “ Kas sügelevad ka ? ” küsis naha- ja suguhaiguste arst . 
304	NA	 Kahtlemata pole minu koht siin , kuid neile seda selgeks ei tee . 
304	NA	 Võib ka öelda globaalsemalt – minu koht pole üldse siin . 
304	NA	 Kui saaksin arsti valida , siis külastaksin kõige meelsamini günekoloogi . 
305	NA	 “ Neil pole vähemalt plakati peal süfiliitiku nina , vaid … ” 
306	NA	 “ Kuidas palun ? ” 
307	NA	 “ Vabandust , jäin mõttesse . ” 
308	NA	 Süfiliitiku pilgust taipasin , et talle ei meeldi mõtlevad olendid . 
308	NA	 Me häirime neid ebameeldivalt . 
308	NA	 Ja nad teevad kõik , et meid oma teelt kõrvaldada . 
309	NA	 Mäletan , kui käisime kord hilissügisel kursusega kartuleid võtmas , ütles meid eskortiv saksa keele õppejõud poola keeles : “ Kui ma siit kaevama hakkan , kas ma jõuan siis Austraaliasse välja ? ” 
310	NA	 “ Jah , ” vastasid need kolm üliõpilast , kes toda slaavi keelt mingil määral valdasid , nagu ühest suust . 
311	NA	 Aga mina teadsin , et ta võetakse juba paari esimese kaevepäeva pärast kinni . 
312	NA	 Ka karjeristid on geograafiat algelisel tasemel õppinud . 
313	NA	 Enam ma teda näinud ei ole . 
314	NA	 Äärmisel juhul jõudis sanitaarnormi sügavusele . 
315	NA	 Aga seda õppejõudu ei unusta ma kunagi . 
316	NA	 Ka nüüd , kus olen juba ise meister . 
317	NA	 “ Sügelevad , punased . ” 
318	NA	 Doktor krimpsutas laupa , nagu mõtleks . 
318	NA	 Kuid nagu eespool selgitatud , oli antud tegevus talle igati vastuvõtmatu . 
318	NA	 Seega teeskles . 
319	NA	 “ Leetrid . ” 
320	NA	 Võpatasin üllatusest ja jäin ainiti plakatit vaatama ning mõtteid koguma . 
321	NA	 Pilk kaugusse suunatud . 
322	NA	 Ja peale lühikest pausi : “ Järgmine , palun . ” 
323	NA	 Otsus tuli ootamatult kiirelt isegi assistendile . 
323	NA	 Arst oli oma kiire diagnoosi panekuga väga rahul . 
323	NA	 Hööritas . 
323	NA	 Ilmselt õe ees . 
323	NA	 Ootamatusest pillas too isegi aidsihaige verega nakatunud süstla . 
324	NA	 See jäi nõelapidi põrandasse võnkuma . 
325	NA	 Nagu pendel . 
326	NA	 Ohtlik pendel . 
327	NA	 Jälgisin seda pingega . 
328	NA	 Äärmiselt ohtlik pendel . 
329	NA	 Olen küll haige , aga mitte surnud . 
330	NA	 Aidsihaiged tuleks meie ühiskonnast isoleerida . 
331	NA	 Õde kummardus süstla poole . 
332	NA	 Tal olid punased siidised aluspüksid , mis andis tunnistust neiu heast maitsest . 
333	NA	 See on muidugi kummaline , et aidsi nakatunuid ühiskonnast ei eraldata . 
333	NA	 Nad võiksid elama asustada näiteks mõnele Venemaa poolt okupeeritud Siberi alale . 
333	NA	 Radikaalseid meetmeid nende ühiskonnast eraldamiseks ma soovitada ei saa . 
333	NA	 Lihtsalt oma humaanse maailmavaate tõttu , mis on mind põhja tirinud . 
334	NA	 Ma tahan elada . 
335	NA	 Kabinetti astus paks ohvitseriproua , eliitpensionär . 
335	NA	 Doktor nautis juba ette tööalast professionaalset rahuldust . 
335	NA	 Žurnaali jätsin vasaku jalata mehele . 
335	NA	 Kannibalism pakub huvi igasuguse intelligentsuse astmega inimesele . 
336	NA	 Ühe jalata mehele veeres pisar silma . 
337	NA	 Loodan , et ma ei kangutanud lahti tema vanu haavu . 
337	NA	 Invaliididega tuleb käituda delikaatselt . 
337	NA	 Raevuhoos võivad nad ühiskonnale ohtlikuks muutuda . 
337	NA	 Nagu libahundid . 
337	NA	 Ühel hetkel vaatad , et normaalne ühe jalata mees , teisel hetkel seisab su ees kibestunud ja kättemaksuhimuline mõrvar . 
338	NA	 Mis kuradi leetrid , arutlesin koduteel . 
338	NA	 Isegi raamatust ei vadanud järgi , ei kontrollinud oma väheseid teadmisi . 
338	NA	 Hm , sügelevad ja punased . 
338	NA	 Ja neid tuli üha enam ja enam laubale , liikmetele , seejärel üle kogu näo ja keha . 
338	NA	 Kurdudega kaasnes väljakannatamatu sügelus ja äng , mis võivad harvadel juhtudel kaasneda ka vaese eluga . 
338	NA	 Kui vaesusest saab iga soovija lihtsalt lahti aususest loobumise teel , siis raskele haigusele saab järgneda vaid surm . 
339	NA	 Kui mõte viis mind volüümika patsiendini , tõmbusid mu suunurgad nagu iseenesest laiale irvele . 
339	NA	 Vasaku jalata mees juba ootab läbiloetud žurnaaliga ooteruumis . 
339	NA	 Silmis peegeldumas inimsööja . 
340	NA	 Kalmistu juba paistis . 
340	NA	 Olin jõudnud oma perekonna alalisse elukohta . 
340	NA	 Matsin nad kõik sinna , kuigi mulle avaldati tugevat survet , et ma nad meditsiiniliste katsete jaoks kingiksin . 
340	NA	 Aga ma pidasin survele vastu . 
340	NA	 Kaotasin tookord vaid kaks hammast . 
340	NA	 See ei ole kindlasti nõnda suur kaotus , mille pärast tasuks nutulaulu esitada . 
340	NA	 Meie ühiskonnas . 
341	NA	 Kuni kahekümne hambata inimesed löövad veel tantsugi . 
342	NA	 Panevad kolleege uskuma , et tegelikult on neil puudu vaid neli-viis esikihva ning taga on kõik mälumisvahendid alles . 
343	NA	 Kaua neid ei peta . 
344	NA	 Ilma hammasteta antakse sulle aga jalaga persse . 
345	NA	 Mitmeid kordi järjest . 
346	NA	 Õhtul lukustasin vannitoa ukse ja vaatlesin end hämaras , lugemiseks sobimatus valguses . 
346	NA	 Pea oli paks . 
346	NA	 Sügasin end ettevaatlikult siit ja seejärel sealt . 
346	NA	 Ettevaatlikult , sest mida rohkem kraabid , seda enam sügeleb . 
346	NA	 Reaalteaduste kandidaadina selgitaksin eelpoolöeldut matemaatiliselt umbes nii : x²=y³ , kus x on sügelemise intensiivsus ja y kibeluse tugevus . 
347	NA	 Loomulikult on siinkohal tegemist lihtsustatud mudeliga . 
347	NA	 Ka ei suuda ükski sümbol , kui keeruline see ka oleks , näidata tõelist valu . 
347	NA	 Ega vist mitte ka ükski sõna . 
347	NA	 Olen neetud kogu selle räpase maailma poolt . 
347	NA	 Üksi , täiesti üksi . 
347	NA	 Ütlete , et mis siis viga . 
347	NA	 Jah , aga üksi päratu armee vastu . 
347	NA	 Tomahook on neile vaid süütu mängukann , võrreldav ehk habenoaga . 
347	NA	 Enne tantsule minekut kraabid sellega püüdlikult lõuga , peale tantsu keerad ägedalt soolikaid . 
348	NA	 Võib-olla olete isegi neist asjust üht-teist kuulnud , lehest lugenud , televiisorist näinud , hommikul trussikutes sõpradega arutanud . 
348	NA	 Tõsi , laip kangialuses ununeb sama kiiresti kui kevadine lumi . 
348	NA	 Sulab maa sisse . 
349	NA	 Öösel ei tulnud mul und . 
349	NA	 Akna taga , väljas , jalutas piki katuseharja üksik lunaatik , aeg-ajalt näugatas mõni kodutu kass . 
349	NA	 Mõni kodutu kass kuseb hommikuti ka laste liivakasti . 
349	NA	 Lunaatik pööras viimase katuse kohal järsult paremale ja kadus silmapiirilt . 
350	NA	 Sama ootamatult nagu oli ilmunud . 
351	NA	 Ikka ja jälle meenus mulle doktori ja tema assistendi kasv , õigemini nende kasvude vahe , kummaline proportsioon . 
351	NA	 Mu suletud , und ootavate silmade taga keerlesid mehe äbarikud rangjalad punnkõhu taustal , süfililiitiku mädanemakippuv käsi plakatilt , täies elusuuruses abiarst-sanitari jalad , mis moondusid mu silme ees iiveldamaajavateks pakkjalgadeks , viinast puretud maks . 
352	NA	 Ning äärmiselt väheste hammastega novelli peategelane . 
353	NA	 Lugesin mehe hambad üle . 
354	NA	 Kindel - mina . 
355	NA	 Karjatasin õuduses . 
356	NA	 Katsusin oma paistes silmalaugusid . 
357	NA	 Õnneks ei kuulnud seda keegi . 
358	NA	 Kõik magasid raskelt . 
358	NA	 Isegi laisapoolsed tuletõrjujad , kaardiässad . 
359	NA	 Üldiselt olen karjatustega ettevaatlik . 
360	NA	 Pingutasin oma meeli nii kuidas jaksasin ja pakkjalgade asemele ilmusid elusuuruses siredad sääred . 
360	NA	 Naine oli valge kitli seljast võtnud . 
360	NA	 Ainult sukatriibud ja need punased . 
361	NA	 Jäin rahuldunult magama . 
362	NA	 Miski ei painanud mind enam . 
363	NA	 Hommikul ei saanud habemeajamisest juttugi olla . 
363	NA	 Kogu nägu ja munandid olid koledal kombel tursunud , isegi sugutilukk kibeles ja punetas nagu tripparil . 
363	NA	 Mitte stripparil , vaid tripparil . 
363	NA	 Samuti sügelesid selg ja liikmed . 
363	NA	 Väikesed punased kublad sisendasid enneolematut raevu , ebamäärast isiksusetut vihkamist . 
363	NA	 Külm vesi tekitas vaid ebameeldivaid aistinguid . 
363	NA	 See tähendab , et ei aidanud üldse . 
363	NA	 Voolas ainult ojadena nagu hane selga vesi . 
363	NA	 Vaatasin veel korra endale otsekoheselt näkku . 
364	NA	 Vastu kihutasid mustad tähed . 
364	NA	 Pimedas maailmaruumis mustad tähed . 
364	NA	 Neid ei näe keegi . 
364	NA	 Liiga väike on inimese eristusvõime , piiratud meeled , taju ja mõtlemine . 
364	NA	 Teinekord ei suuda sa märgata koguni musta hiidu , tohutut giganti . 
364	NA	 Liiga tume on ta . 
365	NA	 Su tume nägu on täis kasvanud musti tähti , silmadeks gigandid , juuksed moodustavad galaktikaid ning kuskil nende vahel eksleb su täiesti läbipaistev hing – täiesti märkamatu . 
366	NA	 Ja ei ühtegi Päikest . 
367	NA	 Kui , siis mõni tume . 
368	NA	 Ainult habe kasvas vaatamata haigusele jõudsalt . 
368	NA	 Pikenes . 
369	NA	 Keerasin raadio lahti , et end pisut lõdvestada . 
369	NA	 Kostus naisvõimleja reibas hääl . 
370	NA	 “ Ja nüüd veelgi reipamalt – üks , kaks , kolm , neli , üks , kaks , kolm , neli , üks , kaks , kolm neli … ” 
371	NA	 Teda akompaneeris klaverdaja . 
371	NA	 Klimberdas . 
372	NA	 Surusin käed kõrvadele . 
373	NA	" "" Üks , kaks , kolm , neli , üks , kaks , kolm , neli , klaver , klaver , klaver … "" "
374	NA	 Mis tal viga reibas olla . 
374	NA	 Sulgusin vannituppa ja kraapisin end ennastunustavalt . 
374	NA	 Veritsevad haavad kattusid peagi korpadega . 
374	NA	 Kärnakasvanud haavadega ei võidelda . 
375	NA	 Klaverdaja alustas teist passaaži . 
375	NA	 Seekord veelgi kõrgemalt ja reipamalt . 
376	NA	 Võtsin lisaannuse dimedroli ja väljusin , pidevalt mõeldes mind ees ootavale tulevikule . 
376	NA	 See oli lähedal . 
377	NA	 Tormas . 
378	NA	 Rahustite tarvitamine polnud mulle abinõu tõelisuse unustamiseks , see oli mul liigagi hästi meeles . 
378	NA	 Kogu aeg silmade ees – kui peeglisse vaatasin . 
379	NA	 Neil puhkudel ei vaadanud ma endale armunult silma . 
380	NA	 Hea seegi , kui keegi pole sul , kaitsetul haigel inimesel , neid kahe näpuga kolbast välja torganud . 
380	NA	 Seepärast rõõmusta , õnnetu mees , keeruta ratastooli , naudi kõrvadeta muusikat , mis kohiseb su pea sees . 
381	NA	 Märkamatult lähenenud miilits lõi lohakalt ja loiult kulpi ning küsis siis minu käest midagi oma emakeeles . 
382	NA	 Mina saan aru , et ta tahab isikuttõendavat dokumenti , puna- või sinipassi . 
382	NA	 Pisidetaile ei mäleta . 
382	NA	 Purjus ta ei olnud , pigem aeglase reaktsiooniga , tuima olekuga . 
383	NA	 Olin selle koju unustanud . 
384	NA	 Mõistate , selle punase , sinise või lilla . 
385	NA	 Isikuttõendava dokumendi võiks samuti püksi kinnitada , et oleks alati käepärast võtta , kui kellelgi vaja läheb . 
385	NA	 Kuigi ma ei oska arvata , milleks . 
385	NA	 Las ripub niisama rahulikult , see dokument . 
385	NA	 Ainult tilgutamisega tuleb ettevaatlik olla . 
386	NA	 Peaasi , et kui mõni inspektor sinu käest dokumenti küsib , sa kogemata vale asja lauale ei lööks . 
387	NA	 Vormiülikond oli korravalvuril korrektselt triigitud , viigid sisse nühitud . 
387	NA	 Soovida jättis ehk ainult mütsinoka kõrgus laubast . 
388	NA	 Kaks näppu . 
389	NA	 Nimetissõrm ja günekoloogi sõrm . 
390	NA	 Platnoidel kolm . 
391	NA	 Ma ei julge ettegi kujutada , kuhu auku nood sotsiaalselt kohanematut seda kolmandat torkavad . 
392	NA	 Aga mees polnud ka platnoi . 
393	NA	 Tavaline korravalvur . 
394	NA	 Võib-olla luges mu mõtteid . 
395	NA	 “ Pea on paks , ” selgitasin korravalvurile rahulikult . 
396	NA	 Korravalvur hõljus mu silme ees nagu miraaž . 
397	NA	 “ Nelikümmend krooni . ” 
398	NA	 Kas selle eest , et hõljub , mõtlesin , kuid ei küsinud midagi . 
399	NA	 Ulatasin need talle vaikides , sest kartsin , et ei pea enam hetkegi vastu . 
399	NA	 Olen nimelt väga vastupidav . 
399	NA	 Mind ei löö miski rööpast välja , enne kui kukun . 
400	NA	 Politseinik võttis raha tänuga vastu , kuid ei näidanud seda välja . 
400	NA	 Pigem võis kõrvaltvaatajale mulje jääda , et tülitasin meest ametikohustuste täitmisel . 
401	NA	 Mina polnud kõrvaltvaataja . 
402	NA	 Siit moraal – hoia see alati endaga kaasas . 
402	NA	 Tunnen näiteks mitut meest , kellel on see alati eelpoolmainitud kohta peidetud ja kes hirmunult pidevalt kontrollivad kätt taskusse pannes selle olemasolu . 
402	NA	 Ülemäärane agarus . 
403	NA	 Käisin mitu päeva ringi , teadmata mida kurdudega ette võtta . 
403	NA	 Vastu tuli tislereid , keevitajaid , ministreid , žurnaliste ja veel mitmesuguseid ametimehi . 
403	NA	 Täiesti kasutu kõnts . 
403	NA	 Ma mõtlen siinkohal ministreid . 
403	NA	 Vastu tuli sõbralik töökaaslane . 
403	NA	 Tema juuresolekul julgen käimlas žiletiga habet ajada . 
403	NA	 Ta ei tonksaks mu kätt . 
403	NA	 Tal ei tuleks see ilmselt mõttessegi . 
404	NA	" "" Kuidas läheb ? "" "
405	NA	" "" Ma ei tahaks olla rõve , aga kuidas lükkad , nõnda läheb , "" naljatlesin . "
406	NA	 “ Miks nii morn , Arvo ? ” 
407	NA	 Mehe tähelepanu liigutas mind . 
408	NA	 Tungis südamepõhja . 
409	NA	 Võib-olla sellepärast , et olen väga tundeline inimene . 
410	NA	 Vääritimõistmise vältimiseks pean lisama , et see oli ka kõik , mis mind mehe juures liigutas . 
411	NA	 Uhkustundest ma hambaid ja reumaatilisi jalgu ette näitama ei hakanud . 
412	NA	 “ Sa ei märka ? ” küsisin vihjavalt silmi pilgutades . 
413	NA	 Aga nii , et must ei jääks valet muljet . 
414	NA	 “ Midagi nagu oleks jah . 
414	NA	 Laud paistes ? ” 
415	NA	 “ Jah . ” 
416	NA	 “ Silmaalused kottis ? ” 
417	NA	 “ Jah . ” 
418	NA	 “ Näpud natuke kõverdunud ? ” 
419	NA	 “ Jah . ” 
420	NA	 “ Halb uni ? ” 
421	NA	 “ Peaaegu . 
422	NA	 Pikaajaliselt kestev . 
422	NA	 Pole veel ärganudki . ” 
423	NA	 Lihtne tööliskolleeg sügas parema käega vasakut kuklatagust . 
423	NA	 Aga süda oli tal soe , kaastundlik . 
424	NA	 “ Näed , kurrud , paks , punane . ” 
425	NA	 “ Tursunud . ” 
426	NA	 Kolleeg noogutas . 
426	NA	 Sai asjast aru . 
427	NA	 “ Sügeleb ? ” 
428	NA	 “ Jah . ” 
429	NA	 Loomulikult ei ütle see üks väike sõna midagi valu kohta . 
429	NA	 Valu mõistmiseks tuleb see endal läbi elada . 
429	NA	 Piinad tuleb endal alistunult läbi kannatada . 
429	NA	 Loomulikult ei ütle seda ka sõnaraamat . 
430	NA	 “ Raske juhus . 
430	NA	 Mis haigus ? ” 
431	NA	 Sõber kergitas pükse . 
432	NA	 Need vajusid tal rebadele . 
433	NA	 Taas ja taas . 
434	NA	 Võimalik , et ukrainlane või muhameedlane . 
434	NA	 Neid on kõikjal . 
435	NA	 “ Leetrid . ” 
436	NA	 Üsna kesise haridusega kahemeetrine töökaaslane vaatas mind üllatunult . 
437	NA	 Tammus kahel jalal . 
438	NA	 “ Mumps ? ” 
439	NA	 “ Leetrid . ” 
440	NA	 “ Mumps ? ” 
441	NA	 “ Leetrid . ” 
442	NA	 “ Raske haigus , ” lausus mees kõhklevalt ja sügas kõõmast pead . 
443	NA	 Noogutasin pead . 
444	NA	 Ma ei tea , kas ta taipas midagi arstiteadusest ja sellest et meie riigis tehti leetritele lõpp peale 1969ndal , seljatati sangarlikus võitluses , või imestas niisama . 
445	NA	 Mis siin üllatuda , see pole ainus nakkushaigus , mis meie suurt ja võitmatut laastab . 
445	NA	 Hea veel , et katk ei ole . 
445	NA	 Kui mürgitus on juba veres , võib see lõppeda haleda surmaga . 
446	NA	 Lisaks viimatinimetatutele on praegu lõunavabariikides ja Indias moehaigusteks koolera ja leepra . 
446	NA	 Kollatõbi ajab tugevama tervisega haiged ainult naerma . 
446	NA	 Väljaarvatud majanduslikult arenenud riikides . 
446	NA	 Seal nad nutavad , et elu lõbusam oleks . 
446	NA	 Nagu olen kuulnud , nutavad seal rikkad ka siis , kui lemmikkoer kõngeb . 
447	NA	 “ Ehk annad nõu ? ” 
448	NA	 “ Asi häirib sind kõvasti ? ” 
449	NA	 “ Jah . ” 
450	NA	 “ Nõuandlasse pole sul küll mõtet minna . ” 
451	NA	 “ Tõesti , mul on teiselaadilist abi vaja , üheksa mehe ramm mind ei aita . ” 
452	NA	 “ Tead , astu õige targa juurest läbi . ” 
453	NA	 “ Targa ? ” 
454	NA	 Mees noogutas ja läks oma teed . 
455	NA	" "" Mul lonkab ka tervis pisut , "" hõikas kolleeg mulle veel tänavanurgalt . "
456	NA	" "" Mis ? "" "
457	NA	" "" Ajuvähk . "
457	NA	" "" "
458	NA	" "" Mõistan , "" ütlesin , kuigi mul oli endalgi probleeme kuhjaga . "
459	NA	 Kurrud . 
460	NA	 Polnud jõudu kedagi mõista . 
461	NA	 Ajuvähk ei ole ka see kõige hullem , mis sind tabada võib . 
462	NA	 Vaatasin kolleegile veel kaua järgi . 
463	NA	 Ta ei lehvitanud . 
464	NA	 See targa juurde mineku mõte oli aga hea . 
465	NA	 Paganama keeruline oli aga seda teostada , sest Üarlatanide kuulutusi olid kõik mõeldavad ja mõeldamatud kohad täis , ajalehed ning raadio . 
465	NA	 Peagi jõudsin järelduseni , et tarkust ei reklaamita . 
465	NA	 Seda tuleb endal otsida . 
465	NA	 Nagu ütleb vana vene rahvatarkus – las teised kiidavad , kui keel kannab . 
466	NA	 Kulus tükk aega enne kui leidsin originaalse lahenduse . 
467	NA	 Kohale viis mind takso . 
468	NA	 Radikuliiti põdev juht küsis mult topelthinna . 
468	NA	 Mõistsin teda suurepäraselt , sest hädasolija ei hooli niivõrd mammonast . 
468	NA	 Tihtipeale antakse koguni viimane . 
468	NA	 Võrdluseks võib tuua ka lõbumajja sõidutamise . 
469	NA	" Soniga taksojuht : "" Ehk annate kolmekordse ? "" "
470	NA	" Mina : "" Ma pole veel nii läbi . "
470	NA	" "" "
471	NA	" Soniga taksojuht : "" Küsida võib alati . "
471	NA	" "" "
472	NA	 Noogutasin mõistvalt oma kräsupead . 
473	NA	 Targa juures pikka järjekorda polnud . 
473	NA	 Paradoks , sest lollide ooteruumid kubisevad lihtsameelsest rahvast . 
473	NA	 See on mõneti ka arusaadav , sest seal on avarust , mis lihtsat inimest ligi tõmbab . 
473	NA	 Lisaks sanitarid . 
474	NA	 Targa tark nägu äratas usaldust , teistes ilmselt võõristust , sest ootasin järjekorras ihuüksi . 
475	NA	 Ta töötas abiliseta . 
476	NA	 Antud asjaolu ei üllatanud mind millegipärast põrmugi , ei tekitanud võõristust ega kerget umbusaldust . 
476	NA	 Tänu oma vahedale tähelepanuvõimele märkasin lauanurgal inimsööja pildiga žurnaali . 
476	NA	 Kõhedust tekitav lektüür . 
476	NA	 Algul sõi ära kintsu , seejärel käe ja ribiprae . 
477	NA	 Vaatasin talle siiski igaks juhuks otse silma sisse . 
477	NA	 Lausa tungisin . 
477	NA	 Kõik oli korras – sealt vaatas vastu inimsööja . 
477	NA	 Võisin alustada kahe meistri vahelist vestlust . 
478	NA	 “ Kas sa oskad nõu anda ? ” 
479	NA	 “ Räägi . ” 
480	NA	 “ Sügelevad , punased . ” 
481	NA	 Vaikis . 
482	NA	 “ Sügelevad , punased , ” kordasin , arvates et ta ei kuulnud . 
483	NA	 “ Raske juhus . ” 
484	NA	 Olin seda juba kuskil kuulnud . 
485	NA	 Tark mõtles . 
485	NA	 Ta tegi seda kaua ja põhjalikult . 
486	NA	 Ta oli keskmist kasvu , ehk pisut väiksemgi . 
486	NA	 Mul polnud teda kellegagi võrrelda . 
486	NA	 Mitte hingelistki . 
487	NA	 Kääbuste ühiskonnas oleks ta kindlasti üle keskmise . 
487	NA	 Kõik on siin ilmas suhteline . 
488	NA	 Gulliver jätkas mõtlemist . 
489	NA	 Ta väikesed seasilmad nõrkade miinusüheliste prillide taga vilasid rahutult . 
489	NA	 Samas ei paistnud ta ümbritsevat märkavat . 
489	NA	 Ta vaatas endasse . 
490	NA	 Pingsalt . 
491	NA	 Midagi tuttavlikku säras ta tõmmust näost . 
491	NA	 Väike ja krimpsus , etteulatuv nina , bakenbardid , vilavad silmad , süsimustad juuksed . 
492	NA	 Selge ! 
493	NA	 Lausa võpatasin äratundmisrõõmust – karvased bakenbardid – PuÜkin . 
494	NA	 “ Demonstreerin ? ” 
495	NA	 Tark tõusis . 
496	NA	 Muidugi PuÜkin . 
496	NA	 Meister ise . 
497	NA	 “ Kas ma pean ette näitama ? ” 
498	NA	 Tark ärkas oma sügavatest mõtetest . 
499	NA	 Kui te arvate , et see on niisama lihtne – mõelda – siis eksite . 
499	NA	 Proovige teinekord , tundke , kuidas see esmapilgul mõttetu tegevus haarab teid jäägitult endasse ja te tahate üha enam ja enam seda teha . 
499	NA	 Haarata peaga maailmu , tunnetada ajuga miljoneid pisikesi lõbusaid seoseid kogunemas üheks suureks valuliseks tervikuks . 
499	NA	 Ah , mis seal ikka proovida , olge niisama . 
499	NA	 Seadke tantsusamme , põrgatage palli . 
500	NA	 “ Pole vaja , see haigus on mulle liigagi tuttav . 
500	NA	 Õhetavad kurrud , punetavad kublad , naha- ja suguhaiguste dispanser , ebanormaalne sanitari ja arsti proportsioonide suhe … ” 
501	NA	 Tark vaikis hetke , kogus mõtteid . 
501	NA	 Nägin , kuidas need vaikselt ta massiivse kolba all liikusid , rahutult siia-sinna sibasid . 
501	NA	 Mees püüdis neid koondada , sõnadeks vormida , matemaatilisse mudelisse panna . 
502	NA	 Mu pilk libises tahtmatult seinale , kus rippus laialilaotatud inimene plakatil , koos mulle juba tuttavate neeru , maksa ja kopsuga . 
503	NA	 Antud asjaolu ei jätnud mehest just kuigi soodsat muljet . 
503	NA	 Kas tõesti peab neid plakati pealt taga otsima ? 
503	NA	 Kuid jätame eelarvamused . 
503	NA	 Tegemist võis olla lihtsalt hariduselt arstiga , kirurgi või lahkajaga . 
503	NA	 Kõik omal kitsal erialal julmad vennad , soolikakeerajad , ussiväljaajad . 
504	NA	 Patsient plakatil põdes ilmselt maovähki , sest see oli tal üpris verisel kombel lõhki lõigatud . 
504	NA	 Ka neerudega polnud ilmselt kõik korras , seda võis välja lugeda juba mehe tumedatest kotti vajunud silmaalustest . 
504	NA	 Tundsin vanale töölisele kaasa . 
504	NA	 Kahju , et mul polnud tol hetkel võimalik näha teda ümbritsevate kirurgide avalaid nägusid . 
504	NA	 Nood olid diskreetselt plakatilt välja jäänud . 
505	NA	 Näitlik õppevahend peegeldab elu liiga ühekülgselt . 
505	NA	 Kunstnik oli oma töö teinud korrektselt . 
505	NA	 Puudu jäi vaid loovast lähenemisest . 
505	NA	 Pildi äärel vilksatav skalpell koos valge varrukaga või kondilõikamissaag oleks andnud asjale jumet . 
506	NA	 “ Sa oled palju kannatanud ? ” 
507	NA	 Võpatasin . 
508	NA	 “ Jah . ” 
509	NA	 Otsustasin olla lõpuni avameelne . 
510	NA	 Mul pole enam midagi karta . 
510	NA	 Isegi öösiti ei kuku enam kaljudelt alla . 
510	NA	 Ma tean oma saatust . 
510	NA	 Seda ei saa lõputult enda eest varjata . 
511	NA	 Mu kõrv tabas akna taga koera haukumise . 
512	NA	" "" Kuulete ? "" "
513	NA	" "" Jah , "" vastas tark . "
514	NA	" "" Võib-olla rebane ? "" ei andnud akna tagused haugatused mulle rahu . "
515	NA	 Kui punakuub on solvunud , teeb ta täpselt sellist häält . 
516	NA	 Veel kaua kuuldus akna tagant koerrebase haugatusi . 
517	NA	 “ Sinirebane ? ” täpsustas tark . 
518	NA	 Kuulasin tähelepanelikult . 
519	NA	 Kaks lühikest ja kolm pikka , kaks lühikest ja kolm pikka . 
520	NA	 Olen kuulnud ka rebasehaugatusi valemi järgi auh-auh-auh , auh-auh-auh . 
520	NA	 Aga seda Kõrgõstani steppides ja kõrberebase suust . 
520	NA	 Mäletan veel , et tookord tuli meil nälja leevendamiseks vihmausse süüa . 
520	NA	 Õnnestus leida aga vaid praetud hammastevahel krõbisevaid skorpione . 
521	NA	 Vaatasin targale üllatunult otse silma – ilmselt pole ta spetsialist ulukite alal . 
522	NA	 “ Sind piinati ja sa ei tohtinud kõvasti karjuda ? ” 
523	NA	 “ Tuli ette . ” 
524	NA	 “ Ainult su süda karjus , rebis su kuulmeid ? ” 
525	NA	 “ Jah . ” 
526	NA	 “ Su süda tõmbus kokku . ” 
527	NA	 “ Õhtuti , ” vastasin vaikselt . 
528	NA	 Vaevukuuldavalt . 
529	NA	 Mul oli valus . 
530	NA	 Ja häbi oma valu pärast . 
531	NA	 Aga ma teadsin , et tema ei naera mu üle . 
531	NA	 Kui mõistab , siis ei naera . 
532	NA	 Mõistan , mõtles mees . 
533	NA	 “ Nad naersid . ” 
534	NA	 “ Laginal . ” 
535	NA	 “ Ja sundisid sind kaasa lõkerdama . ” 
536	NA	 Vaikisin meenutustest . 
537	NA	 Lisaks kaevandusest haiged kopsud , mis ei lase hingata , pitsitavad kaela , mõtlesin . 
538	NA	 “ Nende orikalikud kaelad tekitasid sus vastikust , nende hemorröas tagumikud haisesid ebameeldivalt . ” 
539	NA	 Mees kogus end. 
540	NA	 “ Nende kõõmased seapead olid rasvased , nende piiratud kotkaajud liikusid äärmiselt aeglaselt . 
540	NA	 Aga nad piinasid sind , nad tapsid sind , nad vägistasid sind . ” 
541	NA	 Viimane ei läinud neil siiski korda . 
542	NA	 “ Jaa , ” pigistasin endast välja . 
542	NA	 Meenutused sisendasid mu hella hinge raevu . 
542	NA	 Ma ei häbene seda tunnistada , sest loodan , et teie seas leidub ka neid , kes on seda ise tunda saanud . 
543	NA	 Mingit mõnu ma pihtimusest ei tundnud . 
543	NA	 Ma ei ole seda tüüpi mees , kes uhkustab oma haavade , oma alanduse , oma amputeeritud liikmetega . 
544	NA	 “ Su silmaalused on mustad , põsed auku vajunud . ” 
545	NA	 Ma ei saanud aru , kas ta küsis või konstateeris , kuid vastasin siiski , rohkem nagu endale . 
546	NA	 “ Jah . ” 
547	NA	 Ma rääkisin endaga . 
548	NA	 Tundsin , kuidas valgus selgus läbi kõiksuse minusse . 
548	NA	 Sain aru küsijast , mõistsin täielikult vastajat . 
548	NA	 Võõrustaja põrnitses eemalolevalt tööriistade komplekti lauanurgal . 
548	NA	 Ei sekkunud . 
549	NA	 Targa kabinetti sugenes täielik vaikus . 
550	NA	 Ainult rebane akna taga . 
551	NA	 Ei , koer . 
552	NA	 Ptüi , kurat , olgu kes tahes . 
553	NA	 “ Siis on see valu , mis sisimast pinnale kerkib . 
553	NA	 Need kortsud on sinu vanadus , surm . ” 
554	NA	 Julm tõde ei pannud mind isegi võpatama . 
554	NA	 Olin seda kogu aeg kahtlustanud , alateadvuses tunnetanud . 
554	NA	 Ei saa ju inimest tappa tugev tervis , terved hambad , lihaselised liikmed , hea elu , luksuskuurordid , siivutud tüdrukud . 
554	NA	 Need annavad sulle ainult reipust juurde . 
555	NA	 Vanadus ja surm ? 
556	NA	 “ Kuid tavaliselt tulevad nad valutult ja märkamatult . ” 
557	NA	 Nagu siiami kaksikud . 
558	NA	 Nagu kahe peaga vasikas . 
559	NA	 “ Kuid sina pole tavaline inimene . 
559	NA	 Mitte keegi pole kannatanud nõnda palju nagu sina , võidelnud viimse veretilgani . ” 
560	NA	 “ Statistika järgi peaks mul see tilk veel sees olema . 
560	NA	 Meeste keskmine eluiga on ebaõiglaste ühiskonnakordadega riikides kuuskümmend üks aastat , aga mina olen ainult kolmkümmend kolm . ” 
561	NA	 “ Statistika järgi elame keskmiselt , tegelikult sureme keskmiselt . ” 
562	NA	 Heaoluriikides koguni kaheksakümmend aastat . 
562	NA	 Kujutate ette , kaheksakümmend lõbusat aastat . 
562	NA	 Kaheksakümmend aastat kastreeritud nalja . 
563	NA	 Ma ei teadnud , mida edasi teha . 
563	NA	 Milleks siis see kõik , see kotijooks , see loid tung , tunneteta armastus , seksuaalvahekorrata kirg , kui kõik on läbi , kui kõik on ammugi su eest ära otsustatud , rajad pargis paika pandud . 
563	NA	 Mu metsik hing on surutud uitama lillepeenarde vahele . 
563	NA	 Ninna tungimas hüantsintide salapäraselt uimastav lõhn , reeglina puhmastena mittekasvavad lootosepuhmad virgutamas mu kurba meelt , lontivajunud tundeid . 
563	NA	 Isegi surra ei või sa mitte oma surma . 
563	NA	 Kolmkümmend kolm on vähe , näruselt vähe . 
563	NA	 Ma olen kaotanud ja väga suure skooriga . 
563	NA	 Jaapanlane 87 : mina 33 , ameeriklane 81 : mina 33. 
563	NA	 Napp kaotus ehk universumi vaatevinklist . 
564	NA	 Mu dimedrolist pisut uimastunud pilk peatus käeseljal . 
564	NA	 Sinna olid tekkinud uued roosad laigud . 
564	NA	 Värv , mis õhtuti hubase küünlavalguse käes pidavat naistes seksuaalkihu ärgitama . 
564	NA	 Aga ainult koos Üampusega . 
564	NA	 Pudeli ehk leiaks ja ehk soovigi . 
565	NA	 Professionaalse serveerimise korral . 
566	NA	 “ Iga uus valu süvendab haigust . 
566	NA	 Sest valu ongi haigus . ” 
567	NA	 Loogiline , sest haigus sööb su organeid , seega muutub ta nõrgestatud organismi tõttu veelgi vastuvõtlikumaks samale haigusele . 
568	NA	 Mu mõte libises oletusele , et dimedroli tõttu võivad ehk ka minu välkkiire reaktsioon ja ajuimpulsid aeglasemalt liikuda . 
568	NA	 Kuid matsin oletuse samas maha , kuna visiit hakkas oma loomuliku kulu tõttu lõpule jõudma . 
568	NA	 Teadmatus on parem kui valus teadmine . 
568	NA	 Ma ei julgenud küsida , kas ma suren . 
568	NA	 Vastus olnuks liiga valus . 
569	NA	 “ Aitäh . ” 
570	NA	 “ Pea vastu , mees . ” 
571	NA	 Noogutasin . 
572	NA	 Mis mul muud üle jäi . 
573	NA	 Kuni elan , seni noogutan , ei , kuni elan , seni ei jää mul muud üle . 
574	NA	 “ Ah-jaa , aga soolane honorar ? ” 
575	NA	 “ Kurbade sõnumite edastamise eest ma materiaalset hüvitist ei võta . ” 
576	NA	 Aus lühikesekasvuline mees . 
577	NA	 “ Ma pole matusebüroo , ” lisas ta . 
578	NA	 Jah , ta on tark . 
579	NA	 Polnud mõtet küsidagi , et milles siis maksta tuleb . 
580	NA	 Uksel pöördusin veel ringi . 
581	NA	 Piida kõrgus - kaks meetrit ja kümme sentimeetrit . 
582	NA	 Kummaline , kuid elamu uksepiitu ei tehta vastavalt peremehe suurusele . 
582	NA	 Võib-olla on seegi aja märk . 
582	NA	 Rahvas tunneb end ühtlase ja võrdsena , identifitseerib teiste omasugustega vaatamata kasvulisele , füüsilisele või varanduslikule erinevusele . 
582	NA	 Ebavõrdsust ei aktsepteerita ka vaimsel tasandil . 
582	NA	 Nad ei andesta seda sulle . 
582	NA	 Sa pead sellest vaimsest august läbi pugema , oled siis suur või väike , kandiline või ümmargune . 
583	NA	 Kuna mu liigutused näisid normaalsest aeglasemad olevat , ei suutnud aeglustunud ajufunktsioonidega superaju fikseerida , kas tegemist oli mulle omase normaalse pöördumiskiirusega või ei . 
584	NA	 “ Aga arst … ” Otsisin taskust retsepti . 
585	NA	 “ Arst esines valges kitlis ? ” 
586	NA	 “ Seda küll . ” 
587	NA	 “ Teda assisteeris õde ? ” 
588	NA	 “ Jah . 
588	NA	 Ta oli kõvasti üle keskmise pikk , korvpallur . 
588	NA	 See hakkas eriti silma lüheldase doktori kõrval . 
588	NA	 Nende kasvu oli hea võrrelda . ” 
589	NA	 “ Skalpell vööl ? ” 
590	NA	 “ Taskus . ” 
591	NA	 “ Mumps ? ” 
592	NA	 “ Leetrid ” 
593	NA	 “ Koridore ummistasid õnnetud patsiendid ? ” 
594	NA	 “ Jah , süfiliitikud ja tripparid . ” 
595	NA	 “ Kes ? ” 
596	NA	 “ Tripperihaiged . ” 
597	NA	 Tahtsin veel lisada , et üks oli ninata , kuid antud asjaolul polnud ka erilist tähtsust . 
598	NA	 “ Arst eksis . ” 
599	NA	 “ Ja unustas retsepti välja kirjutada . 
599	NA	 Seda tegi see-eest miilits . 
599	NA	 Tema müts oli antud hetkel täiesti asjakohane , nokaga . 
599	NA	 Ja kuigi ta saluteeris lohakalt , olid ta viigid pedantselt triigitud . 
599	NA	 Ta kartis kurje ülemusi . ” 
600	NA	 “ Jah , nad kardavad . ” 
601	NA	 Ma ei hakanud uurima , kes on need nad . 
602	NA	 Tundsin , kuidas dimedrol hakkas mõjuma . 
603	NA	 Mu pilk peatus aeglaselt žurnaalil . 
603	NA	 Inimsööja saatis mind silmadega . 
603	NA	 Sulgesin ukse . 
604	NA	 Õnneks ta neid ei pilgutanud . 
605	NA	 Kerge piinlikkustunne valdas mind , sest olin end näidanud täiesti alasti . 
606	NA	 Täiesti alasti . 
607	NA	 Kaitsetust ei andestata sulle kunagi . 
608	NA	 Lootsin , et tark ei räägi sellest kellelegi . 
609	NA	 Võib-olla olen pisut subjektiivne , aga nagu mulle tundub , on nad julmad . 
610	NA	 Vaatasin veel korra üle õla tagasi , kuid ta ei lehvitanud . 
610	NA	 Peagi kadus ta miljonite tulukeste hulka . 
610	NA	 Keegi ei tunne teda , keegi ei suuda teda leida . 
611	NA	 Ainult seisis . 
612	NA	 Käsi kramplikult tasku surutud . 
613	NA	 Algul suurena , siis väiksena , siis tibatillukesena . 
614	NA	 Vaevumärgatavana . 
615	NA	 Veel kurvemana seadsin sammud oma alalise elukoha poole . 
616	NA	 Iga teadmine rõhub südant . 
617	NA	 Pitsitab hinge . 
618	NA	 Raske on isegi öelda , kas pitsitus teeb hinge hellaks , rõhub südant – või loovad pitsitust siiami kaksikud hell hing ja haige süda . 
619	NA	 
620	NA	 Aga see rebase ulg kummitab mind siiani . 
620	NA	 Kuni kummitab , seni elan . 
621	NA	 Külm tuul pani haavad kipitama , sealjuures ka silmamunad . 
621	NA	 Aga kratsida ei tohi . 
621	NA	 Ma teadsin , et ei pea vastu . 
621	NA	 Ja siis on sügelus veelgi piinavam . 
622	NA	 Haigus süveneb . 
623	NA	 Kuskil Peetri kiriku kandis kõnetas mind kergete elukommetega naisterahvas . 
623	NA	 Ei , ütleme neutraalsemalt , lihtsalt naine , sest tegu võis olla korraliku pereemaga , kes tahtis seksuaalset vaheldust igapäevasele töörutiinile . 
623	NA	 Meie mehed on teatavasti seksuaalselt nõrgad . 
623	NA	 Põhjamaades piisab korrast kuus . 
623	NA	 Piisavalt on neidki , kes seksuaalset lähedust ei soovigi . 
624	NA	 Kummaline , mõtlesin , kas tõesti olen nii meeldiv meesterahvas ? 
625	NA	 Vaatasin end hindavalt kõrvalt . 
626	NA	 Väike julge kurdudega tehnikateadlane . 
627	NA	 Need kurrud ei hakanudki nii väga silma . 
627	NA	 Katku mõõtu välja ei andnud . 
628	NA	 Võib-olla oli naisel aga lihtsalt häda käes . 
629	NA	 Vajas hingelist ja füüsilist lohutust . 
630	NA	 Sorisin oma turukotis . 
631	NA	 Ulatasin naisele papaaia . 
632	NA	 Ta võttis selle kutsuvalt naeratades pihku . 
633	NA	" "" Ega mul asja vastu midagi ole , "" ütlesin selgituseks , "" aga mu pea on paks . "
633	NA	" "" "
634	NA	 Näitasin kurrud talle ette . 
635	NA	 Naine pillas papaaia ja eemaldus kiirustades , ilma , et meie vahel oleks tekkinud vaimset sidet , teineteisemõistmist ja lähedast kontakti . 
636	NA	 Ilmselt solvus , et ma temast vedu ei võtnud . 
637	NA	 Aga asi polnud mitte tema kehaehituses või näolapis - ka tema väljakutsuv riietus erutas mind silmanähtavalt . 
637	NA	 Kuigi võõrad naised on seksuaalselt külgetõmbavamad , on haigus mind muserdanud . 
637	NA	 Ka mu oma naine oli kunagi võõras . 
638	NA	 Surnuaia müürile oli valge kriidiga kantud meeste suguelundi eskiisjoonis . 
638	NA	 See viis automaatselt mu mõtted haigele ja tursunud sugutijuurele . 
638	NA	 Proovisin silme ette manada tema silmi , aga ei midagi . 
638	NA	 Ikka ja jälle tõusis silme ette hoopis … See asi pole aga nii oluline , et seda mainida . 
639	NA	 Ja need sõnad , sõnad , kümned mõttetud sõnad . 
639	NA	 Nagu hui , Elmar pluss Paul võrdub armastus , olen linna parim lits , pederastõ . 
640	NA	 Kas te olete kunagi mõelnud , et kalmistu teeb kõik ebavõrdseks . 
640	NA	 Siin ei saa sa enam midagi peita . 
640	NA	 Kõik näevad , kas su kalmul on mädanenud puurist või marmorist kabel . 
640	NA	 Puuristi all lamajat ei meenuta keegi . 
640	NA	 Või mine sa tea . 
641	NA	 Möödudes kastemärjast kalmistust seisatasin mõneks hetkeks sõbra kääpa juures . 
641	NA	 Ta ei pidanud vastu . 
641	NA	 Mõistsin , miks ta oli valinud traadi . 
641	NA	 Sellise haarde sees ei pea keegi vastu . 
641	NA	 Traadist silmus soonib nagu nuga . 
641	NA	 Tõmbab kõrikõhred läbi . 
641	NA	 Ei jäta mingitki lootust pääsemisele . 
642	NA	 Kuna hakkas juba pimenema , siis ei seisatanud ma kauemaks ka ühe väikese kalmukünka juures . 
643	NA	 Vaevumärgatava . 
644	NA	 Peale seda , kui te möödute kõigist neist suurtest kalmudest , lahkamiskambrite jurakatest laipadest , ei märkagi te seda tibatillukest . 
644	NA	 Seda tibatillukest ei märka keegi . 
644	NA	 Mis on üks tibatilluke nende suurte lagunevate kehavirnade vahel . 
645	NA	" "" Elli , "" sosistasid mu veretud huuled . "
646	NA	 Ootamatult tormas mulle haudade vahel vastu kohaliku katlamaja valvur . 
647	NA	" "" Mis juhtus ? "" küsisin viisakusest . "
648	NA	" "" Katlamaja lendas õhku . "
648	NA	" "" "
649	NA	 Noogutasin mõistvalt pead . 
650	NA	" "" Kas sa siis ei kuulnud ? "" "
651	NA	" "" Ei . "
651	NA	" "" "
652	NA	 Valvur vaatas mulle teraselt silma . 
653	NA	" "" Kas ta lõhkes hääletult ? "" "
654	NA	" "" Ei , "" vastas valvur ja läks oma teed . "
655	NA	 Oleksin pidanud küsima , kas laipu oli palju . 
656	NA	 No paar-kolm tükki kindlasti . 
657	NA	 Kujutlesin enesele ette vestlust mulle juba tuttava naha- ja suguhaiguste dispanseri lilliputside hulgas koljatliku arstiga , kes kõrgus võimsalt üle kääbuste armee . 
657	NA	 Võtsin kibeluse leevendamiseks tableti . 
657	NA	 Külm õhk ja tolm stimuleerivad seda . 
658	NA	 “ Kalmistult ? ” 
659	NA	 “ Jah . ” 
660	NA	 “ Nöör ? ” 
661	NA	 “ Traat . ” 
662	NA	 “ Mida ise eelistad ? ” 
663	NA	 “ Mina ei anna alla . ” 
664	NA	 “ Mina ka mitte . ” 
665	NA	 Teadsin , et kui ta alla ei anna , olen kaotanud . 
666	NA	 Nad on kahekesi minu vastu - haigus ja arst . 
667	NA	 “ See on valu , mis sisimast välja tungib , ” selgitasin talle viimases lootuses oma haiguse põhjuseid . 
667	NA	 Lõppude-lõpuks on ka meditsiinitöötajatel suunavate vihjete abiga kergem diagnoosi panna . 
668	NA	 “ Näidake , palun , ette , ” lausus mees kuivalt . 
669	NA	 Demonstreerisin neid vastutahtmist . 
670	NA	 Arst reageeris momentaalselt . 
671	NA	 Loodetavasti ei solva ma ühtegi arsti , kui ütlen , et ta hööritas . 
672	NA	 “ Kõik on selge , ” üllatas ta diagnoosi paneku kiirusega isegi kõikenäinud õde . 
672	NA	 Too nägi ju asja ära . 
672	NA	 Pealegi on tal kindlasti suured meditsiinilised kogemused . 
672	NA	 Alates meeletust songast kuni peenisekanalini on talle kõik niisama tuttav nagu naise suguelundi suurimadki sügavused . 
673	NA	 Mäletan , käisime kord kohustusliku klassiekskursiooniga uroloogi juures . 
673	NA	 Olime siis ikka juba parajad poisid , kõik meesterahva tunnused vohasid kasvada . 
673	NA	 Aga arstitädi kohta ei oska ma möödunud pikkade aastate tõttu midagi öelda . 
673	NA	 Mäletan vaid , et tal polnud vigagi . 
674	NA	 Algul uuris ta asja eest , siis tuli kummarduda ja asja tagant näidata . 
674	NA	 Ainult kahel poisil tuvastati song . 
674	NA	 Üks saadeti edasistele uuringutele . 
674	NA	 Minu puhul olid lood aga teisiti . 
674	NA	 Olin igati terve ja oma ea kohta ülihästi arenenud . 
675	NA	 Kuidas ta vaatas . 
676	NA	 Ja katsus . 
677	NA	 Jah , aitab meenutustest . 
677	NA	 Songa puudumisest Nõokogude Armeeni on vaid üks imetilluke samm . 
677	NA	 Siiski lükkas naha- ja suguhaiguste doktor diagnoosile kinnituse saamiseks vooliku kõrri . 
677	NA	 Ei usu , et ta sellest protseduurist lihtsalt mõnu tundis . 
677	NA	 Kuigi mine tea . 
677	NA	 Kunagi ei või teada . 
678	NA	 Voolik kraapis kõri , ajas oksele ja ei tahtnud sugugi edasi minna . 
678	NA	 Õde hoidis mu pead tahapoole kaldu . 
678	NA	 Selle vastu ei olnud mul midagi . 
678	NA	 Tajusin , kuidas mu sisemus tühjeneb . 
679	NA	 Naha- ja suguhaiguste spetsialist tõmbas lohviku kõrist välja . 
679	NA	 Juba lapsest peale pole ma talunud kummist lohvikuid kõris . 
679	NA	 Samaväärsena nimetaksin vaid kalamaksaõli . 
680	NA	 Lohvik lendas plärtsatades kaussi . 
681	NA	 Üks piisk kukkus mu käeseljale . 
682	NA	" "" Üks null , "" mõtlesin vaikselt . "
683	NA	" "" Kuidas , palun ? "" "
684	NA	" "" Jäin mõttesse . "
684	NA	" "" "
685	NA	" "" Juhtub . "
685	NA	" "" "
686	NA	 Tundsin kergendustunnet , kuigi mu olukord jäi samaks . 
686	NA	 Elaksingi lohvikuga , kui see vaid aitaks . 
686	NA	 Eluaeg santkummituse kombel toruga . 
687	NA	 Mees ei mõelnud kaua . 
687	NA	 Ka õde ootas põnevusega diagnoosi . 
687	NA	 Oli ta ju ikkagi mu pead hoidnud . 
688	NA	 “ Organismist tungib teil välja sapp . 
688	NA	 Kõrvetisi tunnete ? ” 
689	NA	 Suutsin end vaevu vaos hoida . 
690	NA	 Silme eest ujusid kiirustamata mööda lahtikeeratud sisikonnaga meesinimene plakatilt ning süfiliitikust prostituudi haige käsi . 
690	NA	 Pigistasin need kinni . 
691	NA	 Kuid ainult hetkeks . 
692	NA	 Eks nad olid ka pidevast dimedrooli kasutamisest hägused . 
693	NA	 Pilgutasin neid märkamatult paar korda . 
694	NA	 Krapist kostus vaikselt Mahleri “ Laulud surnud lastest , ” tsükli lõbusaim lugu . 
694	NA	 Kõrvuti lustlik lõbusus ja ülev dramatism . 
694	NA	 Samas , võin eksida . 
694	NA	 See võis olla ka HatÜaturjan . 
694	NA	 Mägede keevavereline poeg . 
695	NA	 Tuul tõusis , sahistas kirjusid lehti puudel , vingutas sügiseselt kõrgepingetraate . 
695	NA	 Kuigi kätte oli jõudnud kevad . 
695	NA	 Ma ei tõstnud kraed üles . 
695	NA	 Märkamatult oli kätte jõudnud värvide- ja saagirohke varasügis , talupojad kõplasid põlde , metsamehed valmistusid väsitavaks ning kurnavaks metsatööks , hobustega palkide väljaveoks . 
696	NA	 Jah , umbes nii võis see olla . 
697	NA	 Vaevalt , et tolgi aastal midagi teisiti oli . 
698	NA	 Jah , see igavene looduse , loomade ja inimeste rotatsioon . 
698	NA	 Kirjeldustes ei ole võimalik eksida . 
698	NA	 Kindlasti on see kõik kunagi juhtunud . 
699	NA	 Kui lisada siia veel mõned lendlevad puulehed , on pilt täielik . 
699	NA	 Minu mõttelennus on nad muidugi raisakotka karvavahetusest lahtipudenenud suled . 
700	NA	 Jah , siiski oli kätte jõudnud sügis . 
701	NA	 Kuigi varajane . 
702	NA	" "" Sapp ? "" kontrollisin diagnoosi kõla . "
703	NA	 Mis seal's ikka . 
703	NA	 Pole see leetritest hullem . 
704	NA	 Oma alalises elukohas võtsin mantli seljast ja kuulatasin tähelepanelikult . 
705	NA	 Kõik oli rahulik , käis vaid seinakell . 
706	NA	 Üks-kaks-kolm , üks-kaks-kolm , loendas ta aeglaselt mu jalgu . 
706	NA	 Ei , käsi , ei , kahte jalga ja ühte kätt . 
707	NA	 Naine ootas mind juba . 
707	NA	 Aga mitte nagu ameerika feminist , kes teab tuhandeid asendeid , aga lamab nagu ront . 
707	NA	 Ta oli lihtsalt väsinud . 
707	NA	 Keegi ei tea , mida ta teadis . 
708	NA	 Tal oli seljas lilleline kittelkleit . 
709	NA	 Ta vaatas mind nukrate silmadega . 
710	NA	 Ta pani lauale kalorivaese toidu . 
711	NA	 Saiapätsi . 
712	NA	 Viineri . 
713	NA	 Ja supi . 
714	NA	 Mul ei olnud isu . 
715	NA	 “ Kas sa kikud pesid ära ? ” 
716	NA	 “ Jah , ” vastas naine tülpinult . 
716	NA	 Eks mu haigus mõju halvasti kogu perekonnaelule , intiimsfäärile . 
717	NA	 Ma ei hakanud kontrollima . 
718	NA	 Ta juuksed olid äsja lokitud . 
719	NA	 Seepärast nägi ta välja nagu lammas . 
720	NA	 “ Kas sa kikud pesid ära ? ” 
721	NA	 “ Mul ei olegi kikusid , ” vastas eakas ema teisest toast kiirustamata . 
722	NA	 Ütleme siis pigem , et füüsiliselt ja vaimselt kulunud . 
722	NA	 Ta on ka küüru selga tõmmanud . 
723	NA	 “ Välja löödud ? ” 
724	NA	 “ Ei , vanadus , ” vastas ema üllatunult . “ Kikud on kopsikus . ” 
725	NA	 Varavõitu nagu , mõtlesin . 
725	NA	 Need võinuksid tal suus olla . 
725	NA	 Kuid siiski need pole tal armetult välja löödud . 
725	NA	 Ma ei tahaks seda teemat puudutada , aga tema poeg jäi toidujärajatest ilma mitte loomuliku vanaduse tõttu . 
726	NA	 Maailmas on vaid kahte liiki inimesi – ühed , kellel on hambad , teised , kellel neid ei ole . 
726	NA	 Viimased on alati õnnetud , ükskõik kui õnnelikud nad ka poleks . 
727	NA	" "" Isa , räägi mulle muinasjuttu , "" ütles tütreke ootusrikkalt oma voodikesest . "
728	NA	 Vaatasin ta ilusat näokest ja sädet silmis . 
729	NA	 Kuigi ta on mul pisut haiglane , jätkub tas lapselikku rõõmsameelsust ja elutahet . 
730	NA	 Seepärast oli eriti solvav , et jõhker lasteaiakaaslane teda enne lõunasööki jalaga kõhtu lõi . 
731	NA	 Silitasin ta kõhtu . 
732	NA	" "" Kas on valus ? "" "
733	NA	" "" Ei , "" vastas tüdruk vapralt . "
734	NA	 Mul oli valus . 
735	NA	" "" Kas nagu ikka hundist , kes väikese punase mütsiga tüdrukukese ära sõi ? "" "
736	NA	" "" Ei . "
736	NA	" "" "
737	NA	" "" Või siis kurjast võõrasemast , kes väikese ilusa tüdrukukese talvel metsa lilli otsima saatis ? "" "
738	NA	" "" Ei . "
738	NA	" "" "
739	NA	" "" Ehk kurjast võõrasemast , kes käskis jahimehel väikese tüdruku maha lasta ? "" "
740	NA	" "" Rebasest ja kassist , kes Buratinolt raha välja petsid ? "
741	NA	 Elli raputas pead . 
742	NA	" "" Mulle ei meenu neid enam . "
742	NA	" Ehk siis hundist , kes kolme nuumatud põrsakest nahka pista tahtis ? "" "
743	NA	" "" No olgu siis pealegi . "
743	NA	" "" "
744	NA	 Kunagi ammu-ammu , kui Maakeral valitses veel õiglus , elas pimedas paksus metsas üksik hunt - del Loco . 
744	NA	 Kuna ta oli vaene , pidi ta päevast päeva tööd rügama kolme pekiste tagumikega noorukist sea laudas . 
745	NA	 Ta küüris nende uhket sulgu , tegi neile talveks heina , kasvatas kartulit , suhkrupeeti ning nisu , jahvatas jahu , viskas sõnnikut , sügas selga . 
746	NA	 Ainus tänu talle tehtud töö eest oli vihane ruig . 
747	NA	 Kolm nuumsiga ei olnud kunagi tehtud tööga rahul ja ei tänanud del Locot . 
747	NA	 Palka sai aga del Loco nii vähe , et lihast võis ta ainult unistada . 
747	NA	 Aga hundi organism nõudis seda . 
748	NA	 Ühel päeval leidis ta karu poolt maha pillatud Kommunistliku Partei Manifesti . 
749	NA	 Öösiti õppis del Loco vene keelt , et seda mõista . 
750	NA	 Juba olid tal selged kõik joptujumatid ja huinarõlad , siis ka ülejäänud leksika . 
751	NA	 Üha vastikumaks muutus hallivatimehele see kultide ja emiste nuumamine , see raske füüsiline töö sandikopikate eest , nende rasvaste tagumike lõhn , see lõputu searuig ja alandus - tema , don Loco , peab taluma mingite sigade solvanguid . 
752	NA	" "" Ei , "" ütles ta endale . "
753	NA	 Öösel võttis ta seatapmispussi , hiilis vennakeste individuaallautadesse ja lõikas neil ühekaupa kõrid läbi . 
754	NA	 Nad ei jõudnud korralikult vingahtadagi nagu siga aiavahel . 
755	NA	" "" Aga miks don Loco ei oodanud , millal põrsastest kasvavad emised ja kuldid ? "" küsis majanduslikult mõtlev tütreke . "
755	NA	" "" Vähemalt kolm korda rohkem liha . "
755	NA	" "" "
756	NA	" "" Suurtest kultidest ja emistest ei saanuks ta enam jagu . "
756	NA	 Nad oleks ta oma laiade tagumikega vastu seina laiaks litsunud . 
756	NA	 Vaenlane tuleb hävitada juba eos . 
756	NA	" "" "
757	NA	" "" Mõistan , "" ütles tütreke . "
757	NA	 Ja juba ta magas . 
758	NA	 Juba Matteuse evangeeliumis kirjutati , et Jeesus Kristus Superstaar ajas kahe mehe deemonid sigadekarja sisse . 
758	NA	 Kurjast vaimust vaevatud röhkijate kari hüppas aga kaljult alla ja kaotas allvoolavas vees oma elu . 
758	NA	 Linnarahva viha sai tunda aga loomulikult usklike lunastaja . 
758	NA	 Igal juhul muhameedlased peavad sealiha peale seda mustaks . 
759	NA	 Astusin mõned korrad rahutult üle toa , kuulatasin . 
759	NA	 Naine magas juba , ta üsk oli tühi , ta oli väsinud . 
759	NA	 Mu silme ees rullusid lahti rõvedad plakatid haiglaseinal , pakkjalad , gigantsed kääbuste kuningad , süfiliitiku paistes käed haaramas mu niigi tursunud kõri . 
759	NA	 Proovisin kiigata suguhaige suhu , et kindlaks teha tema hammaste seisukorda , kuid need hüppasid millegipärast töölispatsiendi viinast puretud maksa ja asetusid sinna kindlalt paigale . 
760	NA	 Nii tekkis kummaline olend , keda võiks parema võrdlusvõimaluse puudumise korral nimetada Purihambuliseks putsiks – Vagina dentata . 
760	NA	 No tõesti sarnane , kui lähemalt vaadata . 
760	NA	 Haruldane sarnasus . 
761	NA	 Kujutage seda endale ette . 
762	NA	 Esialgu olend kohanes oma uute võimalustega . 
763	NA	 Uuris teraselt ümbrust . 
763	NA	 Tema vilavas pilgus olid samaaegselt ühendatud Üaakallik nahaalsus ja koeralik alandlikkus . 
763	NA	 Kõige raskem ongi just nende vaenlastega hakkama saada , kelle puhul te ei ole kindel , kas oodata tema hammustust või mitte . 
763	NA	 Hambad oli tal lamedad . 
764	NA	 Nagu hobusel . 
765	NA	 Pilt polnud just meeldivate killast . 
765	NA	 Kuigi mõlemad olendi osad kulunuksid mulle eraldi võttes ära . 
765	NA	 Üks mu füüsiliste teine vaimsete vajaduste rahuldamiseks . 
766	NA	 Hetkeks tundsin end loodusteadlasena , kes on avastanud mõne varem tundmatu sitika . 
766	NA	 Puudus ainult loodusteadlasele sel puhul omane eufooria . 
766	NA	 Putukas jätab mind täiesti külmaks . 
767	NA	 Vagina dentata oli kõvasti üle keskmise suurusega . 
768	NA	 Nii vägevast olen kuulnud ainult TÜapaevi ja Petka anekdootides . 
769	NA	 Uus organ , või liik , vaatas mulle hindavalt silma sisse . 
770	NA	 Teraselt . 
771	NA	 Aga mitte nagu silmaarst . 
771	NA	 Kaugeltki mitte . 
771	NA	 Pigem nagu günekoloog . 
772	NA	 Teraselt . 
773	NA	 Vaagis oma vastase füüsilist tugevust ja vaimset võitlustahet . 
774	NA	 Ega tal midagi erilist vaagida olnud . 
774	NA	 Kuigi aeg-ajalt välgatas mus veel seda endist suursugusust ja vilkust . 
774	NA	 Välgatasid mu karatetreeningud , välgatasid mu unistused , välgatas mu esimene järk vene kabes . 
774	NA	 Aga mitte vene rulett . 
774	NA	 Las see välgatab nõrkadel . 
774	NA	 Tugevad peavad vastu . 
775	NA	 Purihambuline puts proovis kohe ka oma võimalusi . 
775	NA	 Õnneks polnud ta hambad kuigi teravad . 
775	NA	 Tema lõugadel polnud buldogi haardetugevust . 
775	NA	 Suutsin siiski kummalise eluka , peab tunnistama , et kummaline see oli , lõugade haardeulatusest tänu oma kiirusele eemale hüpata . 
775	NA	 Need klõpsatasid kinni ümber ühe minu veniva kolhoosnikusoki . 
776	NA	 Kahtlemata oli elukas must kiirem ja osavam ning taktikaliselt õigem oli välgukiirusel jalga lasta . 
777	NA	 Kargasin vannituppa ning lõin ukse tagantkätt kinni . 
777	NA	 Lükkasin riivi ette . 
777	NA	 Kuulasin veel , kuidas ta ukse taga jõuetus vihas lamedate hammastega tapeeti seinalt rebis ja matsutades sokki näris . 
777	NA	 Napp võit . 
778	NA	 Kuigi , kas põgenemist saab üldse võiduks pidada . 
779	NA	 Välkkiire hüpe võttis mind pisut lõõtsutama . 
779	NA	 Isegi süda lõi kiiremini . 
779	NA	 See olnuks nüüd küll kummaline surm . 
779	NA	 Kujutasin ette lahkaja diagnoosi minu kehale : “ Surma põhjus – Vagina dentata . ” Kujutasin ette doktorite muigel nägusid . 
779	NA	 Selle peale naeraks isegi . 
780	NA	 Pistsin pea vee alla . 
781	NA	 Vesi voolas ojadena . 
782	NA	 Hiljem asja üle rahulikult järele mõeldes , pani mind Vagina dentataga kohtumine ainult muigama . 
782	NA	 Ei mingit hirmu enam . 
782	NA	 Lõppude lõpuks on temagi looduse osa , olend nagu igaüks meist . 
782	NA	 Ainult tunduvalt väiksem . 
782	NA	 Eks uued asjad ja olukorrad tekitavad meis alguses ikka pisut võõristust . 
782	NA	 Peaasi , et see võõristus pikapeale kaoks . 
782	NA	 Ei painaks sinu kohkunud hinge . 
783	NA	 Ööd ja päevad . 
784	NA	 Võimalik , et selle loomaga oleks saanud peale hingeliste sidemete loomist koguni suguühtesse astuda . 
784	NA	 Loomulikult tuleks siis kirehetkel äärmist ettevaatlikust säilitada . 
785	NA	 Keerasin raadio lahti . 
785	NA	 Ma ei talu vaikust . 
786	NA	 “ Ärge muretsege , hakake elama , ” ütles kodukootud Ameerika psühh . “ 
787	NA	 Koduperenaised kuulasid teda huviga . 
788	NA	 Tõmbasin ninaga paar korda õhku , kuid sain vaid tõestust rahvatarkusele , et raha ei haise . 
788	NA	 Eriti raadio kaudu . 
788	NA	 Olen muide ka ise mitmeid kordi mõelnud ärindusse sukeldumise peale . 
788	NA	 Kahjuks on aga seal teatud keha eritisi minu jaoks liiga palju . 
788	NA	 Oma lüheldase kasvu tõttu võib see kõik mul lihtsalt üle pea kokku lüüa . 
788	NA	 Taoline surm poleks just meeldivate killast . 
788	NA	 Kuigi – vaevalt on mõni elust lahkumise viis teisest etem . 
789	NA	 “ Vaadake elu helgemat poolt , ” kostus krapist . 
790	NA	 Vaatasin kurdusid näol , sugutijuurel ja teatud pingutusega paremal kannikal . 
790	NA	 Ja tõmbasin suu laiale hääletule naeratusele . 
790	NA	 Helge elu sundis mind lõbususele . 
791	NA	 “ Huumoriga saab jagu ka elu raskematest momentidest , vaadake näiteks mind … ” 
792	NA	 Androgüün demonstreeris midagi läbi eetri ja sumises mu kõrva ääres edasi . 
793	NA	 “ Ja nüüd , üks-kaks-kolm-neli , üks-kaks-kolm-neli . 
793	NA	 Lõbusamalt … ” 
794	NA	 “ Üks-kaks-kolm , üks-kaks-kolm , ” loendas krapp pisut liimist lahti majandusteadlase hoolikalt läikima hõõrutud hambaid . 
795	NA	" "" Ostke kõik raamat , ärge muretsege ja hakake elama … "" "
796	NA	 Lömastasin krapi . 
797	NA	 Lamasin vaikselt oma truu naise kõrval töölistele määratud voodis . 
797	NA	 Keegi polnud tahtnud seda mult veel ära võtta . 
797	NA	 Inimesel peab olema midagi , millest raskel hetkel kinni hoida . 
798	NA	" "" Halleluuja ! "" "
799	NA	 Lõhestas vaikust lömastatud krapp . 
800	NA	 Kell tegi oma igapäevaseid üksluiseid tiire . 
800	NA	 Isegi siis , kui need olid laiali nagu prostituudi jalad – osutid . 
801	NA	 Töölislinnakust , see tähendab sealt , kus ma elan , kostus peenike , luust ja lihast läbilõikav tehasevile . 
802	NA	 Polnud raske arvata , et nad kiirustavad tööle . 
803	NA	 Ühekaupa ja krupiti , ühekaupa ja grupiti , ühekaupa ja grupiti … . 
804	NA	 Ühekaupa 
805	NA	 ja 
806	NA	 grupiti . 
807	NA	 Ühekaupa 
808	NA	 ja 
809	NA	 grupiti . 
810	NA	 Tundsin , kuidas mu väsinud laud raskeks muutusid . 
811	NA	 Teadsin , et nad kiirustavad tööle . 
812	NA	 Ühekaupa ja krupiti . 
813	NA	 Sulgesin silmad . 
814	NA	 Ajus laiutas päratu suur purihambuline puts . 
815	NA	 Talle ei läinud korda ei minu valu ega kurblik rõõm . 
816	NA	 Ta vaatas mulle teraselt otse näkku . 
817	NA	 Puts neelas minu jõuetu pilgu endasse ja ei lasknud enam lahti . 
818	NA	 Tundsin , kuidas tema vihkamist täis pilk hüppas minu verdtäisimbunud silmisse . 
819	NA	 “ Kas see on äng , isa ? ” küsis mu surnud tütar . 
820	NA	 Äng rõhus mu südant . 
