par_nr	head	sentence
1	 Hüvitis 	 Hüvitis 
2	NA	 Juhan Habicht 
3	NA	" "" Mida sa jood üldse ? "" "
4	NA	" "" Pole sinu asi , tead ! "" "
5	NA	 Ega eriti olnudki . 
5	NA	 Kui mitte arvestada , et mina olin selle talle välja teinud . 
5	NA	" Sellised kombed siin "" Metsiku Lääne Üksildaste Südamete Klubis "" kord juba olid . "
5	NA	" Ma polnud päris kindel , mida tähendab "" Metsik Lääs "" , võimalik , et see oli kuidagi seotud siinse kõrtsi eripära ehk suure ekraaniga , millelt näidati vanamoelist kinu , kus kaks jõuku mehi mingil vähearenenud planeedil üksteist algeliste tulirelvadega taga ajasid . "
5	NA	 Et vaatajal selgem oleks , kandis üks meeskond valgeid , teine musti peakatteid . 
5	NA	 Kui liiva seest poleks välja turritanud miskid rohekad vorstilaadsed moodustised , võinuks oletada , et see on siinsamas Jolbertil linti võetud . 
5	NA	 Igatahes oli see nii parasjagu totter , et üksildastel südametel — jah , sellest mõistest sain ma ehk pisut paremini aru — oleks , millest omavahel rääkida . 
5	NA	 Ja ennast mitte enam nõnda üksildasena tunda . 
6	NA	" "" Ükskõik , eks ole ju , "" lisas ta leplikumalt . "
7	NA	 Siuke blond . 
7	NA	 Ja meeldivalt ümar . 
7	NA	 Natuke halli seas , kui ma keemia mitte-just-kõikvõimsusest õieti aru sain . 
7	NA	 Aga või siis mina kellegi raske lapsepõlve vastu midagi ette sain võtta . 
7	NA	 Ja et ükskõik , hakkas mulle endalegi tunduma . 
7	NA	 Ainult et : kui ta nüüd korraliku — või pisut enamgi — napsi raha eest teed lürpis , võinuks seda pidada avansiks . 
7	NA	 Muude teenuste eest . 
8	NA	" "" Vaata , kes seal on , "" osutasin tema selja taha . "
8	NA	 Ja kui ta end tõepoolest pööras , napsasin klaasi ning maitsesin . 
8	NA	 Suutmata paraku alkoholisisalduses selgusele jõuda . 
8	NA	 Midagi seal oli . 
8	NA	 Kas just hinna vääriliselt , ei osanud ma arvata . 
9	NA	" "" Tõmba minema , "" oli ta mu liigutust märgates tõsiselt pahane . "
9	NA	 Ja tõukas klaasi demonstratiivselt eemale . 
9	NA	" "" Mine ja laku oma semudega või vaata kinu või vaju maa alla , aga jäta mind rahule. "" "
10	NA	 Kuidagi totralt kukkus välja . 
10	NA	 Ära minna oli tobe ja paigale jääda oli tobe . 
10	NA	" "" Nad räägivad jalgpallist , "" kurtsin . "
11	NA	" "" Ja sa oled nagu rohkem kriketi-fänn ? "" võttis ta vaevaks vähemalt vastata . "
11	NA	" "" Need käivad teises kõrtsis. "" "
12	NA	" "" Ei , ega mul poleks midagi selle vastu , kui just meie kaevanduse jõuk kasvõi Viie Planeedi Mängudel meistriks tuleks , aga mulle ei meeldi jahuda , mitu sekundit keegi söödu ajastamisel eksis või nii , "" patrasin . "
13	NA	" "" Ahah , "" haigutas ta igavlevalt , silmi suurelt ekraanilt pööramata . "
13	NA	" "" Nagu ma juba ütlesin , tõmba minema , poisu , meil ei tule sinuga midagi välja . "
13	NA	" Ja võta see klaas kaasa , "" lisas ta nagu meeldetuletuseks . "
14	NA	" "" Ma tahtsin ainult teada , misasi see on. "" "
15	NA	 Enam ta vastata ei viitsinud . 
15	NA	 Mulle tuli meelde , et mõnel pool ollakse kehavedelike vahetamise suhtes nii ettevaatlikud küll , et ka sülg tuleb arvesse , aga keegi polnud mind hoiatanud , et siin võiks nii olla . 
15	NA	 Üldse polnud keegi eriti seletanud , mis siin on ja mida pole . 
15	NA	 Liiv , eks ju , mis siis veel tahta . 
16	NA	 Läksin kolleegide-saatusekaaslaste juurde tagasi . 
16	NA	 Midagi nad seal jõmisesid . 
16	NA	" "" Kui ta veel kaks sekundit oleks palli oma käes hoidnud ... "" ütlesin . "
16	NA	" "" Siis oleks ta kotti pandud , "" leidis Kolõvanov . "
16	NA	" "" Millest sa räägid üldse ? "" "
16	NA	 Kehitasin õlgu . 
16	NA	" "" Viitsid , proovi ja ütle , mis see on , "" vehkisin kaasavõetud klaasiga . "
16	NA	" "" Täitsa lolliks läind , "" polnud ta üldse huvitatud . "
16	NA	 Jätsin klaasi lauale — äkki mõni kogemata siiski proovib — ja lonkisin baarileti äärde . 
16	NA	 Tellisin viski , rüüpasin ära . 
16	NA	 Ootasin paar minutit . 
16	NA	 Põlved läksid nagu natuke pehmemaks ja olemine pisut unisemaks . 
16	NA	 Mul oli ähmane mälestus , et midagi võiks veel juhtuda . 
16	NA	 Aga kui ei , siis ei . 
16	NA	 Väga ei huvitanudki . 
16	NA	 Nagu ka suveniiriks saadud klaasi sisu , meeste loba või muud elu pisikesed müsteeriumid . 
16	NA	 Koju ja magama ... 
17	NA	 Tööga oli nii , et kaks päeva tööl ja üks vaba . 
17	NA	 Lakkuda võis pärast selle teise tööpäeva lõppu . 
17	NA	 Vaba päeva hommikul ehk ka , aga kes see hommikul ikka suuremat hoolib . 
17	NA	 Asi selles , et uuesti tööle ilmudes tuli torusse puhuda . 
17	NA	 Õhk puhas , said traktori . 
17	NA	 Miskid jääknähud — said labida . 
17	NA	 Jupp vahet . 
17	NA	 Eriti selles , et traktoril on katus . 
17	NA	 Mina polnud labida peale sattunud . 
17	NA	 Ei tahtnud ka . 
18	NA	 Koju , koikusse ja magama . 
18	NA	 Ning tuli jälle sama unenägu . 
18	NA	 Mitte et ma seda lausa iga öö oleksin näinud , aga igatahes kippus korduma . 
18	NA	 Mingi linn . 
18	NA	 Polnud tähtis , milline , sest ma nägin vaid tühist osa sellest . 
18	NA	 Igatahes tänav . 
18	NA	 Istusin kõnniteel ja toetusin seljaga vastu maja . 
18	NA	 Ma ei tea , mis maja see oli , ainus , mis luges , oli see , et pakkus mu seljale kindlat tuge . 
18	NA	 Maja oli selja taga , ma ei näinud seda ja ei huvitanud ka . 
18	NA	 Taevas oli pime , minust kummalgi pool , paarikümne meetri kaugusel , põlesid tuhmid tänavalaternad . 
18	NA	 Tänav ise oli vihmajärgselt niiske ja läikis laternavalguses . 
18	NA	 Nii et päris kindlasti ei olnud see Jolbertil , sest siin ei saja , eks ole . 
18	NA	 Istusin , ja üsna otse minu ees , kõnniteeserva taga rentslis , oli äravoolurest . 
18	NA	 Mul on tunne , et kui ma seda und esimest korda nägin , siis oligi ainult rest , muud ei midagi . 
18	NA	 Istusin aga seepärast , et ei jaksanud edasi minna . 
18	NA	 Oli kuidagi õudselt paha olla . 
18	NA	 Olin kusagilt tulnud , tundnud , et ei jaksa enam , ja maha istunud . 
18	NA	 Ühtlasi olin kindel , et see pole haigus , vaid mingi keemiaga liialdamise tulemus . 
18	NA	 Kasvõi näiteks alkoholiga . 
18	NA	 Istusin , ei jaksanud ennast liigutada , ja samas teadsin — unes ikka — et selline seisund ei ole minu jaoks just haruldane . 
18	NA	 Et puhkan natuke ja küll läheb üle . 
18	NA	 Ainult seal rentslis , resti peal oli midagi . 
18	NA	 Iga järgmise unenäoga ikka rohkem , või kuidas seda seletada . 
18	NA	 Midagi sinakat . 
18	NA	 Määrdunudsinist . 
18	NA	 Neljanurgelist . 
18	NA	 Mis meenutas näiteks rahakotti . 
18	NA	 Tõepoolest , iga kord oli see üha rohkem rahakoti moodi . 
18	NA	 Aga ma ei jaksanud liigutada . 
18	NA	 Isegi mitte kätt sirutada . 
18	NA	 Õudselt tüütu unenägu . 
18	NA	 Isegi kui tead , et see on ainult unenägu . 
18	NA	 Ma nagu teadsin — ja tahtsin , et see enam tagasi ei tuleks . 
18	NA	 Aga selleks pidin ma midagi tegema . 
18	NA	 Ei suutnud , aga pidin . 
18	NA	 Julgustasin end — ikka unes — kätt sirutama . 
18	NA	 Kinnitades , et kui hakkabki veel halvem , siis ei saa juhtuda midagi hullemat ülesärkamisest . 
18	NA	 Mis oleks isegi tervitatav . 
18	NA	 Nii et vähehaaval sirutasin ma käe välja . 
18	NA	 Tundsin sõrmeotstega kulunud nahkpinda ja lõõtsutasin tükk aega . 
18	NA	 Nihutasin seda sinist asja , mis tundus tõesti rahakott olevat , mõne sentimeetri võrra enda poole . 
18	NA	 Kuni kõnniteeservani . 
18	NA	 Edasi ei andnud enam nihutada . 
18	NA	 Valmistusin pingutuseks , et rahakotti kätte haarata . 
18	NA	 Siis läks pilt korraks ära . 
18	NA	 ( Ka selles , meenus mulle , pole midagi ebatavalist . ) 
18	NA	 Tuli tagasi . 
18	NA	 Istusin samas kohas ja sinine kulunud rahakott oli mul pihus . 
18	NA	 Ei tundunud tuttav . 
18	NA	 Veel üks tohutu pingutus , ja ma avasin rahakoti . 
18	NA	 Selle vahel olid mõned plastkaardid . 
18	NA	 Mõni neist võis tähendada raha . 
18	NA	 Mida ma vaevalt küll kätte saan . 
18	NA	 Ei tea kontrollkoodi , ei vasta isikukirjeldusele ja nii edasi . 
18	NA	 Nii et kasutu värk . 
18	NA	 Kujund kõige pealmiselt kaardilt tundus kuidagi tuttav . 
18	NA	 Mingi silm , mingid kiired . 
18	NA	 Lasin rahakoti lahti ja see kukkus maha . 
18	NA	 Mina ärkasin üles . 
18	NA	 Ei olnud veel hommik . 
18	NA	 Pöörasin teise külje . 
18	NA	 Unenägu ei tulnud enam tagasi . 
19	NA	 Aga kui hommik — ja vaba päeva arvestades üsna hiline hommik — lõpuks kätte jõudis , oli midagi sellest unenäost meeles . 
19	NA	 Ja kuna mul nagunii midagi mõistlikku teha ei olnud , siis ma sorteerisin natuke kotti , millega ma Jolbertile olin saabunud . 
19	NA	 Kus muu üpris kasutu kola hulgas oli lömmis karp mõttetute kaardikestega . 
19	NA	 Mitte et ma neid kunagi kogunud oleksin . 
19	NA	 Kindlasti olin ma neid elu jooksul terve hulga ära visanud . 
19	NA	 Aga küllap oli mul olnud harjumus , et kui kaardi kujundus mulle millegi poolest huvitav tundus , pistsin ma selle kuhugi laekasse . 
19	NA	 Kõik rahaga seotu olid ametivõimud muidugi konfiskeerinud . 
19	NA	 Aga kui Greenstone'i Rahvuspargi kolmepäevasele külastajakaardile — ja just see sattus kõige peal olema — oligi jäänud realiseerimata õigusi veel mõnede madude nägemiseks , siis olnuks selle rahaks vahetamine üpris komplitseeritud . 
19	NA	 Kui nii võtta , siis oli nende kasutute asjade karpikogumine ja mulle kaasa panemine lausa mõnitamine . 
19	NA	 Et kui mul oli õigus isiklikele asjadele , olgu need siis eriti totrad . 
19	NA	 Paljudel kaartidel polnud peal mingit kasutamisjuhendit . 
19	NA	 Lihtsalt mingi firma logo — kui sedagi . 
19	NA	 Ja mul polnud aimugi , oli see siis viie aasta eest aegunud transpordikaart mõnes siit väga kauges linnas või samakaugel asuva luksuskaubamaja kliendikaart . 
19	NA	 Mäluga oli just nii , nagu oli , ja selle eest , et mulle vaid kasutu praht jääks , olid hoolitsenud oma ala profid . 
19	NA	 Aga ... sümbol ühe sinaka plastikutüki peal meenutas küll seda , mida ma unes näinud olin . 
19	NA	 Mitte täpselt , muidugi , aga mingi sarnasus oli . 
19	NA	 See kuulus nende kirjadeta kaartide hulka . 
19	NA	 Kohe järgmiselt sain teada , et olen mingi haridusprogrammi kuldsponsorina annetanud summa , mis võrdus enam-vähem mu siinse aastapalgaga . 
19	NA	 Mõistetav siis , et ma ei kippunud neid kaardikesi igal õhtul nostalgiliselt lappama . 
19	NA	 Aga see sinine — selle võis ju taskusse pista . 
19	NA	 Ja kui sümbol mulle unes tuttavana oli tundunud , siis mitte kaardilt , mille olemasolu olin unustanud aastaid tagasi ... 
19	NA	 Nojah , jälle see mälu-värk ... 
20	NA	 Läksin ja hulkusin ringi . 
20	NA	 Päevaga võinuks linnakese kõik tänavad algusest lõpuni läbi käia . 
20	NA	 Polnud lausa eesmärk ... 
20	NA	 Ja mõnda poekesse võis sisse astuda . 
20	NA	 Kuigi pidi olema üsna selge , et ma ei kavatse endale uut teeserviisi osta . 
20	NA	 Ega ka midagi muud . 
20	NA	 Aga kindlasti oli veel tänavajuppe , kuhu ma polnud sattunud . 
20	NA	 Või kus olin käinud , vilksamisi silmanurgast märganud — jah , just seda seal . 
20	NA	 Eksklusiivsete näokreemide poekese ja pesumaja vahel . 
20	NA	 Silt ainult kohalikus keeles , mida ma polnud viitsinud lugema õppida . 
20	NA	 Aga silm ja kiired olid ukse peal küll . 
21	NA	 Olin juba paar sammu möödas , pöörasin ringi ja astusin sisse , ukse liikumise peale hakkas kelluke meloodiliselt helisema . 
21	NA	 Väike ooteruum , paar tooli , paar argist kappi , laud monitoriga , laua taga tütarlaps . 
21	NA	 Silmad kinni , silmanurgad ülespoole . 
21	NA	 Siuke tõmmu , sirged mustad juuksed õlgadeni . 
21	NA	 Tegi silmad aeglaselt lahti ja naeratas heatahtlikult . 
21	NA	 Istusin tema vastu , teisele poole lauda . 
21	NA	" Seljas oli tal lihtne sinine kittel — ja südame kohale oli tikitud "" Kyoko "" . "
22	NA	" "" Et on muret või ? "" küsis ta . "
22	NA	 Kuidagi koduselt , sugugi mitte ametlikult . 
22	NA	 Minul polnud aimugi , mis koht see üldse on . 
23	NA	" "" On küll , "" kinnitasin . "
23	NA	" "" Kas Kyoko oled sina ? "" uurisin . "
24	NA	" "" Jah , muidugi , "" oli ta vist isegi üllatunud . "
25	NA	" "" Kyoko Date oli kunagi kuulus laulja , "" meenutasin . "
26	NA	" "" Võimalik , "" naeratas ta viisakalt . "
26	NA	" "" Aga see mure ? "" "
27	NA	" "" Mure ? "
27	NA	 Mure jah . 
27	NA	" Naised ei tunne enam minu vastu huvi. "" "
28	NA	" "" Võibolla on see vastastikune ? "" küsis ta muutumatu lahkusega . "
29	NA	" "" Võimalik , aga asi pole vist ainult selles. "" "
30	NA	" "" Siis ma pean täpsustuseks küsima , millised naised ? "
30	NA	" Kas küsimus on ühes konkreetses või on see kuidagi laiem probleem ? "" "
31	NA	 Kui ta seda nii asjalikult küsis , võis jääda mulje , nagu oleksin ma tõesti õigesse kohta sattunud . 
31	NA	 Mis oli muidugi võimatu . 
32	NA	" "" Ütleme , naised "" Metsikust Läänest "" . "
32	NA	" Ja tegelikult "" Varaanist "" ka. "" "
33	NA	" "" "" Metsikus Läänes "" on nad suhteliselt kallid , "" teatas ta lausa südamlikult . "
33	NA	 Nagu mu kulunud rõivastele vihjates . 
34	NA	" "" Huvipuuduse kohalt võib sul õigus olla , "" nõustusin . "
34	NA	" "" Ükski neist ei huvitanud mind sedavõrd kui sina . "" "
34	NA	 Tegelikult ma mõtlesingi nii . 
34	NA	 Ta meeldis mulle . 
34	NA	 Midagi tema lõuakaares ja kaelas ja juuste vahelt paistavas kõrvalestas äratas minus — noh , ma ei tea , mingi õrnuse . 
34	NA	 Mingi tundevarjundi , mida ma polnud vist juba väga tükk aega kogenud . 
34	NA	" "" Kas ma võin sind kuhugi kutsuda ? "" "
35	NA	" "" Hmmm , "" tegi ta ainult , aga päriselt ta naeratus ei kadunud . "
36	NA	" "" Tead , sa meeldid mulle . "
36	NA	" Muidugi olen ma nõus kõigi ettevaatusabinõudega , isegi suukorviga , kui siin vedelike suhtes nii tundlikud ollakse , "" patrasin kiiruga . "
37	NA	" "" Vaata ... "" ütles ta ja ma olin kindel , et ta otsib viisakaks äraütlemiseks sõnu , aga selgus , et ta mõtleski vaatamist . "
37	NA	 Ta oli käed lauale asetanud , pihupesad allapoole , ja küünte alt tungisid esile kolmnurksed terad . 
37	NA	 Paari sentimeetri pikkused ja igasuguse kahtluseta väga teravad . 
38	NA	" Nüüd oli minu kord mõtlikult "" hmmm "" teha . "
39	NA	" "" Eks ole , "" kinnitas ta . "
39	NA	" "" See on ... refleksidega ühendatud . "
39	NA	 Kui noviitsiaeg mööda saab , siis ühendatakse ümber . 
39	NA	 Siis ma saan neid teadlikult kasutada . 
39	NA	" Aga praegu — tarvitseb mul vaid seksile mõelda , ja need on kohe väljas. "" "
40	NA	" "" See võib isegi huvitav olla ... "" "
41	NA	" "" Ei ole , "" kinnitas ta veendunult . "
42	NA	" "" Aga sa siis ikkagi mõtlesid ? "" olin ma üllatunud . "
43	NA	" "" Ma mõtlesin , milline sa suukorviga välja näeksid . "" "
43	NA	 Mulle tundus , et see polnud enam sekretäri valvenaeratus , vaid päris siiras irve . 
44	NA	" "" Nojah , eks sa ise tea , "" jäi mul vaid öelda . "
45	NA	" "" Tean , "" ütles ta , ja terad kadusid küünte alla tagasi . "
45	NA	" "" Nii et ... "" "
46	NA	" "" Tegelikult oli mul see ka , "" viskasin sinise plastikutüki hooletult lauale . "
47	NA	" "" Vaatame , "" pistis ta selle asjalikult lugejasse . "
47	NA	 Ja tema silmad läksid suureks . 
47	NA	 Peaaegu ümmarguseks . 
47	NA	" "" ID ka , palun , "" ütles ta . "
47	NA	 Kuidagi vaikselt . 
48	NA	 Otsisin isikukaardi , Jolbertile jõudes oli mulle uus antud , määrdunudhall , nagu liigagi palju asju siin . 
48	NA	 Ta söötis selle ka oma masinasse . 
48	NA	 Ja põrnitses midagi hämmastunult . 
49	NA	" "" Ei klapi või ? "" uurisin . "
50	NA	" "" Isikukirjeldus klapib , "" ütles ta ja hakkas siis itsitama . "
50	NA	" "" Ainult et kolmekuuse kohta on su huvi naiste vastu kuidagi varaküps . "
50	NA	" Aga kolmekuuse kohta oled sa üldse kiire arenguga olnud. "" "
51	NA	" "" Kolmekuuse ? "" ei saanud ma aru . "
51	NA	" "" Umbes kolm kuud olen ma Jolbertil olnud küll , aga ... "" "
52	NA	" "" Minu meelest see ei ole siin üldiseks tavaks , "" vangutas ta pead , "" aga ilmselt on isikukaardil saabumisaeg sünnipäevaks pandud . "
52	NA	" Ja sünnikoht on Jolbert. "" "
53	NA	 Millegipärast jättis see mind suhteliselt ükskõikseks . 
53	NA	 Võimalik , et enne ametlikult täisealiseks saamist poleks ma saanud äralennupiletit , aga mul polnudki plaanis niipea lahkuda . 
53	NA	" "" Aga see teine ? "" "
54	NA	" "" Jah . "
54	NA	" Kas ma tohiks ... "" ulatas ta mulle aluse , kuhu ma pidin pöidla suruma . "
54	NA	 Ja siis torukese , kuhu pidin sisse vaatama . 
54	NA	 Õigemini vaatas toru küll minu silmapõhja . 
55	NA	" "" Silm klapib , DNA lubatud tolerantsi piirides , "" pomises ta omaette . "
55	NA	 Tõstis siis pilgu ja vaatas mind huvitatult . 
55	NA	" "" Ma pole kunagi varem nii põhjalikku kaetamise-vastast kindlustust näinud. "" "
56	NA	" "" Tuleb meelde , et ma lasin oma juristil sellega terve nädala tegeleda , "" ütlesin . "
56	NA	 Tegelikult tuligi midagi meelde . 
57	NA	" "" Siis muidugi , "" noogutas ta tõsiselt . "
57	NA	 Itsitas korraks ja tegi uuesti tõsise näo . 
57	NA	" "" Lihtsalt — valdaval osal siinsetest elanikest pole võimalust nii põhjaliku juristi palkamiseks. "" "
58	NA	" "" Ma mõistan , "" laiutasin käsi . "
58	NA	 Kuigi eriti ei mõistnud . 
59	NA	 Kyoko laiutas samuti käsi . 
59	NA	" "" Nii tõsine juhtum ei kuulu minu kompetentsi . "
59	NA	 Mul on kahju , aga ... 
59	NA	 Eminents on ära , ringreisil . 
59	NA	 Üksi mitme planeedi peale , eks ole . 
59	NA	" Tuleb nädala pärast. "" "
60	NA	" "" Mu töögraafik on selline , et — kas üheksa päeva pärast sobib ? "" "
61	NA	" "" Kahtlemata . "
61	NA	" Kui ta niisugusest juhtumist kuuleb , jääb ta ilmselt pikemaks ajaks siia pidama , "" naeratas Kyoko . "
61	NA	" "" Kas ma tohin teed pakkuda ? "" "
62	NA	" "" Tänan , järgmine kord , "" ütlesin . "
62	NA	 Ta meeldis mulle , aga mul oli tunne , et põgusa mälestusena meeldib ta isegi rohkem . 
62	NA	 Nii et pisut nõutult korjasin laualt oma kaardid , pistsin taskusse ja kõndisin minema . 
62	NA	 Kelluke helises ka väljumisel . 
63	NA	 Kaalusin hetke — või ligi pool tundi — , kas tasub riskida jääknähtude ja labidaga . 
63	NA	 Leidsin , et võib küll . 
63	NA	 Mul ei olnud aimu , mis võiks olla kaetamise-vastane kindlustus , ja ma ei viitsinud selle peale mõelda . 
63	NA	 Labidaga kühveldamine olnuks nagu eriti kindel võimalus mitte mõelda . 
63	NA	 Üllatus küll , pääsesin siiski traktori peale . 
63	NA	 Või kuidas seda aparaati nimetadagi . 
63	NA	 Mis liiva kogub . 
63	NA	 Liiva , muideks , on mitmesugust . 
63	NA	 Ja siin on ka sellist halli tolmu , mis ei kõlba isegi kassipeldikute täitmiseks . 
63	NA	 Üldse on kõik üpris hall . 
63	NA	 Jolbertile sattudes mind vist veidi aega isegi häiris , et siin kõik nii värvitu ja hallitooniline on , aga ju ma olen ära harjunud . 
63	NA	 Ja hallil ning kollakal ja pruunikal on ju samuti lõputult varjundeid . 
63	NA	 Mille järgi kvaliteetsemat liiva ära tunda . 
64	NA	 Tegelikult ei pea kolmandal päeval puhkama . 
64	NA	 Võib vabatahtlikult tööle minna ja siis saab natuke lisaraha . 
64	NA	 Kuuendal sel juhul juba peab hinge tõmbama ja seda ma ka tegin . 
64	NA	 Peamiselt magades . 
64	NA	 Unenäod olid normaalsed või puudusid , igatahes ei jäänud meelde . 
64	NA	 Mitte et tööpäevad kuidagi meeldejäävalt oleksid möödunud . 
64	NA	 Vahepeal meenus , et millalgi ootab mind salapärane eminents . 
65	NA	 Kusjuures ootaski . 
65	NA	 Ruttasin nüüd juba tuttavast uksest sisse , kelluke helises , Kyoko naeratas , tagaruumi uks läks lahti ja sealt ta tuligi . 
65	NA	 Lüheldane , vanemapoolne , hõredate halliseguste juustega mees . 
65	NA	 Silmad olid sinised ja väga selged . 
65	NA	" Hakkasin miskipärast taskust oma kaarte otsima , aga ta viipas tõrjuvalt : "" Pole vaja , koopiad jäid ju meile ka . "" "
65	NA	 Ja sirutas käe . 
66	NA	" Surusin ta kätt ja kummardasin : "" Teie eminents. "" "
67	NA	 See näis teda rõõmustavat . 
67	NA	" "" Eminents jah . "" "
67	NA	 Ta märkas mu uurivat pilku — temal ei olnudki südame kohal nimesilti . 
67	NA	 Või tikandit . 
67	NA	" "" Lihtsalt eminents , tuleb läbi ajada , "" selgitas ta ja osutas Kyokole , "" noortel on veel vabadust ja võimalusi , minusugustel ainult vastutus . "
67	NA	 Eks ta ole . 
67	NA	" Aga istume. "" "
68	NA	 Istusime . 
69	NA	" "" Nii et väikene võlg siis , "" alustas eminents rõõmsal toonil . "
69	NA	" Kyoko jälgis meid uudishimuliku pilguga kõrvalt ja ma ütlesingi rohkem talle : "" Tekkis , jah . "
69	NA	" Umbkaudse väärtusega nii kolme Jolberti jagu liiva. "" "
70	NA	 Eminents kortsutas hetkeks mõtlikult laupa , aga reibas ilme tuli kohe tagasi . 
70	NA	" "" Jah , suurusjärk on õige . "
70	NA	" Muide , ma pean vabandama , ma saabusin alles üleeile ja pole veel jõudnud teie kohta kõiki vajalikke andmeid koguda. "" "
71	NA	" "" Koopiad olid ju jäänud ? "" "
72	NA	" "" Need , jah . "
72	NA	 Teie lahke loaga — ma trükkisin teie lepingu isegi välja . 
72	NA	" Viiskümmend kaks lehekülge tihedat teksti , harvanähtavalt suurepärane leping , tõepoolest. "" "
73	NA	" "" Kardan , et ise pole ma sellega nii tuttav. "" "
74	NA	" "" Oh , teil ei tarvitsegi ... "
74	NA	" Kyoko , kulla laps , tee meile teed , eks ole. "" "
75	NA	" Kui Kyoko korraks taharuumi kadus , kummardus eminents lähemale ja küsis vaikselt , ise seejuures isegi nagu uhkust tundes : "" Kas ta küüsi näitas ? "" "
76	NA	" "" Näitas , "" noogutasin . "
77	NA	" "" Fantastiline , "" vangutas eminents pead . "
77	NA	" "" Mida kõik välja ei mõelda ... "" "
78	NA	 Siis tuli Kyoko teeserviisiga tagasi . 
79	NA	" "" Mis andmed siis veel , "" püüdsin asjalikult küsida . "
80	NA	" "" Igasugused , "" laiutas ta elavalt käsi . "
80	NA	" "" Teie kohtuasi . "
80	NA	 Kogu teie endine elu . 
80	NA	" Haiguslugu ... "" "
81	NA	" "" Haiguslugu ? "" imestasin . "
82	NA	" "" Loomulikult . "
82	NA	" Muide , kuidas te ennast Jolbertil tunnete ? "" "
83	NA	" "" Ma arvan , et normaalselt. "" "
84	NA	" "" No näete . "
84	NA	 Sageli , üsna sageli on inimestel siia sattudes tervis pisut kehv . 
84	NA	 Paar esimest kuud , aklimatiseerumine . 
84	NA	 Mitte kõigil , loomulikult mitte kõigil ... 
84	NA	" Aga teie , nagu ametlikud andmed näitavad , olete ju kohalik , "" itsitas ta heasüdamlikult . "
84	NA	" "" Seejuures veel üsna nooruke ... "" "
85	NA	 Kyoko sehkendas tassidega , valas meile teed ja istus ka ise laua äärde . 
85	NA	 Rüüpasin , siis tuli järsku meelde . 
86	NA	" "" Muide , see teie märk ilmus mulle unenäos. "" "
87	NA	 Eminents oli teed mekkides silmad sulgenud , nüüd avas ta need aeglaselt ja asetas tassi lauale . 
88	NA	" "" Loomulikult . "
88	NA	" Ma panin selle sinna. "" "
89	NA	" "" Panite ? "
89	NA	" Teie ? "" "
90	NA	" "" Ma isun ju immigratsioonis , kui uus partii saabub , eks ole . "
90	NA	 Vaevalt te mind sealt mäletate , aga see käib mu ametikohuste hulka . 
90	NA	 Ja siis ongi — pistad nagu nimekaardi . 
90	NA	" Neile , kellest tundub , et nad võivad seda vajada. "" "
91	NA	" Tahtsin veel midagi küsida , aga ta viipas tõrjuvalt : "" Me jõuame kõike seda pikalt arutada . "
91	NA	" Naudime nüüd teed . "" "
91	NA	 Ta võttis tassi kätte ja sulges jälle silmad . 
92	NA	 Eks ma siis ootasin , kuni ta sellega lõpule jõudis . 
92	NA	" Et , kui ta silmad avas , kohe küsida : "" Kui mulle siin uus isikukaart tehti — kas igalt poolt mujalt on mu andmed siis ära kustutatud ? "" "
93	NA	" "" Ei , ei , "" raputas ta pead . "
93	NA	" "" Mõnedest arhiividest küll . "
93	NA	 Aga kaugeltki mitte igalt poolt . 
93	NA	 Ja mul on oma kanalid . 
93	NA	" Mille kasutamine , nagu ma vist juba ütlesin , võtab paraku aega. "" "
94	NA	 Ta keerutas — minu meelest tühja — teetassi veel pihus ja pani selle siis otsustavalt lauale . 
94	NA	" "" Kui te lubate , siis ma esitan ise paar küsimust . "
94	NA	" Elementaarset , lihtsalt et olukord selgemaks saaks. "" "
95	NA	" "" Väga hea . "" "
95	NA	 Selguse vastu polnud mul midagi . 
96	NA	" "" Varem oli teie töö seotud rahade liigutamisega ? "" "
97	NA	" "" Paigutamisega , investeerimisega — aga ilmselt võib seda ka liigutamiseks nimetada. "" "
98	NA	" "" Mitte teie enda raha , aga ühe konkreetse firma raha ? "" "
99	NA	" "" Rangelt võttes polnud kogu raha ka firma oma — inimesed või teised firmad olid selle kasumi saamiseks usaldanud investeerimisfirmale. "" "
100	NA	" "" Igatahes . "
100	NA	" Ja teie töö oli otsustada , kuhu , kuidas ja millal seda raha paigutada ? "" "
101	NA	" "" Vist küll. "" "
102	NA	" "" Ning mingil hetkel juhtus nii , et üks küllaltki suur summa läks kaotsi ? "" "
103	NA	" "" Selline mulje on mulle jäänud. "" "
104	NA	" "" Te paigutasite selle nii , et mitte keegi , kaasa arvatud teie ise , ei suutnud seda enam leida ? "" "
105	NA	" "" Raske öelda ... "" "
106	NA	" "" Hea küll . "
106	NA	" Juurdlus leidis , et see oli teie viga , ning nõudis summa teilt välja. "" "
107	NA	" "" Nõudis , aga ... "" "
108	NA	" "" Jah , teie isiklikust omandist ei piisanud. "" "
109	NA	" "" Kolme Jolberti jagu liiva jäi puudu , "" naljatasin . "
110	NA	" "" Siis tehti teile ajuloputus — et te oma kunagisi teadmisi enam kasutada ei saaks — ning saadeti kaevandusplaneedile võlga tagasi teenima. "" "
111	NA	" "" Siin ma igatahes olen . "
111	NA	 Mingitpidi on see ajuloputus või mälupuhastus ju loogiline . 
111	NA	 Firmal oli legaalne õigus nõuda , et ma nende teenistuses kogutud teadmisi enam kasutada ei saaks . 
111	NA	" Ja see muidugi ka , et kui ma siiski oleksin suutnud nad kõik üle kavaldada — et ma siis ei pääseks seda kaotsiläinud summat üles korjama. "" "
112	NA	" "" Nii et teie meelest on kõik loogiline ? "" "
113	NA	" "" Ütleme , et ma olen olukorraga leppinud. "" "
114	NA	" "" Isegi teie tugevat tervist arvestades on vaevalt usutav , et te oma eluea jooksul võla tagasi teeniksite. "" "
115	NA	" "" Seda küll . "
115	NA	 Aga , kuidas ma ütlen ... 
115	NA	 Võimalik , et see on ajuloputuse tulemus . 
115	NA	 Igatahes on mul tunne , et ma ei olnud ... 
115	NA	 Oma eelmises elus eriti rahul . 
115	NA	 Ma arvan — sest ma lihtsalt ei mäleta üksikasju — , et see töö oli üsna närviline . 
115	NA	 Tasuv muidugi ka , seda kahtlemata . 
115	NA	 Mul oli pigem probleeme sellega , et ma ei osanud midagi tahta . 
115	NA	 Mul oli kõik olemas . 
115	NA	 Hea küll , tervet planeeti ma endale osta poleks saanud , aga mul poleks olnud ka aega sellega tegeleda . 
115	NA	 Nagu öeldud , on mu mälu üsna lünklik . 
115	NA	 Ma ei mäleta töö üksikasju . 
115	NA	 Aga ma mäletan , et mul oli kahe aknaga kabinet väga kõrges hoones . 
115	NA	 Ma vihkasin neid aknaid ; kui ma neist välja vaatasin , hakkas pea pööritama . 
115	NA	 Aga nad käisid mu ametikoha juurde . 
115	NA	 Ma seadsin oma laua nii , et aknad jäid mu selja taha . 
115	NA	 Kui keegi minu juurde tuli , oli ta mulle otsa vaadates sunnitud ka aknaid nägema . 
116	NA	 Vahel jäin ma ilmselt sinnasamasse kabinetti ka ööseks . 
116	NA	" Diivanil lebades oli akendest avanev vaade talutav , ehk isegi kaunis , aga et ma oleksin akna juures seistes tahtnud alla tänavale vaadata — ei seda küll mitte. "" "
117	NA	" "" Kas on võimalik , et kõrgused tekitasid teis hirmu seepärast , et teil oleks võinud tekkida tahtmine alla hüpata ? "" "
118	NA	" "" Ütleme , kukkuda . "
118	NA	" Hüppamise mõtet ma küll ei mäleta. "" "
119	NA	" "" Hea küll . "
119	NA	" Ja Jolbert , selle eelmise närvilise eluga võrreldes ... ? "" "
120	NA	" "" On rahulik . "
120	NA	 Mul ei ole kuhugi kiiret . 
120	NA	 Nagu te ütlesite , minu elueast ei piisa ... 
120	NA	" Pisut igav ehk , aga ... "" "
121	NA	" "" Jah , ma mõistan . "
121	NA	" Kas te mäletate , et teid on opereeritud ? "" "
122	NA	" "" Vist küll . "
122	NA	" Ei tohiks olla firmasaladus , aga millegipärast on ka sellega seotud mälestused väga ähmased. "" "
123	NA	" "" Kui ma ütlen , et tegemist oli maksa siirdamisega , kas teile siis meenub midagi ? "" "
124	NA	" "" Midagi jah ... "" "
124	NA	 Hakkasin isegi naerma . 
124	NA	" "" Ma kardan , et see oli mu oma viga . "
124	NA	 Nagu öeldud , oli mu töö kiire ja närviline . 
124	NA	 Ning ma ei teadnud , mida tahta . 
124	NA	 Mulle tundub , et ma eksperimenteerisin pisut . 
124	NA	 Mitmesuguse keemiaga . 
124	NA	" Et olla veel kiirem ja terasem. "" "
125	NA	" "" Pisut ? "" "
126	NA	" "" Noh , korralikult . "
126	NA	 Et olla vormis — ja pärast , et lõdvestuda . 
126	NA	 Kuni miski üles ütles . 
126	NA	" Kui te ütlete , et maks — ju siis. "" "
127	NA	" "" Maks , "" noogutas ta . "
127	NA	" "" Tegelikult on mul üks küsimus veel. "" "
128	NA	" "" Ainult üks ? "" "
129	NA	" "" Esialgu . "
129	NA	 Kuni rohkem andmeid laekub . 
129	NA	" Kas teil on olnud kokkupuutumist mingite religioonide esindajatega ? "" "
130	NA	" "" Tõenäoliselt . "
130	NA	 Puhtast igavusest . 
130	NA	 Vahel olid nad moes . 
130	NA	 Tuli mingi rändjutlustaja ja järsku oli väga trendikas teda kuulama minna ... 
130	NA	" Ma ei tea. "" "
131	NA	" "" Ma mõtlen , Hundilt pärit misjonäridega , kes rääkisid ärkamisest. "" "
132	NA	" "" Need surma-nautijad ? "
132	NA	 Jah , ma mäletan . 
132	NA	 Raske oleks unustada , eks ole ... 
132	NA	 Oli hetkeks selline mood . 
132	NA	 Olid linnas paar nende jutlustajat . 
132	NA	 Käisime , mingi kambaga . 
132	NA	 Mõni lõi araks . 
132	NA	 Keegi tegi ära . 
132	NA	" Minule ei mõjunud. "" "
133	NA	" "" Ei mõjunud ? "" üllatus eminents . "
134	NA	" "" Õudselt halb hakkas ainult . "
134	NA	 Ei mingit helendavat tunnelit . 
134	NA	 Ma arvan , et oma nende ... keemiliste eksperimentidega olin ma nagunii ... selle vist korduvalt läbi teinud . 
134	NA	 Või vähemalt piiri peal olnud . 
134	NA	 Nii et ... 
134	NA	 Võimalik muidugi , et ma lõin viimasel hetkel araks . 
134	NA	" Igatahes ei tulnud sellest midagi välja. "" "
135	NA	 Eminents noogutas mõtlikult . 
135	NA	" "" Jah , muidugi pole selles midagi uut . "
135	NA	 Vanal Maal — seal oli kultuure , milles poiss ei saanud meheks enne , kui oli mürgi sisse joonud , piiri peal ära käinud ja välja oksendanud . 
135	NA	 Mõnest , loomulikult , ei saanudki . 
135	NA	 Ja mitmesugused šamaanid , teadmamehed , loitsijad — kõik nad viisid endid piirile , kus mõlemad maailmad korraga näha . 
135	NA	" Või te ise — oma keemiaga , mis maksa nahka pani , "" hakkas ta naerma , nagu oleks midagi naljakat öelnud . "
136	NA	" "" Mis siis saab ? "" laiutasin käsi . "
137	NA	" "" Oleneb , mida andmed näitavad , "" vastas tema samuti nõutu zestiga . "
138	NA	" "" Ja mida peaksid näitama ? "" "
139	NA	" "" Kasvõi kuupäevi . "
139	NA	 Need on üsna sassis . 
139	NA	 Mis järjekorras kõik toimus . 
139	NA	 Millal te tegite kindlustuslepingu . 
139	NA	 Millal oli siirdamine . 
139	NA	 Millal te kohtusite ärkamisvendadega . 
139	NA	 Millal tegite selle saatusliku rahaülekande . 
139	NA	" Ja kuhu raha kadus ... "" "
140	NA	" "" Seda tahaksid ilmselt paljud teada , "" muigasin . "
141	NA	" "" Ega ma eriti loodagi , et ma teada saan , "" tunnistas eminents . "
141	NA	" "" Te ju mõistate , teil on väga põhjalik kindlustusleping kõikvõimalike mõjutuste vastu . "
141	NA	 Täpsustame , üleloomulikuks peetavate mõjutuste vastu . 
141	NA	 Ja loomulikke mõjutusi , kohtule arusaadavaid , eks ole , ei õnnestunud ju tuvastada . 
141	NA	 Küllap oli teil ka samapõhjalik tervisekindlustus , aga seda oli võimalik rahaks vahetada ning nii küllap ka tehti . 
141	NA	 Tavaliselt tehakse . 
141	NA	" Et teil veel mingi kindlustus võiks olla — selle peale ilmselt ei tuldud. "" "
142	NA	" "" Ja mis sellest kõigest kasu on ? "" "
143	NA	" "" No ma ei tea veel . "
143	NA	 Oleneb , nagu öeldud . 
143	NA	 Ideaalsel juhul : kui me teeme kindlaks , et teid kaetati — et teid mõjutati seda rahaülekannet tegema . 
143	NA	 Sel juhul tuleb ju teilt konfiskeeritud omand tagastada . 
143	NA	" Ajuloputusega ja muude ebameeldivustega seotud kannatused hüvitada. "" "
144	NA	" "" Huvitav , et ma ise selle peale ei tulnud — öelda , et mind mõjutati , "" hakkasin naerma . "
145	NA	" "" Nojah , "" ohkas eminents , "" mõjutaja tuleb ju ka kindlaks teha . "
145	NA	 Olgu või need Hundi tüübid . 
145	NA	 Midagi nad võtavad , midagi nad annavad , meil pole seni õnnestunud neid kuidagi vahele võtta . 
145	NA	 Või siirdamine — selle käigus annab ka mõjutada . 
145	NA	 Ma ei tea . 
145	NA	" See just põnev ongi . "" "
145	NA	 Mitte et ta kuidagi põnevusest elevil oleks paistnud olevat . 
146	NA	" "" Ja põhimõtteliselt on see võimalik ? "" "
147	NA	" "" Ei mõju vist julgustavalt , aga ma võin öelda , millega ma viimasel ajal olen tegelenud . "
147	NA	 Mis on kindlasti võimalik . 
147	NA	 Üks mees manas konkurendile kaela impotentsuse . 
147	NA	 Lihtne asi , eks ole . 
147	NA	 Üks naine manas vaenlasele põlvekedra põletiku . 
147	NA	 Kuidas ta selle peale tuli , ma ei tea , aga lahendus oli lihtne . 
147	NA	" Aga teiega — kõik on võimalik , aga võtab aega. "" "
148	NA	" "" Aega on mul lahedalt . "
148	NA	 Pole nagu kuhugi kiiret . 
148	NA	 Aga kui ... kellelgi oli vaja , et ma selle ülekande teeksin — kas siis mõju pole praeguseks üle läinud ? 
148	NA	" Ja ajuloputuse järel veel mingeid jälgi leida — kas see ei tundu lootusetu ? "" "
149	NA	 Eminents raputas pead . 
149	NA	" "" Ma usun , et ei lähe üle . "
149	NA	" Või — andke korraks oma sõrm ... "" "
149	NA	 Ta koukis välja padjakese , millega Kyoko mu isikut oli kindlaks teinud . 
149	NA	" "" No näete , "" ütles ta natukese aja pärast . "
149	NA	" "" Praegu ütleb see masinavärk — DNA kood identne . "
149	NA	" Kui Kyoko tegi , siis oli "" viga tolerantsi piires "" . "" "
150	NA	" "" Kas sellest järeldub midagi ? "" "
151	NA	" "" Kohanete , kohanete edukalt. "" "
152	NA	" "" Jolbertiga ? "" "
153	NA	" "" Kõigega. "" "
154	NA	" "" Hmm ... "
154	NA	 Tegelikult ma tahtsin küsida — kuidas mul ikkagi tuli mõte siia tulla ? 
154	NA	" Teid otsima tulla ? "" "
155	NA	" "" Teate , see ei olnud mõte . "
155	NA	 Nimetage , kuidas tahate , aga mitte mõte . 
155	NA	" Mõtetega oleksin ma teie asemel üldse ettevaatlik. "" "
156	NA	" "" Õige . "
156	NA	 Ega mul neid eriti ei käigi . 
156	NA	 Tundub , et selles , mida ma varem tegin , olin ma ikka väga hea . 
156	NA	" Et kui need oskused maha kustutati , siis eriti midagi järele ei jäänudki. "" "
157	NA	" "" Võimalik . "
157	NA	" Lisaks veel kustutamisprotsessi ebatäpsus. "" "
158	NA	" "" Ja nüüd edasi ? "" "
159	NA	" "" Lähete ja tunnete siinsest elust rõõmu . "
159	NA	 Mina hakkan tööle . 
159	NA	 Kui teil järgmine vaba päev on — kahe päeva pärast , eks - , siis astuge sisse . 
159	NA	" Tõenäoliselt olen ma selleks ajaks targem. "" "
160	NA	 Pikema tseremooniata tõusis ta püsti , noogutas ja kadus tagaruumi . 
160	NA	" "" Ma tean , et sul on küüned , aga ehk võiksin ma sind ikkagi kuhugi kutsuda ? "
160	NA	" Õhtul ? "" küsisin Kyokolt . "
161	NA	" "" Astuge läbi , jah , astuge jälle läbi , "" vastas ta . "
161	NA	 Tuimalt . 
161	NA	 Mis siis ikka ... 
162	NA	" Kolõvanovi leidsin "" Varaanist "" . "
162	NA	 Mitte et ma teda väga otsinud oleksin . 
162	NA	" "" Tead , ma olen kohalik , "" teatasin . "
162	NA	" "" Mul on Jolberti pass. "" "
163	NA	" "" Lolli juttu ajad , "" arvas tema . "
164	NA	" "" Vaata ise , "" näitasin talle oma isikukaarti . "
164	NA	" "" Tahad , turist , ma näitan sulle Khak Ad Jolberti ausammast ? "" "
165	NA	" "" Ma olin siin ammu enne sind , lollakas . "
165	NA	 Või tahad öelda , et oled siin sündinud ja otsustasid tulla tagasi vanaduspäevi veetma ? 
165	NA	 Ei usu nagu . 
165	NA	" Nii lolli inimest poleks olemas. "" "
166	NA	" "" Ja isikukaardi järgi olen ma kolm kuud vana , "" lisasin . "
167	NA	" "" Kuidas nad sulle siis viskit müüvad ? "" urises Kolõvanov ja pöördus baarimehe poole . "
167	NA	" "" Mees ütleb , et tal on Jolberti pass. "" "
168	NA	" "" Lolli juttu ajad , "" väitis baarimees Kolõvanovile . "
168	NA	 Baarimehele ma oma kaardikest näitama ei hakanud . 
169	NA	 Kuidagi õnnestus mul Kolõvanovile selgeks teha — või oli see meie ühine otsus — et järgnev tööpäev ei tähenda suurt midagi ning vabalt võib veel klaasikese ehk kaks võtta . 
169	NA	 Mispeale mul tuli , nagu tavaliselt , uni , ja edasist ma eriti ei mäleta . 
169	NA	 Ainult et hommikul pidas kontrollseade mind traktori jaoks kõlbulikuks , Kolõvanovile usaldas aga ainult labida . 
170	NA	 Istusin oma traktori otsas , uurisin liivakihte , ja pähe tulid veidrad lausekatked . 
170	NA	 Julgesti , vennad , nüüd tööle ... 
170	NA	 Käige minu järel , sest mina olen tee ja valgus ... 
170	NA	 Mingit jama veel . 
170	NA	 Võibolla tähendas see , et mälu on hakanud tasapisi taastuma . 
170	NA	 Ja et kunagi tulevad meelde ka laulude meloodiad , kust need sõnad pärit on . 
170	NA	 Muidugi tuli vahepeal pähe , et kui ... 
170	NA	 Kui mingite eminentsete pingutuste tagajärjel peaks mind rehabiliteeritama , mulle midagi korvatama — et mis siis ? 
170	NA	 Vaevalt mul erilist varandust oodata oli , aga siis kolkas võiks sellestki vist päris tükk aega elada . 
170	NA	 Jah , just siin , Jolbertil — mul polnud mingit igatsust kuhugi ära sõita . 
170	NA	 Kui mul just siin oli hakanud tasapisi midagi meelde tulema — olgu või ainult mingid veidrad fraasid . 
170	NA	 Kui rahulikult oodata , ehk tuleb ka ülejäänu . 
170	NA	 Kolõvanovile ja teistele tüüpidele see tõenäoliselt ei meeldiks , kui ma enam tööl ei käiks , aga siin edasi tolgendaksin . 
170	NA	 Või käiks ? 
170	NA	 Puhtast igavusest ? 
170	NA	 Neis liivaväljades oli mingi võlu — oleks ainult värve rohkem ... 
171	NA	 Mingitpidi ma isegi ootasin uut kohtumist Eminentsiga . 
171	NA	" Või ehk pole "" ootamine "" kõige õigem sõna . "
171	NA	 Miski osa minust ütles — mida ta ikka teha saab ... 
171	NA	 Ja teine osa arvas — äkki siiski saab , aga mida ? 
171	NA	 Nii et ma marssisin kellukesega uksest sisse õigeaegselt , kuid segasevõitu tunnetega . 
172	NA	 Eminents tuli tagaruumist kohe , kui kelluke heliseda jõudis , nagu oleks mind oodanudki . 
172	NA	 Kyoko vahtis ebalevalt kõrvalt , mina küsisin , et kuidas läheb , Eminents vastas , et tasapisi , ja siis me istusime laua taha . 
173	NA	" "" Muide , "" ütles Eminents , "" mulle tuli üks pisiasi meelde . "
173	NA	 Või õigemini , mulle meeldiks , kui see teile meelde tuleks . 
173	NA	 Seadus näeb ette , et teiesugustel tööga patte lunastama saadetutel on õigus valida väljasaatmiskoht . 
173	NA	" Mäletate te sellest midagi ? "" "
174	NA	 Pingutasin meelde tuletada . 
174	NA	" "" Mingil hetkel näidati vist jah tähekaarti . "
174	NA	 Sorkasin sõrmega kuhugi , keegi noogutas , ja sinnapaika kõik jäi . 
174	NA	" Lõppjaam — Jolbert. "" "
175	NA	" "" Ja see on kõik ? "" "
176	NA	" "" Minu teada küll. "" "
177	NA	" "" Kusjuures ei ole , "" sügas Eminents mõtlikult nina . "
177	NA	" "" Te juhtusite osutama Fabulusele . "
177	NA	 Mis on isegi protokollitud . 
177	NA	 Ainult et lõppotsuses on märkus — lähim lubatud planeet : Jolbert . 
177	NA	" Mida te Fabulusest teate ? "" "
178	NA	" "" Ainult seda , et nende jalgpallimansa on meie omast parem. "" "
179	NA	" "" On ka või ? "" imestas Eminents . "
180	NA	" "" Viimastel Viie Planeedi mängudel oli . "
180	NA	" Ehk enam ei ole. "" "
181	NA	" "" Ja see on kõik ? "" "
182	NA	" "" Minu poolest küll . "
182	NA	" Oleks sealt midagi varastada olnud — küsin ma ametlikult vargaks tunnistatu professionaalse uudishimuga ? "" "
183	NA	" "" Gaasi on veel raskem taskusse panna kui liiva , "" ütles Eminents ja jäi vait . "
184	NA	" Nii et ma küsisin : "" On teile vahepeal täiendavaid andmeid laekunud ? "" "
185	NA	" "" Pisut , "" vastas Eminents . "
185	NA	" "" Maksa kohta . "
185	NA	 Proovipartii . 
185	NA	 Sada kakskümmend lahuses aretatud , mitte doonoritelt võetud või kloonitud maksa . 
185	NA	 Pärast seda firma litsentsi ei pikendatud . 
185	NA	 Umbes viieteistkümnel juhul jäi op hiljaks või igatahes ei aidanud . 
185	NA	 Üks poliitik korraldas vist midagi teie juhtumiga sarnast , aga see mätsiti kinni . 
185	NA	 Ülejäänud ? 
185	NA	 Ootavad oma aega . 
185	NA	 Või on täiesti normaalsed . 
185	NA	 Ma ei tea . 
185	NA	" Ma usun , et neil hoitakse silma peal. "" "
186	NA	" "" Aga ajaliselt ? "" "
187	NA	" "" On põhjust arvata , et see toimus enne , kui teie kohtumine Hundi misjonäriga . "
187	NA	 Kindlasti enne rahaülekannet . 
187	NA	" Peale meiega kindlustuslepingu sõlmimist. "" "
188	NA	" "" Ma ei tea sellest valdkonnast suuremat , aga sisemisi kahjustusi ravitakse üldiselt vist nanodega. "" "
189	NA	" "" Haa , "" irvitas Eminents , "" nanod on ju pisikesed lihtsameelsed . "
189	NA	 Mis neist mõnest molekulist tahtagi . 
189	NA	" Nemad juba teie DNA-koodi võltsima ei hakkaks. "" "
190	NA	" "" Tobe küsimus , aga — kas siirdatud maks hakkaks ? "" "
191	NA	" "" Täiesti võimalik . "
191	NA	" Ja nanosid enam ligi ei laseks. "" "
192	NA	" "" Kas on põhjust arvata ... "" "
193	NA	" "" Ei , mitte vähimatki põhjust , "" hakkas Eminents naerma ja pööras end Kyoko poole . "
193	NA	" Arvasin , et teed tellima , aga ta ütles hoopis : "" Kyoko , armas laps , sa tahtsid linnas asju ajada , ma arvan , et me ei vaja sind praegu. "" "
194	NA	 Kyoko heitis meile — mulle tundus , et — hirmunud pilgu , kadus tagaruumi ja tuli seal peaaegu jooksujalu , tolmumantel kitlile tõmmatud . 
194	NA	 Vaatas mind veel korra oma pruunide silmadega ja kiirustas kellukese helinal välja . 
195	NA	 Ka Eminents tõusis . 
195	NA	" "" Vaene laps , pelgab pisut , "" teatas ta . "
196	NA	" "" Kas ta arvab , et see võib nakkav olla , "" küsisin , ise küll teadmata , mis nimelt . "
197	NA	" "" Oh , ei . "
197	NA	 Lihtsalt meil on vaja mõned protseduurid teha . 
197	NA	 Uurida , mil määral see kaetamine mõjub . 
197	NA	" Et kui läheks õige tahapoole. "" "
198	NA	 Millegipärast olin arvanud , et tagapool on eminentsil midagi mugavat . 
198	NA	 Tugitoolid , raamaturiiulid , paksud vaibad ... 
198	NA	 Tegelikkus oli kuidagi kõle , laborit meenutav . 
198	NA	 Raamaturiiul oli küll olemas , aga mitme laekaga laud oli metallist ning toolid üpris minimalistlikud . 
198	NA	 Valged , tuhmilt läikivad seinad . 
198	NA	 Ehk ta siis ei jõudnud igal planeedil endale mugavusi korraldada . 
198	NA	 Või oligi askeetlik . 
198	NA	 Ja ma ei teadnud ju seniajani , kes ta selline üldse on . 
199	NA	" "" Kas vereproov näitab kaetatuse määra ? "" küsisin igaks juhuks . "
200	NA	" "" Teile tundub see ruum ka sellisena , kus vereproove võetakse ? "" küsis tema vastu . "
200	NA	" "" Mulle käis see algul õudselt närvidele , aga mis teha , vahel on vaja teatud katseid teha. "" "
201	NA	" "" Näiteks ? "" "
202	NA	" "" Näiteks ? "
202	NA	" Varsti teeme ka "" näiteks "" . "
202	NA	" Enne on vaja küll paar formaalsust õiendada . "" "
202	NA	 Ta avas laeka ja võttis sealt valmistrükitud paberilehe . 
202	NA	" "" Mul oleks vaja teie allkirja . "
202	NA	" Me oleme nii neetult vanamoelised , "" muheles ta seejuures . "
202	NA	" "" Et te volitate mind oma juhtumiga tegelema ja olete seejuures teadlik , et minu tegevus ei pruugi anda oodatud tulemusi. "" "
203	NA	" "" Ja millised ootamatud tulemused võivad sellega kaasneda ? "" küsisin igaks juhuks . "
204	NA	" "" Ootamatu ongi ju see , mida me oodata ei oska , "" laiutas ta käsi . "
204	NA	" "" Me ei tea ju , mis tasemel teid üle on võetud . "
204	NA	" Muide , tunnete te end praegu ebamugavalt ? "" "
205	NA	" "" Tool võiks mugavam olla küll. "" "
206	NA	" "" Muid kaebusi ei ole ? "" sokutas ta paberilehe mulle lähemale . "
207	NA	 Ma ei viitsinud lähemalt uurida , millele ma alla kirjutasin . 
207	NA	" "" Muideks , mulle on hakanud mingid laulusõnad meelde tulema . "
207	NA	 Ma ei tea — ilmselt poleks keegi pidanud neid üldse ära kustutama . 
207	NA	" Või on midagi taastuma hakanud. "" "
208	NA	" "" Istute traktoril ja laulate omaette ? "" küsis ta huvitunult lähemale kummardudes . "
209	NA	" "" Jätaks või traktori seisma , roniks katusele ja esineks kogu Jolbertile , "" irvitasin . "
209	NA	" "" Kui vaid viisi teaks. "" "
210	NA	" "" Küll viis ka tuleb . "" "
210	NA	 Ta näpsas paberi minu eest ära ja pistis laekasse . 
210	NA	" "" Kui tuleb. "" "
211	NA	" "" Just . "
211	NA	 Aega mul ju on . 
211	NA	" Kui ma mingil ootamatul moel peaksin oma töökohuslusest vabanema , jään Jolbertile rändlaulikuks. "" "
212	NA	" "" See oleks tõesti ootamatu , "" kinnitas tema ja avas jälle laualaeka . "
212	NA	 Otsis sealt välja viis metalltopsikut — üsna sarnast neile , mille abil baarimehed eksootilisi segusid tekitavad . 
212	NA	 Mõtles ja koukis välja veel kuuendagi . 
213	NA	" "" Kas on suuremat seltskonda oodata ? "" püüdsin naljatada . "
214	NA	" "" Ei , ainult meie kolm . "
214	NA	" Aga need on katse jaoks. "" "
215	NA	" "" Katse ? "" "
216	NA	" "" Nojah . "
216	NA	 Vaadake , nii palju kui mina tean , intuitsioonile kaetamine ei mõju . 
216	NA	 Seepärast ma küsisingi , kuhu te tähekaardil näpuga näitasite . 
216	NA	" Fabulusele , eks ole , ainult et seda peeti liiga ohtlikuks . "" "
216	NA	 Ta võttis järgmisest laekast karbi ja puistas sealt lauale mõned märgikesed . 
216	NA	 Vist hõbedast . 
216	NA	 See , millele mu pilk pidama jäi , oli nagu lõke . 
216	NA	 Paar halgu ja leegid . 
216	NA	 Ta mõtles veidi , korjas mõned märgid ära , jättis lauale viis tükki ja kattis need kummulikeeratud topsikutega . 
216	NA	" "" Vana hea sõrmkübaramäng . "
216	NA	 Kes tahab , teeb panuse . 
216	NA	" Kui arvab ära , millise sõrmkübara all on hernes , saab raha mitmekordselt tagasi. "" "
217	NA	" "" Mul on siis ju head võimalused . "
217	NA	" Kuuest viis , mitte kolmest üks. "" "
218	NA	" "" Kas just päris nii ... "" pööras ta klõpsatusega viimase topsiku samuti kummuli . "
218	NA	" "" Tõenäosust tahame me kindlaks teha küll . "
218	NA	 Tõde — ja tema nägu . 
218	NA	 Ja kui me seda arvutada ei oska ... siis me teeme katse . 
218	NA	 Mis kindlasti ei anna tulemuseks ühte kuuendikku . 
218	NA	" Sest , nagu te ehk märkasite , on kõik märgid erinevad . "" "
218	NA	 Ta hakkas pealtnäha hajameelselt topsikuid nihutama , kuid oli seejuures üsna osav , igatahes kadus mul õige pea selge ettekujutus , millise all neist oli see miniatuurne lõke . 
219	NA	" "" Ma ei tea ju , milline hernes on kõige magusam. "" "
220	NA	" "" Seda loodan minagi . "
220	NA	" Selles mängu mõte ongi. "" "
221	NA	 Mul polnud päris selge , millal ma valiku pean tegema . 
221	NA	" "" Kui ma seltskonna kohta küsisin — kas Kyoko tuleb tagasi ? "" "
222	NA	" "" Ei , ma mõtlesin kohalviibijaid . "" "
222	NA	 Ta tõstis käed rinnale risti ja vaatas mind leebe pilguga . 
222	NA	" "" Nii et millise neist me avame ? "" "
223	NA	 Kuuest viis pidid mulle midagi andma — või ütlema . 
223	NA	 Hetkeks turgatas pähe , et huvitav , mida see tühi kuues võiks tähendada . 
223	NA	 Topsikud ei seisnud päris ühtlases reas , aga ilmselt polnud see tähtis . 
223	NA	 Sirutasin käe ja lasin ühe pihta nipsu . 
223	NA	 Selle alt tuli välja väike hõbedane kirves , mille külge olid seotud lindikesed . 
224	NA	" "" Nojah , "" ohkas eminents ja avas alumise laualaeka . "
224	NA	 Siis liikus ta käsi väga kiiresti — ja ta pihus oli täpselt samasugune kirves . 
224	NA	 Ainult suurem . 
224	NA	 Ta lasi selle minu suunas lendu . 
224	NA	 Käis raksakas — ning järsku oli ruum täis värve . 
224	NA	 Kõiki vikerkaare värve , millest ma Jolbertil kogu aeg puudust olin tundnud . 
224	NA	 Siis muutus kõik must-valgeks . 
224	NA	 Ja siis kadus seegi . 
