par_nr	head	sentence
1	 Sierra Titauna nekropol 	 Sierra Titauna nekropol 
2	NA	 Indrek Hargla 
3	NA	 Kardinal Juan Aldemar de Herriega seisis Vera Cruzi katedraali kellatornis ja mõtles viimaseid mõtteid . 
3	NA	 Mahe ja sume Hispaniola ookeaniöö laotas end üle linna , lõhnas hortensiate ja akaatsiate ning veel millegi magusa järele . 
3	NA	 All , katedraaliväljaku äärtes põlesid juba tõrvikud , nende kumas seisis Felipe II ratsamonument . 
3	NA	 Marmorist kuninga tõstetud käes oli mõõk , näitamas suunda lääne , kutsumas kõiki katoliiklasi Impeeriumi kuulsuseks ja auks võitlusesse . 
3	NA	 Kardinal pomises palve ja vaatas enda ette hämarasse sügavikku . 
3	NA	 Palvel polnud tegelikult enam mingisugust tähtsust , see oli iseenesest üle tema huulte tulnud . 
3	NA	 Harjumusest . 
3	NA	 De Herriegal polnud enam õigust palvetada . 
3	NA	 See teadmine täitis teda ahastuse ja valuga . 
3	NA	 Tornikell hakkas lööma — oli kesköö , algas 1696. aasta 13. august , päev , mida de Herriegal polnud enam tarvis . 
3	NA	 Kolmanda kellalöögi kõlades viskas kardinal ennast tornist alla , jõudes enne lömastumist vastu munakive veel kord maailmalt andeks paluda . 
4	NA	 Kellalöögid summutasid keha matsatuse , tumepunane veri voolas rahulikult munakivide vahelt rentsli poole , nagu poleks tal Hispaniola kirikupea enesetapuga enam mingit pistmist . 
5	NA	 Üksteist päeva hiljem , rammestavas õhtuleitsakus , seisis samas tornis Carlos II erisaadik Hispaniolas , Püha Inkvisitsiooni liige , jesuiidi kardinal Manolo Santiago y Calderon , pühkis laubalt higi ja jõllitas peapööritust tundes alla sügavikku , kus de Herriega maine teekond oli lõppenud . 
5	NA	 Sama päeva hommikul oli ta Uude Maailma saabunud , esmakordselt oma elus ette võtnud nii pika merereisi ja sellest ikka veel väsinud . 
5	NA	 Asekuningas Fernando Segovia oli ta suurejooneliselt vastu võtnud — rannapatarei kahurid olid kuninglikku lippu nähes isegi aupaugu tulistanud , kõik Vera Cruzi ülikud olid teda sadamas tervitamas , jesuiit oli pärismaalastest spaleeris kandetooliga otse lossi toodud , talle rikkalik eine pakutud . 
5	NA	 Ent ta oli igasugusest meelelahutusest keeldunud ja käskinud Segovial ennast kohe asjadega kurssi viia . 
5	NA	 Nüüd seisidki kaks tähtsat meest katedraali kellatornis ning veidi närvitsev ja õhetav Segovia laiutas ohates käsi . 
6	NA	" "" Ma pean teid paluma , et te katedraali uuesti sisse õnnistaksite . "
6	NA	" Meeltesegadus , aga ikkagi pühaduserüvetamine ... "" "
7	NA	 Calderon noogutas , kuid ei vastanud . 
7	NA	 Et enesetapja laip oli Hispaniola asekuninga korraldusel siiski pühitsetud mulda maetud ja müürsepad praegu sinna hauakabelit ehitasid , polnud tegelikult jesuiidi visiidi põhjuseks . 
7	NA	 Jah , muidugi , ei oleks tohtinud de Herriegat teiste usklike kõrvale matta , tema kallal viimset võidmist sooritada ja hingepalveid lugeda . 
7	NA	 Muidugi . 
7	NA	 Ent Hispaniola kirikupea surmapõhjuse ... õieti surmasaamise viisi varjamine , oli antud oludes vältimatu ja vajalik . 
7	NA	 Et mitte kõigutada Impeeriumi alamate usku , et mitte heita varju Kirikule , et mitte lasta maailmal teada saada , nagu saaks olemas olla põhjus , mis võib katoliikliku preestri enesetapule sundida . 
7	NA	 Loomulikult oli Segovia nüüd hirmul , et tema käsul pühitsetud mulda maetud usutaganeja oligi Inkvisitsiooni liikme saabumise põhjuseks . 
7	NA	 Calderon lasi asekuningal muretseda , see teeb teda kuulekamaks . 
7	NA	 Segovia oli muidugi õieti talitanud ja õukond tema sammu heaks kiitnud . 
7	NA	 Ent sellest oli veel vara rääkida . 
8	NA	 Calderon oli tundnud de Herriegat , mäletas teda vankumatu ja kindlameelse mehena . 
8	NA	 De Herriega oli vabatahtlikult hüljanud emamaa mugavused , et Uues Maailmas jumalat teenida , kasvõi tavalise misjonärina ... 
8	NA	 Läinud preestrina ja tõusnud kahekümne aastaga Hispaniola kirikupeaks . 
8	NA	 Ja siis , ühel ööl üksteist päeva tagasi , hüljanud endast jumala ja usu , läinud vabasurma . 
8	NA	 Calderon pidi tuvastama , miks . 
9	NA	" "" Kas keegi teab ? "" küsis Calderon summutatud häälel . "
10	NA	" "" Et ta kirja jättis ? "
10	NA	 Mitte keegi peale minu ja Jeronimo . 
10	NA	 Aga tema ei poeta sõnakestki . 
10	NA	" Ametlikult oli see õnnetusjuhtum . "" "
11	NA	 Jeronimo oli de Herriega pärismaalasest teener , munk , hardunud jumalasulane , kes oli neid uksel alandlikult tervitanud . 
11	NA	 Inkvisiitor ei pööranud talle eriti tähelepanu . 
11	NA	 Calderon polnud aborigeenidega siin — Hispaniolas — veel kokku puutunud . 
11	NA	 Ent loomulikult tundis ta hästi Atlantico tercio'te tegemisi , lõppeks oli ta ju ise õnnistanud Carlos II vägesid Leipzigi all ; oli olnud kuninga kõrval Maastrichti lahingus , kui andunud konvertiitide üksused olid protestandid pihuks ja põrmuks löönud . 
11	NA	 Ja isa Calderon tundis hästi ka õukonnas kõrge positsiooni saavutanud jesuiiti Pedro Ibarriagat ; hämmastava tehnikataibu ja teadlasevaistuga vaimulikku , kes oli pärit ka siitsamast Vera Cruzi lähistelt . 
12	NA	 Jesuiit heitis veel kord pilgu sügavikku ja tundis peapööritust . 
12	NA	 Ta üritas endale ette kujutada isa de Herriega viimaseid hetki , üritas arvata selle mehe meeltes toimunut , kuid see ei õnnestunud tal , ta teadis veel liiga vähe . 
12	NA	 Sõnatult lahkusid nad katedraalist , sõitsid tõllaga tagasi Segovia lossi . 
12	NA	 Vera Cruzi elanikud teadsid , kes tõllas sõidavad , kogunesid aupaklikult tänavate äärde , kummardasid , hüüdsid kiidusõnu . 
12	NA	 Paar korda pidi ratsaeskort eriti pealetükkivad patukahetsejad lausa kõrvale tõrjuma . 
13	NA	" "" Nad soovivad teile pihtida , "" muigas Segovia . "
13	NA	" "" Patukoormat vähendada . "" "
14	NA	" "" On's see nii suur ? "" imestas Calderon . "
15	NA	" "" Mitte suurem kui tavalisel Andaluusia talupojal . "
15	NA	" Kuid neid rõhuvad poolteist tuhat aastat , mil Issanda arm nendeni ei ulatanud ... "" "
16	NA	 Calderon noogutas . 
16	NA	" "" Mitte kusagil Cortiliaras pole meie misjonärid edukamat tööd teinud , kui Hispaniolas . "
16	NA	" Ei Kariibi saartel , ei Andides ega Peruus . "" "
17	NA	" "" Asi pole mitte ainult selles , lubage arvata . "
17	NA	 Muide , mis puutub Peruusse , siis lähipäevil ootame siia Tierra Firme flotat , mis Maracaibost teele asus . 
17	NA	 Kuuldavasti peaks neil vägev kullalast peal olema . 
17	NA	 Saatsime neile juba kuu aega tagasi Armada de la Guardia vastu . 
17	NA	" Teid ju huvitavad uudised Cortiliarast ? "" "
18	NA	" "" Kahtlemata . "
18	NA	" Veidi rohkem siiski see , miks vaga de Herriega end tappis . "" "
19	NA	" "" See on minulegi mõistatus , "" ohkas Segovia . "
19	NA	" "" Rusuv ja ahastamapanev . "
19	NA	" Tihti leian ennast mõtlemast , kas ma ikka tahan seda teada . "" "
20	NA	" "" Öelge ausalt , "" sõnas Calderon äkki , "" kas te peate seda tõepoolest hullumeelsushooks ? "" "
21	NA	 Segovia kohmetus . 
21	NA	" "" Ma ei suuda näha muud põhjust . "
21	NA	" Kas teie suudaksite ? "" "
22	NA	" "" Tema kiri oli kummaline , "" nõustus jesuiit . "
22	NA	" "" Kuid kõrvaldab vähemalt kõik mõrvakahtlused . "" "
23	NA	 Calderon oli kirja — neid paari segast rida õieti — esimest korda näinud alles Hispaniolas . 
23	NA	 Ja fraas matmata selles kirjas viitas ju selgelt , et isa de Herriega endale kui enesetapjale mingit muud surmajärgset saatust ei lootnud . 
23	NA	 Enesetapjaid ei maeta pühitsetud mulda . 
23	NA	 Riiklikud huvid olid siin küll erandi teinud . 
23	NA	 Siiski — hulluks läinud inimeselt , põhjuseta hulluks läinult , ei oota nagu nii otsest sõnumit . 
24	NA	" "" Just , "" vastas Segovia . "
24	NA	" "" Isa de Herriega pidi olema segi läinud . "
24	NA	" Pühendunud , innukas ja vaga katoliiklane , keda Issand oma armulisuses karistas , otsekui proovinuks tema usu tugevust katsuda . "" "
25	NA	" "" Millega ta oma viimastel päevadel tegeles ? "" "
26	NA	" "" Suuresti oli ta hõivatud ekspeditsioonide korraldamisega sisemaale . "
26	NA	 Oli just naasnud Sierra Titaunast . 
26	NA	 Seal leidub veel palju paganlikke kultuspaiku , mille hävitamisega me tegeleme . 
26	NA	 Ja pärismaalased abistavad meid siin meeleldi , mitte nagu Peruus . 
26	NA	" Kuuldavasti on seal palju verevalamist . "" "
27	NA	" "" Ainult Issanda kiituseks , "" märkis jesuiit . "
28	NA	" "" Kahtlemata , kahtlemata , "" nõustus Segovia kiiresti . "
28	NA	" "" Ent alates päevast , mil Juelva meresõitja Sanchez siin maabus — ja sellest on ju üle kahesaja aasta — pole Hispaniolas olnud mässe ega ülestõuse . "
28	NA	 Ja uskuge mind , pole möödunud päevagi , mil ma poleks mõelnud , miks see kõik Kõigekõrgema armust just nii on sündinud , miks on meid sellise provintsiga õnnistatud . 
28	NA	" Meie võitlust Euroopas ja mujal poleks kunagi saatnud selline edu , kui mitte ... "" "
29	NA	" "" Jah , ma tean , "" katkestas Calderon asekuningat . "
29	NA	" "" Need ekspeditsioonid ? "" "
30	NA	" "" Sierra Titauna mäestikust leiti kulda otsides mingid iidsed kultusepaigad , "" seletas asekuningas . "
30	NA	" "" Käigud ja katakombid , altarid , kus kahtlemata ohverdati elusaid inimesi . "
30	NA	" Isa de Herriega juhatas nende hävitamist , viis läbi eksortsisme , õnnistas sisse mõned kabelid , mis me sinna ehitasime , et neid paiku kuidagi puhastada . "" "
31	NA	" "" Ja kohalikud ? "" "
32	NA	" "" Oh , nemad veel kõige innukamalt . "
32	NA	 Sellest nende patukoorem tulebki , et nad tunnevad end süüdlastena oma muistsete valitsejate eest ... 
32	NA	" Te olete neid vanu pärimusi ehk kuulnud ? "" "
33	NA	 Calderon meenutas põgusalt vestlusi Pedro Ibarriagaga , meenutas seda kummalist ja ehedat vaimustust , mida hispanioollane usust tundis , ent samuti ka selle kummalisi põhjusi . 
33	NA	 Juba aastakümneid ei vaielnud dogmaatikud enam , kas usu tekke põhjus võib olla ketserlik ; kas Pühakirja jäägitult tunnistav inimene saab olla algsete põhjuste tõttu ketser . 
33	NA	 Hispaniola kogemust arvestades oli Püha Ignacio de Loyola öelnud , et kõik Issanda poolt Impeeriumile saadetud liitlased tuleb hardalt vastu võtta ; et tema ettehooldus on lõpmata , selle kõiki viise ei suuda meie mitte ette näha ja ketser pole mitte see , kes Pühakirja tingimusteta omaks võtab , vaid see , kes seda Kiriku õpetustest erinevalt loeb . 
34	NA	" "" Ma tean neid legende , "" vastas Calderon . "
34	NA	" "" Kuidas nende iidsete linnade rajajad ei võtnud kuulda jumalast äravalitud Printsi õpetust , ta maalt välja ajasid ja Kõigevägevam karistuseks tõrksatele maavärina ja veeuputuse kaela saatis ... "" "
35	NA	" "" Ja nad saatsid seitse laeva üle maailma otsima oma kadunud Printsi , et see jumala viha vaigistaks , "" jätkas Segovia . "
35	NA	" "" Kõik mattus rusudesse , hävis , purunes ning Atlatayamo ei saa enne jälle suureks , kui nende Prints naaseb ... "" "
36	NA	" "" Atlatayamo ? "" ei mõistnud Calderon . "
36	NA	" "" Ahjaa , nii nad oma maad nimetavad ? "" "
37	NA	" "" Täpselt . "
37	NA	" Kuigi Pühakirja enesega pole sel vanal lool palju ühist , on siiski kummaline , et nende Printsi õpetus — mille järgijaid pärast katastroofe rohkem säilis , kui selle vaenlasi — nii ühtib Püha Kolmainsusega , Lunastuse ja kõigi teiste meie püha usu tõdedega . "" "
38	NA	" "" Nagu ütles õnnis Ignacio , "" muigas Calderon , "" pole tähtis mitte 'miks' vaid 'kuidas' . "
38	NA	 Meie ülesandeks on saavutada eesmärk , sinna jõudmise viisid aga on meile antud Jumala armust . 
38	NA	" Ühesõnaga , nemad pidasid Juelva Sanchez't oma kadunud Printsiks ... "" "
39	NA	" "" Tema järeltulijaks , "" täpsustas Segovia , "" ja kummardasid Risti ees . "
39	NA	" Muuseas , me oleme kohal . "" "
40	NA	 Isa Calderon ei jäänud kauaks paleesse , vaid võttis kasina õhtueine , palvetas oma kambris ja suundus siis linna jalutuskäigule . 
40	NA	 Tema palvel sündis see incognito , ilma eskordita . 
40	NA	 Lihtsas mungarüüs jalutas ta läbi õhtuste Vera Cruzi tänavate , nautis kaunist päikeseloojangut ja vaatas inimesi , imes endasse sedasama pilti , mida kadunud de Herriega pidi iga päev näinud olema . 
40	NA	 Ta jalutas kaldapealsel , imetles galeoonide siluette , hingas joovastavat ookeaniõhku , mis nii erines Madridi lämbest ja tolmusest õhust . 
40	NA	 Värskus ja puhtus ... 
40	NA	 Inimesed , kes talle vastu tulid , olid peamiselt Hispaania päritolu , kohalikud elasid reeglina linnast väljas , tegelesid põllumajandusega . 
40	NA	 Ja selleks oli Hispaniola suurepärane oaas . 
40	NA	 Enamus galeoone sadamas lastisidki toidukraami , mis praeguste soodsate tuultega juba kuue-seitsme päeva pärast Sevilla või La Coruna sadamasse jõuavad . 
40	NA	 Soolatud lihakered , aprikoosid , õunad , vili ja need veidrad pruunid mugulad — kõik õnnistatud kraam , mis aitas Hispaania põudadest põhjustatud näljahädasid üle elada . 
40	NA	 Ja jõudis abistava käena ka Atlantico tercio'teni — nende vahvate Uue Maailma sõjaväeüksusteni , mille najal Imeerpiumi sõjajõud suuresti püsis . 
40	NA	 Sest kohalikud — atlatajaamod , tuli Calderonile meelde — polnud meistrid sugugi mitte ainult põlluharimisel , vaid ka sõdisid erilise innuga Püha Usu vastaste vastu . 
40	NA	 Jah , kes teab , milliseks võinuks pöörata Impeeriumi saatus , kui sadakond aastat tagasi poleks just Hispaniola sisemaa lõpututest metsadest ehitatud Armaada põrmustanud puritaanidest inglaste laevastiku , vääranud otsustavalt ülemvõimu Atlandil , määrates Britannia laevad seniajani Merede Ülemvalitseja tegutsemist alandlikult kõrvalt vaatama . 
40	NA	 Kuuldavasti ei lähe nende kõrkide põhjamaalaste vallutused üüratus Cortiliaras sugugi hästi — pidevad sõjad prantslastega , pärismaalaste kallaletungid ja Portugali piraatide rünnakud . 
40	NA	 Jah , muidugi olid nii prantslased kui portugallased Madridi poolt kinni makstud , kuulekad ja usinad liitlased . 
40	NA	 Prantsuse kuningaski vaid hüpiknukk , üks väikene mosaiigikild Pax Hispanicas , kellele oli armulikult antud õigus Cortiliaras oma kolooniaid rajada . 
40	NA	 Seal , kuhu Hispaania enda huvid veel ei ulatunud ja ainult selleks , et maha suruda inglaste himu lõuna poole vaadata . 
41	NA	 Calderonile tuli vastu kohalikest moodustatud sõjasalk Kastiilia päritolu leitnandi juhtimisel . 
41	NA	 Kõik kummardasid munka nähes ja palusid õnnistust . 
41	NA	 Seda nad ka said . 
41	NA	 Calderon vaatas turjakatele pärismaalastele pikalt järele , imetles nende rühti ja kindlat sammu . 
41	NA	 Ilmselt oli tegemist emamaa poole suunduva galeooni kaitsesalgaga või täiendusega Atlantico tercio'tele . 
41	NA	 Pigem viimasega , sest siin , Pax Hispanica vetes , ei ähvardanud galeoone enam ammu mingi tõsisem oht . 
41	NA	 Tõenäoliselt jõuab see vahva sõjasalk paari nädala pärast Flandriasse , Reinimaale või Tüüringisse , täiendama Impeeriumi garnisone või hoopis Polooniasse , valvama piire tatarlaste vastu . 
41	NA	 Mitte igal pool polnud protestantide mässukolded maha surutud , iseäranis mõned kangekaelsed Teutooni vürstid panid veel vastu . 
41	NA	 Ja Inglismaa muidugi ka , sinna Madridi küüned veel ei ulatanud . 
42	NA	 Jah , Hispaniola pärismaalased olid suurepärased sõjamehed , hädavajalik täiendus emamaa jõududele . 
42	NA	 Maa , mille avastamine oli kunagi sundinud Juelva Alonso Sanchez't muutma oma arusaamu maateadusest ja hülgama kavatsused Indiasse jõuda , oli kujunenud Hispaaniale kõigi oma soovide täitumise üüratuks allikaks . 
42	NA	 Imedemaa , mõtles isa Calderon lihtrahva agulite poole suundudes , et ringiga paleesse tagasi pöörduda . 
42	NA	 Umbes siis — munakivitänavalt savisillutisele pöörates -saigi ta aru , et teda jälitatakse . 
43	NA	 Rahvarikkamatest kohtadest äärelinna poole , kogu aeg , oli see munk isa Calderoni jälitanud , ennast isegi eriti varjamata . 
43	NA	 Nüüd tundis jesuiit ta ära , sest kapuutsiaugust paistis korraks nägu — Jeronimo . 
43	NA	 Märgates , et ta on avastatud , kummardas munk eemalt ja lähenes kiiremal sammul . 
43	NA	 Ta möödus inkvisiitorist ja andis kerge peanoogutusega märku järgnemiseks . 
43	NA	 Veidi aja pärast kadus ta San Sebastianile pühendatud kabeli uksest sisse . 
43	NA	 Calderon kehitas õlgu ja järgnes . 
43	NA	 Külm õhk ja hämarus — nii vastandlik tänaval valitsevale leitsakule — naelutasid ta hetkeks paigale , siis harjusid silmad pimedusega ja ta nägi oma jälitajat altari ees põlvitamas . 
44	NA	 Jeronimo palvetas . 
45	NA	 Isa Calderon ootas ning põlvitas siis de Herriega endise teenri kõrvale . 
45	NA	" Peaaegu silmapilkselt lõpetas too oma palve ja purskas siis summutatud , ent hüsteerilisel häälel : "" Oh Püha Isa , andestage mulle , vääritule ja tühisele patusele , see pealetükkivus ja kõrkus , millega teid siia meelitasin . "
45	NA	" Andestage , et julgesin tülitada nii kõrget ja auväärset jumalateenrit , andestage , kui suudate , ehk siis andestab mulle ka Issand . "" "
46	NA	" "" Tema arm ja andestus on lõpmata , "" vastas Calderon imestunult , ent julgustavalt . "
47	NA	" "" Aamen , "" pomises Jeronimo . "
47	NA	" "" Mul ei olnud teist võimalust kõrgeaususega omavahel rääkida , sest ainult teile julgen ja tahan ma öelda , mis mul öelda on . "" "
48	NA	" "" Kõnele , mu poeg . "" "
49	NA	" "" Ma olen patune . "" "
50	NA	" "" Soovid ehk pihtida ? "
50	NA	" Kui kaua on möödas sinu viimasest pihtimisest ? "" "
51	NA	 Munk ei vastanud kohe . 
51	NA	 Ta kogus ennast . 
51	NA	" "" Minu pihist on möödas kolm päeva ja igaüks neist on minu patukoormat veelgi suurendanud . "" "
52	NA	" "" Sa oled pihil valetanud ? "" päris Calderon rangelt . "
53	NA	" "" Öeldakse , et tõde on ainult see , mis hinges ja iialgi pole ma Tema pilgu all söandanud oma hinge varjata . "
53	NA	 Ei iialgi , enne kõrgeaulise isanda surma . 
53	NA	 Oh , ärge nõudke minult pihtimist , isa , sest nõnda ma ainult jagan oma valu ja patte . 
53	NA	 Öelda , paluda õieti , on mul vähe . 
53	NA	" Peale selle , et Issand andestaks minusugusele eksinud hingele . "" "
53	NA	 Munk pöördus , hämaras ei näinud Calderon tema nägu , kuid kuulis nuukseid ja pisaratest allasurutud häält . 
53	NA	" "" Sõitke minema , palun teid ! "
53	NA	 Jäägu de Herriega hing vaevlema põrgu , kuna üle on ta astunud Kõigekõrgema kõige pühamast käsust , ent muuta ei saa siin enam midagi , asjad võivad minna ainult halvemaks , kui te siia jääte . 
53	NA	" Sõitke minema , lahkuge Hispaniolast ! "" "
53	NA	 Selle ennastületava nõudmise välja öelnud , vajus munk nuttes Calderoni ette kokku . 
54	NA	" "" Rahune , mu poeg , "" ütles inkvisiitor aeglaselt . "
54	NA	" "" Sa tead , et tee andestuseni käib läbi puhastuse ja kahetsuse . "" "
54	NA	 Ütles nii , et aega võita ja libistas Jeronimol kapuutsi peast . 
54	NA	 Mees oli noor . 
54	NA	" Kas see pärismaalane äkki ei pidanud eksklikult "" kõige pühamaks käsuks "" seda , "" et sina ei pea mitte mehega ühte heitma nagu naisega "" ... "
54	NA	 Calderon teadis — oma sagedastest ringsõitudest mööda Hispaania kloostreid — et mitte kõige edukam ja pühendunum lihasuretamine võib vahel viia kõige koledamate väärastusteni . 
54	NA	 Ent kas ta polnud kohanud samasuguseid eksinuid ka jesuiitide seas ja Madridis eneses ? 
55	NA	" "" Sa tunned ennast de Herriega surmas süüdi ? "" küsis Calderon . "
56	NA	 Nuuksed tugevnesid ja noor pärismaalane noogutas pead , lüües sealjuures lauba vastu põrandat . 
56	NA	 Nii lihtne see siis oligi , mõtles jesuiit . 
56	NA	 Nii lihtne ja kummati nii harilik . 
56	NA	 Ikkagi on enesemõrv liiga karm karistus ja patt sellise eksimuse eest . 
57	NA	" "" Miks ma peaksin lahkuma ? "" "
58	NA	" "" Ma ... olen ... ma tapsin ta ... "" "
59	NA	" "" Kas sina lükkasid de Herriega kirikutornist alla ? "" "
60	NA	" "" Ei . "" "
61	NA	" "" Kuidas siis ? "" "
62	NA	" "" Oh , ärge küsige . "
62	NA	 Sõitke minema , palun teid . 
62	NA	" Jumala , Impeeriumi ja teie enda hingeõnnistuse nimel ! "" "
63	NA	 See , et üks harilik munk niiviisi kuninga erisaadikust kardinali poole pöördus , oli eriskummaline . 
63	NA	 Ennekuulmatu jultumus , tegelikult . 
63	NA	 Iseäranis , kui põhjuseks olid noore munga pühadustteotavad ihad ja sodoomia . 
63	NA	 Jah , Calderon võinuks nüüd hingeliselt murdunud munga väevõimuga pihile võtta , ja oma eriõigusi kasutades hiljem pihisaladust murda ja kuningale ette kanda , et de Herriega sooritas enesetapu vaid hingelise meeltesegaduse ajel , olles murdnud mungavannet ja kartes , et ei suuda edaspidi oma kirgi ohjeldada . 
63	NA	 See oli lihtne . 
64	NA	 Aga kas see oli ka tõde ? 
65	NA	" "" Tõuse , "" käskis Calderon . "
65	NA	" "" Ma ei saa sulle enne andestada , kui oled pihtinud . "" "
66	NA	" "" Sõitke minema ! "" halas munk . "
67	NA	" "" Pihi ! "
67	NA	" Ja kergenda oma hinge . "" "
68	NA	 Maracaibost teele asunud Tierra Firme flota konkistadooride kogutud rikkustega jõudis Vera Cruzi sadamasse enne oodatud tähtaega . 
68	NA	 Tuuled olid olnud soodsad , nagu ikka Atlandi mahedatel ilmadel märtsi ja oktoobri vahel . 
68	NA	 Piraate polnud neis vetes juba aastakümneid nähtud . 
68	NA	 Siiski pidi Armada de la Guardia aardelaevu saatma , sest ka inglaste kõrvu olid jõudnud kuuldused , et flota Cortiliarast mitte ainult villa ega linu vedanud . 
68	NA	 Ja mõned Uus-Inglismaa vahet liikuvad laevad tõstsid aeg-ajalt mässu , et tüütust merereisist hulga tulusamale röövretkele pääseda . 
68	NA	 Inglaste privateerid polnud just otsene oht — sõjagaleoonide ründamiseks puudusid neil nii võimalused kui tahtmine , ent kuni protestantide kants Albionil polnud lõplikult alistatud , ei soovinud Carlos II üleliigselt riskida . 
68	NA	 Liikusid ka jutud hulljulgetest Maroko korsaaridest , kes Assooride lähedal mõnikord väiksemaid laevu olla kimbutanud . 
68	NA	 Ei , Armada oli tarvilik ja kulutused tema teelesaatmiseks igati põhjendatud . 
68	NA	 Nagu ka see , et sõjalaevastik alaliselt Hispaniolal baseerus . 
68	NA	 Junta de Armadas pidas kolme laevastikku ; üks ohjas alaliselt Vahemerd , teine seilas Euroopa rannikuil — Taanist Portugalini , pidades valvet , et inglaste merejõud liiga suureks ja kaubandus kolooniatega liiga elavaks ei muutuks . 
68	NA	 Kolmas kandis hoolt Hispaniola põhjaranniku — kolmekümne kuuenda paralleeli eest . 
68	NA	 Kuigi viimastel aastatel de Vega ja portugallaste jälgedes leitud huvipakkuv meretee Aafrika lõunarannikule ja sealt edasi — India poole — on liialt ahvatlev , et seda kaitseta jätta . 
68	NA	 Majesteedi salajase korralduse alusel juba ehitataksegi sadamat Hispaniola idarannikul Monte Videos , et kaitsta mereteed Indiasse . 
69	NA	 Flota saabus Vera Cruzi septembri algul , austusavalduste ja pidustuste saatel . 
69	NA	 Hispaniolal täiendati joogi- ja söögivarusid , parandati laevu , kaubeldi veidi , kuigi enamuses olid laevad lastitud hõbeda ja kullaga . 
69	NA	 Mis kuulus teatavasti ainuisikuliselt kuningale . 
69	NA	 Hispaniola oli suurepärane looduslik logistiline and Impeeriumile , tugipost läänes laiuva üüratu kontinendi hõlvamiseks . 
69	NA	 Pax Hispanica , mis ulatus Sitsiiliast läbi Vahemere ja emamaa üle Hispaniola Cortiliarasse , moodustas omamoodi meridiaanse impeeriumi , nagu Calderon mäletas Pedro Ibarriagat kunagi öelnud olevat . 
69	NA	 Täpsemalt diagonaalse meridiaanse impeeriumi , kui uskuda maateadlastest jesuiitide viimaseid töid . 
70	NA	 Calderon seisis Fernando Segovia kõrval lossirõdul ja jälgis merd mööda lähenevate purjede ülevat regatti . 
70	NA	 Sadamast kostsid kahuripaugud , rahvas juubeldas , saabusid kangelased . 
71	NA	" "" See on alati pidupäev , "" ütles asekuningas , "" kui nad Cortiliarast saabuvad . "
71	NA	 Kauged maad , suured saladused ja uued avastused . 
71	NA	" Räägitakse , et seal on meeletult palju kulda . "" "
72	NA	" "" Rohkem kui Indias , "" lisas Calderon . "
72	NA	" "" Kui de Vega viimase ekspeditsiooni aruannet uskuda , siis on sealsed pärismaalased palju rohkem arenenud ega kavatse troonile nii lihtsalt alluda , kui siin või Peruus . "" "
73	NA	" "" Isa de Herriega kuulas konkistadoore alati väga suure uudishimuga , "" ohkas Segovia . "
73	NA	" "" Maateadus huvitas teda väga — nagu igat jesuiiti vist ? "" "
74	NA	" "" Meie ordu austab väga kõrgeid teadusi , "" noogutas Calderon . "
74	NA	" "" Jumal lõi maailma ja jättis ta meile avastada . "
74	NA	" Iga teadus , mis meie arusaamu avardab , viib lähemale Jumalale . "" "
75	NA	" "" Nii rääkis ka de Herriega . "
75	NA	 Arvas isegi , et kui me mingi õnnetu juhuse tõttu oleks Hispaniolast mööda seilanud ja esimesena Cortiliara avastanud , võinuks see Hispaaniale hiljem valusa tagasilöögi anda . 
75	NA	" Liiga palju kulda ja liiga kaugel ... "" "
76	NA	" "" Võimalik , "" noogutas Calderon ja mõtles , kui raske olnuks pidada sõdu Euroopas ja samal ajal kaugel üle ookeani . "
77	NA	" "" Paljud meremehed käisid ka de Herriega juures pihil ; Cortiliarast on siia pikk meretee ja laevadel võib nii mõndagi juhtuda . "" "
78	NA	 Sõna 'piht' tõi Calderonile meelde de Herriega teenri , õnnetu Jeronimo , keda ta oli alusetult sodoomias kahtlustanud . 
78	NA	 Samuti omaenda maateadusliku uudishimu Sierra Titauna mäestike vastu — just sealt võis ta leida võtme de Herriega meeltesegadusele . 
79	NA	" "" Te pole oma missiooni tulemuste suhtes eriti paljusõnaline , "" tuletas ka Segovia nüüd Calderonile meelde . "
79	NA	" "" Viimased päevad peitute rohkem raamatukogus . "
79	NA	" Mitte et ma teile mingeid piiranguid või nõudeid söandaksin seada , aga vaese kardinali surm on ka minu hinge väga sügava haava löönud . "" "
80	NA	" "" Kui ma jõuan tulemusteni , olete esimene , kes neist teada saab , "" kinnitas jesuiit . "
80	NA	" "" Kuigi kas saabki hullumeelsust loogiliselt seletada ? "" "
80	NA	 Ta muigas . 
81	NA	 Segovia sai torkest aru . 
81	NA	" "" See on minu jumalakuulekus , mis ei luba tema enesetapu taga muid põhjusi näha , "" sõnas ta veidi nipsakalt . "
81	NA	" "" Aga tundub , et te ei lepi pelgalt sellise seletusega , on mul õigus ? "" "
82	NA	" "" Ka peast segi minnakse tihti põhjusega , "" vastas Calderon napilt . "
83	NA	" Sadamast kõlasid kauripaugud , Armada lipulaev "" San Gregorio "" sõitis uhkelt sildumispaiga poole . "
83	NA	 Talle järgnesid kolm väiksemat sõjagaleooni . 
83	NA	 Kaubalaevad , neid oli kokku neliteist , mõlemal pool veel kaitselaevad , kutsusid kaldale kogunenud rahvamassides esile rõõmuhõisked ja juubelduse . 
83	NA	 Paljud meresõitjad ja konkistadoorid olid ju Hispaniola päritolu — nii hispaanlased , portugallased kui atlatajaamod . 
84	NA	 Ka Segovia ja Calderon asusid tõllas sadama poole teele . 
84	NA	 Asekuninga palvel pidi jesuiit sadamas läbi viima missa ja sealsamas ka ohvitsere ja kapteneid pihile võtma ning patte andeks andma . 
85	NA	 Saabumispidustused , missa , üksteisele sarnanevad pihtimused — nii palju verevalamisi ja mõrvu polnud Calderon veel kunagi pidanud ühe päeva jooksul andestama ... 
85	NA	 Ja kuld ning hõbe , mida Flota tõi — ka nende kaevandamine Peruus oli konkistadooride hinge kadedusega mürgitanud . 
85	NA	 Nad olid tapnud oma seltsimehi , tapnud süütuid pärismaalasi , põletanud , rüüstanud . 
85	NA	 Mõne hingega polnud Calderonil enam midagi teha , nad kõlbasid vaid Impeeriumi teenimiseks ja sellistena lasigi jesuiit neil minna , patud andestatud . 
86	NA	 Õhtul läksid konkistadoorid linna peale , Segovia oli tugevdanud korravalvepatrulle — kaklusi ja vägistamisi tuli Flota külaskäikudel kahjuks liiga palju ette . 
86	NA	 Palees toimus vastuvõtt , kuhu olid kutsutud Hispaniola ülikud üle kogu maa . 
86	NA	 Külalised olid loomulikult juba ammu pealinna kokku sõitnud , laevastiku saabumine oli teada paarinädalase täpsusega . 
86	NA	 Pidulisi tuli Vera Cruzi naabruses asuvast teisest suurest linnast Porto Bellost , saabus hulgaliselt maa-aadlikke Nuevo Andalusia ning Lemurio provintsidest ; rikkaid kaupmehi koos uhkete donnade ja tütardega , kes vaprate meresõitjate seast kõige uljamaid otsisid ja lehvikute tagant pikkade pilkudega hullutasid . 
86	NA	 Tuli hidalgosid ja grande Hispaniola kaugematest osadest Agultorpost , Gadeirost , Canopusest , San Veronicast , Grenadast , Monterreyst . 
86	NA	 Isa Calderon pani üllatusega tähele , et kaunist hispaania keelt kõneldi siin juba sootuks teistmoodi , kui emamaal . 
86	NA	 Tugevalt oli tunda talle täiesti võõraste sõnade tungimist keelde , ilmselt olid need Hispaniola päritolu . 
86	NA	 Ka atlatajaamosid oli peol palju — nii kaupmehi , kui teenete eest aadlikutiitli saanuid . 
86	NA	 Reeglina olid nad pikemat kasvu , kergelt pronksikarva jumega , kandsid vähem moekaid riideid , olid tagasihoidlikumad , alandlikumad ja jumalakartlikumad . 
87	NA	 Ballisaalis alustas ansambel muusikat , veini voolas ojadena ja meelepahaga pidi isa Calderon tunnistama , et kaua merel olnud mehed headest kommetest sugugi — peale pihti — kinni pidada ei tahtnud . 
87	NA	 Ühest sügavamast saalisopist , kuhu ta viivuks jalgu puhkama istus , hirmutas ta diivani tagant minema galeoonikapteni ja kauni pärismaalasest kaupmehedonna , kes seal kindlasti palveid ei lugenud . 
87	NA	 Trepil nägi ta kellegi iharate reite ümbert pudenenud sukapaela , roosiaias jalutades ei lasknud korduvad rohked oiged ja häälitsused põõsaste vahelt sealses tegevuses kahelda . 
87	NA	 Tülpinult suundus jesuiit peosaali tagasi . 
88	NA	" "" Siin on keegi , kellele ma sooviks teid esitleda , "" hakkas Segovia kohe tal varrukast kinni , "" Kui te juba sadamas ei kohtunud ? "
88	NA	" Senjoor Juan Spinola . "" "
89	NA	" "" Põgusalt , "" noogutas Calderon turskele ohvitserile , "" San Gregorio "" kaptenile . "
89	NA	" "" Ma kuulaks hea meelega uudiseid Cortiliarast . "" "
90	NA	" "" Oh , neid võin ma pühale isale hommikuni jutustada , "" kõmistas kapten . "
90	NA	" "" Ainult küsige ! "" "
91	NA	" "" Kaua te merel olete olnud ? "" "
92	NA	" "" Juba kolm aastat . "
92	NA	 Ega teagi palju kuningakoja asjadest . 
92	NA	" Võitlesin põhja pool inglise laevadega , mis sõitsid Hudsoni maad asustama , ent siis tuli käsk nad rahule jätta ... "" "
93	NA	" "" Kavalusest , "" teatas Calderon . "
93	NA	" "" Meie huvide vastu ei käi see , kui nad oma Uut Maailma koloniseerivad , seal Cortiliara külmades ja tühjades soppides . "
93	NA	" Kulda seal pole ja mida rohkem protestante Euroopast minema sõidab , seda parem . "" "
94	NA	" "" Kuidas Euroopas asjad edenevad ? "" küsis kapten . "
95	NA	" "" Jumala abiga hästi , "" vastas Calderon . "
95	NA	" "" Meie võim on endiselt tugev nii Sitsiilias , Itaalias , Austrias , Flandrias , Poloonias , kui lõunapoolseis Teutooni vürstiriikides . "
95	NA	 Hispaniola rügemendid peavad praegu koos liitlastega kibedaid lahinguid türklastega Balkanil . 
95	NA	 Kui meil õnnestub sultani võim seal murda , siis võime paari aasta pärast Anatooliasse tungida . 
95	NA	" Võimalik , et selleks tuleb Vahemere laevastikku siinse arvelt tugevdada . "" "
96	NA	 Kaptenile meeldis see . 
96	NA	" "" Suuremaid lahingud pole meil ette tulnud . "
96	NA	" Kariibide kandis hulgub piraate , häbi tunnistada , aga mõnda nende kaptenitest ma isegi tunnen . "" "
97	NA	" "" Te mõtlete neid lurjuseid , kes on hüljanud kuninga teenistuse ja otsustanud inglaste kombel röövliteks hakata ? "" "
98	NA	" "" Just . "
98	NA	" Paraku , "" ohkas Spinola , "" aga neid võiks rohkemgi olla . "
98	NA	" Lausa häbiväärt on sellist suurt laevastikku jõude hoida , kui kuninga kuulsuseks võiksime hoopis mujal vapralt sõdida . "" "
99	NA	" "" Ma annan teie sõnad Carlosele edasi , "" lubas jesuiit armulikult . "
99	NA	" "" On's Kariibidel tõesti nii rahulik ? "" "
100	NA	" "" Prantslased näikse põhja pool sõjas peale jäävat , privateerid kipuvad rohkem nende laevadele kallale . "
100	NA	 Võite ka selle kuningale edasi anda . 
100	NA	" Olen mõelnud ühisele reidile inglaste linnade alla koos prantslastega . "" "
101	NA	 Jah , mõtles Calderon , kui kuningas rohkem jesuiite ja vapraid meremehi kuulaks ... 
101	NA	 Mitte ei ümbritseks ennast jumalavallatute poeetide ja kunstnikega . 
101	NA	 Varsti loetakse Madridis Piibli asemel ainult Epikurost ja vahaküünalde vingu asemel levivad palees peente Pariisi parfüümide lõhnad . 
101	NA	 Lohutav on ainult see , et ka teistes kuningakodades lood paremad pole . 
101	NA	 Karmus asendub lõbususega . 
101	NA	 Sellest peale , kui Alonso Sanchez 1474. 
101	NA	 Issanda aastal õnneliku juhuse abil Hispaniola avastas , ise hoopis Indiasse teel olles , on maailmas üldse asjad palju muutunud . 
101	NA	 Siis polnud Madrid veel sõlminud Habsburgidega abielusid , mis Austria ja Flandria tema võimu alla tõi . 
101	NA	 Siis veel ei unistatudki Pax Hispanicast . 
102	NA	 Ega osanud paljud kroonitud pead ka karta Hispaniola avastamisest sündinud õnne . 
102	NA	 Meretee Indiasse — tõotatud maale — sealt loodeti rikkusi . 
102	NA	 Ja 1498. aastal sõitis üks Genuast inglaste teenistusse pagenud kapten Giovanni Caboto Bristolist nii kaua lääne poole , kuni uus manner vastu tuli . 
103	NA	 India ! 
104	NA	 India ? 
105	NA	 Kulda , mida muud , inglased sinna kohe otsima suundusid , jättes Hispaaniale aega Hispaniolaga tutvuda . 
105	NA	 Ja leida siit kõike seda , mis on ta nüüdseks nii suureks teinud . 
105	NA	 Ka prantslased alustasid neil ammustel aegadel oma retki Cortiliara poole , mandri poole , mida ei nimetatud mitte selle esmaavastaja Caboto järgi , vaid ühe tundmatu portugali meresõitja Juan Vas Cortiliari järgi , kelle kuningas Alfonso Toscanelli õpetuste järgi saatis otsima lääneteed Indiasse . 
105	NA	 Need olid ajad , mil Portugal veel iseseisvale impeeriumile mõtles . 
106	NA	 Cortiliar seilas mööda Hispaniola põhjarannikut ja lootis Caboto avastatud maast lõuna poolt mööda purjetades Aasiani jõuda . 
106	NA	 Ei teadnud keegi , et see maa nii suur on ja just Kariibi saartest edasi — seal , kus Cortiliar esimesena maabus — jätkub hiidmanner . 
106	NA	 Ja et just seal — Peruus ja Cartagenas - - leidub kulda , hõbedat ... aardeid lõpmatuseni . 
106	NA	 Hispaniola aga kujuneb logistiliseks tugisambaks Pax Hispanicale , kindlaks kaitsevalliks protestantide avastusretkede vastu . 
107	NA	 Isa Calderon tundis ajalugu ja maateadust hästi , oli alati hea seisnud selle eest , et jesuiitide soovid teadusel ja usul põhinevast valitsemisest kuningakodadeni jõuaksid , et tukateid mitte ainult losside ja ülikute luksuseks ei kulutataks , vaid riik neid ka loodusteaduste avastajatele jagaks . 
107	NA	 Sest just teadused ja usk olidki Pax Hispanica loonud . 
107	NA	 Hispaniola sõdalased ja lõpmatud loodusannid muidugi ka . 
108	NA	" "" Muidugi , "" lisas kapten Spinola pisut murelikult , "" on meie uutesse valdustesse Peruusse rohkem inimesi tarvis . "
108	NA	 Kulda seal jätkub , ent pikemaks elamiseks on elu raske . 
108	NA	 Mitmed kolooniad närbuvad . 
108	NA	" Kui lubate öelda , siis Hispaniola on tunduvalt meelitavam ... "" "
109	NA	" "" Asupaik , kuhu Andaluusiast või Kastiiliast elama asuda ? "" küsis jesuiit . "
109	NA	" "" Jah , ma mõistan teid . "
109	NA	 Ent ilmselt polekski hea , kui liiga paljud Hispaaniast ära sõidavad . 
109	NA	 Majesteet on seni lubanud Hispaniolasse vaid hädapärast inimesi , et pärismaalasi valitseda ja siinseid rikkusi ohjata . 
109	NA	" Kui meie parimad pojad Uude Maailma seilaksid , võib see riigi majandusele halvasti mõjuda . "" "
110	NA	 Nad vestlesid kapteniga veel kaua . 
110	NA	 Calderon kuulis Cortiliara veidratest elajatest , ebamaistest rikkustest , verdtarretavatest üksikasjadest aborigeenide kohta , kuulis , millist rasket tööd peavad tegema misjonärid , et jumalasõna neile mõistetavaks teha . 
110	NA	 Jesuiidi mõningaseks üllatuseks osutus kapten Spinola võimekaks vaatlejaks ja nauditavaks jutustajaks . 
110	NA	 Lõpuks vabandas ta ennast väsimusega , ei valetanud sealjuures ja eraldus oma kambrisse . 
110	NA	 Pidu palees jätkus veel hommikuni . 
110	NA	 Nädalaks jääb Flota Vera Cruzi , siis sõuavad aarded Hispaania poole . 
110	NA	 Umbes samal ajal asub ka isa Calderon väikese ekspeditsiooniga teele sisemaale , Sierra Titauna mäestiku poole , et avastada saladus , mis oli sundinud Juan de Herriegat end kellatornist surnuks kukutama . 
111	NA	 Vahepealseid päevi kasutas Calderon vestlusteks Jeronimoga ja Vera Cruzi katedraali raamatukogu külastamiseks . 
111	NA	 Munk veetis peale pihtimist oma aega kirikuaias , olles enda peale solvunud , et oli niivõrd lapsikul moel püüdnud kardinali tagasi sundida . 
111	NA	 Ent Calderon polnud ta peale pahane . 
111	NA	" Ta oli andeks andnud Jeronimo "" patu "" , mida too de Herriega surma põhjuseks pidas . "
111	NA	 Jesuiit kinnitas mungale , et too ei saa olla vastutav loomuliku uudishimu eest , mida de Herriega tundis , ega kohustuse eest , mis kardinalil kanda — hävitada paganlikke kultuspaiku . 
112	NA	 Raamatukogus kiitis Calderon mõttes neid tublisid preestreid , kes Hispaniola avastamise esimesel sajandil palju siin kuuldust ja nähtust kirja panid . 
112	NA	 Mõningad tööd olid ka Madridi , Sevillasse ja Salamancasse jõudnud , ent suurem osa käsikirjadest asus siiski siin . 
112	NA	 Jeronimo oli kasvanud lapsest saati katoliiklus vaimus , kuid mäletas siiski pärimusi , mida teadis vist iga atlatajaamo — legende kadunud Printsist . 
113	NA	 Niisiis oli kardinal de Herriega oma elu viimastel kuudel tegelenud ekspeditsioonide korraldamisega sisemaale , iseäranis Sierra mäestikusse , kust oli avastatud veel senitundmata vanu paganlikke kultusepaiku ning ka kulda ... 
114	NA	 Hispaniola polnud kulla poolest eriti rikas . 
114	NA	 Kummati — seda oli siin olnud , sest iidse tsivilisatsiooni rusudest leiti hulgaliselt kullasulatusahjude jäänuseid . 
114	NA	 Otsingud mägedes avastasid aga vaid kaks aastasadu tagasi hüljatud ja tühjaks ammutatud kaevandust . 
114	NA	 Hoopis rohkemalt aga leiti iidsetest varemetest valgevaske ehk messingit , seda tsingi ja vase sulamit , mis nii väga meenutab kulda . 
115	NA	 Üle kahesaja aasta olid preestrid ja konkistadoorid hävitanud Hispaniolal kõike , mis kuidagi oli seoses Atlatayamo minevikuga , iidsete aegadega , mida kohalikud nõnda põlgasid . 
115	NA	" Ja just Sierra Titaunaga seoses oli Jeronimo sooritanud oma "" patu "" — rääkinud de Herriegale , et Trpocanti mäe jalamil asuvad pärimuse järgi katakombid , kuhu on iidse tava järgi maetud kõik Atlatayamo valitsejad . "
115	NA	 Keegi pärismaalastest pole seal käinud , koht on midagi püha ja neetu vahepealset . 
115	NA	 Õieti pole keegi kindelgi , kas nekropol seal ikka asub . 
115	NA	 Kuuldused , vanad pärimused , ei enamat ... 
115	NA	 Pärimused aegadest , mida kardeti meenutada . 
116	NA	 Kuid mõned leiud tekitasid de Herriegas huvi ja ta kuulas oma teenri uuesti üle , sundis teda arhiivides sorima ja otsima . 
116	NA	 Miks ? 
116	NA	 Calderon ei leidnud muud põhjust , et kui tõesti mäestik mida saladuslikku ja ebapüha varjab , siis de Herriega kohus oli see hävitada . 
116	NA	 Ja nii oli Jeronimo veetnud pikki päevi raamatukogus , sidunud preestrite üleskirjutusest kogutud kilde rahvapärimustega ja lõpuks varustanud de Herriega memorandumiga , mille alusel too teele asus . 
116	NA	 Ta tuli tagasi , ei rääkinud Jeronimoga sõnagi , kandis vaid Segoviale ette , et ei avastanud midagi uut , kirjutas hüvastijätukirja ja kukutas ennast kellatornist surnuks . 
117	NA	" "" See oli patt , püha isa , "" kinnitas Jeronimo pisarsilmil , "" see paik on saatana poolt neetud . "
117	NA	" Mina saatsin ta sinna , rääkisin talle nekropolist , mina vastutan tema surma eest . "" "
118	NA	" "" Siis palveta , "" käskis Calderon , "" ja too mulle see paber , mille sa kardinalile koostasid ! "" "
119	NA	" "" Te ei tohi sinna minna , "" ahastas munk . "
119	NA	" "" See on neetud , deemonlik koht ! "" "
120	NA	" "" Me ei tea seda , "" vastas kardinal . "
120	NA	" "" Ainult sinu oletused , Jeronimo . "
120	NA	" Too mulle oma memorandum . "" "
121	NA	 Palju uut Calderon sellest teada ei saanud . 
121	NA	 Ürik algas Atlatayamo legendide kirjeldusega , mille kohaselt Atlatayamo oli kunagi suur ja võimas riik , mida valitsesid targad kuningad , kes elasid uhketes ja kaunites linnades . 
121	NA	 Linnu oli kümme ja kõik nad paiknesid ringina ümber maa keskosa , kus asus hiigelsuur mägi — vulkaan Titauna . 
121	NA	 Ehitati laevu , seilati meredel , tegeleti kaunite kunstidega , edendati teadust ja vaimuelu . 
121	NA	 Kuid rikkus aina kasvas , ja Atlatayamo elanikud muutusid ahneks , laisaks ja kõrgiks . 
121	NA	 Nad kummardasid ebajumalaid . 
121	NA	 Issand nägi , et see polnud mitte õige eluviis ja saatis Atlatayamole kaela maavärina ; Titauna purskas tuld ja jumala viha , ookean tõusis üle kallaste ja hävitas meeletus laastamisinnus kõik , mis teele jäi . 
121	NA	 Vähesed pääsesid eluga . 
122	NA	 Kulus tuhandeid aastaid ja usinad atlatajaamod ehitasid oma kadunud maailma uuesti üles . 
122	NA	 Nüüd pöörasid nad kasinusele ja jumalakartlikkusele rohkem tähelepanu . 
122	NA	 Aegapidi taastati linnad ja endine suurus . 
122	NA	 Ja jälle hakkasid kuningad — kel kunagine karistus meelest läinud — oma varandusega suurustama ; ahnus , liiderlikkus , ebajumalakummardamine võtsid taas võimust . 
122	NA	 Üks Prints , kes seda elu enam taluda ei suutnud , võttis ette palverännaku Titaunale ja selle tipul , olles pühendunud kasinusele ja järelemõtlemisele , sai ta jumaliku nägemuse osaliseks . 
122	NA	 Ta läks alla atlatajaamode sekka ja hakkas kuulutama uut Õpetust , kuidas inimesed ainsale ja õigele jumalale meelepärast elu peavad elama , et mitte taas Kõigekõrgema viha osaliseks saada . 
122	NA	 Oma sõnade kinnituseks , oma jumaliku kehastuse kinnituseks , tegi Prints imetegusid . 
122	NA	 Palju oli tal järgijaid , ent palju ka vaenlasi . 
123	NA	 Puhkes mäss , mis viis sõjani , suure verevalamiseni . 
123	NA	 Prints , kes sellest ise osa ei võtnud ja veetis oma aega Titaunal palvetades , et inimesed aru pähe võtaksid , võeti lõpuks vangi ja saadeti maalt välja . 
123	NA	 Iidne seadus ei lubanud kuninglikku verd valada . 
123	NA	 Ja sellest ajast said Atlatayamole osaks vaid kannatused ja hädad , milles nähti jumaliku viha ettekuulutust . 
123	NA	 Siis , vaid mõni aasta peale Printsi väljasaatmist , purskas Titauna uuesti . 
123	NA	 Enne veel , kui jõudis uus hukatus , saadeti välja seitse laeva — igale poole üle ilma , et otsida üles kadunud Prints . 
123	NA	 Igale laevale pandi kaasa kaks valgevasest sammast , kuhu kirjutati inimeste palved — kogu õnnetu Atlatayamo ajalugu . 
123	NA	 See pidi Printsile kinnitama , et teda mäletatakse ja oodatakse tagasi . 
124	NA	 Aga ükski laev ei tulnud tagasi . 
125	NA	 Ega olnudki kuhugi tagasi tulla , sest laavajoad voolasid üle maa , see värises ja vappus , linnad vajusid rusudeks . 
125	NA	 Veel kord oli kõigekõrgem oma raevu Atlatayamo peale välja valanud . 
125	NA	 Taas jäid ellu vaid vähesed ja nimelt need , kes Printsi õpetust olid järginud . 
125	NA	 Atlatayamo oli saanud kõrkuse eest teistkordselt karistada . 
125	NA	 Enam ei asutud muistseid linnu üles ehitama . 
125	NA	 Jumal ei jäta oma väljavalitud rahvast saatuse hooleks , usuti nüüd , ükskord tuleb Prints tagasi . 
125	NA	 Ja siis tõuseb Atlatayamo rusudest , asudes õige usu ja jumala teenistusse . 
126	NA	 Edasi sirvis Calderon lehekülgi , mis kirjeldasid Printsi õpetust . 
126	NA	 Jah , siit võis leida midagi algelist ristiusust , ent võrratult lihtsustatud , isegi ketserlikku käsitlust . 
126	NA	 Kuid see polnud tähtis . 
126	NA	 Preestrid olid atlatajaamote usku parandanud , mis polnudki keeruline , arvestades , et nad olid kirjaoskamatud . 
126	NA	 Meeleldi võtsid nad omaks , et on Isa , Poeg ja Püha Vaim , mitte Jumal , Prints ja Titauna . 
127	NA	 Atlatajaamod olid pidanud Alonso Sancheze laevu — see alandatud rahvas polnud ju laevu oma silmaga varem näinud — Printsi saadikuteks . 
127	NA	 Ja nad kummardasid risti ees . 
128	NA	 Titauna sisemusse olevat iidsetest aegadest maetud Atlatayamo kuningaid . 
128	NA	 Püha nekropol . 
128	NA	 Ent need olid neetud kuningad . 
128	NA	 Pärimuse kohaselt säilitati neid seal nii , nagu nad elusatena olid olnud . 
129	NA	 Üks juhuslik ekspeditsioon oli avastanud kulda . 
129	NA	 See lebas lademetena mäestiku ühes kinnimüüritud koopas . 
129	NA	 Ilmselt valitsejate salajane peidupaik . 
129	NA	 Siis rääkiski Jeronimo oma isandale nekropolist . 
129	NA	 Ja de Herriega soovis seda kohta näha . 
129	NA	 Läks , nägi ja tappis enda . 
130	NA	 Calderon kutsus Jeronimo . 
130	NA	" "" Ütle , mu poeg "" nõudis ta , "" kas on sul põhjust arvata , et isa de Herriega oli peale nekropolist naasmist oma meeled kaotanud ja hullumeelsust põdemas ? "" "
131	NA	" "" Ta ei rääkinud minuga , "" vastas munk napilt . "
131	NA	" "" Ta oli kohtunud deemonlike jõududega ja ... "" "
132	NA	" "" Ta valdas eksortsisme ja oleks igale deemonile vastu saanud , "" lõikas jesuiit vahele . "
132	NA	" "" Kui suur tema salk oli ? "" "
133	NA	" "" Isa de Herriega tuli nekropolist ainsana tagasi . "" "
134	NA	" "" Kuidas ? "" oli Calderon vapustatud . "
134	NA	 Segovia polnud midagi sellist maininud . 
135	NA	" "" Vera Cruzist läksid teele kakskümmend meest . "
135	NA	 Arvatava nekropoli juurde võtnud isand kaasa vaid kolm atlatajaamot ; ülejäänud otsisid kulda . 
135	NA	" Tagasi tuli isand üksi . "" "
136	NA	" "" Ja sa usud , et de Herriega läks jumalasalgajalikku vabasurma , sest kohtas nekropolis deemonlikke jõude ? "" "
137	NA	" "" Mida muud võin ma arvata ? "" "
138	NA	" "" Sa tead , et enesemõrv on kõige rängem vastuhakk Jumalale . "
138	NA	 Et ükski inimene pole oma elu täielik valdaja , et Jumal on andnud inimesele elu ja võimaluse seda õiglaselt elada . 
138	NA	 Ning enesemõrv on katse Jumalalt tema täieõiguslikku omandit varastada . 
138	NA	" Ja lisaks on see kõige julmem kuritegu inimese enda vastu , kuna nii võtab ta endalt ära kõige suurema kingituse ning ka võimaluse Lunastuseks . "" "
139	NA	" "" Jah , isa . "
139	NA	" Ma tean seda . "" "
140	NA	" "" Sa tead , et enesetapp jätab inimese ilma ülestõusmisest , millel põhinebki meie Jumala ülim arm ? "" "
141	NA	" "" Jah . "" "
142	NA	" "" Ja ikkagi seletad sa de Herriega enesetappu tema kohtumisega deemonlike jõududega , millest tema võim üle käis ? "" nõudis jesuiit . "
143	NA	 Jeronimo raputas ahastuses pead . 
143	NA	" "" Ma olen patune ega oska midagi seletada . "
143	NA	 Peale selle , et minu patt on siin teie ees . 
143	NA	" Ma poleks pidanud ... "" "
144	NA	" "" Sa täitsid vaid oma isanda käsku . "
144	NA	 Ja pole sinu süü , et tema oma isanda ees omad kohustused täitmata jättis . 
144	NA	" Ja temal — de Herriegal — pole enam isegi õigust ennast patuseks nimetada . "" "
145	NA	" "" Ta on surnud . "" "
146	NA	" "" Igaveseks . "" "
147	NA	 Ööl enne teeleasumist Sierra Titauna poole süvenes isa Calderon veel kord raamatukogu vanadesse käsikirjadesse . 
147	NA	 Ta sirvis veel kord ürikuid , mida enne teeleasumist Hispaniola poole Madridis oli lugenud . 
147	NA	" Ikka ja jälle võrdles ta Hispaniola esimese kirikupea Antonio de Lerca ülestähendusi Kreeka Platoni dialoogidega "" Timaios "" ja "" Kriton "" ; luges hulgalisi vastuolusid nende töödes , ent ka mitmeid sarnasusi . "
148	NA	 Kakssada aastat olid õpetlased vaielnud , kas Juelva Alonso Sancheze poolt avastatud Hispaniola — see pea Euroopa suurune manner keset üüratut Atlandi ookeani — võib olla Platoni , Proklose , Egiptuse krooniku Manetho , Straboni , Arnobiuse ja teiste antiikaja õpetlaste poolt kirjeldatud Atlantis ? 
148	NA	 Kas kullast sammastel , mida oma silmaga nägid Tüüroses Makedoonia Aleksander ja Herodotos , oli mingi seos nendega , mis Atlatayamo meresõitjad oma Printsi veenmiseks kaasa võtsid ? 
148	NA	 Nagu enamus õpetatud jesuiite , uskus Calderon , et Atlatayamo on Atlantis ja Kreeka Platonini olid jõudnud vaid kuuldused katastroofidest . 
148	NA	 Manner oli säilinud , ent hävinud oli tsivilisatsioon , mis merd sõitis ja kaugeid maailmu koloniseeris . 
148	NA	 Calderon tegi väljakirjutusi , lappas vanu pärgamente ja oleks oma paberilasu taha peaaegu tukkuma jäänud , kui kaks pealtnäha erinevatest asjadest kõnelevat ürikut poleks tema tähelepanu teritanud . 
149	NA	 Kõigepealt oli seal de Lerca ülestähendus , et kohalikud olevat uskunud Titauna pühasse olemusse ; see oli omamoodi maailmasammas . 
149	NA	 Kuid raske oli kindlaks teha , mis selle tingis — kas vulkaanist tulev hukatus , Printsi nägemus selle tipus või mäe enda ülevus . 
149	NA	 Igaljuhul olid nad sinna oma kuningaid matnud . 
149	NA	 Nii , nagu nad elusana olid olnud . 
149	NA	 See viimane katke sundis Calderoni lehitsema Jose de la Lloparte reisikirja Egiptusesse . 
149	NA	 Too sajandi alguse maadeavastaja oli põhjalikult kirjeldanud Püramiide , neis peituvaid rikkusi ja kohalikke uskumusi . 
149	NA	 Ja mingi paganlik püha oreool valitses ka nende mõistatuslike ehitiste ümber . 
149	NA	 Iidsed Egiptuse valitsejad olid maetud nende kunstlikke mägede sisse , seal oli nende viimne puhkepaik . 
149	NA	 Nekropol . 
149	NA	 Muumiad — elusarnasust säilitavad surnud ... 
150	NA	 Raske oli siin mitte näha sarnasust ja Calderon jäi mõtlema , kuhu ikkagi olid tol ammusel ajal seilanud Atlatayamo laevad ? 
150	NA	 Kes keda oli õpetanud ? 
150	NA	 Nendele küsimustele pidi vastuse andma homme algav retk Sierra Titaunale . 
150	NA	 Calderon mõtles , kas mitte ka isa de Herriega polnud siin enne ekspeditsiooni vanu käsikirju uurinud ja samade asjade üle aru pidanud . 
150	NA	 Talle tundus , nagu lehviks enesetapja neetud vaim tema ümber ja keelitaks teda loobuma teadmiste avastamisest , mis peavad jääma igaveseks saladuseks . 
151	NA	 Enne uinumist jõi kardinal kannu punast ja magusat gadeirose veini . 
152	NA	 1696 . aasta 19. septembril seisis Carlos II erisaadik , Püha Inkvisitsiooni liige , jesuiidi kardinal Manolo Santiago y Calderon Vera Cruzi katedraali kellatornis . 
152	NA	 Oli vaikne õhtu , tuul tõi Atlandilt joovastavat ookeanihõngu , linnast kostis muusikat . 
152	NA	 Oli saabumas veel üks sume suveöö . 
152	NA	 Felipe II marmorist ratsamonument all väljakul käskis minna Läände , uute avastamata maade poole , et tuua au ja kuulsust Pax Hispanicale , viia maailma igasse soppi sõnumit katoliiklust Impeeriumist . 
152	NA	 Kuninga käes oli mõõk , tema rinnal rippus rist . 
152	NA	 Kardinal Calderon sosistas vaikselt palve ja kui ta pea langetas , avanes tema ees pööritav sügavik . 
152	NA	 Vaid nädalapäevad tagasi oli ta seisnud sealsamas ja mõtisklenud isa de Herriega kohutava teo põhjuste üle . 
152	NA	 Nüüd ta teadis neid . 
153	NA	 Kuid ei soovinud mäletada . 
154	NA	 Kas viiv , mis kulub kukkumiseks munakiviväljakule , on piisav , et kahetsus sinu hinge tungiks ja aja tagasi liikuma paneks ? 
154	NA	 Kus algab inimese mõtetes jumalik alge ja kus lõppeb see sureliku hädise karjega päästva ja lunastava Igaviku järele ? 
155	NA	 Calderon meenutas de Herriega hüvastijätukirja , paari kiiruga kritseldatud rida . 
155	NA	 Kirja , mida ta nüüd mõistis . 
156	NA	 Lihtsalt üks laip . 
156	NA	 Surnud ja matmata . 
156	NA	 Kas saan ma olla midagi muud ? 
157	NA	 Kardinal tundis tuttavat peapööritust . 
157	NA	 See polnud võrreldav Sierra Titaunale ronimisega , selle kitsukestel radadel turnimisega . 
157	NA	 Siit , katedraalitornist , oli vaade avaram ja kõrgem . 
157	NA	 Ta sulges silmad ja meenutas , kinnitades endale , et tema — Calderon — on vapram , kui de Herriega . 
158	NA	 Kui de Herriega oligi järele mõelnud , siis oli temas olnud rohkem usku . 
159	NA	 Ekspeditsioon polnud suur . 
159	NA	 Calderon tõldvankris , kaks munka teenriteks , ent mitte Jeronimo , kes isegi kirikuvande alla panemise ähvardusel oli keeldunud Sierra Titaunale kaasa tulemast . 
159	NA	 Veel kolm protokolliga ette nähtud sõdurit , kolm pärismaalastest abilist ja kaks muulaajajat , kes de Herriegatki olid saatnud . 
159	NA	 Nemad tundsid teed . 
159	NA	 Retk kauguses kõrguva Titauna juurde võttis Vera Cruzist nädala . 
159	NA	 Ülev mäestik ja selle tipp ei paistnud põrmugi lähemale tulevat , ikka kõrgus see kusagil kaugustes . 
159	NA	 Teel möödusid nad mitmetest linnavaremetest , nägid suurejoonelisi säilmeid Atlatayamo kunagisest hiilgusest . 
159	NA	 Mille kohalikud sajandeid tagasi harduses Printsi õpetuse ees ja põlgusest iidsete valitsejate eluviisi vastu olid hüljanud . 
159	NA	 Ja siis — lõputud haljad tasandikud , õilsad põllumaad , kus Hispaniola asukad uute isandate all tööd rügasid , luues võimalusi Impeeriumi edasikestmiseks , selle kuulsuseks ja igaveseks auks . 
159	NA	 Muistsetel aegadel kaevatud kanalid niisutasid põlde . 
159	NA	 Metsad , millest olid ehitatud armaadad ja flotad , mis valvasid Pax Hispanica merepiire , hakkasid kaitsma mereteed Indiasse . 
160	NA	 Titauna . 
161	NA	 Nii rahulik , ülev , suursugune , majesteetlik , püha , jumalik . 
162	NA	 Nagu Siioni mägi , mõtles isa Calderon . 
162	NA	 Või need saladuslikud püramiidid , sest ahelikust kõrguv mägi paistis tõepoolest kolmnurksena . 
163	NA	 Mägedeni jõudes tegid nad esimene pikema peatuse . 
163	NA	 Tõus tõotas tulla raske . 
163	NA	 Muulaajajad teadsid teed . 
163	NA	 Terve päeva ronisid nad kitsukestel radadel , siis näidati Calderonile kohta , kust de Herriega oli koos viie pärismaalasega edasi läinud . 
163	NA	 Kolme päeva pärast oli ta üksi naasnud . 
163	NA	 Oli selge , et koht , kuhu nad jõudsid , märkis tõepoolest vana kultuspaika . 
163	NA	 Siia oli kuhjatud tahutud kiviplokke ; mäe küljelt avanes vaade orgu . 
163	NA	 Calderonile meenutas see teatrilava . 
163	NA	 Madalale orukaldale võisid mahtuda sajad ja tuhanded atlatajaamod , kui tulid vaatama oma kuningate matuseid . 
163	NA	 Varisenud kivikamakad ja töödeldud sammaste jäänused näisid viitavat gigantlikule väravale . 
163	NA	 Selle vahelt oli surnud kuningat edasi kantud . 
163	NA	 Kuhu ? 
163	NA	 Oli ainult üks tee . 
163	NA	 Üles mägedesse . 
164	NA	 Kui selle algus oligi kunagi sillutatud , siis nüüd tuli ronida üle teravate kivinukkide . 
164	NA	 Jumalate viha oli oma töö teinud . 
164	NA	 Ent tee oli siiski näha . 
164	NA	 Järgmistel päevadel sai isa Calderon teada , mida tähendab mägiekspeditsioon tundmatus suunas , kui juhinduda tuleb ainult ähmasest memorandumist ja eelmiste teelkäijate juhuslikult jäetud märkidest . 
164	NA	 Tegelikult olid need de Herriega retke laagripaigad ka ainsad tähised — mõned lõkkeasemed , jäänused söömaaegadest , jala murdnud muulakorjus ... 
165	NA	 Et nad on sihtmärgile väga lähedal , andsid lõpuks tunnistust kinnimüüritud koopaavaused , piltkirjas tahutud märgid kaljul ja ka see , mida Calderon oli kõige rohkem oodanud ja kartnud . 
166	NA	 Kolm atlatajaamot , kes olid de Herriegat saatnud , kuid tagasi tulemata jäänud . 
167	NA	 Laibahais hakkas kaugelt ninna , surnukehadele kantud kiviklibu olid hulkuvad metsloomad laiali ajanud , raipesööjatel oli pikaks ajaks kõhutäidet jätkunud . 
167	NA	 Calderon uuris jäänuseid ja veendus , et nende surmapõhjust tal enam tuvastada ei õnnestu . 
167	NA	 Meeste laibad olid lebanud kõrvuti , mäeveerult kokku kuhjatud kivikeste all ühishauas . 
167	NA	 Ent kui palju kardinal ka ei otsinud , ei leidnud ta midagi , mis oleks meenutanud risti . 
167	NA	 Paarist oksast kokku seotud ristiga oleks de Herriega ju hakkama saanud . 
168	NA	 Kuidas võis üks vana preester üksinda tappa kolm täisjõus meest ? 
169	NA	 Või oli see õnnetusjuhtum ? 
169	NA	 Varing näiteks ? 
169	NA	 Selline valiv , mis sunnib ainsat ellujäänut enesetappu sooritama . 
169	NA	 Olid nad leidnud üüratuid aardeid , nende jagamise suhtes kokku leppinud , kuid de Herriega oli oma kaaslased salakavalalt mõrvanud ning ei suutnud hiljem süümepiinu taluda ? 
170	NA	 Või — Calderon pühkis selle mõtte juures laubalt külma higi — polnud see ei õnnetus ega kuritöö , vaid hoopis seesama , mille täideviimiseks de Herriega leidis jõudu alles Vera Cruzi katedraali kellatornis ? 
171	NA	 Sama päeva õhtul jõudsid nad väravani . 
171	NA	 Polnud kahtlust , et selle tagant avanes tee nekropoli . 
171	NA	 Massiivsed messingist väravad olid täis õudseid kujundeid , nende hulgas domineerisid koer , härjapea ja rist . 
171	NA	 Väravad olid köidetud raske ketiga , millest eelmine ekspeditsioon oli jagu saanud . 
171	NA	 Calderoni saatjad teadsid , mis neid võib ees oodata , nad nõudsid missat ja selle nad ka said . 
171	NA	 Süüdati tõrvikud ja astuti sisse . 
172	NA	 Üsna varsti mõistis Calderon , et kõige lihtsam on nendes katakombides ära eksida ja kõige raskem de Herriega enesetapu põhjuses selgusele jõuda . 
172	NA	 Nende sammud kajasid õõnsalt , kui nad hämaras labürindis sihitult ringi uitasid . 
172	NA	 Eksimist polnud siiski karta , sest tuuletõmbuse järgi oli lihtne väljapääsu leida . 
172	NA	 Paari tunni pärast hakkas Calderon muistsete paganate ehitusstiili ja nekropoli sisemist süsteemi mõistma . 
172	NA	 Oli peakoridor , millest käänulised käigud viisid erinevate valitsejate hauakambriteni . 
172	NA	 Nad käisid mõnedes ja leidsid ülisuured kivist kirstud , hulgaliselt väiksemaid nende ümber ja mõistlikus koguses aardeid . 
172	NA	 Kambrite seinad olid kaunistatud piltkirjaga kuningate elust . 
172	NA	 Calderonile meenusid taas de la Lloparte ülestähendused Egiptusest ja samalaadsed nekropolid Toskaanas . 
173	NA	 Ei mingeid deemoneid ega tegelikult üldse midagi huvitavat . 
173	NA	 Ei jäänud ka muljet , et kullast väärisasju oleks minema viidud . 
173	NA	 Nad kulgesid üha sügavamale kalju sisemusse , haudade välimuse järgi otsustades minevikust üha rohkem tänapäeva poole . 
173	NA	 Calderon imetles oma saatjate vaprust ja meelekindlust , mida usk oli neile sedavõrd sisendanud , et paganlikud tabud mehi enam ei kohutanud . 
174	NA	 Lõpuks jõudsid nad viimase haua juurde . 
175	NA	 See oli avatud . 
176	NA	 Viimane hauakamber oli teistest erinev ; siin polnud kaunistusi ega aardeid , polnud peenelt tahutud ja graveeritud kirstu . 
176	NA	 See oli viimane haud Atlatayamo kuningate kuulsusrikkas reas , lihtne ja vaoshoitud . 
176	NA	 Siin lõppes ajalugu ja algas tänapäev . 
177	NA	 Kõige harilikuma väikese kivikirstu kaas oli pealt lükatud . 
177	NA	 De Herriegal polnud olnud mahti või tahtmist surnut tema viimsesse rahusse jätta . 
177	NA	 Calderon käsutas oma abilised ukse juurde valvesse ja lähenes kirstule . 
177	NA	 De Herriega enesetapu põhjus sai olla vaid siin . 
178	NA	 See oligi . 
179	NA	 Hirmust ja ehmatusest oleks kirstu kohale kummardunud Calderon tõrviku muumiale äärepealt peale pillanud . 
179	NA	 Võib-olla olekski nii kõige parem olnud . 
180	NA	 Tuul sasis kellatornis Calderoni juukseid . 
180	NA	 Kätega kramplikult rinnatise külge klammerdudes tõstis ta pea ega vaadanud enam alla , de Herriega surmatee poole . 
180	NA	 See polnud tema tee . 
180	NA	 Ega pidanud selleks kunagi saama . 
180	NA	 De Herriega oli olnud püha mees , jäänud ustavaks oma usule lõpuni . 
180	NA	 Nii lõpuni , kui üldse oli võimalik . 
180	NA	 Vaid kõige kindlameelsemad ja pühendunumad võivad nii talitada . 
181	NA	 Jeronimo ilmus trepilt Calderoni kõrvale . 
181	NA	" "" Asekuningas otsib teid , "" ütles ta vaikselt . "
181	NA	" "" Ainult mina teadsin , kust teid leida ... "" "
182	NA	" "" Ma tulen , "" pomises Calderon . "
183	NA	" "" Kas teiega on kõik korras , püha isa ? "" "
184	NA	 Minuga ? 
184	NA	 Kõik korras ? 
184	NA	 Aga muidugi , mõtles kardinal , minuga on kõik korras . 
184	NA	 Nagu ka nende püssirohutünnidega , mida ustavad jesuiidid praegu Sierra Titauna poole veavad . 
184	NA	 Kuld kuninglikku aardekambrisse ja paganlik kultuskoht hävitada . 
184	NA	 Viimast hauakambrit mitte uurida . 
184	NA	 Nad kuulavad sõna , nad on kuulekad ja jumalakartlikud . 
184	NA	 Tema , Calderon , suutis selle käsu anda . 
184	NA	 De Herriega mitte . 
184	NA	 Ta oli liiga püha . 
185	NA	 Taamal ookeanis seilasid Hispaania poole neli purje . 
185	NA	 Pardal uued atlatajaamode seast värvatud tercio'd . 
185	NA	 Neil kõigil on omad kohused ja sõjad — praegu veel Euroopas , aga varsti ka Cortiliaras ja Indias . 
185	NA	 Need purjed seal , mõtles Calderon , ei anna mulle õigust . 
185	NA	 Enesetapp on liiga lihtne ... ja ilmselt pole minu usk nii tugev , kui de Herriegal . 
186	NA	" "" Kas eksortsismid aitasid ? "" küsis Jeronimo ebalevalt . "
187	NA	" "" Jah , mu poeg . "
187	NA	 Aitasid . 
187	NA	" Nad aitavad alati . "" "
188	NA	" "" Nii et nekropol on nüüd puhas ? "" "
189	NA	 Nekropol ? 
189	NA	 Jah , nekropol . 
189	NA	 Seal on surnud . 
189	NA	 Lihtsalt laibad . 
189	NA	 Lihtsalt üks laip . 
189	NA	 Surnud ja matmata . 
189	NA	 Kas saan ma olla midagi muud ? 
190	NA	 Ta pööras ennast munga poole . 
190	NA	" "" Unusta de Herriega . "
190	NA	" Sul pole tema surmas süüd . "" "
191	NA	 Jeronimo kummardas alandlikult . 
192	NA	 Süü . 
192	NA	 Oli sel sõnal enam üldse mingit tähendust ? 
192	NA	 Kas sai Calderon veel iialgi kellelegi patte andeks anda , teades , et atlatajaamode müütides ja pärimustes on üks viga ? 
192	NA	 Et üks laev seitsmest , mis kadunud Printsi otsima läks , tuli siiski tagasi . 
192	NA	 Katastroofid ja aegade hämarus , võib-olla ka meresõitjate endi ettevaatus , ei lubanud Hispaniola põlisasukatel mäletada ega teada , et Prints maeti oma kuninglikule kohale . 
192	NA	 Salaja ja ammu . 
192	NA	 Nad olid ta siiski leidnud - - kaugelt , võõralt maalt , ja ära toonud koos ristiga , kuhu Pilatuse käsilased olid ta naelutanud , mille talad talle hauda kaasa pandud ja millel ikka veel tahvel — IESVSNAZARENVSREXIVDAEORVM . 
192	NA	 Nad olid ta mumifitseerinud — ilmselt juba seal — Palestiinas - , ja salaja minema toimetanud . 
192	NA	 Surnust üles tõusnud ... 
193	NA	" "" Lähme , "" ohkas Calderon . "
193	NA	" "" Ma tahan asekuningale kinnitada , et ta talitas õigesti , mattes de Herriega pühitsetud mulda . "
193	NA	" Homme õnnistan ma katedraali uuesti sisse . "" "
