par_nr	head	sentence
1	 Õpetus surnutest 	 Õpetus surnutest 
2	NA	 Maniakkide Tänav 
3	NA	 ELUL POLE SIHTI KAS SEDA SIIS ON SURMALGI ? 
3	NA	 ELU JA SURM KAKS ERINEVAT KIHTI KUID MÕTET POLE KUMMALGI . 
4	NA	 NAD ON ÜKS — EHKKI ÜKS ON VAIT JA TEINE LÄRMAB , TÕDE ON ÜKS ! 
4	NA	 VAHET POLE , ELAD SA VÕI KÄRVAD . 
5	NA	 KUI NII ... 
5	NA	 SIIS TEEME NEIST KOMPLEKTI : SEGAN KOKKU JA SAAN SURMELAVA OBJEKTI . 
6	 1 . 	 1 . 
7	NA	 BMW peatus puulippidest kokkulöödud värava taga . 
7	NA	 Siim suretas mootori ja astus masinast välja . 
7	NA	 Aia taha tormas metsikult kilades mingi hundi- ja lambakoera segu . 
7	NA	 Esimese hooga kartis mees , et elukas üle aia kalpsab ja valmistus kähku autosse varju pagema kuid koer jäi siiski aia najale pidama . 
7	NA	 Siim lähenes ettevaatlikult väravale ja jäi ootama . 
7	NA	 Värava taga traataia sees asusid kaks hoonet . 
7	NA	 Otse ees mööda betoonist valatud jalgrada oli väike tellistest hütt , mida pooleldi varjas paari plangu jagu eterniitaeda , mis oli ehitatud nähtavasti ainult selleks , et aia tagant poleks võimalik hüti aknasse piiluda , sest eterniit oli vaid akna ees . 
7	NA	" Onni rohelisele uksele oli punase aerosooliga lohakalt värvitud "" Pärjad "" . "
7	NA	 Hüti akna ees plangu tagant paistis kaevurake . 
7	NA	 Betoonraja kõrval oli L-kujuline elumaja , mille tagakülg oli pööratud värava poole . 
7	NA	 Lõpuks ilmus koera klähvimise peale maja nuka tagant nähtavale 22-23- aastane noormees . 
8	NA	" "" Puzzle , "" hõikas ta kutsuvalt koera . "
8	NA	" "" Tule ära , jää vait . "" "
8	NA	 Noormees kandis helerohelist kortsus ja auke täis rebitud T-särki ja näritud põlvedega teksaseid . 
8	NA	 Pea oli tal erepuna-sini-roheliseks värvitud . 
9	NA	" "" Tere , "" hõikas Siim üle koera lõugamise . "
10	NA	" "" Tereeee , "" venitas noormees . "
10	NA	" "" Kas sa kurat jääd vait ! "" käratas ta siis koerale . "
11	NA	" "" Ma sooviksin rääkida härra Kurgiga , "" ütles Siim . "
11	NA	 Puzzleks hüütud koera ristsugutis oli vait jäänud ja haugatas ainult mõned korrad nagu ennast meelde tuletades . 
12	NA	" "" Väga armas , "" ütles punkar . "
12	NA	" "" Räägi siis minuga . "" "
13	NA	 Siim noogutas , justkui oleks saanud kinnitust arvamusele isiku identiteedi suhtes . 
14	NA	" "" Ma olen reporter ajalehe juurest . "
14	NA	" Siim , kutsutakse ka Skriptiks , sellepärast et ma pidevalt kirjutan , kusjuures ainult käsitsi . "" "
14	NA	 Skript tõstis fakti toonitamiseks näpu värava kõrval kasvava kase võra poole . 
14	NA	 Ta ei pannud tähelegi , et tema kohal , ühel jämedal oksal kükitas must läikiva karvaga kass , kellele oli kõrvade vahele punutud pikematest karvadest ja võltsjuustest roosakas pats . 
15	NA	" "" Jaa-jahh , "" tähendas Kurk äraootavalt . "
15	NA	 Ta toppis käed püksitaskutesse ja vahtis Skriptile ootavalt näkku . 
15	NA	 Ehkki ajakirjanik seisis lõõskava päikese eest kase varjus , tundis ta , nagu istuks ta kuuma lõkke ääres . 
15	NA	 Tuul liigutas Kurgi erepunaseid juuksesalke ja Skriptile viirastus , nagu oleks teisel leegid juustena hubisenud . 
15	NA	" Skript tõmbas käega üle näo , et lummusest vabaneda ning jätkas reipalt : "" Vaata ( ta valis familiaarse lähenemise ) , ma kogun materjale artikli jaoks , mis käsitleb satanismi eesti noorte seas , no ja üldse , vanemate seas ka , aga eriti noortekultuuris , no ja mind juhatati sinu juurde . "" "
16	NA	" "" Minu ? "" üllatus Kurk Tema näolt paistis siiras hämmeldus . "
16	NA	" "" Kes ? "" "
17	NA	" "" Noh , "" Skript pühkis jälle higi . "
17	NA	" "" Pea iga teine Tallinna satanistlik noor nimetas sinu nime . "
17	NA	" Nagu ma aru sain oled sa neile nagu midagi guru taolist . "" "
18	NA	 Kurk hakkas lõbusalt kõõksuma . 
18	NA	" "" See , "" mõtles Skript endamisi , "" on naer . "" "
19	NA	" "" Õõh-õõh-õõh , suur juht ja õpetaja , "" kilkas Kurk kõõksumise vahele . "
20	NA	 Kuna koer oli vahepeal kuhugi minema töllerdanud , julges Skript aiale naalduda . 
20	NA	" "" Nad väitsid , et neil olla isegi mingeid okultseid satanistlikke tekste , mis on sinu poolt kirja pandud . "" "
21	NA	" Kurk naeris , "" Usun , et küllap need on tavalised õudusjutud . "
21	NA	" Ilukirjandus . "" "
22	NA	" "" Tavaline ilukirjandus ? "
22	NA	" Need noormehed paistsid neid päris tõsiselt võtvat , "" mainis Skript . "
23	NA	" "" Noored inimesed , tahtmist on , võtku pealegi , mul pohhui . "" "
24	NA	 Sellega paistis jutuajamine lõppenud olevat . 
24	NA	 Skript ajas siiski veel näpu üles , kassi poole püsti . 
24	NA	" "" Äkki saate mulle mõnd oma juttu näidata . "" "
25	NA	" Kurk kehitas õlgu , "" ega eriti ei viitsi küll , mul tosin toimetust teha . "" "
26	NA	 Skript noogutas , lehvitas ja istus autosse . 
26	NA	 Kassi enam puu otsas ei olnud . 
27	 2 . 	 2 . 
28	NA	 Skript sõitis kohaliku ajalehe toimetusse . 
28	NA	" Kui Kurk kirjutas tõesti ilukirjanduslikku lugusid , siis oli ta neid võib-olla ka "" Vooremaale "" pakkunud ja neil võis mõni ta käsikiri alles olla . "
29	NA	 Linn oli külast , kus Kurk elas , vaevalt poole kilomeetri kaugusel , külast teisele poole umbes sama kaugele jäi Jõgeva alevik . 
30	NA	" Skripti õnneks olid inimesed "" Vooremaa "" toimetuses ametivennale üsnagi vastutulelikud ja mõningase viivituse järel tõid nad talle Kurgi järjejutuna ilmunud loo "" Surm on lahti "" . "
30	NA	 Vahepeal , niikaua kuni käsikirja alles otsiti , uuris Skript kohalikku ajalehte . 
30	NA	 Ta silmad jäid pidama politseikroonika veerul . 
30	NA	 Sõnum oli lühike : 
31	NA	 Ööl vastu reedet vandaalitseti Siimusti surnuaial.Poolenisti lahti oli kaevatud eelmisel päeval maetudM.T haud , hauakivi oli purustatud ning pärgadelt olidnopitud kõik lilled . 
32	NA	" "" Ohoo , "" mõtles Skript . "
32	NA	" "" Paistab , et ka siinkandis võib esialgsest ebaõnnestumisest hoolimata mingit materjali olla . "" "
32	NA	 Ta tänas kolleegi ja paljundanud omale käsikirja , suundus politseiprefektuuri . 
32	NA	 Seal polnud kahjuks selle juhtumiga tegelejat parajasti kohal ning politseiametnike umbmääraste vastuste ning segase jutu põhjal jäi Skriptile mulje , et ega keegi sellega vist õieti ei tegelegi . 
32	NA	 Teed küsides pööras ta masina Siimusti poole , mis asus mõned head kilomeetrid Tartu pool . 
33	NA	" "" Ega see pole neil esimene kord siin möllata , "" mökitas surnuaiavaht ärajoonud tämbril . "
34	NA	" "" Ah , nii , "" tegi Skript huvitatud häält . "
35	NA	" "" Viimasel ajal on tervel hulgalt hauaplatsidelt pärjalilled läinud . "
35	NA	 Mitte kõik , ainult kõige ilusamatelt pärgadelt . 
35	NA	" Vahest mõni üksik kord on võtmata jäänud . "" "
35	NA	 Vanamees silus lõuga . 
35	NA	" "" Ja lindid kah . "" "
36	NA	 Nad jõudsid M.T hauani . 
36	NA	 Plats oli koristatud ja korda tehtud . 
36	NA	 Hauakivilt võis lugeda omaniku nime , surma ja sünniaega . 
37	NA	" "" Hoi-hoi ? "" hüüdis Skript küsivalt . "
37	NA	" "" Ma sain aru , et hauakivi oli puruks löödud ? "" "
37	NA	 Vanamees ei öelnud midagi , pomises niisama midagi habemesse . 
38	NA	" "" Mis ? "
38	NA	" Ah ? "" torkis ajakirjanik kui taat ei vastanud . "
39	NA	" "" Oli jah , "" vastas taat järsult . "
39	NA	 Ta oli kuidagi sõnaahtraks jäänud . 
40	NA	" "" Noo aga see on ju terve !! "" "
41	NA	" "" Terve jah , terve nagu purikas . "" "
42	NA	" "" Vahetati välja või ? "
42	NA	 Mis ? 
42	NA	" Ah ? "" "
43	NA	" "" Ei vahetatud , ise paranes ära ! "" vihastas vanamees , "" mis sa tühja torgid ! "" "
44	NA	" "" Ega ma tühja torgigi , ma uurin satanismi , "" seletas Skript lahkelt . "
45	NA	" "" Satanismi , "" tusatses ätt , "" sa poisijuss ei teagi , misasi see satanismus õieti on ! "" "
46	NA	" "" Sellepärast ma uuringi , et ei tea , "" provotseeris Skript . "
46	NA	" "" Saan teada , võin sullegi selgitada . "" "
47	NA	 Taat vaatas teda põlastavalt . 
47	NA	" "" Hähh , selgitada . "
47	NA	" No tule selgita siis , "" ja hakkas ees mööda jalgrada tagasi astuma . "
48	NA	 Jõudnud surnuaiavahi majani , viis taat Skripti kuuri alla ja võttis seal seinalt pärjalindi . 
48	NA	" "" Säh , selgita seda siin . "" "
49	NA	 Ehkki kuur oli üsna hämar , helendasid tähed mustal taustal sinakalt , Skriptile paistis nagu hoiaks ta käes mitte linti vaid ainult tähti . 
49	NA	 Lause ees ja taga veretasid kolm erkpunast nelki . 
49	NA	 Lint tundus levitavat mingit vastikut vibratsiooni . 
50	NA	" "" Mis see on ? "" küsis Skript . "
50	NA	 Ta hääl kostis hämaras ruumis jõu kaotanult ja õõnsalt . 
50	NA	 Kuuri uks , mis pidi olema siinsamas sammu kaugusel selja taga , kumas vaevaliselt tunneli kauges otsas . 
50	NA	 Surnuaiavaht tundus kössis ja vanana , tema pale oleks nagu kahestunud jagades kummassegi näkku ühe silma , ühe ninasõõrme ja pooliku suu . 
50	NA	 Silmad mõlemast näost sihtisid helendavaid tähti . 
51	NA	" "" Ma põletasin lõkkeplatsil rämpsu , muu hulgas ka vanu pärgi . "
51	NA	" Ühel pärjal , millele oli valge lint ja sellel tekst "" Me hulgast surm sind ei vii ! "" "
51	NA	" Hakkas lint äkki sädemeid pildudes leegitsema , see kestis vaid hetke ning lint moondus mustaks , vaat selleks samuseks siin . "" "
52	NA	" "" Lähme välja , "" kärises Skript . "
52	NA	 Ühe sammuga olid nad uksest väljas päikesepaistes . 
53	NA	" "" See oli üks neist pärgadest , millelt tavaliselt lilled ja lindid hommikuks kadunud on , "" seletas taat . "
54	NA	 Valges märkas Skript , et sõnade vahel tumedast riidest veelgi tumedamalt olid mingid märgid ning nelkide varred olid inimluudest , lehtedeks pikkade küüntega näpud . 
54	NA	 Nelgi õite värvus meenutas tuleleeke . 
55	NA	 Skriptil hakkas palav , talle tundus taas nagu seisaks ta kuumava lõkke ääres . 
55	NA	 Mees voltis lindi aeglaselt kokku . 
55	NA	 Tähed sellel olid tuhmunud . 
56	NA	" "" Ma ei tea mis see on , "" tunnistas Skript nõtkuval häälel , "" aga kui sa selle mulle annad , siis ma uurin välja . "" "
57	NA	" "" Minupärast võta , "" ütles vanamees kuidagi kergendatult . "
57	NA	 Ta elavnes silmnähtavalt . 
57	NA	" "" Kui sa tahad näha pärgi , mille sarnaselt see pärit on , siis praegu on kabelis ärasaatmine . "
57	NA	" Kindlasti on sellelgi matusel mõned sihukesed . "" "
58	 3 . 	 3 . 
59	NA	 Skript poetas ennast kabelisse , kus avatud kirstu ümber seisid paarkümmend leinalist ja kuulasid ärasaatmisjuttu . 
59	NA	 Skript libistas endki nende hulka . 
59	NA	 Kirstus lebas umbes kolmekümnendates aastates mees . 
59	NA	 Skript ei osanud välja pakkuda millesse ta surnud võis olla . 
60	NA	 Teenistus lõppes ja kuus kirstukandjat haarasid sarga ning ristikandja kõige ees , asus protsessioon tühja haua poole teele . 
61	NA	 Poisinaga , kes risti kandis oli umbes kümneaastane . 
61	NA	 Rist oli tema jaoks vist veidi raske ning ta hoidis seda pooleldi õla najal nagu sõdur püssi . 
61	NA	 Ühtepuhku pooluhkelt-pooluudishimulikult üle õla tagasi vahtides oli tal vaevalt aega teed vaadata ning seepärast komistas ta pidevalt ühest rajaservast teise . 
61	NA	 Skriptil oli tükk tegemist , et teda jälgides mitte naerma puhkeda , seetõttu ei pöörand ta ka pärgadele enne suuremat tähelepanu , kui nendega kalmuküngast katma hakati . 
61	NA	 Ajakirjanik tundis otsitava silmapilk ära . 
61	NA	" Talle tundus , et hetkel kui see kääpale asetati , vajus lint ebaloomulikult sirgeks ja sellelt võis lugeda : "" Ei jäta me sind unustuse hõlma ... "" "
62	NA	 Kiskus juba õhtupoole , kui Skript Siimustist Jõgevale jõudis . 
62	NA	" Ta võttis "" Virtuses "" endale toa , sest kavatses veel üheks päevaks siia jääda . "
63	NA	 Toas istus ta voodile . 
63	NA	 Talle meenus kuidas ta oli pärast matusetalituse lõppu astunud ühe vanema naisterahva juurde , kes oli Selle pärja toonud . 
63	NA	 Skript kiitis pärast kaastundeavaldust pärga ning küsis siis selle päritolu kohta . 
63	NA	 Naine oli andnud talle visiitkaardi . 
63	NA	 Sellel seisis : 
64	NA	 KURKPärjad , kimbud , lindid . 
65	NA	 Skript tõusis püsti ja hakkas rahutult toas edasi-tagasi käima . 
65	NA	 Visiitkaart oli teda mingil määral rööpast välja viinud . 
65	NA	 Eriti kui talle meenus mis oli juhtunud surnuaiavahi kuuris . 
65	NA	 Skript kobas tasku järgi , kus lebas must lint . 
65	NA	 Ta tundis , et läheb higiseks . 
65	NA	 Toa seinad tundusid teda rõhuvat kuidagi vastikult . 
65	NA	 Linti ta taskust välja ei võtnud . 
65	NA	 Selleks ei jätkunud tal julgust . 
65	NA	 Oleks ometi keegi veel siin . 
65	NA	 Ja mitte ruumis . 
65	NA	 Siit ei saa nii lihtsalt välja astuda nagu tollest kuurist . 
65	NA	 Õue on pikk tee ja õhtu ka juba . 
65	NA	 Närviliselt sügas mees higist kipitavat keha . 
66	NA	 Tuleb selle Kurgiga uuesti rääkida , ja tema naabritega . 
66	NA	 Enne naabritega . 
66	NA	 Kannatamatult kratsis Skript oma pööraselt kihelevat kaela . 
66	NA	 Tuba tundus iga hetkega üha lämmatavam . 
66	NA	 Seinad paistsid madala lae all veelgi enam tema kohale koolduvat . 
66	NA	 Skript seisatas järsult , ise raskelt hingeldades . 
66	NA	 Midagi oli mäda ! 
66	NA	 Hüsteeriliselt toksis ta sõrmega lauaservale . 
66	NA	 Ta peab siit välja saama . 
66	NA	 Ruumiga oli midagi kapitaalselt korrast ära . 
66	NA	 See ahenes kohutava kiirusega . 
66	NA	 Tuba oli äkitselt vaid kapisuurune ja ta tundis füüsiliselt kuidas see teda õlgadest pitsitab . 
67	NA	" "" Kas mul enam ongi piisavalt ruumi ümber keerata , et ukseni jõuda või litsutakse mind enne lödiks , "" vilksatas Skripti hirmunud ajus . "
67	NA	 Paanikas sööstis mees käheda karjatusega ukse juurde ja tormas koridori . 
67	NA	 See oli pigem käik kui koridor . 
67	NA	 Välisukse poole joostes pidi ta pead allapoole kössitama , et seda mitte ära lüüa . 
67	NA	 Õue sööstis ta nagu püssikuul , joostes hoonest meeletuna eemale . 
68	NA	 Alles paarisaja meetri pärast , tajudes enese ümber avarust , aeglustas Skript sammu . 
68	NA	 Ümberringi valitses hämarus ja öö . 
68	NA	 Skriptil hakkas läbihigistatud riietes jahe . 
68	NA	 Nahk oli valus ja marraskil . 
68	NA	 Tundus , et ta oli ennast ise seda märkamata verele kratsinud . 
68	NA	 Pea oli nüüd klaar . 
68	NA	 Ta oli oma käitumisest vapustatud . 
69	NA	" "" Millest selline hirmusööst ? "" küsis Skript eneselt . "
69	NA	 Ma pole iialgi klaustrofoobiat tundnud . 
70	NA	 Ta mõtted naasid mustale lindile , mida ta endiselt taskus kandis . 
70	NA	 Tunded kuuris ja toas ? 
70	NA	 Vahest on siin mingi seos ? 
70	NA	 Käsi tõrkus ka praegu , siin pimedas öös riidetükki välja võtmast . 
70	NA	" "" Pean surnuaiavahti veelkord külastama , "" mõtles Skript . "
70	NA	" "" Tunnen , et midagi jättis ta päeval rääkimata . "" "
70	NA	 Skript läks oma auto juurde ja istus sellesse kerge ebamugavustundega . 
70	NA	 Hetke piinelnud keris ta kärmesti kõigil ustel klaasid alla . 
70	NA	 Pead pooleldi aknast välja hoides võttis Skript kergelt iiveldust tundes suuna taas Siimusti poole . 
70	NA	 Auto tundus kuidagi kitsas ja lämbe . 
71	NA	 Jõudes vaevalt linna piiridest välja , pidi ta äärepealt mingi hullu alla ajama , kes lillesületäiega külmalt auto eest üle tee jooksis . 
71	NA	" "" Kuradi värdjas ! "" kirus Skript ja sikutas rooli . "
71	NA	 Mees oleks tal peaaegu vasakpoolse peegli küljest löönud . 
71	NA	 Pead pööramata sörkis hull üle tee maanteekraavi ja kadus seal pimedusse . 
71	NA	 Skript seisis autoga põiki tee peal . 
71	NA	 Ta oli mehe ära tundnud . 
71	NA	 Tüüp lilledega oli lamanud päeval kirstus ja lasknud sama külma kõhuga , nagu ta praegu auto ette jooksis , end maha matta . 
71	NA	 Skript vaarus autost välja . 
71	NA	 Tal oli üle kere palavaks löönud . 
72	NA	" "" Nonii , nonii , "" rahustas ta ennast . "
72	NA	" "" Nonii , nonii ! "
72	NA	" Ma võin ju ka eksida "" Ometi teadis ta täpselt , et oli selgesti märganud ka seda , millesse see punt nelke oli mähitud . "
72	NA	 Musta , heledate tähtedega linti . 
72	NA	 Skript istus auto kõrvale maha ja toetas pea kätele . 
72	NA	" "" Said , mis tahtsid , "" mõtles ta väsinult . "
72	NA	" "" Tahtsid sataniste , "
72	NA	 .... 
72	NA	" palun väga . "" "
72	NA	 
73	NA	 Skript tundis kuidas ööõhk oli järjekordse higikorra ta kehal jahutanud . 
73	NA	" "" Noh igatahes , enam ma seda nii jätta ka ei saa , "" ajakirjaniku uurijavaim tõstis temas jälle pead . "
73	NA	 Ainus koht kuhu see ... 
73	NA	" ( Skript neelatas ja julgus temas taandus ) ee .. võis minna , oli Kurgi pesa . "" "
74	NA	 Kergelt taas higistama hakates istus mees masinasse . 
74	NA	" "" Närvid läbi nagu politseikoeral , "" virgutas ta ennast . "
74	NA	" "" Olen materialist või mitte , ah ? "" "
75	NA	 Auto käivitus ja keeras otsa ringi . 
75	NA	" "" Igatahes ei pea ma üksi jääma , "" kobas ta püksivärvlilt mobiiltelefoni . "
75	NA	 Julgus tõusis taas paari kraadi võrra . 
75	NA	" "" Igatahes jõuan kohale rutem kui see lillepoiss , "" itsitas Skript , püüdes vaprust alal hoida . "
75	NA	" "" Olgu mis on , püstol mul on ! "" "
76	NA	 Skript kihutas Kurgi maja poole . 
76	NA	 Hoolimata sellest , et auto kõik aknad ammuli olid ja masinas möllas kui pööristorm , ahistas kinnine ruum meest , litsudes teda aeglaselt ent kindlalt lapikumaks . 
76	NA	 Vastusõitev auto pimestas korraks ta silmi ning Skript tundis end kui lõksuaetud loom . 
76	NA	 Kriisates tallas ta pidurit ja rebis veel liikumise ajal ust lahti . 
76	NA	 Pidurdamisel tekkinud inerts rapsas ukse tagurpidi ning käänas hinged kõveraks . 
76	NA	 Kummilohinal keeras bemar kraavi , raksatades vastu suurt kivijurakat . 
77	NA	 Öökides kiskus Skript poova turvavöö lahti ning koperdas autost välja . 
77	NA	 Vastikus- ja õõvatundega tõmbas mees taskust musta lindi ja sidus riidetüki sellele pilku heitmata autopeegli külge . 
77	NA	 Skript oli kindel , et just see ese on tema klaustrofoobias süüdi . 
77	NA	 Tuikudes ja ikka veel ennast verele kratsides jooksis ajakirjanik Kurgi maja poole . 
78	NA	" "" Alustatu tuleb lõpuni viia , "" pomises ta , arutlemata selle üle , mida ta üleüldse saavutada tahtis . "
78	NA	 Praegu polnud mehel muud eesmärki kui sihtkohta jõuda . 
79	NA	" "" Üks asi korraga , "" rahustas ta ennast . "
79	NA	" "" Üks asi korraga ! "" "
80	NA	 Kuu kallas oma hõbedast valgust maastikule , lastes kõigel üsna selgelt paista . 
80	NA	 Kui Kurgi maja paistma hakkas , märkas Skript eespool lilledega jooksjat . 
80	NA	 Viimast jõudu kokku võttes spurtis ta , et vähendada vahemaad ning näha ligemalt , mis edasi saab . 
81	NA	 Koolnu keeras otseteele üle põllu . 
81	NA	 Kartulipealsed ragisesid ta jalgade all kui tundetu kuju neist ükskõikselt üle tallas . 
81	NA	 Ka Skript sumatas talle järele , kuid oma väsinud jalgadel koperdas ta igale vaole , pealsed keerdusid mehe säärte ümber . 
81	NA	 Vandudes nägi Skript kuidas tume vari põllu ületas , kriiksuvast väravast sisse läks ja maja ees valitsevasse hämarusse kadus . 
81	NA	 Hetkeks tungis hoonest välja kohutav lärm , mis järgmisel hetkel maha vaigistus . 
81	NA	 Süda meeletult kloppimas seisis Skript keset põldu ja kuulas vere kohinat kõrvus . 
81	NA	 Nüüd kui ta enam ringi ei sahminud , tabas mehe kõrv majast kostvat marulist rütmi . 
81	NA	 Elektrikitarr , trummid ja viimsepäevapasunat meenutav saksofon moodustasid põrguliku trio , mis oma meeletu tempoga korinat meenutades tal juuksed peas püsti tõstsid . 
81	NA	 Hämarus ümberringi tundus tihenevat . 
82	NA	 Trah-trah-trah-trah-trah-ühüüüüüü ( kisendas saksofon ) . 
83	NA	 Trah-trah-trah-trah-trah-ühüüüüüü . 
84	NA	 Ennast kummargile lastes hakkas Skript uuesti liikuma hoone poole , millest kostvad helid selle põrgu eeskojaks muutsid . 
84	NA	 Juba märkas mees ka aknaid , kuid jumala eest , need olid veel pimedamad , kui ümberringi valitsev öö . 
84	NA	 Jõudes värava ligi , hakkas Skript eristama ka häältekõma . 
84	NA	 Surnud , elutud hääled kisendasid ( kuivõrd elutud hääled saavad kisendada ) kuulipildujaina sõnu : 
85	NA	 Ei usu ma teadusmehi , vihmaussid ei söö mulda , õgivad nad surnukehi , näksivad neil hambaist kulda , öösiti on selgelt näha , surnuaias liigub maa , on inimesed maetud maha , kuid rahu hauaski ei saa . 
86	NA	 Mees avas kriiksuva värava . 
86	NA	 Metsik muusika ja laul kostsid täiesti selgesti , Skript eristas iga pisematki saksofonikiunatust ja basstrummi müdinat . 
87	NA	 Tunaeile mind elusalt maeti , nii ussidest teada sain tõe , kirst mullakihiga kaeti , eestvedajaks kirjanik Poe . 
87	NA	 Hauas lebanud olin vaid hetke , siis tundsin kuis müdises maa , vihmaussid taas olid retkel , nende survest purunes kaas . 
88	NA	 Skript oli täielikult depressiivse ja saatanliku põrgumuusika mõju all ning ei pannud tähele kuidas ümber maja nurga sööstis süsimust lõukoer nagu õlitatud välk . 
88	NA	 Alles hetk enne kui röögatu sarviline monstrum talle kõrri kargas märkas Skript ta määrdunudkollaseid leegitsevaid silmi . 
88	NA	 Instinktiivselt tõstis ta käed kaela kaitseks . 
88	NA	 Kihvad laksatasid ohvri küünarnuki ümber kokku . 
88	NA	 Metsiku rapsakuga heitis koletis mehe justkui kaltsunuku marjapõõsastesse . 
88	NA	 Kahmanud seejärel jalast sööstis ta meest järel vedades pöörasele galopile ümber maja . 
88	NA	 Terava selgusega tungisid Skripti ajju kohutava laulu viimased salmid : 
89	NA	 Kalmus pime , ma miskit ei näinud , kuid tundsin hammaste ridu . 
89	NA	 Uue ohvri need limukad leidnud , mu kehas möllas usside pidu . 
89	NA	 Nende olemust mõistsin vaid viivu , siis tükkideks rebitult surin , hing lahkust must linnutiivul , saatjaks raipesööjate urin . 
90	NA	 Siis kaotas kaltsunukk teadvuse . 
91	 4 . 	 4 . 
92	NA	 Skript tuli teadvusele hämaras telliskivitapeediga toas , mille lagi oli mustaks värvitud , välja arvatud väike peegel voodi kohal , milles Skript lamas . 
92	NA	 Põrandal , keset tuba põles üksik küünal . 
92	NA	 Teisel pool seina mürises saatanlik kontsert . 
92	NA	 Skript katsus ennast üles ajada . 
92	NA	 See õnnestus ilma suurema vaevata . 
92	NA	 Paistis , et haavad , mis talle tõsist valu valmistasid , polnud siiski eriti tõsised . 
92	NA	 Seevastu hirmutas teda lähisaatus . 
92	NA	 Skript kobas kaenla alt , kuid püstol oli kadunud . 
93	NA	 Väike ruum oli pime ja sisendas õudu . 
93	NA	 Neelatades tunnistas Skript enesele , et ei julge jalgu voodist maha panna . 
93	NA	 Ainus , mis talle veidigi lootust andis , oli fakt , et ta oma klaustrofoobiast üle oli saanud . 
93	NA	 Sellest piisakese julgust saanud lükkas Skript jalad üle serva . 
93	NA	 Muusika teisel pool seina katkes kui noaga lõigatud ning välkkiirelt tõmbas Skript jalad tagasi ja mässis ennast tekipalakasse . 
93	NA	 Vaikus süvenes ja süvenes . 
93	NA	 Mehe hingamine kajas seintelt õõnsalt tagasi , võimendudes iga korraga . 
93	NA	 Iga hingetõmme elas omaette edasi . 
93	NA	 Paistis , nagu hingeldaks toas kümneid inimesi . 
93	NA	 Skript pistis röökima ja kattis kätega kõrvad . 
93	NA	 Pea samal hetkel avanes hämaruses uks ja hingeldamine lakkas . 
93	NA	 Reipal sammul astus Kurk küünlavalgusesse . 
93	NA	 Tal oli seljas neetidega kaunistatud roheline presentmantel . 
93	NA	 Kõrvas õõtsusid kirjaklamber , haaknõel ja tükk traati . 
94	NA	" "" Noh , mõistuse juures tagasi , mu noor sõber , "" irvitas ta sõbralikult . "
94	NA	 Alt langev valgus muutis noormehe näo kooljaluu sarnaseks . 
94	NA	 Kurk istus seina äärde põrandale ja kõkutas naerda . 
94	NA	" "" Ega meie muusika sind ei häirinud ? "" uuris ta ja irvitas vastikult . "
94	NA	" "" Misasja sa siin üldse luusisid ? "
94	NA	 Keset ööd ? 
94	NA	" Võeh ! "" "
94	NA	 Kurk võbistas tehtult õlgu . 
94	NA	" "" Tahtsid midagi varastada või , eh ? "" "
95	NA	" "" Kuulge Kurk , "" katkestas Skript teda . "
96	NA	" "" Jeh ? "" "
97	NA	" "" Kas te olete nekrofiil ? "" "
98	NA	" Kurk muigas : "" Nekrofiil ? "" "
98	NA	 Ta naeratas omaette . 
98	NA	" "" Jah , seda võib öelda küll , seda ka , aga kõige täpsem oleks minu kohta öelda vast nekrosotsioloog , nekroloog , kui lühemalt väljenduda . "" "
99	NA	" "" Nekroloog ? "
99	NA	" Sa oled sellele sõnale uue tähenduse andnud ? "" "
100	NA	" "" Imestad ? "" "
101	NA	" "" Kardan ! "" mõtles Skript . "
102	NA	" "" Ka surnutel on nekropolides oma algeline ühiskond . "
102	NA	" See toimib küll erinevalt kui meie oma , kuid , sorry , nende elu ... "" "
102	NA	 Kurk kõkutas . 
102	NA	" "" Pardon , nende surm . "
102	NA	 See on erinev meie elust . 
102	NA	 Väga , väga erinev . 
102	NA	" Sul tõuseksid juuksed peas püsti , kui teaksid kui erinev . "" "
103	NA	 Kurk ei naernud enam . 
103	NA	 Ta hääl oli muutunud jahedaks , peaaegu kalgiks . 
103	NA	" "" Pool inimkonda läheks hirmust lolliks , kui nad vaid aimaksid , kui košmaarselt erinev see on . "" "
104	NA	 Skript seedis kuuldut . 
104	NA	 Kui temaga poleks juhtunud seda , mis oli juhtunud , siis oleks ta rääkijat püstihulluks pidanud . 
105	NA	" "" Ja sina uurid neid ? "" "
106	NA	" "" Jah , mina uurin neid . "" "
107	NA	" "" Tulemuslikult ? "" "
108	NA	" "" On valminud minu uurimustöö esimene vili — "" Õpetus Surnutest "" . "
109	NA	 Kurk lausus seda tuntava uhkusega . 
109	NA	" "" Praegu töötan uue teose kallal , mille esialgne nimi on "" Nekropol ehk ligem tutvustus surnute gruppidest "" . "" "
110	NA	" "" Ja kuidas seostub selle kõigega too saatanlik muusika ? "" "
111	NA	" "" Oh väike lisalõbu . "
111	NA	" Me andsime oma ansambliga "" Ülim vaikus "" surnutele taas kord kontserdi . "
111	NA	" See on ainus muusika , mida need vaesekesed tajuvad . "" "
112	NA	" "" Zombide kontsert ? "" "
113	NA	" "" Aitab muideks nende ühiskonda sisse sulanduda ! "" "
114	NA	" "" Järelikult pole sa üksi ? "" "
115	NA	" "" Oh ei , loomulikult . "
115	NA	 Meid on neli . 
115	NA	 Ainult , et ülejäänud tegelevad vaid muusika ja surnunautimisega . 
115	NA	" Teadus on ainult minu pärusmaa . "" "
116	NA	" "" See on üks sitane teadus ! "
116	NA	 Ja sa ise oled koletis ! 
116	NA	 Teid tuleb hullumajja panna . 
116	NA	 Ei , teid tuleb tuleriidal põletada ! 
116	NA	" Just ! "" "
117	NA	 Kurk oli sellest purskest üllatunud . 
118	NA	" "" Kuidas ? "
118	NA	" Ma lootsin , et te ühinete meiega . "" "
119	NA	" "" Mina ! "
119	NA	 Nekrofiilidest pervertidega ! 
119	NA	" Satanistidega ! "" "
120	NA	" "" Meie ei ole satanistid ! "" "
120	NA	 Kurgi hääl oli terav . 
121	NA	" "" Põletada tuleks teid ! "" "
122	NA	" "" Meie ei ole perverdid ! "" "
123	NA	" "" Kuradi neetud värdjad ! "
123	NA	" Põletada ! "" "
124	NA	" "" Ise tead . "" "
125	NA	 Kurk astus ukse juurde ja viipas veel kolm tüüpi sisse . 
125	NA	" "" Tule kaasa . "" "
126	NA	" "" Käige põrgusse ! "" "
127	NA	" "" Tule , tule "" "
128	NA	" "" Otsige oma koolnud kaunitarid üles , jätke mind rahule ! "
128	NA	" Tahate mind tappa ! "" "
129	NA	" "" Seda luksust me sulle juba ei võimalda . "" "
130	NA	 Nad haarasid vasturabeleva mehe kinni ja tassisid ta õue , värava taga ootavasse autosse . 
130	NA	 Seal sidusid nad ta silmad kinni . 
131	NA	 Pärast mitte eriti pikka autosõitu visati ta masinast kuhugi liivale ja jäeti sinna . 
131	NA	 Skript ei suutnud oma õnne uskuda . 
131	NA	 Nii lihtsalt ta nende käest pääseski . 
131	NA	 Ta rebis sideme silmadelt . 
131	NA	 Südantlõhestav hirmuröögatus vallandus mehe kurgust . 
131	NA	 Meeletu pilk ühele poole — sadade kilomeetrite viisi kihutasid talle vastu metsad , majad , teed — iga viimane kui pilv ja rohulible . 
131	NA	 Vasemal — röögatu avarus keset aleveid , külasid , linnu . 
131	NA	 Skript varises liivale , peites pea kätega . 
131	NA	 See neetud avarus . 
131	NA	 Hirmuhigi kehalt voolamas , pilutas mees üht pungis silma ja heitis pilgu öötaeva poole . 
131	NA	 Miljardite kilomeetrite viisi tühjust , TÜHJUST , TÜHJUST . 
131	NA	 Ulguva röögatuse saatel kukkus Skript kätega jõe kaldaliivas kraapima . 
131	NA	 Peitu , varjuda , eemale sellest tapvast universumist , kus sa oled kui tolmukübe — iga tuulehoog tõstab või lömastab su . 
132	NA	 Küüned murdunud , kraevahe mulla-liivasegu täis , pressis Skript end kitsasse urgu , seda pidevalt pikemaks , sügavamaks kaevates . 
132	NA	 Kaitsvad seinad ümberringi külgi riivamas mõjusid turvaliselt . 
132	NA	 Paari-kolme meetrise käigu lõppu uuristas mees endale pisut suurema pesa , kus sai end hädavaevu kerra tõmmata . 
132	NA	 Keha oli kui tuld täis , sinine , verine . 
132	NA	 Ta polnud hommikust saadik midagi söönud , närvipinge ja füüsiline töö muutsid söögivajaduse kohutavaks ihaks . 
132	NA	 Need mõned vihmaussid , mis ta leidis , kõhtu ei täitnud . 
132	NA	 Värisedes ja meeltesegaduses jäi Skript vastu hommikut rahutusse ja painajalikku unne . 
133	 5 . 	 5 . 
134	NA	 Ta ärkas kellegi äreva sosistamise peale . 
135	NA	" "" Vahi , mingi käik . "" "
136	NA	" "" Kust see siia sai ? "" "
137	NA	" "" Mai tea . "" "
138	NA	 Skripti peas ujus meeletu udu ja virrvarr . 
138	NA	 Nälg tahtis silmanägemist ära võtta . 
138	NA	 Hüsteeriliselt vahtis ta ähmaste silmadega käigusuudme poole . 
138	NA	 Iga krõpsatus pani teda võpatama , iga võpatus lõikas nagu noaga tema räsitud ihu , sundides teda hambaid kiristama . 
138	NA	 Keegi väike poiss ronis ettevaatlikult käiku . 
139	NA	" "" Kas sul tikke on ? "" küsis too kelleltki oma selja tagant . "
139	NA	 Poiss sikutas käe tagasi ning saanud toosi , tõmbas tiku põlema 
140	NA	 Leek valgustas tunnelit ja selle taga sadu-sadu kilomeetreid kohutavalt avarat ilmaruumi . 
140	NA	 Urahtades sööstis Skript edasi ja rabas kindla haardega poisi kõrist . 
140	NA	 Karjatust lämmatades lõi Skript teise käe näppudega poisile silma , üritades jõuda ajuni . 
140	NA	 Tõmmeldes ja korisedes kadus laps sõbra vaateväljast . 
140	NA	 Kisades pani see alevi poole jooksu . 
140	NA	 Näljas Skript lõi hambad surnud poisile kätte ja rebis näljakustutuseks suutäite kaupa verist liha . 
141	NA	 LÕPP 
