par_nr	head	sentence
1	 Kõiksuse hääl 	 Kõiksuse hääl 
2	NA	 Siim Veskimees 
3	NA	 Üks kiiksuga loomislugu , kerge kummardusega A. C. Clarke'ile . 
4	NA	" "" Lähetuse kommodoor , minu juurde ! "" emalaeva komandöri kärisev hääl täitis õhu kaikuva militaarsusega , erinevate ruumide erineva kvaliteediga mögafonide prääksumine ja põrkuvad kajad segunesid kilomeetristes koridorides , klaasid klirisesid ja kitarr Megaboy süles kumises kaasa . "
5	NA	" "" See oled sina , "" ütles Mandar mult pea alt patja ära tõmmates , justkui oleksin veel täiendavat meeldetuletust vajanud . "
6	NA	 Ajasin end vandudes jalule ja raputasin tüdruku maha . 
6	NA	 Vormikuub varrukatpidi järel lohisemas , kallasin endale veel käigupealt viimase viski kõrist alla ja suundusin lähima lifti poole , mis sillale viis . 
7	NA	" "" Ilmusin teie käsul ! "" "
8	NA	 Liftis olin kuue selga saanud ja juuksed patsi kogunud , ent ükskõikne peegel püsis arvamusel , et olen otse kusagilt prügikastist välja roninud . 
9	NA	 Armeekindral Arcady Cantreux de Muissesse vaatas mind pilgul , mis isegi androididel südamerabanduse esile kutsub . 
10	NA	" "" Kas tead , millega sinu poisid hakkama said ? "" küsimus oli retooriline , nii et kehitasin õlgu . "
11	NA	" "" Kas sSSõdurid vajavad täiendavat meeldetuletussst , et trRRanspordialused ei ole rallikärud ? "
11	NA	" Kas keegi on neile vaevunud ütlema , et isegi kui nad liigsest alkoholist invaliIIidistununa satuvad raketti , ei tohi puutuda juhtimislülitusi , ja kui rakett läheb lendu , EI TOHI , mitte mingil juhul EI TOHI üritada teda ringi programmeerida ? "" kindral röökis selle kõik mulle näkku vaevalt vaksa kauguselt , tunne oli , nagu oleksin üritanud nina kaudu kõrvadest vaiku välja puhuda . "
12	NA	 Astusin sammu tagasi . 
13	NA	" "" Miski sinu olekus ütleb mulle , et seekord on sul tõsi taga ? "" "
14	NA	" "" Kui kaks eriüksuse kretiini ennast puruks sõidavad , on isegi paadi väärtust arvestades Impeerium kergelt pääsenud , aga kui mu välihaigla läheb kahe kolmandiku C-ga Kolmejalgsete sektorisse ... "
14	NA	" ARRRGGHHHH !!! "" "
15	NA	 Pigistasin silmad kinni ja tundsin , et muutun masendavalt kaineks . 
16	NA	" "" Kus mehed on ? "" "
17	NA	 Vastuseks viipas ta adjutandile ja see tõi suurele ekraanile holo , kuidas neli tursket sõjaväepolitseinikku Raouli ja Ronaldit toolidesse toppida üritavad . 
18	NA	" "" Minu fregatil ? "" "
19	NA	 Teine viibe ja sinna kõrvale tekkis holo kaklusest klubis , kust vaevalt paar minutit tagasi lahkunud olin . 
19	NA	 Suur hulk erinevate turvastruktuuride vormis tegelasi üritas minu meeskonda välja saada . 
19	NA	 Enamik mööblit oli juba aheraine , ladestustes lebas ka inimkogusid . 
20	NA	" "" Ma ei saa sind karistada . "
20	NA	 Saan ainult Staapi esildise teha , kuigi see lõpeb ka ainult sellega , et Leegion lõhutud potid välja maksab . 
20	NA	" Aga ma saan teid välja visata ! "" "
21	NA	 Ta lausa tantsis rõõmust . 
22	NA	" "" Puhkus on läbi , operatsioon algab KOHE . "
22	NA	" Kui te siit läinud olete , laseme litsid maha , peseme põrandad puhtaks ja mina isiklikult lähen hullumajja ravile , et rahustisõltuvusest vabaneda . "" "
23	NA	" "" Tundub , et me oleme muljet avaldanud ... "" suutsin vaid pomiseda , üritades kiiresti olukorras orienteeruda . "
24	NA	" "" Te olete sama ebameeldiv paratamatus nagu kogu see neetud töö . "
24	NA	 Teid vaadates ei imesta keegi , et ükski Teemantmäelt tagasi ei tule . 
24	NA	" Persse , selleks on sinna kuhugi vaja ainult üks ööklubi teha . "" "
25	NA	" "" Ära mõnita Leegioni ... "" üritasin karusemat häält teha . "
26	NA	" "" Härjasitt , "" lõikas ta mu haleda katse läbi . "
26	NA	" "" Kas sa meeskonda instrueerisid ? "
26	NA	" Kas te võtsite vaevaks ohutusprotseduurid läbi käia , uue taktika selgeks õppida ? "" "
27	NA	" "" Jõudsime . "" "
28	NA	" "" Ja mis nad arvasid ? "
28	NA	 Olete te siin sihitu suguelu ja permanentsete pidude keerises leidnud aega ka teoreetilised materjalid läbi vaadata ? 
28	NA	 On nad rahul ohutusprotseduuridega ? 
28	NA	" On nad andnud sellele tööle mingi hinnangu ? "" "
29	NA	" "" Jah . "
29	NA	 Hävitava . 
29	NA	" Kogunesid tsiviilmonitori taha järjekorda , et testamendid korda teha . "" "
30	NA	 Arcady jäi vait ja ta õlad vajusid pisut longu , vaevumärgatavalt , nii et ta sõjaväelaslik hoiak asendus inimlikumaga — hobune hajus alt ära , nagu kursandid selle kohta öelda armastasid . 
31	NA	" "" Õnn kaasa , "" ütles ta vaikselt kõrvale vaadates . "
32	NA	 Andsin vaikides au ja vedasin oma peost ja depressioonist räsitud kogu fregati poole . 
33	NA	 *** 
34	NA	 Unenäos ma aina surin ja surin , keerlesin abitult valges pilvelehtris ja jälgisin , kuidas ikka ja jälle mingil ürgtobedal viisil surma sain . 
34	NA	 Häältest hakkas tähelepanu köitma Osgoodi vandumine . 
34	NA	 Masendunult mõtlesin veel , et olen alati teadnud , et pean surema tema nõrgalt seotud roppuste jada kuulates . 
34	NA	 Põiekas andis tunda , üritasin ära arvata , kas mul on skafander seljas või mitte , ei raatsinud aga niipalju ärgata , et selles selgusele jõuda , vajusin uuesti sügavamale unne . 
34	NA	 Nägin , kuidas Osgood teeb oma häda aasal , mis on tihedasti filifjonkasid täis ja mille üle kummub tumesinine taevas . 
34	NA	 Teadsin isegi unes , et midagi on valesti , sest need psiitundlikud lilled kasvavad vabas looduses ainult oma koduplaneedil , mille taevas on rohehallitusekarva . 
34	NA	 Osgood vandus kogu aeg ja lilled närtsisid , tõmbusid pruuniks ja vajusid praginal kokku . 
34	NA	 Päike kukkus mulle pähe . 
35	NA	 Istusin pilooditoolil ja ekraanil välkles radarimääranguid . 
36	NA	" "" Khaegd akgra ölldn , üreae odua , "" vandus Osgood Maokandja kaupmeeste dialektis . "
36	NA	" Viimase fraasi viisakas lähend kõlaks umbes nagu "" ogaliste vittude paraad "" . "
37	NA	" "" Mrium kanta , kanta aetebna , kanta moorlgas ällda öö ! "" "
37	NA	 ( Seda ma parem ei tõlgi . ) 
37	NA	" "" Ärka , sa looduse hale eksitus , lõdva riistaga tehtud juhuse võidukuse vääritu manifestatsioon ! "" "
37	NA	 Nägin veel , kuidas hõljub eemale joogipudel , mille ta mulle vastu pead oli läkitanud . 
37	NA	 Vabalangemise tunne üritas seedekulglat reverseerida . 
38	NA	 Eluaegne treening lubas ühe hetkega hinnata olukorda — Lüüra kalmaaride dzonki tuli otse peale . 
38	NA	 Number 90 helendavas kastis ta määrangu peal — virutasin huupi kahuri päästikule ja viisin laeva viraazhi . 
38	NA	 90% tõenäosust arvuti arvates ei tähenda üldse , et ma talle pihta saan , loodetavasti see aga ehmatab teda piisavalt ... kui ei ole tegemist täisautomaatse relvaga . 
38	NA	 See on ehk paari manöövri järel selge . 
39	NA	" "" Me oleme sõjatsoonis , kuhu on mitmest galaktikast piknikku pidama kogunenud kõik evolutsioonilised vastikused , kel hüperruumilaevu on . "
39	NA	" Me oleme neljas ekspeditsioon , kuna kolm esimest on ebaõnnestunud , me oleme teadaolevalt kõige huvitavama ja seletamatuma objekti vahetus läheduses — ja tema magab ! "" "
40	NA	" "" Osgood , mine spiraalile . "
40	NA	 Möla maha . 
40	NA	 Mängime 12B , ei C. Torpeedoruum , shrapnell valmis . 
40	NA	" Mis juhtus gravitatsiooniga ? "" "
41	NA	" "" Automaatika lõi eluruumigravitasiooni välja , kui Osgood kolmesaja G-ga nende esimese torpeedo eest kõrvale tõmbas . "" "
41	NA	 Raouli pohmakas lõust hõljus energiakeskuse puldi kohal . 
41	NA	 Ta vajutas kangi ja sadas põrandale , kui kaal tagasi tuli , ajas end puusa siludes kohmakalt püsti . 
42	NA	 Fikseerisin seda kõike silmanurgast , sest mul oli vastasega tegemist . 
42	NA	 Kujutis oli korraks sinaka koroonalahendusega lõõmama löönud , kui fregati kahurite konsentreeritud antimateeria ta kaitsevälja välimistes kihtides detoneerus , aga midagi nähtavat tal küll viga polnud . 
43	NA	 Võtsin klaviatuuril paar akordi , lülitades enamiku laeva kolmekümnest relvasüsteemist automaatseks , las toksivad omaette . 
43	NA	 Osgood juhtis fregatti mööda juhuslikku spiraali , vaenlane lähenes kiiresti , kosmose must tähine taust pöörles , ent ... oi , kurat ! jäin ma hoopis mujale vahtima . 
44	NA	" "" Mis see on ? "" "
45	NA	" "" Teemantmägi , oled sa kuulnud sellest midagi ? "
45	NA	" Meenub , et pidime kuhugi minema ? "" sarkasmi tema hääles oli võimatu mitte märgata . "
46	NA	 Hindasin kiiresti kaugust ja andsin torpeedomeestele vaba tee , ise lülitasin otsija poolautomaatseks ja viisin piirkonna sinna , kus arvasin vaenlase olevat , et kõigi meie tööd kergendada . 
46	NA	 Esimene torpeedo läkski teele , siis teine . 
46	NA	 Nägin , et tuleb ka vastus , aga see oli piloodi mure . 
47	NA	" "" Pikanokuline pisijumal ! "" koos Osgoodi hüüdega tabas laeva kui haamrihoop , kui ta maksimaalsel kiirendusel kõrvale tõmbas . "
47	NA	 Meie taga valgus laiali tulemeri . 
48	NA	 Saatsin ette esimese valekujutise . 
48	NA	 Vaenlane saatis torpeedosid rivis , eeldades , et igaüks läbistab ühe kaitseväljakihi , ta kahurite tuli ristus kujutisel . 
48	NA	 Hetke pärast , kui valgus temani tagasi jõuab , taipab ta , et tulistab tühja . 
49	NA	 Laev kaldus jälle , kui Osgood vastavalt stsenaariumile kurssi muutis . 
49	NA	 Lasin ette teise valekujutise ja korrigeerisin arvuti ennustusparameetreid . 
49	NA	 Nüüd valgus teisel pardal laiali ilutulestik , kui dzonki teist peibutist nuhtles . 
49	NA	 Otsustasin riskida , sest arvuti andis 98% , et tegemist on robotiga . 
50	NA	" "" Osgood , teeme aasa kohe ära . "" "
51	NA	" "" Piiks-piiks . "" "
52	NA	 Liikusime oma teed mööda tagasi ja Ronald , kes seda oodanud oli , pani miini maha . 
52	NA	 Tõmbasime enamikul seadmetel toite maha ja Osgood viis meid eemale tõukajaga , millel pole peaaegu ühtegi juhtimislülitust . 
52	NA	 Positsioon oli valitud nii , et kõige loogilisem tee vaenlasel meile järgneda tuli üle miini , ta pidi arvama , et üritame jalga lasta . 
52	NA	 Tõukaja annab sensoritel enam-vähem sama energiapildi , mis hüpergeneraator . 
53	NA	 Lilla päike süttis ahtri taga , kui ta tähetuumale koperdas . 
53	NA	 Kui skannerid taas võtma hakkasid , polnud vaenlasest muud jälge peale metalliaurude . 
54	NA	" "" Neetud , kui paha on olla , "" porisesin end toolist lahti päästes . "
54	NA	 Olin higine nagu kalts ja ... nojah , skafandrit mul ju seljas polnud , aga unes olin vist teisiti arvanud . 
55	NA	" "" Ööäkk ! "" tegi Osgood mulle järele vaadates . "
55	NA	" "" Kas sa oled kuulnud Rossi uruskunksist ? "
55	NA	 See ronib auku ja ei tule enne välja , kui sitt hingamist takistama hakkab . 
55	NA	 Me oleme lahinglennul , vastaseks võimsad ja sõjakad rassid poolest universumist , me oleme Leegioni au ja uhkus üliohtlikul ekspeditsioonil , me oleme kogu ajalugu muutva avastuse lävel — ja tema kuseb ennast täis ! 
55	NA	" Puhastusrobot — kommodoori tooli ! "" "
56	NA	 *** 
57	NA	 Helkivad kaljud tõusid mõlemal pool kilomeetrite kõrgusele . 
57	NA	 Must taevas vilkus aeg-ajalt seal , kus tunneli lagi oli maha langenud . 
57	NA	 Prozhektorite vastupeegeldus sätendas kõikvõimalikes vikerkaarevärvides ja ka teisi spektrivahemike näitavate ekraanide pilt polnud parem . 
57	NA	 Eksimeerlaser jooksis ala läbi ja temaga ühendatud navigatsiooniarvuti näitas , nagu alati peale baasist väljumist , et protsessor töötas täie võimsusega . 
58	NA	 Tee hakkas laskuma , kummalistes vormides klaasipuru näitas vasakul , paremal , iga nurga all ja igas suunas liikuvaid tanke . 
59	NA	" "" Esimene , sa kadusid otsenähtavusest , "" kähises kõrvaklappides Ronaldi hääl . "
59	NA	" Automaatselt heitsin pilgu sideindikaatorile , see teatas muidugi "" levist väljas "" , nagu tal siin kombeks oli . "
59	NA	 Esimeses ekspeditsioonis tekitas ka see asjaolu tõelist õudust — peegeldusi oli nii palju , et ükski mõistliku sagedusega digiülekanne ei toiminud . 
59	NA	 Juba teine ekspeditsioon leidis sellele lahenduse — me kasutasime iseadapteeruvaid faasmoduleeritud ülekandeprotokolle , ent harjumatu oli rääkida . 
60	NA	" "" Liigun vähendatud kiirusega piki tunneli põhja endisel kursil . "" "
61	NA	" "" OK , näen sind taas . "" "
62	NA	" "" Kolmas ? "" "
63	NA	" "" Teise sabas . "" "
64	NA	 Kalle muutus järsemaks , arvata 30 kraadi . 
64	NA	 Peegelkihid ulatusid peaaegu kõikjal üleval mitmes kihis kokku , taevast polnud enam näha . 
65	NA	 Tundus , et nägin eespool mingit varju , peatasin järsult masina . 
66	NA	" "" Probleeme ? "" kostis kõrvaklappides minu taga tuleva Ronaldi hääl . "
67	NA	" "" Jää korra seisma , Kolmas ka . "" "
68	NA	 Kujutis tardus paigale . 
68	NA	 Keerasin teleobjektiivi siia-sinna ja lõpuks suutsin tabada ja analüsaatorisse saata eespool vaevumärgatavalt võbelevad varjud . 
68	NA	 Heitsin pilgu kõrvale , laserid olid otsenähtavuses loonud side tankide vahel , mehed nägid , millega tegelesin . 
69	NA	" "" Hüpitsad ? "" see oli Raoul kolmandas tankis . "
70	NA	" "" Kurat teab . "" "
71	NA	" "" Annad lähmaka ? "" "
72	NA	" "" Mille pihta ? "
72	NA	" Lähme lähemale . "" "
73	NA	 Liikusime taas edasi . 
74	NA	" "" Kui need on meie eilsed sõbrad , siis on nad tüki maad paremale nihkunud , "" arvas Ronald . "
74	NA	" "" Või ei otsi nad meid . "
74	NA	" Või üritavad kõrvale hoida . "" "
75	NA	" "" Miks nad siis eile tulistasid ? "" "
76	NA	 Me olime seda arutanud kogu õhtu , olin siiralt tüdinenud . 
77	NA	" "" Ehk oli neil ka igav ? "" "
78	NA	 Ka see oletus oli korda kakskümmend üle laua lohisenud . 
78	NA	 Kindlasti oli ka võõraste hulgas meile sarnase psühholoogiaga rasse , kes paljalt tüdimusest kasutasid juhust kõmmutada kõige pihta , mis liigub . 
79	NA	" "" Võib-olla kõigepealt tulistame ja läheme siis lähemale ? "" pani Raoul ette . "
80	NA	" "" Alati ettevaatlik , "" turtsatasin . "
81	NA	" "" Meid nägid nad kindlasti ammu enne kui meie neid , "" pistis Roland vahele . "
82	NA	" "" Kas skanner ei näita neil mingit kiirgust ? "
82	NA	" Minu oma ei näita . "" "
83	NA	 Miks ta küsib ja ise ei vaata mu arvutist ? 
83	NA	 Heitsin pilgu sideindikaatorile ja nägin , et Raoul oli tõepoolest taas kadunud . 
84	NA	" "" Kolmas , kus sa oled ? "" "
85	NA	 Vastust ei tulnud . 
86	NA	" "" Niikuinii hiilib ettepoole , et märulit teha , "" arvas Ronald . "
87	NA	" "" Kolmas , vasta ! "" "
88	NA	" "" Äh , vahele jäin . "
88	NA	" Olen paremal küljel , umbes kakssada meetrit sinust ja nelikümmend meetrit kõrgemal . "" "
88	NA	 Vaatasin juhatatud suunas ja nägin tõepoolest tulede helki ettepoole roomamas . 
89	NA	" "" Kuule , see ületab isegi sinu taipamatuse määra arvestades loa alternatiivseid teid otsida . "
89	NA	" Marss oma kohale . "" "
90	NA	 Liikusime aegamööda , vast nii paarkümmend meetrit sekundis sinnapoole , kus miski oli liikunud . 
91	NA	" "" Karistuseks meile on see pasamägi ! "
91	NA	" Mitte millegi tuntuga see pudru kokku ei lähe . "" "
92	NA	 Ronald tegeles rohkem arvuti kui rooliga . 
93	NA	" "" Kas sa luurerakettide pildid võtsid kaasa ? "" küsis Raoul . "
94	NA	" "" Kujutisi edastasid Mardikpõtrade ja Terqueuside juurde saadetud , teised lasti enne alla . "
94	NA	" Kui sa tahad palju jõllissilmseid kuuejalgseid põtru näha , siis palun , kuigi ma peaksin sellist huvi perversseks ... "" "
95	NA	 Tunnelisein purunes , kristallidest kerkis roomikutel robot , vajus siis kokku , pooldus , vormus uuesti poole väiksemana , kordas seda paar kord . 
95	NA	 Kaheksa roomikutel elukat lähenes mulle . 
96	NA	" "" Kõigepealt ütleme tere , "" urisesin ja vajutasin laserite päästikule , andes esialgu protsendi võimsust . "
96	NA	 Mehhanismid jäid kohapeale totutama , analüsaator näitas aktiivset lühilainesidet . 
96	NA	 Siis eraldus esimese masina ninast keravälk ja tabas mu tanki nina . 
96	NA	 Soomus süttis ja ma paiskusin tagasi . 
96	NA	 Hoiatustulede virr-varr täitis tanki sisemuse . 
96	NA	 Kiivriklaas ei olnud alla kukkunud , järelikult soomus oli terve . 
96	NA	 Plahvatus oli tanki tagasi virutanud , instinktiivselt olin paiskunud ettepoole rihmadele ja virutanud rakettide stardihoovale . 
96	NA	 Ei olnud vaevunud uurima , kas märgiotsijad olid midagi leidnud , nüüd , kui nad minema sööstsid , taipasin , et vastus oli negatiivne . 
96	NA	 Tunnel eespool oli tuld täis , kui raketid seinu tabades plahvatasid . 
96	NA	 Tõmbasin juhthoova kiiresti tagasi ja õigesti tegin , sest mu taandumist tähistasid keravälgutabamused . 
97	NA	 Korraga tundsin , et kerkin , ekraanid olid mustad . 
98	NA	" "" Kesse kretiin ... "" jõudsin röögatada , kui lööklaine mu tagasi paiskas . "
98	NA	 Ümberringi sadas peegelkaljusid , väiksemad kristallid sulasid , kiirgusmõõtja kräunus . 
99	NA	 Kihutasin külgkäiku , sest tundus , et kogu lagi langeb kokku . 
99	NA	 Ootamatult olin suures kanjonis tagasi . 
99	NA	 Selle minu taga oleva seina avadest lendas ikka veel välja leeke ja igas suuruses helkivat prahti . 
100	NA	 Meie tulekutee sihis tagapool vupsatas kaljust välja Ronaldi tank , kukkus kümmekond meetrit ja keeras end siis ringi . 
101	NA	" "" Sina või Raoul ? "" küsisin vihaselt . "
102	NA	" "" No mis see natuke antiprootoneid — efekt oli rabav . "
102	NA	" Kes need olid ? "" "
103	NA	 Mühatasin . 
104	NA	" "" Kõigest kohalik fauna . "" "
105	NA	" "" Persse . "
105	NA	 Robotisüsteeme , mis jagunevad ja peale seda sama kuju võtavad , on vähemalt tosinal tsivilisatsioonil . 
105	NA	" Olid nad seotud selle signaaliga , mille enne masinasse püüdsid ? "" "
106	NA	" "" Kes seda enam kindlaks teeb . "
106	NA	" Aga kuna seni ei ole mitte keegi mitte kunagi — ei meil , ega meie teada teistel — leidnud Mäest midagi elusat , veel vähem liikuvat , oli see arvatavasti nende kaklushimuliste ekskavaatorite jälg . "" "
107	NA	" "" Mägi ise on elus . "" "
108	NA	" "" Millal sa usklikuks hakkasid ? "
108	NA	" Kui koju jõuame , lasen sulle mõne paberitega hingesorkija kallale , see kruvib su mutrid paika tagasi , "" vastasin tigedamalt kui asi väärt , aga olin sellest vahtimisest ka väga tüdinenud — kuude kaupa ainult helkiv põrgu ja pidev ohutunne . "
109	NA	" "" Me ei tea siiani mitte midagi , "" jätkas Roland visalt — või ainult lobises ajatäiteks . "
109	NA	" "" Detektorid näitavad madalamatel sagedustel mingeid elule sarnased jooni ... "" "
110	NA	" "" Ma olen tüdinud ! "
110	NA	 Seda näitavad nad ka tähtede fotosfääris , aga minu teada on seal raske elus olla . 
110	NA	" Siin on Mäe tuum põrgulikult radioaktiivne . "" "
111	NA	" "" Ja kust see tuleb ? "
111	NA	 Ja mis eelmiste ekspeditsioonidega juhtus ? 
111	NA	" Mis Megaboyga juhtus ? "" "
112	NA	" "" Aborigeenid pistsid nahka . "" "
113	NA	 Vandusin ropult . 
114	NA	" "" Ma olen ka väga vihane , sest kaudselt vastutasin oma meeste eest , ükskõik milline geneetiliste katastroofide kogu te olete . "
114	NA	 Siin ei ole ühtegi energiaallikat , siin ei ole elu , siin ei ole ... siin ei ole üldse midagi , mis meile natukegi ohtlik võiks olla . 
114	NA	 Ainult mõistatused ... 
114	NA	 Ja mehed kaovad . 
114	NA	 OK , mõned võib võõrplaneetlaste kaela ajada , aga mitte kõik . 
114	NA	" Myrmiidid on siin miljon aastat ringi kaevanud ja pole targemaks saanud . "" "
115	NA	" "" Ja meil on kõigest neljas ekspeditsioon . "
115	NA	" Võib-olla me läheneme üldse valest otsast ? "" "
116	NA	" "" Kas on mõnest otsast lähenemata ? "
116	NA	 Kui sul on mõni idee , mis on eilsest süütusest rohkem väärt , anna märku . 
116	NA	 Seni ole vait . 
116	NA	" Lähme otsime Kolmanda üles . "" "
117	NA	 Suunasin tanki mäkke tagasi . 
117	NA	 Käik oli kohati ummistunud , ent võtsin hoogu ja rammisin läbi . 
117	NA	 Jõudsin tunnelisse , kus Ronald tulistanud oli . 
117	NA	 Õnneks oli suur osa peegeldustest kadunud , käik nägi välja nagu halvastivalatud pudel seestpoolt , aga see oli tavalise kirenduvate kujutiste rohkusega võrreldes talutav vaatepilt . 
117	NA	 Siin-seal eespool turritasid sulanud klaasist välja robotite jäänused . 
117	NA	 Liikusin edasi , kuni samuti rusudega täidetud teise otsani , keerasin tagasi , et Ronaldist mitte liiga kaugele minna . 
117	NA	 Viimane oli hakanud otsima käiku , et minna sinnapoole , kus Raoul enne oli seisnud . 
117	NA	 Leidsin ka siit ühe käigu alguse , suutsin kuidagi tanki kitsale karniisile manööverdada ja end läbi suruda . 
118	NA	" "" Teine , leidsin külgkäigu , liigun tagasi Kolmanda algse asukoha poole . "" "
119	NA	" "" OK . "
119	NA	 Ma peaksin ka varsti läbi saama . 
119	NA	" Miks Megaboy tankist väljus ? "" "
120	NA	" "" Ei tea . "
120	NA	" Oletada võib , et tahtis vaadata mingit käiku , kuhu tank ei mahu . "" "
121	NA	" "" Kas te ei leidnud jälgi ? "" "
122	NA	" "" Leidsime , isegi ühe skafandri sitakoti leidsime . "
122	NA	" Siis oli üks hiljuti kokkuvarisenud embrüo-tüüpi koobas , ja kõik . "" "
123	NA	" "" Varing ? "
123	NA	" Jäi alla ? "" "
124	NA	" "" Otsisime . "
124	NA	 Kurat , skafandri jõuväljale ei oleks seegi midagi teinud . 
124	NA	 Leekur oli tal kaasas , ka välja oleks ta saanud . 
124	NA	 Neutriinolokaator oleks ta leidnud ükskõik kust . 
124	NA	 Kadunud . 
124	NA	" Hajunud . "" "
125	NA	 Olin liikunud umbes selle kohani , kus Raoul enne oli . 
125	NA	 Eemalt lähenesid tuled , ka Ronald oli läbi . 
126	NA	" "" Baas , kas Kolmanda signaal on alles ? "" ütlesin sõrme suuremal võimsusel hoides . "
127	NA	" "" On teil probleeme ? "" tuli kajav ja kähisev vastus . "
127	NA	" "" On küll . "
127	NA	" Niipalju kui peegeldustest aru saab , umbes teie oma lähedal . "" "
128	NA	" "" Umbes ... "
128	NA	 Aitäh , palju kasu oli . 
128	NA	 Teine , sa võta galerii suunal kolm , mina võtan viiel . 
128	NA	" Pool kilomeetrit , siis kas kohtume , või siia tagasi . "" "
129	NA	 Juhtisin tanki ahenevasse käiku , üritades jälgi leida . 
129	NA	 Tavalisel moel neid ei olnud , pigem otsisin murdunud kristalle ja muud taolist . 
130	NA	 *** 
131	NA	 Järgnevast kolmest päevast on mul väga segased mälestused . 
131	NA	 Mulle tundus , et sõitsin terve igaviku mööda käike , et ma ei ole elus muud teinudki , kui enda tundmatuseni moonutatud peegeldusi vahtinud ja järjest väiksemaks jääva lootusega sideindikaatorit jälginud . 
131	NA	 Keeldusin tagasi minemast , elatusin sellest , mis skafander andis , hoidsin end medikamentidega üleval ja muudkui otsisin selle koha läheduses , kus Raouli viimati nähti . 
132	NA	 Lõpuks , kui hallukaid nägema hakkasin , magasin paar tundi , teatasin Baasi , et vastupidiselt kõigile eeldustele olen elus ja jätkan otsinguid . 
133	NA	 Kui otsisin uut käiku tunnelis , mis avanes suuremaks saaliks , mis omakorda oli ilmselt keskse kanjoniga ühenduses , nägin korraks ka Ronaldit ja Mandarit ringi müttamas . 
134	NA	" "" Hau , Esimene . "
134	NA	" Kuule , kas eeskirjade punkti "" kõik sõduri maised jäänused tuleb omastele saata , kui ta on sellekohast soovi avaldanud ja vastavad isikud nimetanud "" tuleb tõlgendada nii , et ka skafandrist väljavisatud sitakotid tuleb saata ? "" "
135	NA	" "" Tuhat aastat vana nali , sa kusekramp , "" urisesin ainult vastuseks . "
136	NA	" "" Oh , ma tahtsin ainult kontrollida , kas su huumorimeel on alles . "
136	NA	" Kohtume X-punktist vasakul poole tunni pärast . "" "
137	NA	 Läbisin kaks galeriid , mis kahtlaselt tuttavad tundusid , kuigi kaardil ei olnud , ja liikusin X-punkti ( see tähendab koha , kus Raouli viimati nähti ) ümbert kokkulepitud koopa suunas , oodates Ronaldi või Manguse nähtavale ilmumist , kui läbi vajusin . 
137	NA	 Seda oli ennegi juhtunud ja Mäe nõrgas gravitatsioonis ei olnud see mingitel tingimustel ohtlik . 
137	NA	 Kukkusin siiski ka läbi alumise koopa põranda ja siis leidsin , et aitab , lülitasin sisse turbiinid ja maandusin pehmelt . 
138	NA	" "" Teine , olen kaheksasada meetrit allpool . "" "
139	NA	 Vastust ei tulnud . 
139	NA	 Kavatsesin üles tagasi lennata , ent enne jäi pilk peatuma ühel harukäigul , mis tundus olevat teist värvi . 
139	NA	 Suunasin tanki sinnapoole ja ronisin välja . 
139	NA	 Kõik detektorid olid oma töö teinud , ainuke , mis tavalisest erineva signaali andis , oli gaasianalüsaator . 
139	NA	 Tirisin siis ta pesast välja , võtsin ka leekuri turellilt ja seadsin sammud kitsasse käiku . 
139	NA	 Gaasi konsentratsioon oli suurem kohe sealsamas avanevas koopas , mille laest vonkles alla paarisentimeetrine voolik . 
139	NA	 Käisin hoolikalt detektoritega kõik seinad üle , mitte midagi tavalisest erinevat . 
139	NA	 Mitte üht teist väljapääsu . 
139	NA	 Kust persest sai siia see gaas ? 
139	NA	 Voolik ? 
139	NA	 Uurisin seda lähemale minemata skanneriga , tulemus oli mõneti jahmatav — helisagedusvõnkumised . 
139	NA	 Muidugi see pseudoelus mägi muutus aastasadade jooksul , võttes aeg-ajalt vägagi kummalisi kujusid , ent seni polnud me avastanud elektrilisi signaale . 
139	NA	 Pöörasin skannerit alla ja üles ja nagu arvata oli , katkes too kummaline anomaalia paar meetrit eemal kasvuga kaasatriivinud maagikänkra juures , mille ümber oli tekkinud aktiivne metamorfoosivöönd . 
139	NA	 Kirusin ja mõtlesin , kas minna tanki juurde parema analüsaatori järele . 
139	NA	 Pidin juba peaaegu õhku tõusma , kui muigasin — andsin skafandri juhmivõitu tehisintellektile korralduse see võnkumine sobivas tugevusdiapasoonis mu kõrvaklappidesse lasta . 
140	NA	 *** 
141	NA	 Nähtamatu klaverimängija lasi nagu pooljuhuslikult sõrmedel üle klaviatuuri libiseda , võttis noodi siit , teise sealt . 
141	NA	 Flöödimängija , kes teda armunud pilgul jälgis , põimis tasast viit sinna vahele . 
141	NA	 Keegi libistas sõrmed üle harfi , samuti sõbralikult jälgides , mida teised teevad . 
141	NA	 Klaverimängija otsis mingeid ammu unustatud viise , midagi sellist oli mulle mänginud Maya , püüdes anda aimu , äratada üles viise , mis kõlasid Planeedil siis , kui ookeanid olid veel sinised ja tasandikke kattis mets . 
141	NA	 ( Maya — vaene neiu on juba tuhat aastat surnud ; ainus naine , keda kunagi armastanud olen . ) 
141	NA	 Oli see trummilööja või kauge äike ? 
141	NA	 Midagi oli meenunud , miski tuli tagasi , sõrmed leidsid viisi , passaazh passaazhi järel muutus mäng võimsamaks , sümfoonia võidutses . 
141	NA	 Tormituul keerles ümber mängijate , kevadine äike keerutas ammu surnud saastas , raske värske vihm täitis maagilise kuminaga tolmuks pudenenud seemneid , kaskaadidena langes maagiline viis , murdes ajastute surnud kesti , nad hakkasid kasvama , sirgusid rohelistena vastu äikesetiinet taevast , kus lõõmas hele noor päike . 
141	NA	 Ma kuulsin Elu , see tõusis pillide vibreerivast kõlast ( nüüd mängisid juba arvukad orkestrid ) , uhas kirvendavate lainetena üle tundmatute planeetide laavaväljade , viljastades neid , nirises pisaratena uuretesse , pannes kaljud valust punguma . 
141	NA	 Viiulite hele staccato-toon muutus tabamatult keerukaks , näidates , et siin sünnib teadvus ... ja siis olin taas üksi . 
142	NA	 *** 
143	NA	 Voolik või juhe langes alla , pudenes tolmuks . 
143	NA	 Analüsaator ei näidanud läheduses mitte üht signaali , ent kaugemal , igal pool oli elu . 
143	NA	 Koopa peeglid olid tuhmunud , kõik oli harjumatult raske . 
143	NA	 Püüdsin aru saada , palju aega on möödunud , olin korraga pööraselt väsinud , nii et uni kippus vägisi peale , süstisin endale kiiresti erguteid , seedisin mõru mõtet , et mind oli totaalselt lolliks tehtud . 
144	NA	 Stopp , kell ei saa rikkis olla ! 
144	NA	 Mitte kunagi mitte kellelgi ei ole meie pealuusse istutatud kellad valetanud . 
144	NA	 Ent signaalid olid täielik abrakadabra . 
144	NA	" Mul kulus paarkümmend sekundit taipamaks , mida kell mulle õieti öelda tahab — isegi galaktilised aastad , mis "" süsteemsuse huvides "" , st. nalja mõttes kellale juurde olid lisatud , olid muutunud . "
145	NA	 Kus ma olin ? 
145	NA	 Kõigi seadmete kõik näidud erinesid nendest , mida olin jälginud enne toda neetud mulinat . 
145	NA	 Tasapisi hakkas tekkima viha . 
145	NA	 Mind on tillist tõmmatud ! 
145	NA	 Kaalusin pööraseid oletusi , kuidas oleks olnud võimalik mind otse suure massi seest hüpersiirata ja millisel tsivilisatisoonil võis selline tehnika olla . 
145	NA	 Ei , see jäägu nüüd küll viimaseks oletuseks . 
145	NA	 Kui väga tahta , on teisigi võimalusi peitust mängida , ent kuidas põrgu päralt skanner midagi ei näidanud ? 
145	NA	 Persse , selle selgitame kohe välja . 
145	NA	 No oodaku nad ! 
145	NA	 Kontrollisin skafandri kaitsegeneraatoreid ja leekurit , lükkasin skanneri lähidistantsile ja tormasin reaktiivide abil tuldud teed tagasi . 
146	NA	 Järgmine üllatus tabas mind käigust väljumisel . 
146	NA	 Tanki ei olnud . 
146	NA	 Mitte et sellest eriti lugu oleks olnud , niikuinii oli ta rohkem kola ja mu raske tagumiku kandmiseks , ent kuidas kuradi moodi ta siit minema viidi ? 
146	NA	 Olin ta ju automaatselt lukustanud , mis tähendas lähenejale äärmiselt suuri ebameeldivusi . 
146	NA	 Kõige sandimast järeldusest ei olnud enam pääsu — ma polnud enam tõesti Kristallmäes . 
147	NA	 Maandusin , et mõtteid koguda ja komistasin kaljut katnud mustal lögal . 
147	NA	 Ülalt tilkus seda juurde . 
147	NA	 Tilkus ? ! 
147	NA	 Kontrollisin koostist — vesi pluss lahustunud soolad . 
147	NA	 Vist isegi maigutasin , siis taipasin veelkord kontrollida gaasikoostist , millest olin esimese kiiruga üle libisenud . 
147	NA	 Istusin kivile — siin oli atmosfäär ja pealegi elamiskõlblik . 
147	NA	 Kontrollisin ka selle üle , et igal pool läheduses , mõnesaja meetri kaugusel oli elu . 
148	NA	 Siis vist hakkaski mul esimest korda veidi kõhe . 
148	NA	 Nagu enamik leegionäre , olin kosmoses hulkunud , võidelnud , joonud , keppinud ja sigatsenud nii kaua , kui mäletasin . 
148	NA	 Lapsepõlv ja pere olid kadunud nii kaugele aegade uttu , et mõnikord kahtlesin , kas need üldse minu mälestused on . 
148	NA	 Meil oli täiesti ükskõik , kas me elame või sureme . 
148	NA	 Sajandeid ja aastatuhandeid — ja mõned tõeanäosusreeglite õnnetud eirajad meist sadu aastatuhandeid — olime jälginud elu ja mõistuse hääbumist , tähtede kustumist ja üha uute juba enne algust tüdinud tegijate tulekut ja kustumist . 
148	NA	 Ainukesed hirmud olid seotud teadvuse lõksusattumisega nii , et lõbu enam ei ole , aga surra ka ei saa ... 
149	NA	 Hõljusin aegamööda ülespoole . 
149	NA	 Väga ligikaudu vastasid siinsed koopad kristallmäele . 
149	NA	 Jõudsin kanjonisse , aga seda enam ei olnud . 
149	NA	 Süngete kõrgusesse kaduvate kristallseinte ja kõikvõimalikes suundades üksteise peal asetsevate ainult nõrgas garvitatsioonis üleval püsivate peegliladestuste asemel olid madalad murenevad voored , mille ülemine laugem osa oli kaetud rohu ja põõsastega . 
149	NA	 Kuristiku põhi oli lage ja pime , aga siin voolas käre mägioja ja kivid olid kaetud samblaga . 
149	NA	 Üle sinise , mõne valge pilvetupsuga taeva liugles paar lindu . 
149	NA	 Asi oli nii tobe , et isegi ropendamine ei aidanud . 
149	NA	 Kaitseriivistasin leekuri , lülitasin skafandri hingamismehhanismi välisõhule ja hakkasin edasi minema . 
150	NA	" Eriti ei imestanud , kui nägin kaljusse põletatud suurt noolt kirjaga : "" Siiapoole . "
150	NA	" Ja kõnni , ära lenda — see aitab sul mõtteid koguda . "" "
151	NA	 Laskusin maha ja läksin juhatatud suunas , pidades kirjutajat parajaks sadistiks , sest järsul rajal ronida polnud põrmugi lihtne . 
152	NA	 Jõudsin üles , nähtavus polnud eriti suur , sest olin ikka veel hiigelsuure kraatri põhjas . 
152	NA	 Eemalt , paarisaja meetri kauguselt põõsaste vahelt tõusis suitsu . 
152	NA	 Kaalusin korra ohtu ( vulkanism ? lahingrelvad ? mateeriamuundur ? ) , ent siis tuli kogu olukord ette nii ebareaalsena mõnest lapsepõlve seiklusjutust , et lõin mõttes käega ja astusin lähemale . 
152	NA	 Mind oleks olnud imelihtne viimase poole tunni jooksul maha koksata , kui see kellegi eesmärk oleks olnud . 
153	NA	 Lõkke ümber pakkudel istus kaks meest , kolmas vedeles eemal loomanahal . 
153	NA	 Üks neist vaatas üles , kui põõsastest välja astusin , ja tõusis irvitades . 
154	NA	 Vaatasin teda nagu ilmutist . 
155	NA	" "" Megaboy ? "" "
155	NA	 Ta oli kergelt päevitunud ja ta ei kandnud skafandrit . 
156	NA	" "" Saa tuttavaks , "" ütles mu vana sõjakaaslane häirimatult . "
156	NA	" "" Xanter Dee Doo , kolmanda ekspeditsiooni kommodoor . "" "
156	NA	 Ta pöördus teise mehe poole ja tutvustas mind . 
156	NA	 Siis osutas käega magajale . 
156	NA	" "" See purjus mölakas on Raoul . "
156	NA	" Ja võta see tobe skafander maha , esimese ekspeditsiooni poisid elavad siin juba aastaid , midagi sinuga ei juhtu . "" "
157	NA	 Vist vaikisin minuti , siis röögatasin leekurit haarates . 
158	NA	" "" Mecc Buerrero , kood beeta ? "" "
159	NA	" "" 528 249 645 603. "
159	NA	" Vastus DFKRTU . "" "
160	NA	" "" 419 328 549 194 , "" vastasin automaatselt . "
161	NA	" "" 594 495 210 130. "" "
162	NA	" "" UIBX 3428. "" "
163	NA	" "" Omega 11. "" "
164	NA	 ID-koode ei anna võltsida , nende lahtimuukimiseks kuluks rohkem aega , kui universiumil eksisteerida on jäänud . 
164	NA	 Megaboy oli ehtne . 
164	NA	 Ohkasin ja hakkasin skafandrit maha ajama . 
165	NA	" "" Kuidas Strocker ja Leroy elavad ? "" küsis Xanter mulle sarve ulatades . "
165	NA	 Sisu oli võrdlemisi kange puskar . 
166	NA	" "" Põevad . "
166	NA	 Eriti peale meie meeste kadumise algust . 
166	NA	" Kihla vedada ei taha , aga kui kõik ülejäänud on siin , siis küll nad ka varsti tulevad . "" "
167	NA	" "" Kõik inimesed on siin . "" "
167	NA	 Xanter osutas laias kaares ümbrusele . 
167	NA	" "" Noor planeet noore päikese ümber . "
167	NA	 Ei ühtki mõistuslikku olendit . 
167	NA	 Selle aja jooksul ei ole meie detektorite ulatuses , see tähendab kogu kohalikus galaktikas toimunud mitte ühtegi hüpersiiret . 
167	NA	 Poisid ehitavad laborit , et ruumi vektoreid mõõta . 
167	NA	" Kui see , mida oletame , tõeks osutub , oleme mingis teises universumis . "" "
168	NA	 Sain skafandri maha ja tundsin , et tosin sarvetäit segu ja Raouli kõrvale nahale maanduda on uue maailmaga tutvuse alustamiseks just sobiv taktika . 
169	NA	 *** 
170	NA	" "" Joomine tuleb maha jätta , "" arvas hauatagune hääl mu voodi peatsi juures . "
171	NA	 Tegin silmad lahti ja vaatasin Ronaldit , kes seisis ja mulle külma rahuga ämbrist vett kaela kallas . 
171	NA	 Tundsin end värisevat , jõudu ei olnud üldse ja kogu situatsioon oli nii absurdne , et pidin peaaegu nutma hakkama . 
171	NA	 Endale truuks jäädes leidsin kohasema olevat tasakesi ropendada . 
172	NA	" "" Ma ei ole juba kaks päeva midagi joonud , "" teatasin kibedalt . "
172	NA	" "" See on mingi viirushaigus . "
172	NA	" Loodetavasti saad ka sina selle . "" "
173	NA	 Rolandi irvitus kadus ja paistis , et ta ei tunne end oma tavalises sõiduvees . 
174	NA	" "" Jaksad seista ? "
174	NA	" Ma teen sulle uue pesa . "" "
175	NA	" "" Kohmetunud Ronald on midagi uut . "" "
176	NA	 Ajasin end püsti ja tundsin , et maailm käib ringi , vajusin tugitooli . 
176	NA	 Ronald rebis voodist välja märjad linad ja laotas uued . 
177	NA	" "" Miks sa , masohhist , rohtu ei võta ? "" "
178	NA	" "" See saab ühel päeval niikuinii otsa . "" "
179	NA	" "" Sünteesime lisa . "" "
180	NA	" "" Optimist-kummipea . "
180	NA	" Aga kui süntesaatorit valmis ei saa ? "" "
181	NA	" "" Siis on aega põdeda küll . "" "
181	NA	 Ta ulatas mulle kannu . 
181	NA	 Jõin selle tühjaks , kuigi mahl oli soe ja juba kergelt käärima läinud . 
181	NA	 Võtsin laualt ka mõned puuviljad ja üritasin süüa , kuigi isu ei olnud selle määrani , et suutäis ringi käis , seda enam , et kurk oli paistes ja valutas . 
182	NA	" "" Sellepärast ma sind siis näinud ei olegi . "
182	NA	 Aga üldiselt aja end nüüd jalule , kas oma jõududega või tapjaseerumi abil . 
182	NA	 Siin ei ole kaks aastat midagi juhtunud ja nüüd hakkab kõik korraga toimuma . 
182	NA	" Raoul ilmselt tahab mateeriamuundurit katsetada , mäest on tunda tõukeid ja vanad olijad kinnitavad , et see eelneb sellele , kui keegi tulema hakkab , ja Zkaar ja Mandar on enda arust mingi teooria kokku keeranud , mis mingit mõtet omab , ja Osgood on kadunud . "" "
183	NA	 Ajasin end püsti ja kõikusin dushshi alla , sest olin end põhjalikult läbi higistanud . 
183	NA	 Lasin endale sooja vee joa pähe , ise seinast kinni hoides ja hüüdsin Ronaldile : 
184	NA	" "" Mida see nende teooria endast kujutab ? "" "
185	NA	" "" Sina saad sellest ehk aru , oled vist kunagi matemaatikat õppinud sellel määral , et üle kümne arvutamiseks ei pea sokke jalast võtma . "
185	NA	 Ma saan sõnades aru , et aine ja väli , elu ja surm , tühjus ja teadvus on superuniversiumi struktuuris üks ja seesama , ainult kui võtta maatriksist välja määramatuspunktid , ent sellest , kuidas ... 
185	NA	 Lühidalt , nad arvavad , et Kristallmägi on kuidagi seotud või ongi uute universiumite generaator , et ta moduleerib temasse sattunud elu järgi uusi universumeid . 
185	NA	 Me ei tea ju , kuidas ja miks töötab Võrelainetus , kus universumid sünnivad . 
185	NA	" Kuivõrd kontiinumite vektorid ei ühti , oleme meie oma elu ja mälestustega üks püsiv sündmus , mis siis klassikalise mudeli teisest neljanda ja võib-olla ka kuuenda kihini annab korrelatsiooni koonduvaks tõenäosuseks "" 1 "" . "
185	NA	 Kui ma vaatan võrrandeid , saan ma neist aru , aga ... 
185	NA	 Ühesõnaga , meie amööbist esivanema unenäo järgi viisteist miljardit aastat tagasi loodud maailmas püsivad meie tulekud ajaliselt õiges järjestuses , ainult tempo on ruuteksponentsiaalselt kiirenev ja varsti peaks saabuma informaatiline neksus ja siis katkeb ühendus pesamaailmaga igaveseks ning modulatsioon hakkab degradeeruma , teisisõnu areneb see maailm edasi loomulikku teed . 
185	NA	 Sellele , kas Kristallmägi on looduslik või tehislik , ei saa me enne vastust , kui keegi õpib kontiinumite ja universumite vahel liikuma . 
185	NA	" Igatahes on täiesti võimalik , et kuna elu ise ei teki , on terve see kõiksus meie päralt , kui me vaid ellu jääme . "" "
186	NA	 Seedisin neid ideid ja huvitaval kombel ei saanudki neist peavalu . 
186	NA	 Käskisin oma kehal end nüüd kokku võtta ja haigus ära lahendada . 
186	NA	 Jõin ja sõin veel ning enam ei tundunudki elu nii trööstitu . 
187	NA	" "" Räägiks Osgoodist — ma olen mures . "
187	NA	 Ta on viimasel ajal imelikult käitunud . 
187	NA	" Minu arust ei ole ta kellegagi kuude kaupa rääkinud ja keegi ei tea , on ta midagi söönud . "" "
188	NA	 Ronald järas pirni ja tegi , et ei kuule . 
188	NA	 Külm jutt käis südame alt läbi — nad olid ta juba maha kandnud . 
189	NA	 Väljas algas mingi kisa ja madin . 
190	NA	" "" Appi ! "" kostis tasakesi kommunikaatorist . "
190	NA	 Haarasime Ronaldiga mõlemad leekurid ja tormasime välja . 
190	NA	 Meie majad või pigem onnid olid ehitatud lagendikule laisalt voolava jõe kaldale . 
190	NA	 Silmanurgast nägin , et ka teiste majade rõdudele ja ustele tekkis relvastatud uudistajaid . 
191	NA	 Keset platsi lamas maas mees ja püüdis end ära lohistada teda ikka ja jälle puskleva tohutu härja eest . 
191	NA	 Elukal oli süsimust nahk , teravad sarved ja kindel tahe lamajast pulbrit teha . 
191	NA	 Ta silmad hõõgusid vihaselt ja suust tilkus sülge . 
191	NA	 Pisut õnnetu mõte see tal ju oli , sest läbirääkimistes pole leegionärid eriti tugevad , selle asemel anti peaaegu korraga vähemalt kümnest suunast tuld . 
191	NA	 Jäime hiljaks , sest ilmselt kulus meil väljumiseks rohkem aega , pealegi olin haigusest nõrk . 
192	NA	" "" Uhh , "" ütles Ronald relva langetades , ka tema polnud tulistanud . "
193	NA	" "" Olen korra näinud , kuidas rott sattus kivipurustajasse . "" "
194	NA	" "" See siin oli lihtsalt pisut suurem ? "" "
195	NA	 Osa naharäbalaid keerles veel õhus , üks kõrbenud lihatükk maandus rõdul meie lähedal . 
195	NA	 Mitmelt poolt jooksid inimesed maaslamaja poole . 
196	NA	" "" Kust see pull siia sai ? "" küsisin Ronaldilt . "
196	NA	 Ilmselt meid ei vajatud , nii et istusin , või pigem varisesin rõdul olevasse tooli . 
197	NA	" "" See tegelane seal maas on Cordes . "" "
198	NA	" "" Aa , "" taipasin . "
198	NA	" "" Tegeleb põllumajandusega . "" "
199	NA	" "" Täpsemalt karjakasvatusega , nagu sa näha võisid . "" "
200	NA	" "" Ma kujutlesin , et selle aja peale ta tunneb oma ametit ? "" "
201	NA	" "" Need on , ütleme , tootmisraskused . "" "
202	NA	" "" Ma olen eluaeg vihanud , kui töö kallale tuleb . "" "
203	NA	 Mehed olid maaslamaja kanderaamile tõstnud ja läksid meie välihaigla poole . 
204	NA	" "" Kuidas temaga on ? "" küsis Ronald kommunikaatorist . "
205	NA	" "" Peale nende hädade , mis tulenevad tema enda lollusest ja on talle täiesti paras , pole tal häda midagi , "" kuulsin vaikset vastust . "
206	NA	 Siis maailm värahtas , hetkeks oli kogu taevas täis tuld . 
206	NA	 Ronald oli silmapilk jalul , hüppas üle rõduääre alla ja püüdis , nagu paljud teised vaateväljas , aru saada , mis õieti juhtus . 
206	NA	 Vandusin ja läksin hoopis sisse , et skafander selga ajada , kuna kiirgusindikaatorid andsid häire , teel hüüdsin teate ka teistele , sest kuna olin kõrgemal , sain nivoo kätte tõenäoliselt esimesena . 
206	NA	 Siis rappus maa . 
206	NA	 Kiirustasin ja tundsin , kuidas lähen üleni higiseks , ja siis jõudis kohale lööklaine . 
207	NA	" "" See on lõunas , seal , kus Raoul mateeriamuundurit käkerdab . "" "
208	NA	 Sain skafandri lõpuks selga , koperdasin välja . 
208	NA	 Eemal tõusis üks kuju taeva poole . 
209	NA	" "" Oota , Angus . "
209	NA	" On keegi veel , kes ka kesta selga on saanud ? "" "
210	NA	 Me ei oodanud vastust ära , vaid lendasime plahvatuskeskme poole , kust tõusis taevasse kurjakuulutav seenekujuline pilv . 
210	NA	 Me katsime need kilomeetrid vähem kui minutiga . 
211	NA	" "" Kella kümnes , "" osutas Angus . "
212	NA	 Üks räbaldunud kogu viipas . 
212	NA	 Angus pikeeris ja järgneva minuti kuulsid kõik veidrat ühepoolset vestlust , millest ma sain aru niipalju , et Raoul keeldub ära tulemast , kuigi ükskõik mis nimi anda neile kõrbenud räbalatele , mis ta riietuse moodustasid , kiirguskaitseefekt oli neil igatahes null . 
212	NA	 Tegin plahvatuskoha ümber tiiru ja vilistasin . 
212	NA	 Liigagi hästi end õigustanud ettevaatusest olime Raouli oma elukohast eemale kupatanud ja kuna ta kaugele ei viitsinud minna , oli ta lihtsalt suurema mäemassiivi taha oma polügoni üles löönud ; ilmselt oma seadmeid õigesti hinnates lülituse ajal ka sobivalt eemal olnud . 
212	NA	 Nüüd ei olnud seal enam midagi , kaljud olid sulanud ja keset seda kohta , kus aparaat oli olnud , oli hiigelsuur must risttahukas . 
213	NA	 Veel viis-kuus tegelast , kes riidesse olid saanud , lendasid lähemale , eemalt tuli teisigi . 
214	NA	" "" Raoul , kuuled sa juba ? "" "
215	NA	" "" Plahvatus viis kõrva peast , "" kähvatas Angus . "
216	NA	" "" Ühesõnaga , kiirgusimpulss tegi ta kommunikaatori kristallidest salatit , "" lisas keegi pika taipamisega tegelane , vist Backhar . "
217	NA	" "" Ta küsib , mis muundurist järel on ? "" "
218	NA	" "" Naljavend . "
218	NA	 Mingit muundurit siin enam pole . 
218	NA	" Mis suur must kärakas see on ? "" "
219	NA	" "" Tootmisjääk . "
219	NA	" Tegin iriidiumi , näe siin . "" "
220	NA	 Ilmselt oli Angus talle varukomplekti pähe toppida jõudnud . 
221	NA	" "" See on tal käes , "" pistis Angus vaikselt . "
221	NA	" "" Umbes kahesajagrammine tükk . "" "
222	NA	 Uurisin musta risttahukat . 
223	NA	" "" Faasist väljas — metaaine . "
223	NA	 Kakssada tuhat tonni . 
223	NA	" Miks ta üks-neli-üheksa suhtega on ? "" "
224	NA	" "" Milline ta siis olema peab ? "" kähvatas Raoul . "
224	NA	" "" Ma tahtsin teada , mispidi ta vaakumist välja tuleb . "" "
225	NA	 Lõpuks ronis Raoul Angusele selga ja nad kadusid asunduse poole tagasi . 
226	NA	" "" Kas sa oma kõntsa ära ka koristad või jätad siia tulevastele põlvedele ? "" jõudsin küsida , kui uus hädakisa eetris mu tähelepanu endale tõmbas . "
226	NA	 Tundsin , kuidas skafandri regeneratsioonikiht mu higi kallal luristas ja meenutasin igivana needust — et sa elaksid huvitavatel aegadel . 
227	NA	" "" Pärdikufarm ! "
227	NA	" Nad on lahti ja punuvad . "" "
228	NA	 Kallutasin end vasakule ja panin ümber metsa minema , teised järel . 
229	NA	" "" Kus kurat on Cordes ? "" röökis Mesak , farmi pealik . "
230	NA	 Kaks-kolm häält seletasid läbisegi , mis temaga juhtunud oli . 
230	NA	 Selle aja peale olin jõudnud farmi kohale . 
230	NA	 Plahvatus oli maha murdnud puid ja lõhkunud hooneid . 
230	NA	 Ka tara oli maas ja inimahvid tormasid paanikas dzhunglisse . 
230	NA	 Lendasin farmist üle ja nägin ainsa pilguga , et päästa pole midagi . 
230	NA	 Andes endast parima , võtsin kaks elukat kaenlasse ja viisin tagasi , laskusin lagendikule katuseta hoone ees . 
231	NA	 Mesak tantsis seal kahemeetrise kaikaga ringi ja üritas takistada viimaseid ahve ära jooksmast . 
232	NA	" "" Kas küla on terve ? "" küsis ta mult üle õla . "
233	NA	" "" Oma viga , et loomaaaia Raoulile nii lähedale tegid . "" "
234	NA	 Viskasin püütud ahvi teiste sekka . 
235	NA	 Eemal metsas ragises miski , keegi tõmbas tulesihi . 
236	NA	" "" Mina olin siin esimesena , "" urises Mesak . "
236	NA	" "" Ja see ei ole loomaaed . "" "
237	NA	 Ka teisest suunast kostis mingi prahvatus ja tõusvad leegid . 
237	NA	 Mehed maandusid igas küljes . 
238	NA	" "" Kurat võtaks selliseid abilisi ! "" "
239	NA	 Meie mandumine oli niigi hirmunud loomadele viimaseks piisaks , ootamatult sööstsid nad millestki hoolimata edasi . 
239	NA	 Korraga olime Mesakiga mõlemad selili maas , käpad trampisid meist üle ja siis olid nad läinud . 
239	NA	 Minul polnud sest suuremat , kui porine jalajälg keset kiivriklaasi , ent Mesakit tasus vaadata ja meelde jätta , kui ta end porist üles ajas . 
240	NA	" "" Loo neile intellekt , tee neile elamine , ole isa ja ema eest — ja nemad kõnnivad sust üle ! "" "
240	NA	 Mesak põrutas põgenejate teel paar puud pilbasteks , mis mõistagi ainult hoogu lisas ja üritas mitmehäälse hirnumise saatel , ka ise kõveralt muiates , silmi sopast puhtaks pühkida . 
241	NA	" "" Püüame kinni ? "" uurisin , kui jälle häält teha suutsin . "
241	NA	" "" On neil jälitusseadmed sees ? "" "
242	NA	" "" Kõigil ei ole , "" vandus Mesak , ta oli end veetünni alla sättinud ja üritas pesta . "
242	NA	" "" Ja enne tuleb tarad parandada , kui ma ei taha laialiaetud kätega siin igaveseks hernehirmutiseks ees seista . "
242	NA	 Te kuradid kustutage parem see tuli ära . 
242	NA	" Doc , kuidas Cordesiga on ? "" "
243	NA	" "" Mul on lõikuspidu , "" teatas küsitu . "
243	NA	" "" Aastate vältel eimidagi ja nüüd kaks ohvrit . "" "
244	NA	" "" Sinu ohvrit . "" "
245	NA	 Ja siis kostis kõrgeima prioriteedi kutsung . 
246	NA	" "" Meile on külalisi ! "" "
247	NA	 Mehed tardusid , siis kehitasid õlgu , ka mina olin hämmastunud . 
248	NA	" "" Tulekust teatatakse , aga miks häirekanalil ? "" "
249	NA	" "" Te peate seda nägema — milline figuur , millised rinnad — oehhh !!! "" "
250	NA	 Vaatasime üksteisele sekundi otsa , siis startisin maksimaalkiirendusel , nähes veel silmanurgast , kuidas Mesak skafandrit võtma tormab , läkastades tolmupilves , mille meie mootorid üles keerutasid . 
251	NA	 Eeter oli korraga täis kilkeid ja hõikeid , registreerus ka üks uus kutsung . 
252	NA	" "" Noh , mis te siin seisate sellise moega , nagu ma peaksin kohe hakkama striptiisi tegema ? "" "
253	NA	 Naise hääl oli pisut väsimusest kähe , ent muidu meeldiv sensuaalne bariton . 
254	NA	 Uus huilgamislaine . 
255	NA	" "" Kurat , mehed , häbenege . "" "
255	NA	 See oli Monica pisut solvunud hääl . 
256	NA	" "" Ma saan muidugi aru , et te neljakesi teete kõik , mis suudate , ent isegi mööndustega ei saa öelda , et meie seksuaalelu eriti täisväärtuslik oleks , "" õiendas keegi vastu . "
257	NA	" "" Sinul kindlasti mitte . "
257	NA	" Nii purjus nad enamasti ei ole . "" "
258	NA	" "" Kuule , kuidas need ahvid ikka intelligentseks läksid ? "" "
259	NA	 Ja samas vaimus edasi . 
259	NA	 Kuna olin oma tehnikat paremini hoidnud ja häälestanud kui enamik teisi , sain karja ees paraja edumaa . 
260	NA	 Laskusin nii kiiresti , kui vähegi julgesin , riskimata konte murda , meie nõndanimetatud tervituslõkke platsile . 
260	NA	 Sattusin just hetkeks , kui äsja lõhangust ( ja teisest universumist ) väljaroninud naine skafandrit maha ajas . 
261	NA	" "" Kutid , ongi striptiis . "" "
262	NA	" "" Ooo-bööö . "" "
263	NA	 Näha oli , et ta tunneb end natuke abitult . 
263	NA	 Lükkasin kiivri kuklasse ja astusin lähemale . 
264	NA	" "" Olen Oz van Gild , neljanda ekspeditsiooni kommodoor . "
264	NA	 Need veidrad kahejalgsed on ... nojah , läbisegi kõigist neljast ekspeditsioonist . 
264	NA	" Ja neid tuleb veel . "" "
264	NA	 Osutasin skafandrimootoritest ulguvale taevale . 
265	NA	" "" Stella-Al'Derredas . "
265	NA	" Viienda ekspeditsiooni leegionär . "" "
265	NA	 Ta kõhkles . 
266	NA	" "" Kood 789-258-658 ? "" aitasin teda ise . "
267	NA	" "" 124-348-672 ... "" "
268	NA	 Ta ohkas , kui lõpetasime . 
269	NA	" "" Olete kõik siin ? "" "
270	NA	" "" Peaaegu . "
270	NA	 Tähendab , siia jõudnud on kõik , niipalju , kui kontrollida suudame . 
270	NA	 Mõnele pole see asi istunud sel määral , et nad on end tapnud , mõne puhul ei tea , kas tegemist on olnud õnnetuse või tahtlikkusega . 
270	NA	" Mitu aastat on möödunud neljandast ekspeditsioonist ? "" "
271	NA	 Ta silmadesse tekkis huvi . 
272	NA	" "" Kolmkümmend kuus . "
272	NA	" Ja teil ? "" "
273	NA	" "" Kaks . "
273	NA	" Zkaar , Mandar , kas kuulsite ? "" "
274	NA	" "" Sööda kohe arvutisse , "" kostis lähemale trügiva Zkaari hääl kommutaatorist . "
275	NA	" "" Te peate meile andeks andma . "
275	NA	" Selle karja peale on meil neli naist , nii et kogu lugupidamise juures nende vastu — me vajame vaheldust . "" "
276	NA	 Uus huilgamiste laine — jäärakust ronis välja veel üks naine . 
277	NA	" "" Zirda ? "" "
278	NA	" "" Stella , hei . "
278	NA	 Kena sind näha . 
278	NA	" Kui sa kolme päeva eest kadusid ... "" "
279	NA	" "" Ma olen siin olnud viisteist minutit . "
279	NA	" Lisaks muule jamale on siin tegemist mingite ajamoonutustega , "" ohkas Stella . "
279	NA	" "" Hea uudis on see , et me saame siin populaarseks . "" "
279	NA	 Ta osutas keeled ripakil vahtivale karjale . 
280	NA	 Kisa kaljudel tõusis orgastiliste kõrgusteni . 
281	NA	" "" Veel kaks ! "" "
282	NA	" "" Meie õnnepäevad , "" pistsin vahele . "
282	NA	" "" Oli teil naisi rohkem või on see kõik ? "" "
283	NA	" "" Peaaegu ainult naised ongi , "" märkis Zirda kibedalt . "
283	NA	" "" Keegi ajusurnu teaduste akadeemiast raalis välja , et feminiinne alge peaks ehk paremini tolle inimeste neelaja probleemiga hakkama saama . "" "
284	NA	 Eemal hüples Zkaar tulijate ümber ja küsitles neid tulekuaegade üle , siis tormas minu juurde . 
285	NA	" "" Kommodoor , parem kuuluta välja üldhäire . "
285	NA	 Kontiinumineksusel võib käigustik kokku variseda ... 
285	NA	" Ma tean , universum võib ka olemast lakata , aga sinna ei saa me midagi parata , "" lisas ta kiiresti , nähes , et tahan vaielda . "
285	NA	" "" Pealegi värinaid on iga tuleku puhul tunda , seekord muide eriti tugevasti , aga aegruumi koes ei ole me muutusi täheldanud . "
285	NA	" Kõik B-baasi ja bussiliin käima , on minu ettepanek . "" "
286	NA	 Noogutasin aeglaselt , siis võtsin häirekanalil sidet . 
287	NA	" "" Kommodoorid , kuulsite ? "
287	NA	" Teeme ? "" "
288	NA	 Mõned nõustuvad möhratused . 
289	NA	" "" OK , üldhäire , evakuatsioon , transport . "
289	NA	" Liigutage ! "" "
290	NA	 Vaatasin ringi . 
291	NA	" "" Olgu , need , kes olid esimesed , jäävad siia . "
291	NA	 Maailm on karm , vajan ainult kümmet . 
291	NA	" Teised , võtke need äsjaleitud aarded kaasa , ajage need veidrad masinavärgid , mida bussideks nimetate , käima , ja kaduge siit ! "" "
292	NA	 Üks mees ronis kurust välja , vaatas seltskonda hindavalt , siis pöördus minu poole . 
292	NA	 Tema järel tuli kuus naist . 
293	NA	" "" Oz ? "
293	NA	" Viienda ekspeditsiooni kommodoor Held Hanguist . "" "
293	NA	 Ta vaatas veelkord lahkuvat seltskonda ja viipas oma inimestele . 
293	NA	" "" Laevas tundsin ma end nagu haaremi omanik , siin nagu bordelli direktor . "
293	NA	" Kas olete kogu aeg siin passinud ? "" "
294	NA	" "" Ei , sündmuste tempo kiireneb . "
294	NA	" Ruuteksponentsiaalselt muide . "" "
295	NA	" "" Seda ma kartsin , meie ajataju ei klappinud , "" pomises ta , kuulates poole kõrvaga , kuidas Zkaar talle oma teooriat seletab . "
296	NA	" "" On teil neid veel ? "" "
297	NA	 Ta osutas bussile , mis enamiku seltskonnaga üle nõrvaku hõljus , vaikselt kõrgust kogudes . 
298	NA	" "" Kümmekond . "" "
299	NA	" "" Te vajate neid , "" teatas ta süngelt , olles olukorda seedinud . "
299	NA	" "" Kuigi ma soovitaks enamiku koos reisijatega õhku lasta . "
299	NA	 Ei olnud võimalik takistada palverännakut . 
299	NA	" Arvasime , et meil on kolm aastat edumaad , aga ... "" ta pöördus Zkaari poole . "
300	NA	" "" Saad sa öelda , palju meil tegelikult on ? "" "
301	NA	" "" Täpselt mitte enne , kui olen teie kellade signaalid arvutisse sisestanud . "
301	NA	" Aga — Mandar , mis ütled ? "" "
302	NA	" "" Peast ... "
302	NA	 Oi , värdjalik maailm ! 
302	NA	" Kahest minutist kahe tunnini , kui 99%-lise tõenäosusega arvestada . "" "
303	NA	" "" Palverändurid ? "" küsisin halba aimates . "
304	NA	 Kurust vooris nüüd inimesi nagu turismigruppe vaatamisväärsuste juures tähistatud rajal . 
305	NA	 Held noogutas . 
306	NA	 Tal ei olnud vaja midagi lisada , sest peale viimaste hämmastunud , vaiksete ja ettevaatlike , kuid tõsiste , usaldusväärsete ja korraliku varustusega leegionäride tulekut ei kulunud poolt minutitki , kui veerel seisid kummalistes rüüdes kapsastunud kogud . 
307	NA	 Nad langesid põlvili ja suudlesid mulda , kiskudes skafandreid seljast . 
308	NA	" "" Jumal , sa oled meid juhtinud tõotatud maale ! "
308	NA	" Kiidetud olgu sinu nimi , sinu riik tulgu , sinu tahe ... "" "
309	NA	" "" Kas kogu see padikond on selline rämps ? "" "
310	NA	" "" Otsutades nende järgi , kes selleks ajaks koos olid , kui meie ära tulime , pole sa veel midagi näinud . "" "
311	NA	 Heldi sõnadest õhkuv malanhoolne lootusetus pani mu oigama . 
312	NA	 Kätega vehkiv tegelane selgitas mulle midagi tükk aega , enne kui taipas , et ma ei kuule teda . 
312	NA	 Ta harutas skafandri lahti selliste liigutustega , et mul oli viimasest kahju . 
313	NA	" "" Tere , minu nimi on Ungeer Loon Loond . "
313	NA	 Hästi , see ei näe välja küll päris selline , nagu ma ootasin , ent kindlasti on see üks ütlemata hea maailm . 
313	NA	 Vaadake , kuigi mind metropoli poliitilised ringkonnad viimasel ajal ei tunnista , suudan ma kindlasti aidata teil hästi toimiv ühiskond üles ehitada ja reguleerida suhted partnertsivilisatioonidega . 
313	NA	" Kas te ütleksite mulle , kes on siin juht ja kuidas ma linna pääsen ? "" "
314	NA	 Osutasin vaikides bussi poole , andes kommutaatori kaudu karmi käsu tegelase vaimset seisu kontrollida . 
315	NA	" "" Kas kuidagi oleks võimalik mu pagas kätte saada ? "" küsis tegelane üle õla , sellal kui kutid ta üsna hoolimatult üle juba tõusva parda sisse toppisid . "
316	NA	 Vaatasin Heldi poole , viimane langetas pilgu , kuigi me mõlemad teadsime , et ega tema selles süüdi pole . 
317	NA	 Kahes reas astusid vaikides eemale kummalist ringikujulist embleemi kandvad kogud , moodustasid isekeskiski ringi ja hakkasid laulma , heites aeg-ajalt vihaseid pilke põlvitajate poole . 
318	NA	" "" Kas te kontiinumi vektoreid olete mõõtnud ? "" "
319	NA	 Noormehe näol oli haiglane entusiasm , tema käest hoidis kinni , taipasin , mitte teismelisena välja nägev , vaid tõesti verinoor plika . 
319	NA	 Saatsin nad käeviipega Zkaari juurde . 
320	NA	 Kahekümne sekundi pärast kuulsin plika nuttu . 
321	NA	" "" Ma tahan koju ! "" "
322	NA	" "" Ise sa toppisid end minuga kaasa ! "" "
323	NA	" "" Jah , aga ma lootsin , et sa saad kuulsaks , pealegi oli mu kasuisast kõrini ... "" hääled kadusid bussi suunas . "
324	NA	 Üks tegelane startis skafandirmootorite unnates ja kadus kaugusse . 
325	NA	" "" See on autist-anarhist , rohkem me teda ei näe . "
325	NA	" Loodetavasti , "" seletas keegi inimestest . "
325	NA	" "" Istus kogu aeg nina nurgas ja vaikis . "
325	NA	 Närvidele käivad sihukesed . 
325	NA	" Kas see on tõsi , et jumal räägib siin läbi iga elava suu ? "" "
326	NA	 Minu vastust saab kvalifitseerida ainult raskekujuliseks jumalateotuseks , sellal kui ta suunava jalahoobiga bussi poole läkitasin . 
327	NA	 Sõnelus , ja enne kui aru sain , tulistas ka Held . 
328	NA	 Buss kiirustas minema , mehed hiilisid lähemale , uurides , kas peale kolme hambuni relvastatud kuju tuleb veel teisi tulistamishimulisi , aga käsi üleval hoides tuli ainult tavalisi väärandeid . 
329	NA	" "" Revolutsioonilised kommunistid , "" mühatas Held jalaga tuhas sobrades . "
330	NA	 Selline sürrealistlik taevaväravate plagiaat jätkus kaks tundi , meie rahvaarv kasvas kümnekordseks , siis ei tulnud kümne sekundi jooksul kedagi ja siis värises maa . 
331	NA	 Enne , kui kukkuda jõudsin , tõstsid skafandri mootorid mu õhku , ent kõik jäi vaikseks . 
331	NA	 Vaatasin ringi ja pilk jäi pidama Zkaari näol . 
331	NA	 See oli kirjaldamatust valust ja vihast viltu , silmad tumenenud , huuled valged . 
332	NA	" "" Mis on ? "" "
333	NA	" "" Need ... need sitapead , rämps , kõnts , saast . "
333	NA	 Olendid , kelle olemasolugi on kuritegu . 
333	NA	 Ma imestasin , miks selles maailmas on nii palju lootusetut umbset värdjalikkust , nii palju nõmedat , sihitut halba , niipalju hingetut kurjust . 
333	NA	 Miks kogu areng on kohati nagu ajukääbuse jõhker nali . 
333	NA	 Meie jaoks viimased läbijad mõjutavad maatriksit eelmistest rohkem . 
333	NA	" Vastus sõidab seal . "" "
334	NA	 Ma ei ole teda kunagi varem nutmas näinud . 
335	NA	 *** 
336	NA	 Pühkisin näolt verd ja ajasin end püsti . 
337	NA	" "" Oled sa terve ? "" "
337	NA	 Raoul seisis suitsevat raketiseadet käes hoides eemal tunnelisuul . 
338	NA	 Katsusin oma luud-liikmed üle . 
339	NA	" "" Suhteliselt . "" "
340	NA	" "" Mis nad mõtlesid ? "" ta libistas käe üle aastaid tagasi mateeriamuunduri plahvatusel saadud armide , uurides purustatud laipu teeveerel . "
341	NA	 Kehitasin õlgu . 
342	NA	" "" Nad olid hirmul ja lootusetud . "
342	NA	 Midagi nad ei mõelnud . 
342	NA	" Miks sa leekurit ei kasutanud ? "" "
343	NA	" "" Neil oli detektor . "
343	NA	" Tõmbasin kõik hüperenergiaseadmed maha . "" "
344	NA	" "" Aa . "
344	NA	" Gamma Kaks , tule meile järele , "" ütlesin kommunikaatorisse . "
345	NA	" "" Mis sa naerad ? "" küsis nüüd Raoul , kes oma seadmeid aktiveeris . "
346	NA	" "" Äh , laste hääled . "" "
347	NA	" "" Need on tal jälle juhtruumis ? "
347	NA	 Kurat , ma ei saa ikka sellest üle , kui nad tekkima hakkasid . 
347	NA	 Tead , mul ei ole kunagi lapsi olnud , nii et see pisike kummaline minu nägu olend on ... nojah . 
347	NA	" On sul lapsi olnud ? "" "
348	NA	" "" Jah , väga ammu . "" "
349	NA	 Raoul vaatas mind pikalt . 
350	NA	" "" Vana sõber , ma tean , et sa ei taha sellest rääkida , ja ma ei ole sul seljas trampinud kõigi nende aastasadade jooksul , mis ma sind tunnen , ent meie maailm on muutunud ja vanad tabud ei kehti . "
350	NA	 Sa oled meist oma igivanade kogemustega üks kogenumaid . 
350	NA	 Me lahkume sellelt planeedilt tõenäoliselt igaveseks . 
350	NA	" Ehk jätaks mõned kompleksid maha ? "" "
351	NA	 Muigasin . 
352	NA	" "" Ei suutnud ma neid jätta eelmisse universumisse ... "
352	NA	" Olgu , korjame koli kokku . "" "
353	NA	" "" Mis sa nendega nii kaua rääkisid ? "" "
354	NA	" "" Ma selgitasin neile , et isegi praegu viiksime nad mõnda asundusse või mistahes sobivale planeedile , mis ei asu siinses galaktikas . "
354	NA	" Et nad võivad kas pundis teistega tugipunktide loomisel abiks olla , koos meiega elu levitamisel abiks olla või lihtsalt oma asjadega tegelda . "" "
355	NA	" "" Mis nad vastasid ? "
355	NA	" Miks nad tulla ei tahtnud ? "" "
356	NA	" "" Usklikud ... "
356	NA	 Ma olen alati arvanud , et see on vaimuhaigus . 
356	NA	 Nad tahtsid vormida seda ilma oma ideede kandjaks . 
356	NA	 Nad nägid seda omal viisil . 
356	NA	 Nad ei allu otsusele ja kõik . 
356	NA	" Kogu see jutt , et see maailm tuleb omapead jätta ... "" "
357	NA	" "" Kogu aeg sama möla , ainult erinevas soustis — neil on terve universum mängida , läinud mujale . "" "
357	NA	 Ta mõtles natuke . 
358	NA	" "" See on vist tõesti ainult religiooniga seletatav tajuhäire — jumal on andnud neile just selle maailma ja vaidlus lõpeb . "" "
359	NA	" "" Ja nüüd on nad tuhk . "" "
359	NA	 See oli Ronald luugiveerelt . 
360	NA	" "" Palju ? "" "
361	NA	" "" Neli . "" "
362	NA	" "" Jeah . "" "
362	NA	 Ta hõikas kommunikaatorisse . 
363	NA	" "" Raadiovaikuse lõpp , kõik on käes . "" "
364	NA	" "" Ongi nii ? "
364	NA	" Poisid on tubli tööd teinud . "" "
364	NA	 Ka Raouli hääles oli rõõmus kergendus . 
365	NA	" "" Te ei usuks , aga see autist-anarhist saadi kätte Kuult . "" "
366	NA	" "" Ta läks skafandrimootoritega Kuule ? "" "
367	NA	" "" Võimalik ju . "
367	NA	" See võttis tal ilmselt nädalaid aega , aga kui ta täpselt arvutas , jõudis kohale . "" "
368	NA	" Viskasime koli sisse ja küsisin : "" Centaure , kas kaevan arvuti sisse ? "" "
369	NA	" "" Arvan , et võib , "" tuli vastus . "
370	NA	" "" Paljud on läinud ? "" tundis Raoul huvi . "
371	NA	 Ronald heitis käega radari poole . 
372	NA	" "" Enamik on startinud . "
372	NA	 Naised alustasid ka meie laeval stardiprotseduure . 
372	NA	 Centaure oma meestega jääb veel valvesse juhuks , kui me oleme valesti lugenud , ja siis on ainult robotid järel . 
372	NA	" Ja ainult viis kommodoori jäävad teadma Maa asukohta , siia galaktikasse ei jää kedagi . "" "
373	NA	" "" Jah , nii me kokku leppisime , "" pomisesin . "
374	NA	" "" Mandari punt läheb kohe hüperruumi , "" ütles Raoul radarit vaadates . "
375	NA	" "" Kas me kohtume kunagi ? "" "
375	NA	 Ronaldi küsimus oli nii retooriline , et keegi me ei vaevunud vastama . 
375	NA	 Pärast viiesekundilist vaikust tegi ta seda ise . 
376	NA	" "" Noh , me hakkame regulaarselt külastama Seitset Asundust . "
376	NA	 Loodame , et need lollakad , kelle sinna maha panime , suudavad ökosüsteeme käigus-elus hoida . 
376	NA	 Kurat , ma kahtlen siiamaale , kas selle kolmekümne päraprotsendi geneetiline materjal oli ikka seda väärt , et kaasa võtta ... 
376	NA	 Asundusi ei saanud rohkem olla , kuna viimase laevaga saabunud tegelased ei ole nagu meie , et kolme paariga alustades suudavad kultuuri luua . 
376	NA	 Kuigi ma oleks eelistanud suuremat punti . 
376	NA	" Nojah , aga siis suudaksime vähematele planeetidele elu levitada ... "" "
377	NA	" "" Sa lihtsalt ei suuda kujutleda , et enne , kui lisaks oma lastele paljundame kaasavõetud genomaterjali , on sul ainult kolme naise vahel valida . "" "
378	NA	" "" Äh . "" "
379	NA	 Eemal kerkis tolmusammas . 
380	NA	" "" Nii , nüüd ei ole pinnal enam midagi peale Raouli käpardlikkuse tunnismärkide . "
380	NA	" Mis su kolakast siis saab ? "" "
381	NA	 Nüüd oli Raouli kord õlgu kehitada . 
382	NA	" "" Jääb siia mu ebaõnnestunud katse igaveseks monumendiks . "
382	NA	 Tervest Saturni ühest satelliidist jäi ainult rõngakujuline prahiriba järele , kui üritasime sarnast käkki olematusse tagasi saata . 
382	NA	 Ta on pseudostabiilne . 
382	NA	 Kui kontiinum ta sünkroniseerib , peaks ta ühel päeval lihtsalt kaduma — plops . 
382	NA	 Selleks kulub küll mõned miljonid aastad , nii et kui need Cortesi juurest ärajooksnud pärdikud ühel päeval tõesti tsivilisatsiooni loovad , on neil võib-olla vähe imestamisainet . 
382	NA	" Aga selle aja peale peaks ta igal juhul nii degradeerunud olema , et isegi kui nad selle näiteks antimateeriaga õhivad , ei juhtu suuremat midagi . "" "
383	NA	" "" Läksime , siin pole enam midagi . "
383	NA	" Mis sa seal veel nõiud ? "" "
383	NA	 Ronald oli laeva õhku tõstnud , Maa vajus allapoole . 
384	NA	" "" Sünkroniseerin infot , ta hakkab ju üritama kontakti võtta , kui kohalikele tekib seadmeid , mis on võimelised digitaalinfot vastu võtma . "
384	NA	 Arvutil pole vahevöös midagi häda , küll ta meie teated sobivasse vormi valab . 
384	NA	" Ta on veel paar minutit kättesaadav , kontrollin . "" "
385	NA	" "" Miks sa seda viimasel minutil pead tegema ? "" "
386	NA	" "" Ah , see on ammu tehtud , lihtsalt igaks juhuks vaatasin , et sinna midagi liigset ei jäänud ... "
386	NA	" Kurat , mu päeviku koopia ... "" "
