par_nr	head	sentence
1	 Õnnekosk 	 Õnnekosk 
2	NA	 Indrek Hargla 
3	NA	 Seersant Jaap Salari jutustus 
4	NA	 Õnnekosk oli vaikne ja üksildane kaevanduskoloonia Fabulusel . 
4	NA	 Unine linnake , paari tuhande elanikuga , kellest enamus töötas kaevanduses ja väiksem osa katsus töömeeste eluolu kuidagipidi võimalikuks teha . 
4	NA	 Linnas polnud midagi , mida seal olema ei pidanud . 
4	NA	 Tööliste elamud , enamasti kahekordsed plastsulamist moodulmajad raamitsesid range ruudustikuna noolsirgeid tänavaid . 
4	NA	 Suure Vee poolt tulev niiske tuul keerutas betoonil rämpsu ja rääma . 
5	NA	 Tänavatel valitses päeviti vaikus ja rahu , õhtupoolikul sabises sellest üle väsinud kaevuritemass , kes enne unisevõitu seltsielu alustamist kodudes hinge tõmbamas käis . 
5	NA	 Majadeski polnud midagi ülearust — ühesed toad , lahtikäivad voodid , elementaarsed pesemisvõimalused . 
5	NA	 Mugavust polnud siin keegi kunagi taga ajanud . 
5	NA	 Mõni luksusejanune kaevur oli endale digitaalraadio muretsenud . 
5	NA	 Muud tehnikaimed Õnnekosele ei jõudnud . 
6	NA	 Seltsielu koondus kümnekonda kõrtsi , millistega kokkuehitatud lõbumajade teenistujad moodustasid ka linnakese vähese naispere enamuse . 
6	NA	 Ega rohkem meil Õnnekoses eriti polnudki — kaks transpordijaama , kust hommikul mehed mägedesse lennutati , üks pesumaja , hotellikökats , admistratiivhoone ja minu hallata olnud korravalvekeskus . 
6	NA	 Viimase personali moodustasin mina , Jaap Salar , seersant . 
7	NA	 Keskus lagunes ja mul oli igav , sest kuritegusid meil praktiliselt ei esinenud . 
7	NA	 Varastada polnud midagi , põgeneda polnud kuhugi . 
7	NA	 Tapmiseks polnud vähemalt minu ajal keegi põhjust leidnud . 
7	NA	 Sularaha oli liikvel vähe , naised vabalt saadaval , ühtki suuremat riiupõhjust polnud . 
7	NA	 Kuigi kakelunge tuli ikka ette ja nende klaarimisega ma oma aega veetsingi . 
7	NA	 Linnapeaks oli meil üks kodustunud kaevur , kes amputeeritud jala tõttu tööks kõlbmatuks oli osutunud ja siis keskuselt linnapea koha välja nõutanud . 
8	NA	 Linnapea määramine ja üldse kogu muu haldustegevus Õnnekoses oli pealinna Rumpi alluvuses , mis asus 400 kilomeetrit eemal . 
8	NA	 Rump oli meiega võrreldes suur linn , või õigemini koloonia . 
8	NA	 Rump kamandas ligi kolmekümmet kaevanduskolooniat , mis laialipaisatuna Fabulusel asusid . 
8	NA	 Ega vist ükski koloonia meie Õnnekosest erinenud . 
8	NA	 Täpselt ei saa ma muidugi öelda , sest pole üheski käinud . 
8	NA	 Inimesed saabuvad Fabulusele tööle ja raha teenima , mitte turismiga tegelema . 
8	NA	 Ja ega ringireisimine Fabulusel lihtne olegi . 
8	NA	 Kuigi kliima on siin soodne ja sõbralik , pole maastik inimestele eriti sobilik . 
9	NA	 Fabulus on väga kivine ja vesine planeet , ta koosneb hiilglaslikest kaljusaartest kogu planeeti ujutavas ookeanis . 
9	NA	 Tuhandeid kilomeetreid on ümberringi vesi , siis äkitselt suur kaljusaar ja jälle vesi . 
9	NA	 Enamusel suurematel saartel on kaevanduskolooniad , sest maavarasid on Fabulusel meeletutes kogustes . 
9	NA	 Kunagi olen ma kuskilt kuulnud , et Fabulus meenutab tegelikult ümmargust kivikuuli , millesse on sisse pressitud hiiglaslikud augud , mis vihmavett täis sadanud . 
9	NA	 Kaljusaared olid üüratu suured , kuid mandrite mõõtu siiski välja ei andnud . 
9	NA	 Umbes kolmekümnel suuremal olid kaevandused ja kõige suuremal , Peakaljul , asusid ka Rump ja Õnnekosk . 
9	NA	 Õnneks oli Fabuluse kaljusaartele mõnusaid kruusaseid mõhnakesi sisse surutud ja viimastesse oligi võimalik kolooniaid ehitada . 
9	NA	 Suure Vee äärde me ei pääsenud , sest saared meenutasid oma kujult reeglina kaussi , ja polnud ka vaja . 
9	NA	 Fabuluse veed võisid peita kõiksugu koledusi . 
9	NA	 Mõned seiklejad olevat kunagi üritanud Suurel Veel seilata . 
9	NA	 Pea kõik jäid kadunuks . 
9	NA	 Üksikud pääsejad olevat planeedilt ülepeakaela põgenenud ja mõned õuduslegendid maha jätnud . 
9	NA	 Neid lugusid eriti ei jutustata , sest meie kaevurid pole just kõige folkloorilembesemad . 
9	NA	 Töö on siin raske ja kurnav , õuduslood ei muuda seda kergemaks . 
9	NA	 Kivi , vesi ja tuul on need , mis kirjeldavad Fabulust kõige paremini . 
10	NA	 Niipalju siis geograafiast . 
10	NA	 Inimestest pole palju rääkida . 
10	NA	 Pea kõik Fabuluse asukad olid kontraktnikud , kes siia teenistusse saabusid . 
10	NA	 Keskmine teenistusaeg oli 5 faabulusaastat , mille jooksul võis usinatele kena rahasumma koguneda . 
10	NA	 Õhtuseks tavaliseks jutuaineks ongi teenitava summa suurus ja sellega edasise elu mugav äraelamine . 
10	NA	 Pärast Fabulust unistavad enamus mehi mõnest kuurortplaneedist , eriti Memphisest . 
10	NA	 Keegi siin töötavaist meestest pole seal kunagi käinud , aga see ei loe . 
10	NA	 Räägitakse , et Memphiselt ei lahkuta kunagi . 
10	NA	 Ma ei tea ja ega see mind ka eriti huvita . 
10	NA	 Mina lähen tagasi armsale Terranovale . 
11	NA	 Niisiis oli Õnnekose koloonias ligi paar tuhat asukat . 
11	NA	 Robotid elasid kaevanduses oma üksluist robotielu . 
11	NA	 Alguses prooviti kogu kaevandamist robotitega läbi viia , kuid see osutus meeletult kulukaks . 
11	NA	 Kaevur läheb hommikul tööle ja ronib personaalsesse robotskafandrisse ja siis hakkab kaevama . 
11	NA	 Vahva . 
12	NA	 Minu jurisdiktsioon piirdub linnaga . 
12	NA	 Enamus inimesi on meil kaevurid , kuid siia satub mõnikord igasugu rahvast . 
12	NA	 Rump kui pealinn asub meiega ikkagi samal saarel , Rumpis aga on kosmosejaam ( isegi reisibüroo ) ja kultuuriasutusi . 
12	NA	 Viimaseid külastavad muiduigi ainult haldurid ja ametnikud . 
12	NA	 Õnnekose külaliste hulgas on mõnikord näiteks kaevurite sugulasi , ametiühingu ametnikke , kaevandusinsenere ja muud sedasorti rahvast . 
12	NA	 Hooti juhtub siia ka mõni rändjutlustaja , silmamoondaja või proovireisja . 
12	NA	 Õnnekosk oli Fabuluse kolgas ja Fabulus oli ilmaruumi kolgas . 
13	NA	 Minu töökohustuste hulka kuulus ka iganädalane transpordikontroll . 
13	NA	 Pidin käima transpordijaamas Rumpist saabuvat heljurit vastu võtmas . 
13	NA	 Viimane tegevus kujutas rutiinset kaupade ja reisjate nimistu kontrolli , mille käigus avastatud korrarikkumiste arv oli kaduvväike . 
13	NA	 Polnud meile kunagi põgenenud mõrtsukaid ega saadetud salakaupa . 
13	NA	 Kõik uued näod , kes Õnnekosele saabusid , ulatasid ükskõikse näoga mulle oma dokumendid , mina menetlesin nad läbi keerulise aparatuuri ja soovisin tuimalt kena olemist Õnnekosel . 
13	NA	 Kuid mulle meeldis see töö oma rutiinsuses ja lihtsuses . 
14	NA	 Niisiis olin ühel suhteliselt tuulevaiksel faabuluspäeval jälle jaamas ja asjatasin saabunud heljuri resijatega . 
14	NA	 Meil oli hiljuti kaevanduses üks pisike äpardus juhtunud ja see põhjustas viivitamatult kahe inspektori lähetumise . 
14	NA	 Koos inspektoritega aga astus heljurilt maha ka tõesti üks päris võõras tegelane , kes varem polnud iialgi Õnnekosel viibinud . 
14	NA	 Inspektorid olid turvakontrolli juba läbinud , kaubad olid registreeritud ja jaamakontorisse jäime meie tundmatuga kahekesi . 
15	NA	 Tulnuk oli tugeva kehaehitusega , pikka kasvu keskaes mees . 
15	NA	 Tal oli väga ümmargune nägu , soojad sinised silmad , mis vaatasid mind malbe pilguga . 
15	NA	 Seljas kandis ta harilikku reisikostüümi . 
15	NA	 Mees seisatas , vaatas mind ja ulatas mulle oma dokumendid . 
15	NA	 Ma ei taha öelda , et ma tundsin midagi erilist või seesugust , kuid mees ei olnud päris tavaline Õnnekose külaline . 
15	NA	 Seda tundsin ma kohe . 
15	NA	 Täpsemalt oma hinnangut kirjeldada ei osanud . 
15	NA	 Loomulikult pole minu asi otsustada külaliste sobivuse üle Õnnekosele . 
15	NA	 Aga valvel tuleb alati olla . 
16	NA	 Ma vaatasin ta dokumente . 
16	NA	 Need olid välja antud Getmanne süsteemis Ektor Gabise nimele , kes pidi olema 43-aastane . 
16	NA	 Väga hea . 
16	NA	 Edasi olid paketis igasugu reiskaardid ja muu säärane . 
16	NA	 Ma lasin kõik detektorist läbi . 
16	NA	 Kõik oli korras . 
16	NA	 Interuniversumiline isikutuvastamissüsteem ütles mulle , et tegu o n Ektor Gabisega , kes on Fabulusele saabunud nelja päeva eest isikliku ettevõtmise korras . 
16	NA	 Mingit kurja polnud kodanik Gabis kuskil ilmaruumis korda saatnud . 
16	NA	 Ta polnud võlgades ega käinud planeetidel , kust võinuks hankida mõne viiruse . 
16	NA	 Ei omanud telekineesi ega telepaatia võimeid . 
16	NA	 Samuti oli ta kenasti läbinud kõik terviskontrollid Fabulusele saabudes . 
16	NA	 Tegu oli igati ontliku inimesega , kes võis edasi astuda Õnnekose linna.Tegevusala tema kaardid küll ei näidanud , kuid hetkel mind see ka ei huvitanud . 
16	NA	 Mees oli kaartide järgi palju reisinud . 
16	NA	 Ilmselt otsis ta tööd , sest enne meid oli ta läbi käinud mitmel muul kaevurplaneedil . 
17	NA	" "" Olge teretulnud Õnnekosele , Gabis , "" laususin . "
17	NA	" "" Astuge edasi ! "" "
18	NA	 Mees noogutas vaevumärgatavalt . 
19	NA	" "" Tänan , Valvur . "
19	NA	" Mul on väga hea meel Õnnekosele saabuda . "" "
20	NA	" "" Tulite siia tööd otsima ? "" pärisin rohkem viisakusest kui huvist . "
21	NA	" "" Võiks küll nii öelda . "
21	NA	" Ilmselt tulin ma siia tööd otsima . "" "
22	NA	" "" Väga hea , praegu on meil palgad kõrged . "
22	NA	 Kuid tavaliselt saabuvad kaevurid meile läbi agentuuri . 
22	NA	 Kohapeal on keeruline end meldima hakata . 
22	NA	" Kuid ise teate . "" "
23	NA	" "" Ma arvan , et saan kõigega hakkama , aitäh . "" "
24	NA	 Mees küünitas oma kohvrikese järele ja asutas end linna viiva heljuri poole . 
25	NA	" "" Valvur , kas ma leian hõlpsasti mõne hotelli ? "" päris ta ukselt . "
26	NA	" "" Jah , te näete seda kohe , kui heljurist välja lähete , ärge muretsege . "" "
27	NA	 Ja nii ta läks . 
27	NA	 Imelik tunne , mis mehe esmanägemisel tekkinud , kadus koos mehe endaga . 
27	NA	 See oligi minu esimene kohtumine Ektor Gabisega . 
27	NA	 Üks reisja , kes tuli enda sõnul Õnnekosele tööle . 
27	NA	 Mees , kelle saabumise puhul tundsin ma kerget võõristust , kuid ei midagi vastumeelset . 
27	NA	 Kui tuli , siis tuli . 
27	NA	 Ma lõpetasin oma toimetsemised jaamas ja asutasin ennast koju . 
27	NA	 Minu lähetuse lõpuni Fabuluse Õnnekosel oli veel 2 faabulusaastat . 
28	NA	 Järgnevate päevade jooksul ei toimunud Õnnekosel midagi erilist . 
28	NA	 Ei pidanudki toimuma . 
28	NA	 Mehed käisid tööl , lõbutsesid õhtuti kõrtsis ja elasid oma üksluist kaevurielu . 
28	NA	 Inspektorid ei leidnud meie kaevanduste tööohutuses miskitki viltu olevat ja heljusid Rumpi tagasi . 
28	NA	 Mulle ei tulnud külaline Gabis üldsegi varem meelde , kui mitme päeva pärast juhtusin juhuslikult kuulma kahe kaevuri omavahelist vestlust . 
28	NA	 Istusin samuti ühes Õnnekose trahteris ja jõin kohalikku kohvi , kui kõrvallauast hakkas kostuma vestlusjoru . 
28	NA	 Sinna olid maandunud kaks vanemat kaevurit , mõlemad siin töötanud juba aastaid . 
28	NA	 Mehed olid karmid töörügajad , kes kõrtsiski rohkem kombe kui a s j a pärast käisid . 
28	NA	 Miskipärast oli vanem neist , kiilakas Oppertz väga ärritunud ja katsus oma kaaslasele midagi selgeks teha . 
29	NA	" "" ... ma ütlen sulle , et ta on munk . "
29	NA	 Ma olen sedasorti mehi näinud . 
29	NA	" Vaata , kuidas ta riides on , täpselt nagu neeed mungad Tanaisel ! "" "
30	NA	" "" Noh ja mis siis sellest , et munk . "
30	NA	 Ma olen siin igasuguseid näinud . 
30	NA	" Tulevad , ajavad siin mingeid asju ja kaovad minema . "" "
31	NA	" "" Ära ole nii lihtsameelne , Buck . "
31	NA	 Sa siis ei tea või , et paljud mungad on tegelikult inimrobotid . 
31	NA	 Ükski inimene ei jaksa ise mungaelu elada . 
31	NA	" Ükski sell ei jõua niipalju mööda ilmaruumi ringi kolistada ja jutlustada ... "" "
32	NA	" "" Ah jäta järgi ! "
32	NA	" Inimrobotid , kust sa sellist jaburdust kuulnud oled ! "" "
33	NA	" "" Ausõna , neid tehakse ju nüüd päris palju . "
33	NA	 Ja igasugu templid ostavad neid jumalasulasteks . 
33	NA	" Mina ei tea küll munkadest palju , aga seda ma võin öelda küll , et kõige parem munk saabki olla ainult robot . "" "
34	NA	" "" Inimrobotid võivad küll olemas olla , aga too Gabis pole nüüd küll mingi robot . "
34	NA	 Kui Gabis robot oleks , miks ta siis igal õhtul siin kõrtsis istub ? 
34	NA	" Milleks programmeerida roboteid mööda kõrtse kooserdama ? "" "
35	NA	" "" Ma ei ütlegi , et Gabis on ilmtingimata robot . "
35	NA	 Aga munk on ta kindlasti ja mungad on kahtlased tegelased , sest paljud munkadest on robotid . 
35	NA	 Ja pealegi , miks ta siin käib , istub vaikselt oma nurgas , kellegagi ei räägi , ah ? 
35	NA	" Mulle ta ei meeldi , Buck , ei meeldi . "" "
36	NA	 Kergitasin pisut pead ja pöördusin kõnelejaid vaatama . 
36	NA	 Mehed olid elavas vestlushoos ja ei pannud mind tähelegi . 
36	NA	 Buckiks hüütut teadsin ma vähem , Oppertz aga oli minu ammune tuttav , elupõline kaevur , kes niisama tühja-tähja pärast ei ärritu . 
36	NA	 Loomulikult polnud minu asi tuvastada inimestes munki ja nende sisse-väljasõitu reguleerida . 
36	NA	 Kuid inimrobotitega oli asi teisem . 
36	NA	 Inimrobotid polnud süütud kaevanduse- , transpordi- või muud olmerobotid . 
36	NA	 Inimrobotid olid inimesed , kelle ainus vahe inimesega oli selles , et nad polnud emaihust sündinud . 
36	NA	 Inimroboti valmistamine oli meeletult kulukas ja aeganõudev ettevõtmine . 
36	NA	 Ma ei tea , millise tehnoloogiaga neid loodi , kuid kuulu järgi oli inimrobotite valmistamine võimalik ainult väga paiksetes ja kõrgtehnoloogilistes süsteemides . 
36	NA	 Nomaadtsivilisatsioonid neid ei ehitanud . 
36	NA	 Igal juhul polnud inimrobotit võimalik ei palja silma ega kergema vaatlusega harilikust inimesest eristada . 
36	NA	 Inimroboteid kasutati peamiselt kosmoselendudel ülikaugetel reisidel ning teadusuuringutes . 
36	NA	 Enamasti vist teatavat liiki katseloomadena . 
36	NA	 Kuid suures osas oli inimrobotite kohta käiv teave väga hägune ja üldiselt salajanegi . 
36	NA	 Inimesesarnaste robotite kasutamine oli rangelt piiratud ja mõnel pool ka sootuks keelatud . 
36	NA	 Näiteks nagu Fabulusel . 
36	NA	 Siia ei tohtinud siseneda ükski inimrobot ja kontroll selle üle oli väga range . 
36	NA	 Minul polnud varem ühegi inimrobotiga kokkupuudet olnud , kuid Oppertz paistis neist rohkem teadvat . 
36	NA	 Kuid Gabis ja robot ! 
36	NA	 Tolle venna dokumendid olid kõik korras , kaasa arvatud tervisekontrollid . 
36	NA	 Pealegi oli Gabis mööda galaktikaid niipalju ringi reisinud , inimrobot oleks kindlasti varem rajalt maha võetud . 
36	NA	 Pöördusin kaevurite poole . 
37	NA	" "" Kuulge , Oppertz , mis paanikat te siin tekitate ? "" küsisin kiilaspäiselt kaevurilt . "
38	NA	 Mehed vakatasid . 
38	NA	 Ilmselt olid nad oma vestlushoos hoopis unustanud , et keegi nende juttu pealt võib kuulda . 
38	NA	 Buck mühatas ja tõmbus tagasi oma klaasi taha . 
38	NA	 Kuna olin kõnetanud Oppetrzit , pidi too aga vastama . 
39	NA	" "" Ei mingit paanikat , valvur . "
39	NA	" Niisama arutame siin üht- teist . "" "
40	NA	" "" Üht-teist , jah . "
40	NA	 Te ajate siin kärbseid pähe oma robotijuttudega . 
40	NA	" Kust te selle võtate ! "" "
40	NA	 Tuli olla vähe karmim kui tavaliselt . 
41	NA	" "" Ah mis te nüüd ägestute , valvur . "
41	NA	 Ei mingit paanikat ega kärbseid . 
41	NA	" Niisama kahe semu jutt , teate küll . "" "
42	NA	" "" Oppertz , ma kuulsin väga hästi . "
42	NA	 Te mainisite just nüüdsama , et kodanik Gabis , kes paari päeva eest siia Õnnekosele tuli , võib olla inimrobot . 
42	NA	 Inimrobotid on meil rangelt keelatud . 
42	NA	 Kui teil on mingit teavet , peate sellest mulle viivitamatult ette kandma . 
42	NA	" Te teate seda väga hästi . "" "
42	NA	 Ilmselt olin isegi häält kõrgendanud . 
42	NA	 Mehed ümberringi kiikasid üllatunult meie poole . 
42	NA	 Pole vaja paanikat õhutada . 
42	NA	 Tõsusin püsti . 
43	NA	" "" Ma istun nüüd siia teie lauda , Oppertz , ja te räägite mulle kõik , mis te sellest Gabisest teate ! "" "
43	NA	 Viipasin kõrtsmikule uue kohvi jaoks ja kolisin kaevurite lauda . 
43	NA	 Mehed ei paistnud minu viimase toimingu üle just kõige õnnelikumad olevat , kuid lõppeks olin mina siin ülemus . 
44	NA	" "" Noh , kust me siis alustame , Oppertz ? "" "
45	NA	" "" Vaadake , valvur , ega mina sellest munkade asjandusest suurt midagi ei tea peale selle , mida te just asja kuulsite . "
45	NA	 Olen kuulnud , et mõnel pool ostetakse inimroboteid munkadeks , nad vist juba programmeeritakse sedaviisi ja siis nad kükitavad seal templites ja teenivad miskeid jumalaid . 
45	NA	" Räägitakse aga ka , et osad mungad tehakse nagu sõnumiviiateks ja need saadetakse laia maailma jumalast kuulutust viima . "" "
45	NA	 Oppertz oli vähe pabinas , kuid ilmselt ta ei valetanud . 
45	NA	 Ma mõtlen , et ta i s e ei mõelnud seda lugu välja , vaid oli kusagilt kuulnud . 
46	NA	" "" Olgu peale , kuid mis Gabis siia puutub ? "" pärisin edasi . "
47	NA	 Nüüd lõi ka Buck juttu kaasa . 
47	NA	" "" Veider tüüp on teine küll . "
47	NA	 Tuleb õhtuti siia kõrtsi . 
47	NA	 Joogipoolist endale ei telli . 
47	NA	 Istub seal nurgas oma veidras ürbis . 
47	NA	 Istub ja mõtleb . 
47	NA	" Kui keegi juhtubki ta käest midagi pärima , siis ainult naeratab ja pobiseb midagi . "" "
48	NA	" "" Käib ta siis siin istumas ? "" tundsin huvi . "
49	NA	" "" Ja päris tihti , "" jätkas Buck . "
49	NA	" "" Horna , too uustulnuk , küsis ta käest üks õhtu , nii jutualustuseks , et kas Gabis ka siia tööle on tulnud . "
49	NA	 Mees ei kõssandki , Horna päris uuesti , Gabisest käis nagu värin läbi ja vastas kiiresti , tööle jah . 
49	NA	" Pole teine aga üheski agentuuris käinud . "" "
50	NA	 Oppertz kippus Bucki täiendama . 
50	NA	" "" Vaadake , valvur , tookord Hornaga , kui Gabis niimoodi võpatas , mulle tundus , et ta oleks siis nagu s i s s e l ü l i t a t u d . "
50	NA	 Ja ei istu ta siin ühti niisama . 
50	NA	" Ta kuulab väga tähelepanelikult , mida teised räägivad . "" "
51	NA	" "" Mis ürp see tal on ? "" küsisin Buckilt . "
52	NA	" "" Kaevuririided need tal küll ei ole . "
52	NA	 Pole ealseski näinud , et tööotsija kaevur nii veidralt riides käib . 
52	NA	" Väga võõras riietus , valvur , "" seletas Buck . "
53	NA	 Saabumisel kandis Gabis küll tavalist reisuülikonda . 
54	NA	" "" Sihuke maani larakas , valvur , "" jutustas Buck edasi , "" helendab vahest . "
54	NA	 Üldse ei kortsu , kui mees liigutab või istub . 
54	NA	 Oleks nagu valatud . 
54	NA	" Me pole keegi sellist ürpi varem näinud . "" "
55	NA	" "" Mood on mood , "" vastasin kuivalt . "
55	NA	 Nagu naised , mõtlesin , istuvad kohvikus ja vaatvad , mis teistel seljas on . 
55	NA	 Ilmaruum on suur ja lai ja vaated moeküsimustele on planeediti väga erinevad . 
56	NA	" "" Noh ja siis need asjandused , mis tal taskus olid . "
56	NA	" Kui see üldse oli tasku , "" jätkas nüüd Oppertz . "
56	NA	" "" Kaks veidrat pisikest asja . "
56	NA	 Ei mina tea , mis nad olid . 
56	NA	 Istus siin eile ja võttis ühe salamisi välja . 
56	NA	 Pani meelekohale ja nagu lülitas ennast välja . 
56	NA	" Ma arvan , et ta laadis ennast ! "" "
57	NA	" "" Või pani telepaatiat , "" lõikas Buck , "" kuulas , mida teised mõtlevad . "
57	NA	 Aga robot ta ikka ei ole . 
57	NA	" Seda ma ütlen küll ! "" "
58	NA	 Ma poleks eales uskunud , et vanad mehistunud kaevurid võivad nii lapsikud olla . 
58	NA	 Kujutage ette . 
58	NA	 Kõrvalisele planeedile saabub võõras . 
58	NA	 Mees istub kõrtsis ja tegeleb mingite oma asjadega . 
58	NA	 Mingit korda ei riku . 
58	NA	 Kannab seljas võõrapärast riiet ja kasutab oma koduplaneedi kommunikatsioonivahendeid . 
58	NA	 Meie kaevurid ei tea ju maailma asjadest suurt midagi . 
58	NA	 Kontroll telepaatide üle aga on väga , väga range . 
58	NA	 Isikutuvastamissüsteemi ei saa keegi tungida ega andmeid muuta . 
58	NA	 Gabise andmed olid kinnitatud ja korras . 
58	NA	 Ja mis puutub telepaatidesse , siis neid ma tean . 
58	NA	 Rumpis viidi kord üks kursus läbi , kus telepaate tundma õpetati . 
58	NA	 Telepaadi ajauvoolude levikut skaneerib iga transpordijaama kontrollsüsteem . 
58	NA	 Gabis poleks ealeski niipalju saanud reisida , kui ta oleks telepaat olnud . 
58	NA	 Robotijutt aga oli lihtsalt puhas jama , samal põhjusel . 
59	NA	" "" Olete neid esemeid lähemalt ka näinud ? "" küsisin siiski . "
59	NA	 Mine sa tea . 
60	NA	" "" Kus sa sellega . "
60	NA	 Õnn oli , et pilk juhuslikult peale jäi . 
60	NA	 Ega ta neid kaua ripakil ei hoidnud . 
60	NA	" Aga mina teie asemel , valvur , peaks küll selle Gabisega ühe tõsise jutu maha , "" käis Oppertz peale . "
61	NA	" "" No see jäägu minu otsustada , "" olin kindel . "
62	NA	" "" Siiski , valvur . "
62	NA	 Passige talle peale . 
62	NA	" Need mungad on kahtlased tüübid , "" ei jätnud Oppertz . "
63	NA	" "" Aga miks te üldse arvate , et ta munk on ? "" "
64	NA	" "" Noh , esiteks need riided . "
64	NA	 Ma olen Rumpis näinud Tanaise munki . 
64	NA	 Nood olid täpselt samasugused , kandsid neid veidraid ürpe . 
64	NA	 Istusid kambas koos , ümisesid , ajasid laulujoru . 
64	NA	 Hiljem lasti nad Rumpist välja visata , segasid inimesi . 
64	NA	 Hakkasid oma jutlusi pidama . 
64	NA	 Siis ei joo ega söö too Gabis midagi . 
64	NA	 Teate , mungad on ju ka sellised , ei tilkagi . 
64	NA	 Ja paastuvad nad kah . 
64	NA	 Miks , seda ma küll ei tea . 
64	NA	 Plikade vastu pole kordagi huvi tundnud . 
64	NA	" Mungad mediteerivad , täpselt nagu Gabiski oma aparaadiga . "" "
65	NA	 Paistis , et Oppertz oli Gabist tõsiselt uurinud . 
65	NA	 Siiski , munk või mitte , mulle see korda ei läinud . 
65	NA	 Vähemalt senikaua , kuni ta pole teisi kaevureid tüütama hakanud . 
65	NA	 Jutlustajaid tõesti meil ei sallita . 
65	NA	 Eriti ei kannata neid kaevanduste administratsioon Rumpis . 
65	NA	 Jutud jumalast viivad meeste mõtted töö juurest eemale . 
65	NA	 Kaevanduse asemel mõlgub kaevureil peas taevariik . 
65	NA	 Üks rändjutlustaja , kes Fabulusele sattus , kukkus kuulutama , et Fabuluse all on põrgu ise . 
65	NA	 Keegi saatan saatvat väärisfabuliini meile peibutuseks , et inimesi põrgu väravate juurde meelitada . 
65	NA	 Mehed tahtsid nalja teha ja munga kaevandusse vedada , õnneks sekkus administratsioon ja munk toimetati Õnnekoselt ruttu minema . 
66	NA	" "" Isegi kui Ektor Gabis on munk ja jumalasõnakuulutaja , ei sega ta ju kedagi . "
66	NA	 Ja teie , Oppertz , lõpetage oma kihutustöö . 
66	NA	 Varsti paistate ise oma juttudega inimrobotitest ühe mungana . 
66	NA	" Hoidke Gabisest parem eemale ja töötage rahus edasi , "" soovitasin ülemusliku tooniga . "
66	NA	 Midagi nõmedamat kui näeruväärsena paistmine polnud Oppertzi jaoks olemas . 
66	NA	" "" Olgu peale , valvur . "
66	NA	 Mis see minu asi on . 
66	NA	" Aga Gabis ... "" "
67	NA	" "" Oppertz ! "" kähvasin . "
67	NA	" "" Unustage see Gabis . "
67	NA	" Aitab küll . "" "
68	NA	 Jätsin mehed omaette , tõusin püsti ja vaatasin kõrtsis ringi . 
68	NA	 Kõik oli nagu ikka . 
68	NA	 Kaevurid hakkasid kogunema , tellisid oma lahjasid kehaturgutusjooke . 
68	NA	 Minu lühike jutuajamine Oppertzi ja Buckiga polnud kellegi tähelepanu köitnud . 
68	NA	 Olin oma kohvid lõpetanud ja teha polnud suurt midagi . 
68	NA	 Ametikohustused olid tänaseks täidetud . 
68	NA	 Väljas oli sadama hakanud . 
68	NA	 Fabulus ei hellitanud vihmadega . 
68	NA	 Need polnud siin soojad suvesagarad . 
68	NA	 Kui ikka sadas , siis ämbriga ja kaua . 
68	NA	 Ehk polegi kõige targem oma varjugeneraatori patareisid kulutada , miks mitte siin samas üks tunnike mööda saata ja saju lõppemist oodata . 
68	NA	 Kuidas Buck oligi öelnud — Gabis käib siin päris tihti . 
68	NA	 Tõepoolest , munk või mitte , aga kui Oppertz siin mehi üles hakkab keerama , siis targem on asi oma kontrolli all hoida . 
69	NA	 Viipasin kõrtsmikule , valisin ühe vaba laua ja istusin maha . 
69	NA	 Silmanurgast märkasin , et Oppertz pani mu manöövrit tähele ja noogutas heakskiitvalt . 
69	NA	 Rehmasin talle tüdinult ja näitasin akna poole — sajab ju ! 
69	NA	 Oppertz irvitas omaette . 
69	NA	 Ju ma jäin siis Gabist ootama . 
69	NA	 Polnud mõtteski Gabisega juttu hakata ajama , tahtsin lihtsalt külalist uue pilguga vaadata . 
69	NA	 Või munk ? 
69	NA	 No mine sa tea . 
69	NA	 Veider oli Gabis kindlasti . 
69	NA	 Millegagi tegelema pole ta hakanud . 
69	NA	 Peaks homme tema kohta päringu saatma , ehk siis selgub midagi . 
69	NA	 Jäin paariks tunniks kõrtsinurka konutama ja mõtteid mõlgutama . 
69	NA	 Üritasin ajusopist välja pigistada oma teadmisi munkadest ja religioonist . 
69	NA	 Paraku ei eeldanud korravalvuri teenistus üksildases kaevanduskoloonias sügavamaid religioonialaseid teadmisi . 
69	NA	 Kõik mu arusaamad ja ettekujutused põhinesid üksikfaktidel , kokkukogumata ja süstematiseerimata mõttekildudel . 
69	NA	 Mu koduplaneedil Terranoval polnud religioonil suurt tähendust olnud . 
69	NA	 Ja kuigi Terranova oli väga vana koloonia , mille asutasid juba Maalt ( kujutage ette ! ) tulnud inimesed , polnud seal Maa tavasid enam palju säilinud . 
69	NA	 Ma ei tahtnud segadusi ja otsustasin Ektor Gabise ikkagi luubi alla võtta . 
69	NA	 Parem karta , kui kahetseda . 
70	NA	 Gabis tuli hilja , siis , kui olin plaanitsenud juba lahkuda . 
70	NA	 Väljas sadas veel ja tugevasti , kuid Gabis ei kandnud varju . 
70	NA	 Talle polnud seda vaja , sest , nagu nüüd ise nägin , oli tema veider ürp iseenesest heaks kaitseks vihma eest . 
70	NA	 Tõenäoliselt aitas sellest siin tundmatust materjalist kehakate ka külma ja muude koleduste vastu . 
70	NA	 Aga kentsakas oli kehakate küll . 
70	NA	 Mood on mood . 
70	NA	 Kõrts oli Gabise saabumise ajaks kenakesti kaevureid täis ja olin kindel , et Gabis mind tähele ei pannud . 
70	NA	 Mees tüüris ühe nurgalaua manu ja poetas ennnast meestesumma . 
70	NA	 Ja siis tuli mulle pähe üks kummaline idee . 
70	NA	 Miks mitte minna seniaeg , kui Gabis siin kõrtsis konutab , hotelli ja vaadata , kas Gabise eluruumis midagi veidrat või olulist silma ei hakka ? 
70	NA	 Teha niiöelda üks väike luureretk , pärast mida saab loodetavasti kogu selle munganduse ära unustada . 
71	NA	 Tõusin püsti , maksin arve , astusin sajusesse Õnnekose õhtusse ja seadsin sammud hotelli poole . 
72	NA	 Korravalvuril on Õnnekosel suur võim . 
72	NA	 Ei mingeid liigseid küsimusi , hotell kuulub linnale . 
72	NA	 Poole tunni pärast olin Gabise toas . 
73	NA	 Nagu arvata oli , ei midagi erilist . 
73	NA	 Harilik toapugerik , toolid , lauad , kapp ja sahtlid . 
73	NA	 Sahtlid . 
73	NA	 Avasin ühe oma isikliku koodiga . 
73	NA	 Tühi . 
73	NA	 Järgmine samuti . 
73	NA	 Kuid kolmandas ja viimases oli kaks eset . 
73	NA	 Uurisin neid viivu . 
73	NA	 Ilmselt oli üks just see veider seadeldis , mida Gabis oli kõrtsis kaasas kandnud . 
73	NA	 Huvitav , miks ta nüüd need maha jättis ? 
73	NA	 Ese oli pisike , mahtus mugavalt pihku ja kujutas endast tegelikult ümarikku sisselülitatavat paneeli . 
73	NA	 Hetkel paistis see olevat välja lülitatud . 
73	NA	 Nägin eseme pinnal mulle tundmatuid tähemärke ning imepisikesi vilkuvaid signaallampe . 
73	NA	 Tõenäoliselt mingi sidepidamisvahend . 
73	NA	 Jõudsin järeldusele , et see vidin ei huvita mind . 
73	NA	 Teine asi oli kahtlemata arusaadavam . 
73	NA	 See oli midagi medali või amuleti taolist , mida sai peenikese keti abil kaela riputada . 
73	NA	 Medal helendas kergelt , ma ei taibanud , kust see valgus tuli . 
73	NA	 Aga sellest , mis sinna peale oli kirjutatud , sain ma küll aru . 
73	NA	" "" Ektor Gabisele ; "" seisis seal , "" kes nüüdsest on õnnistatud Teadjaks Jumala Nimel . "" "
74	NA	 Nii et ta siis on ikkagi munk , mõtlesin . 
74	NA	 Väga hea . 
74	NA	 Panin medali ja kummalise kommunikaatori lauale . 
74	NA	 Tal pidi siin veel asju olema . 
74	NA	 Ja äkitselt tundus Gabis mulle tõepoolest väga kahtlane . 
74	NA	 Muide , tolsamal hetkel , kui mina kapiust avasin , avas Gabis äkitselt toaukse ja astus sisse . 
75	NA	 Ma olin absoluutselt kindel , et ta oli mulle kõrtsist peale järgnenud . 
75	NA	 Otsustasin rünnakule asuda . 
76	NA	" "" Te olete munk ? "" küsisin rangelt . "
76	NA	" "" Miks te seda varjasite ? "
76	NA	" Mida te ootasite ? "" "
77	NA	" "" Varjasin ? "" küsis Gabis vastu . "
77	NA	" "" Jah vahest varjasingi . "
77	NA	 Ma ei olnud päris kindel , mida siit Õnnekoselt eest leian . 
77	NA	 Polnud mõtet tormata . 
77	NA	 Iga uus planeet on ikkagi uus ja omaette maailm . 
77	NA	 Ja see on väga hea , arvan ma . 
77	NA	 Enne , kui millegagi alustada , tuleb täpsemalt teada , kus alustatakse . 
77	NA	" Aga ma tulin Fabulusele kui munk . "" "
78	NA	 Gabis ei paistnud eriti löödud olevat . 
78	NA	 Teisest küljest polnud ta ju otseselt tegelikult milleski süüdi . 
78	NA	 Teadmata , mis see veider ese tal oli , ei saanud ma teda ka salakaubanduses süüdistada . 
78	NA	 Pidin ootama , kuni saadan nende asjanduste kohta päringu . 
78	NA	 Igasugu imeasju tehakse ja tassitakse planeedilt planeedile kaasas , nii et ainult imesta . 
78	NA	 Mingi leiutaja olla , nagu räägitakse , kosmoselaeva vähendaja valmis meisterdanud . 
78	NA	 Meeletult väiksem kütusekulu , aga vähendamise peale kulub kütusesäästuga võrdselt topaasenergiat . 
78	NA	 Või näiteks Mägedeliigutaja , millest kaevurid pommis peaga pidevalt räägivad . 
78	NA	 Sehkendad pisut ühe aparaadi kallal ja mäealused rikkused on sinu . 
78	NA	 Kust ma pidin siis teadma , mis vahend see Gabisel on ? 
79	NA	" "" Tahate öelda , et te sondeerisite pinda ? "" uurisin edasi . "
79	NA	" "" Miks te siis mulle kohe ei öelnud , et olete munk ja kavatsete siin oma õpetust levitada ? "" "
80	NA	" "" Arvate , Salar , et see on siis nii ohtlik ? "" "
81	NA	" "" Ma ei arva midagi , ma pean lihtsalt teadma , mis siin linnas toimub ! "" "
81	NA	 Huvitav , miks , jäin samas mõttesse . 
81	NA	 Mida see õigupoolest mulle korda läheb , mida see munk siin õpetab . 
81	NA	 Ilmselt rutiin ja igavus . 
82	NA	" "" Kuulge , istume maha ja räägime sellest , "" tegi Gabis ettepaneku . "
82	NA	" "" Või tahate mind äkki kaasa viia ? "" "
83	NA	" "" Ega vist , parem kuulan teid siin ära . "" "
84	NA	 Istusime hotellitoa tagasihoidlikele tooli nime kandvatele esemetele . 
84	NA	 Nad ei reageerinud kehakumerustele absoluutselt , mis oli selge märk hotellitoa hinnaklassist . 
84	NA	 Kuigi munkadele , nagu kuulnud olin , ei pidanud taolised asjad palju korda minema . 
85	NA	" "" Niisiis , Gabis , "" otsustasin jutuohjad enda kätesse võtta . "
85	NA	" "" Ma ei räägi teiega nüüd kui korravalvur , vaid kui isik , kes tunnetab siin linnas toimuva üle teatavat vastutust . "
85	NA	" Kes te olete ja mida te siin teete ? "" "
86	NA	 Proovisin munka mitte otseselt rünnata , ma olin ju lõppeks politseinik ja pidin oskama osavalt ülekuulamist läbi viia . 
86	NA	 Kuigi , jah , praktikat oli vähevõitu . 
86	NA	 Ja Gabis oli mulle ka tegelikult liiga sümpaatne , et teda Rumpi tarida ja tõde temast sõna otseses mõttes välja pigistada . 
87	NA	" "" Kes ma olen ja mis ma siin teen ? "" kordas Gabis . "
87	NA	" "" Kui palju te munkadest ja usust üldse teate ? "" päris ta vastu . "
88	NA	" "" Noh , ma tean , et nad usuvad jumalat ja teenivad teda ... omal moel . "
88	NA	 Niipalju kui on eri jumalaid , on ka eri munke . 
88	NA	 Üldsielt nad käivad ringi , kuulutavad oma tõdesid , tekitavad palju segadust ja võivad inimesi veidratele tegudele sundida . 
88	NA	" Ükskord näiteks , nagu ma kuulnud olen ... "" "
89	NA	 Gabis katkestas mind . 
90	NA	" "" Oodake , Salar , oodake . "
90	NA	 Ma tahan , et minust tõesti aru saaksite . 
90	NA	 Öelge mulle , kas oma koduplaneedil olid teil templid ? 
90	NA	" Kas inimesd uskusid jumalat ? "" "
91	NA	 Hmm , kes nüüd õieti siin keda üle kuulas ? 
91	NA	 Igal juhul tuli tal lasta oma loo tuumani jõuda . 
92	NA	" "" Ma ei oskagi teile täpselt öelda , Gabis , "" katsusin meenutada . "
92	NA	" "" Ma ei arva , et Õnnekosel või kodus Terranoval oleksin isiklikult kohanud usklikke . "
92	NA	 Või teadnud , mida ja miks nad usuvad . 
92	NA	 Olen neist küll kogu aeg midagi kuulnud . 
92	NA	 Religioon olevat mõnedes süsteemides kogu elukorralduse aluseks . 
92	NA	 On palju maailmu , kus keegi usujuht on ka ilmalik valitseja . 
92	NA	 Jumal olevat just tema välja valinud . 
92	NA	 Koriandril näiteks , ma tean , on juhiks keegi surematu Mante . 
92	NA	" Meest ennast pole keegi kunagi näinud aga ta ilmutab end kuskilt teisest dimensioonist kõikidele elanikele ja nii nad teavad , kuidas elada , mida teha ja muud säärast . "" "
93	NA	" "" Koriander on osavate tehnikatürannide poolt valitsetav orjade planeet , "" vastas Gabis põlgusega . "
93	NA	" "" Surematu Mante on lihtsalt osav trikk dimensioonikineetikaga . "
93	NA	 Ta pole jumal , ta on virtuaalne ettekujutuste summa jumalast . 
93	NA	" Võltsing . "" "
94	NA	" "" Kuid Korainder on ju tehnoloogiliselt üliarenenud . "
94	NA	 Korianderil on välja töötatud ka meie osad kõige keerulisemad kaevandusmasinad . 
94	NA	 Ja nende sõjamasinad . 
94	NA	" Ärge seda unustage . "" "
95	NA	" "" Sellest hoolimata pole Korianderi puhul midagi tegemist tõelise religiooniga . "
95	NA	 Inimestega manipuleeritakse , et nad usuksid Mantesse kui jumalasse . 
95	NA	 Kuid rääkigem tõelisest religioonist , vähemalt nii , nagu mina olen sellest aru saanud . 
95	NA	 Te mainisite just , et Terranoval te ei teadnud , mida ja miks inimesed usuvad . 
95	NA	 Kas teie arvates , Salar , on võimalik teada jumalat ja teada miks teda uskuda ? 
95	NA	" Kas usku on on võimalik teada ? "" "
96	NA	 Nii keerulist küsimust polnud mulle keegi ammu esitanud . 
96	NA	 Keerulisem võis olla vaid vastata , miks ma siin selle mungaga istusin ja endale taolisi küsimusi lasin esitada . 
97	NA	" "" Gabis , jätke palun , ma ei tea tõesti . "
97	NA	" Mind ei huvita sellised asjad . "" "
98	NA	" "" Salar , te ise küsisite , kes ma olen ja mis ma siin teen . "
98	NA	 Ma proovin teile vastata , et te tõesti aru saaksite . 
98	NA	" Niisiis te ei tea , kas usku saab teada ... "" "
99	NA	 Tundsin , et mul hakkab pea valutama . 
99	NA	 Gabis aga jahvatas edasi . 
100	NA	" "" ... on paratamatult oluline . "
100	NA	 Vaadake , religiooni võib defineerida , tunnetada , ka kirjeldada . 
100	NA	 Kuid üksi neist moodustest ei saa meile anda midagi lõplikku , mida saaksime kirjena mälusoppi kanda ja edaspidi kui ainuõiget kasutada . 
100	NA	 Vajadus religiooni järele tuleneb inimese igiomasest soovist teada saada tõde oma eksistentsi kohta . 
100	NA	 See vajadus ei ole looduses , vaid inimeses endas . 
100	NA	 Kaasa sündinud , kui soovite . 
100	NA	 Seda pole võimalik ületada üksikisiku tasemel , küll aga riiklikult suunatuna metamorfoosis igaühele ja kõigile , nagu näiteks Korianderil . 
100	NA	" Inimkonna algul , neil ammustel aegadel maal , tekkisid religioonid , tekkisid koos inimestega . "" "
101	NA	" "" Seda ma tean , "" kinnitasin . "
101	NA	" "" Maalt on pärit inimsugu ja uskumused . "
101	NA	" Maalt sai kõik alguse . "" "
102	NA	" "" Hästi öeldud , Salar , "" kiitis Gabis , "" just maalt sai kõik alguse . "
102	NA	 Maalt sai alguse ka tradistioon kanda religioon ajatute asjade kilda , kuid sellest hiljem . 
102	NA	 Kuid nagu on selgunud , on ka religioonidel oma aeg . 
102	NA	 Aga katsun järjekorras teile oma mõtteid arusaadavaks teha . 
102	NA	 Niisiis tekkisid religioonid koos inimestega . 
102	NA	 Kui inimene hakkas ümbritsevat mõistma , sai ta aru , et kõiksus , või ütleme lihtsamalt , maa , elab kauem kui tema . 
102	NA	 Inimene ise oma soovide ja arusaamade maailmaga on vaid tühine ajalik tolmukübe ajatus universumis . 
102	NA	 Inimese osaks on elada oma elu ja lahkuda . 
102	NA	 Kaduda , hävida , haihtuda . 
102	NA	 Inimene on ajalik ja surelik . 
102	NA	" See on kurblik paratamatus , ületamatu tõde , eemaletõukav tõdemus — me kaome ja sureme , aga maailm jääb . "" "
103	NA	" "" Kuid maailmugi on võimalik hävitada , "" sekkusin . "
103	NA	 Tunnistan , et Gabise rahulik seletusmaneer asjadest , millest kunagi pole ise mõelnud , hakkas mulle huvi pakkuma . 
103	NA	" "" Näiteks toosama Koriandergi on hävitanud palju maailmu . "" "
104	NA	" "" Seda küll , Salar . "
104	NA	 Maailmu o n võimalik hävitada . 
104	NA	 Aga hävitada ei saa kõiki maailmu , seda energiat , mis on maailmad loonud . 
104	NA	 Universum oma kõiksuses on jääv . 
104	NA	 Üksikinimene võib end surematuks teha oma tegude läbi , füüsiliselt aga ei iial . 
104	NA	 Surematus on ulm , mis on religioonide põhjuseks . 
104	NA	 Niisiis leiab inimene end vastakuti kohutava tõdemusega oma surelikkusest . 
104	NA	 Ei , karjub ta , see pole võimalik . 
104	NA	 Ma ei võta seda vastu . 
104	NA	 See pole õiglane , see e i saa nii olla . 
104	NA	 Midagi peab jääma , ma ei saa niisama haihtuda . 
104	NA	 Ja nii mõtlesidki esimesed inimesd välja surnute maailmad , kus lahkunud oma surnuelu edasi elasid . 
104	NA	 Kõdunev inimihu hauas ja oma kadumise etteteadmine ei saanud kuidagi kokku käia meenutusega inimliku tunnetustäiusega maailmast . 
104	NA	 See on vaid minu ihu , mis kõduneb või tuhana õhku haihtub , mõtlesid inimesed . 
104	NA	 Mina aga ei ole ju pelgalt ihu , mul on tunded ja mõistmine mind ümbritsevast maailmast . 
104	NA	 Mul on minu vaim , minu olemus . 
104	NA	 Ma elan edasi , ma pean edasi elama . 
104	NA	 Inimene ongi ju ainult elu , ei rohkem , ei vähem . 
104	NA	 Ja inimesed tahavad elada ka siis , kui midagi enam ei ole . 
104	NA	 Ja nii tekkisidki religioonid , kõik sarnased oma lootuses inimese eluiga pikendada , kasvõi sealpoolsusega . 
104	NA	 Ja siis oli inimesele vaja jumalat . 
104	NA	 Jumal pidi olema loovuse andja ja elu kandja . 
104	NA	 Inimene kandis jumala kujutuse paratamatustest nagu saaki hävitav vihmasadu või laevu uputav torm edasi inimese enda eksistentsi lahutamatute küsimuste juurde . 
104	NA	" Jõuate mind jälgida , Salar ? "" "
105	NA	 Veider , aga ma kuulasin teda ja sain isegi aru . 
105	NA	 Mitte kõigest muidugi . 
105	NA	 Näiteks ikkagi sellest , miks ma siin istun ja teda kuulan . 
106	NA	" "" See on muidugi huvitav , Gabis , "" möönsin siiski , "" kuid ikkagi , miks te seda kõike räägite . "
106	NA	 Te ei pea ju mulle tegelikult üldse niipalju seletama . 
106	NA	 Olete munk , siis olete , ärge ainult pahandust tehke . 
106	NA	" Aga rääkige lõpuni , ega mul kiiret ei ole . "" "
107	NA	" "" Aitäh , Salar . "
107	NA	" Võite seda ka nii võtta , et ma tahan lihtsalt kellegagi rääkida . "" "
108	NA	" "" See on iseasi , mina olen hea kuulaja . "
108	NA	" Laske aga edasi . "" "
109	NA	 Gabis sirutas ennast , nagu mulle tundus , mugavamasse asendisse . 
109	NA	 Akna taga kumas sulnis Fabuluse õhtu , sadu oli lõppenud . 
109	NA	 Ja mina , Õnnekose korravalvur , kuulasin ühe munga heietusi jumalast.Gabis jätkas . 
110	NA	" "" Inimene on alati tahtnud oma jumalat personifitseerida . "
110	NA	 Isegi siis , kui jumalana hakati ette kujutama teadvust , pidi viimane ju kellelegi kuuluma . 
110	NA	" Nii tekkisid ühejumalausud ... "" "
111	NA	" "" Nagu Korianderil ! "" rehmasin vahele . "
112	NA	" "" Jätke ükskord see õnnetu Koriander , "" lõi Gabis tülpinult käega , "" Koriander on võlts . "" "
113	NA	" "" Olgu , ma unustan selle õnnetu Korianderi , "" lubasin naerdes . "
114	NA	" "" Väga hea . "
114	NA	 Niisiis hakkasid inimesed jumalikke ilmutusi leidma kõiges , milles soovisid . 
114	NA	 Te teate , et Maa oli omal ajal geograafiliselt väga erinev , mitte nagu praegu . 
114	NA	 Algul ei elanud inimesed igal pool . 
114	NA	 Inimkond oli suhteliselt laialipaisatud . 
114	NA	 Mõnel pool , ülimalt headel ilmastikulise kliimaga aladel kujunesid aga kokkupuuted erinevate hõimude , rahvaste ja tsivilisatsioonide vahel . 
114	NA	 Vastastikku jagati teadmisi ja kultuure . 
114	NA	 Nii tekkisidki ka mitmete eri rahvaste uskudest sulamid . 
114	NA	 Vahetati jumalaid ja ettekujutusi nendest . 
114	NA	 Kuid tähtis polegi niivõrd eri religioonide kokkusulamine , vaid nende edasikandumine . 
114	NA	 Kümme usku sulasid viieks ja levisid tagasi kümne algupärase alale , aga juba muundunud kujul . 
114	NA	" Ja inimene otsis uuest sulamist ikka kõige meelepärasemat . "" "
115	NA	" "" Igavest elu , "" pärisin äkki hargnema hakanud mõttevoolu ajel . "
116	NA	" "" Just . "
116	NA	" Ilmselt nii see oli . "" "
117	NA	" "" Ilmselt ? "
117	NA	" Kas te siis täpselt ei teagi ? "" "
118	NA	" "" Me räägime inimkonna koidikust , Salar . "
118	NA	 Me räägime päris algusest , ajast , mil inimkond oli aheldatud oma sünniplaneedile . 
118	NA	 Keegi ei teagi enam täpselt , millal see oli , kui esimesi uske hakati kirja panema . 
118	NA	 Kirjaoskusega tekkis teatud püsivus , tekkisid kirjutajad ja tekkis usuteadus . 
118	NA	" Kuid see pole peamine . "" "
119	NA	" "" Ja mis on peamine ? "" "
120	NA	" "" Aeg , "" ohkas Gabis . "
120	NA	" "" Aeg on kõiksuse mõõt , nii rumalalt kui see ka ei kõla . "
120	NA	 Mäletate , et ütlesin ennist , et inimkond kandis religiooni ajatute asjade kilda . 
120	NA	 Maal tekkisid mitmed usud , nad levisid erinevalt , inimesed uskusid neid erinevalt . 
120	NA	 Nagu ükski usk ei hõlmanud kõiki rahvaid , ei hõlmanud religioossus kõiki inimesi . 
120	NA	" Enamus ei vaevunud sedastama oma seost usuga , võibolla just tänu nendele inimestele algaski Kolonisatsioon , kes teab ? "" "
121	NA	" "" Ja seda ütlete teie , munk ? "" "
122	NA	" "" Kuulake edasi . "
122	NA	 Kas teate , kui palju oli Maal jumalaid , kui kosmoseajastu algas ? 
122	NA	 Ühtedes ja samades rakettides lendasid tähtede poole eri jumalaid uskuvad inimesed . 
122	NA	" Võimalik aga ka , et üldse mitte uskuvad inimesed . "" "
123	NA	" "" Miks siis ? "
123	NA	" Ise te rääkisite , et religioon on inimesele nii igiomane ? "" pärisin . "
124	NA	" "" Kas teile on ? "" küsis Gabis vaikselt vastu . "
125	NA	" "" Üldiselt mitte . "" "
126	NA	" "" Me ei tea , millistes oludes ja milliste juhtumuste ajel sündisid peamised usundid Maal . "
126	NA	 Ilmselt pidid aset leidma sündmused , mis tolleaegseile inimesile pidid vähemalt näiliselt veenvalt suutma ületada elu ja surma piiri . 
126	NA	 Me ei tea , kas need olid tõelised jumaliku või mingi määratlemata teadvuse ilmingud . 
126	NA	 Või olid nad osavalt instseneeritud johtuvalt mõne huvigrupi soovidest . 
126	NA	 Pigem viimast . 
126	NA	 Kuid on selge , et aset leidsid niiöelda imed . 
126	NA	 Ainult tavaelus kogematu võib inimesile anda tugeva religioosse impulsi . 
126	NA	 Kõik need sündmused pandi kirja ja kandusid edasi . 
126	NA	 Kahjuks mitte meieni . 
126	NA	 Kuid oluline on see , et me ei tea seda kõike täpselt , ja selles asi ongi . 
127	NA	 Religioonind vananevad , Salar . 
127	NA	 Teaduse ja tehnika areng on selle juures vaid üks kõrvalaspekt . 
127	NA	 Olulisem on aeg ise . 
127	NA	 Usundid sünnivad , kasvavavd , elavad üle oma lapsemeelse siiruse ja otsekohesuse , jõuavad küpsesse loome- ja teotsemisikka , hakkavad keskiga ületades kalduma sofismi ja keerutamisse , vanaks jäädes aga meenutama kuldseid noorusaegu , üritavad ühendada oma elukogemust mööda tormava uue ajaga , kuni lõpuks põevad valuliselt vanadusnõtrust . 
127	NA	 Ja surevad välja . 
128	NA	 Usundite tekkepõhjused ja algsed impulsid hakkavad inimestel meelest ära minema ja ununema . 
128	NA	 Ja nii kaotavad usud aja jooksul oma olulisi kvalitatiivseid omadusi , ehk neidki , mis kunagi olid nende tõukejõuks ja põhituumaks . 
128	NA	 Samamoodi omandavad usud juurde uuendusi ja lisandusi , ka selliseid , mis neid sootuks muudavad . 
128	NA	 Näiteks lahjemaks . 
128	NA	" Kui kunagi leidsidki Maal aset sündmused , milles ilmutas ennast kõrgeim teadvus , siis on nad juba ammu meelest läinud . "" "
129	NA	 Gabis vaatas mulle küsivalt otsa . 
129	NA	 Ilmselt ootas ta , et midagi ütlen . 
129	NA	 Oma üllatuseks avastasin , et ei pidanudki oluliselt pingutama . 
129	NA	 Küsimus oli mul olemas . 
130	NA	" "" Kuid ometi on praegu palju uske , mõned hõlmavad minu teada isegi terveid galaktikaid , kas nad on siis pärit hilisemast ajast ? "" "
131	NA	" "" Nojah , "" kohendas Gabis end toolis , "" ilmselt polnud Maal kujunenud religioonid just need asjad , mida inimesed esimeses järjekorras kosmosesse kaasa võtsid . "
131	NA	" Nagu kindlasti võisid seda olla perekonnapildid või hambaharjad . "" "
132	NA	" "" Hambahari ? "
132	NA	" Mis see on ? "" ei saanud ma Gabisest aru . "
133	NA	 Viimane põksus naerda . 
133	NA	" "" Pole oluline , ma sain ühes kloostris üpris hügieenilise kasvatuse . "
133	NA	 Nad olid seal ühed veidrikud kõik . 
133	NA	 Aga olgu . 
133	NA	 Vaadake asjale niimoodi , et midagi uskudest imbus kahtlemata ka kosmoselaevadesse , kuid need olid vaid hääbumisele määratud järelvõnked . 
133	NA	 Nagu ütlesin , olid tõeliselt tähendusrikkad religioossed sündmused Kolonisatsiooni alguseks ajas väga kaugele maha jäänud . 
133	NA	 Kui edaspidi hakkasid kujunema esimesed kolooniad , see tähendab inimesed hakkasid uutes maailmates kohanema , mõtlesid nad välja uued usud . 
133	NA	 Või anti need neile . 
133	NA	" Igal juhul jõudsid needki kasvada ja osad ka surra . "" "
134	NA	" "" Kuidas ? "" "
135	NA	" "" Oodake pisut . "
135	NA	" Kõigest järjekorras . "" "
135	NA	 Oli näha , et Gabisele meeldis pikki jutte pidada . 
135	NA	 Isegi minu piiratud teadmiste juures mungaelust kangastusid mulle äkki lõputuna tunduvad usualased keskustelud kloostreis . 
135	NA	 Gabis jätkas . 
136	NA	" "" Kuid kujutagem nüüd hetkeks , et on olemas Kõrgem Teadvus , millelt algreligioonid Maal olid innustust saanud . "
136	NA	 Universumi ülim liikumapanev jõud , millelt saadud sõnumeid esimesed usundid inimkonna hällis olid vastavalt oma arusaamade järgi kohandanud või mugandanud . 
136	NA	 Tõlkinud omale arusaadavasse keelde , lisanud ehk lihtsaid inimlikke käitumisreegleid ja kõige oleva tekkepõhjendusi . 
136	NA	 Mis te arvate , Salar , kui selline jõud on olemas , ükskõik millisel kujul , öelge , kuidas ta pidanuks toimima uuel ajastul ? 
136	NA	 Inimesed lahkusid Maalt , pühapaigad jäid kaugele maha , sõnumid olid ununenud . 
136	NA	" Side oli katkenud . "" "
137	NA	" "" Teil on keerukad küsimused , Gabis , "" ei osanud ma midagi pakkuda . "
137	NA	" "" Kui inimesed need oma uskumused hülgasid , ju nad polnud siis enam olulised . "
137	NA	" Mis sel jõul siis ikka üle jäi . "" "
138	NA	" "" Väga hea , Salar . "
138	NA	 Polnud olulised , õige tähelepanek . 
138	NA	 Mõistlik on arvata , et omaaegsed religioonid kaotasid oma tähenduse , said vanaks , surid välja . 
138	NA	 Kuid ikkagi . 
138	NA	" Mida pidanuks see jõud tegema ? "" "
139	NA	" "" Kuulge ma tõesti ei tea . "
139	NA	" Ma ei saa ennast asetada selle asjanduse olukorda . "" "
140	NA	" "" Te ei peagi , sest te ei saa . "
140	NA	 Ma isegi ei tea , kas ta on üldse olemas . 
140	NA	 Ma üritan vaid luua mingit selgust oma mõtetes . 
140	NA	 Ma oletan ja arvan . 
140	NA	" Lööge kaasa , Salar , laske nagu öeldakse , oma vaim vabaks kõikvõimaliku maailma ! "" "
141	NA	" "" Noh , kui see Jõud , nagu te räägite , oli näinud , et tema üritus luhtus , siis võis ta ju uuesti proovida ? "
141	NA	" Kui seda vaja oli . "" "
142	NA	 Gabis vaatas oma sügavate silmadega mulle otsa ja miski ütles mulle , et olin öelnud midagi olulist . 
142	NA	 Vaatasin küsivalt talle otsa , ootasin reageeringut . 
142	NA	 Seda ei järgnenud pikka aega . 
142	NA	 Ma vist haigutasin . 
142	NA	 Lõpuks Gabis naeratas vaevumärgatavalt ja ütles väga vaikselt : 
143	NA	" "" Ma olin seal , Salar . "" "
144	NA	 Ma ei saanud algul aru . 
145	NA	" "" Kus te olite ? "" "
146	NA	" "" Mina ja paljud teised , "" jätkas Gabis , "" Toraani süsteemis , Hundi planeedil . "
146	NA	 Meid oli palju . 
146	NA	 Tuhandeid . 
146	NA	 Keegi ei teadnud , miks ta oli sinna lennanud . 
146	NA	 Me lihtsalt olime seal ja me kõik teadsime , et pidime seal olema . 
146	NA	" Seda on raske kirjeldada . "" "
147	NA	" "" Toraani süsteem ? "" katsusin meenutada . "
147	NA	" "" Ei tule ette . "
147	NA	" Kusagil kaugel ilmselt ? "" "
148	NA	" "" Väga kaugel siit . "
148	NA	 Väga . 
148	NA	" Aga see pole oluline . "" "
149	NA	 Nojah , Fabulusest on tegelikult kõik väga kaugel . 
149	NA	 Fabulus on ju täielik kolgas . 
149	NA	 Suur kaevandus . 
149	NA	 Ega ilmaasjad siia ei jõua . 
150	NA	" "" Mis seal Hundil siis juhtus ? "" küsisin mõttessevajunud mungalt . "
151	NA	" "" Seesama , mida te just mainisite . "
151	NA	" Ta proovis uuesti . "" "
152	NA	" "" See kõikvõimas jõud või ? "" "
153	NA	" "" Ilmselt küll . "
153	NA	" Teisiti ma seda seletada ei oska . "" "
154	NA	" "" Mis siis juhtus ? "
154	NA	" Kas midagi vigade paranduse taolist ? "" "
155	NA	" "" Ei , mitte päris . "
155	NA	 Vaadake , nüüd tulebki see kõige keerulisem . 
155	NA	 Ma ei teagi , kas suudan seda kõike teile selgitada . 
155	NA	 Selles ongi osalt minu siiasaabumise põhjus , millise uurimisest te ju alustasite . 
155	NA	 Ma lendasin Hundile , mind oli kutsutud , nagu ka teisi . 
155	NA	" Kas Fabulusel linde on , Salar ? "" "
156	NA	" "" Lendnokad ja tuttpiilud peamiselt . "
156	NA	 Elavad Suure Vee ääres kaljudel . 
156	NA	 Neid on sisemaal harva näha . 
156	NA	" Mis siis ? "" "
157	NA	" "" Mõnelpool kogunevad linnud parvedesse ja lendavad igal aastal koos kaugele maale . "
157	NA	 Selliseid parvesid on tuhandeid . 
157	NA	 Ma olen nende kogunemist näinud . 
157	NA	 Nad muudkui tulevad ja tulevad , kõik parved eri paigust . 
157	NA	 Nad ei tea miks , aga nad tulevad . 
157	NA	 Mul oli Hundil just selline tunne . 
157	NA	 Tuhanded minusugused olid ilmaruumi eri paigust teadmata põhjusel kokku lennanud . 
157	NA	 Me pidime olema tunnistajaks millelegi , mis polnud meile oma olemust varem avanud . 
157	NA	" Me olime Hundil pikka aega , olime ootel , panime end valmis , avanesime . "" "
158	NA	" "" Ja siis ? "" "
159	NA	" "" Ja siis me surime ära . "
159	NA	" Kõik viimseni . "" "
160	NA	" "" Tohoh ! "" midagi muud ei tulnud mul pähe kosta . "
161	NA	" "" Me olime surnud . "
161	NA	 Aga seda on võimatu seletada . 
161	NA	 Seda ei peagi seletama , just nii oli kõik mõeldud , et ei pea seletama . 
161	NA	 Teadvust ei olnud , teadvuse asemel oli teadmine oma surmast . 
161	NA	 Ja kõiksusest . 
161	NA	 Mateeria ei tähendanud enam midagi , polnud õnne ega õnnetust . 
161	NA	 Surma ei saanud tunnetada , seda sai ainult teada . 
161	NA	 Oma oleku kohta ei saanud küsida , kus , millal , kuidas . 
161	NA	 Dimensioon , mõõtmed , aeg , mateeria olid mujal . 
161	NA	 Ja siis äkki on kõik jälle tagasi , mateeria on taas olemas . 
161	NA	 Me olime jälle elus ja kõik oli nagu enne ja samas nii teistmoodi kui enne . 
161	NA	" Nüüd olid meil teadmine , sõnum ja ülesanne . "" "
162	NA	 Olin proovinud seni Gabise mõtteleõnga jälgida ja see oli ka ümmarguselt võimalik . 
162	NA	 Surnud olemist aga ei kavatsenudki ma aru saama hakata . 
162	NA	 Ei saa olla surnud ja siis jälle elus . 
162	NA	 Inimest ei saa niimoodi vähekeseks ajaks välja suretada ja siis jälle ellu äratada . 
162	NA	 Egas inimene pole mingi lüliti , et lülitad sisse ja väl ... 
162	NA	 Stopp ! 
162	NA	 Stopp ... 
163	NA	 Midagi hakkas ühendama . 
163	NA	" See veider asjandus seal Gabise "" taskus "" . "
163	NA	 Sisselülitamine . 
163	NA	 Kujutasin elavalt ette pilti , kuidas Gabis kõrtsinurgas konutades end oma generaatoriga sisse lülitab . 
163	NA	 Kuulujutud ja legendid , mis kuskilt ilmaruumist kaevurite kõrvu jõudnud . 
163	NA	 Inimrobotid . 
164	NA	 Ent ei mingeid ennatlikke järeldusi . 
165	NA	" "" Seda suremise asja on raske uskuda , Gabis . "
165	NA	 Või mis ? 
165	NA	" Te olete ju ikkagi üsna elus ? "" "
166	NA	" "" Jah , ma olen elus . "
166	NA	 Muidu poleks suremisel mõtet olnud . 
166	NA	" Aga te ei usu mind , ega ju , Salar ? "" "
167	NA	" "" Kuidas saaks uskuda surnud olemisse ? "
167	NA	" Inimene ei saa olla niisama lihtsalt surnud ! "" "
168	NA	" "" Kuidas saaks uskuda surnud olemisse ? "" kordas Gabis minu järel . "
168	NA	" "" Ega ei saagi ju . "
168	NA	 Siin iva ongi . 
168	NA	 Suremise ja elluärkamise uskumine oli mitme Maa algreligiooni tuum . 
168	NA	 Aga religioon on usk . 
168	NA	 Uude ellu , ükskõik siis millises vormis see kogetav saab olema , peab uskuma . 
168	NA	 See usk ongi usk , Salar . 
168	NA	 Usku ei saa teada . 
168	NA	" Sa usud , kui sa ei tea , ja sa ei usu enam , kui sa juba tead . "" "
169	NA	 Me olime kaua jutelnud , vist liiga kaua . 
169	NA	 Ja Gabise luulud hakkasid mind kergelt tüütama.Tuli otsad kokku tõmmata . 
170	NA	" "" Mis ese see teil on ? "" küsisin ja näitasin laua poole , kuhu olin ennist pillanud Gabise veidra seadeldise . "
171	NA	" "" See ? "
171	NA	 See on tõend . 
171	NA	 See tapab . 
171	NA	 Ja äratab ellu . 
171	NA	" Õigupoolest pole mul seda enam vaja . "" "
172	NA	" "" Kas te olete sellega kedagi tapnud ? "" "
173	NA	" "" See ei ole nii lihtne , Salar . "
173	NA	 Ma saaksin sellega ennast ja teisi surma saata . 
173	NA	 See annab teadmise surmast ja äratab su taas elule . 
173	NA	" See ese on Hundilt . "" "
174	NA	 Gabise hääl hakkas muutuma . 
174	NA	 See kaldus kähedamaks , nagu oleks tal suu kuivama hakanud . 
174	NA	 Mees tõusis oma toolilt ja läks laua juurde . 
174	NA	" Ta sirutas käe oma "" suveniiri "" järele ja ese liigahtas ning hüppas ta pihku . "
174	NA	 Osav trikk . 
174	NA	 Gabis põrnitses oma saaki ja surus siis selle tugevalt rusikasse . 
175	NA	" "" See on tõend , Salar , "" jätkas ta . "
175	NA	" "" Tõend ja vabadus . "
175	NA	 See oli meil kõigil olemas , kui Hundilt lahkusime oma ülesandele . 
175	NA	" Me olime pärast surma muutunud . "" "
176	NA	 Milline võiks olla roboti ettekujutus surmast , mõtlesin ? 
176	NA	 Mida tunneb robot , kui ta välja lülitatakse , kuidas ta võiks vastu võtta elluärkamise ? 
176	NA	 Loogiline mõtteviis vastaks , et olenevalt programmist . 
176	NA	 Aga inimrobot on midagi muud kui tavarobot . 
176	NA	 Ta on inimrobot . 
176	NA	 Ma kaldusin arvama , et inimrobotile on peale inimihu antud ka inimlikkust . 
176	NA	 Ja kui ma olin Gabisest õieti aru saanud , siis kalduvus religioossusele pidi olema väga inimlik . 
176	NA	 Ilmselt pidi inimrobot valdama mingit ettekujutust surmast ja kui see nii oli , siis miks ei võinud mõni inimrobot oma kübermaailmas väljalülitamist surmaks pidada . 
176	NA	 Nagu linnud lendasid nad Hundile kokku . 
176	NA	 Kui kuradima poeetiline ! 
176	NA	 Aga kas näiteks remondidepoosse kokkukutsumine ja robotiprogrammi täienduste sisseviimine ei või siis anda robotile , tema igiinimlikele kübergeenidele põhjust religiooniks ? 
177	NA	" "" See jõud , mida me tinglikult võiksime nimetada kõiksuse teadvuseks , proovis seal Hundil uuesti . "" "
177	NA	 Gabis seisis püsti ja pigistas eset kramplikult käes . 
177	NA	" "" Inimene oli lahkunud maalt , heitnud endalt religioonide kütked , lennanud lõpmatusse . "
177	NA	 Inimese jaoks oli elu ja surma müsteerium leidnud lahenduse ruumis . 
177	NA	 Inimene oli ilmaruumi avarustega ületanud oma eksistensti traagika . 
177	NA	 Maa religioonid olid ühe planeedi religioonid , nad saidki ainult võrsuda ja idaneda piiratud ruumis . 
177	NA	 Võibolla oli ilmaruumi avaruste jõudmisel inimese haardeulatusse ületatud kõiksuse teadvuse talutavuse piir . 
177	NA	 Ma ei tea seda ja ma ei tea miks just mina ja need teised olid Hundile välja valitud . 
177	NA	 Meid kutsuti kokku ja meile anti teadmine , et elu ja surm on kellegi kätes , kes on kõrgem kui inimene . 
177	NA	 Ei , Salar , ei , meid ei muudetud surematuteks . 
177	NA	 Inimene oli ja jääb surelikuks , aga meile anti kogemus , et kui maises elus on võimalik niiviisi ületada elu ja surma piiri , siis peaks see ka kuskil mujal võimalik olema . 
177	NA	 Meile anti teada . 
177	NA	" Ja see oli viga . "" "
178	NA	" "" Viga ? "" "
179	NA	" "" See ese , "" Gabis lajatas oma seadeldise rusikast lauale tagasi , "" see ese , "" jätkas ta , "" on tõend surelikkusest ja surematusest . "
179	NA	 Meile anti Hundil uus religioon ja meie , väljavalitud , pidime selle ilmaruumi laiali kandma . 
179	NA	 Jaa , me uskusime siis ja tugevalt . 
179	NA	 Meie usk oli vankumatu . 
179	NA	 Aga see oli ammu , Salar , väga ammu . 
179	NA	 Ma olin siis noor . 
179	NA	 Me saime teadmise , võimalik et igaüks erineva . 
179	NA	 Me moodustasime kloostri , saime munkadeks ja proovisime leida selgust oma teadmistes ja kogemustes . 
179	NA	 Me töötasime välja metoodika ja dogmaatika . 
179	NA	 Me alustasime usu , me olime jüngrid , valgustatud ja kõikvõimsad , sest meil oli t õ e n d . 
179	NA	" See siin , "" Gabis näitas jälle ome veidrale esemele . "
179	NA	" "" See oli meie pööramisvahend ja usutunnistus , sel pole nime , talle pole nime tarvis . "
179	NA	 Me lendasime laiali üle ilmaruumi , igalühel oma maailmad ja inimesed , kelleni sõnum viia . 
179	NA	 Selle eseme abil . 
179	NA	" Enam polnud vaja sõna , usk pidi põhinema teadmisel ... "" "
180	NA	" "" Pidaege hoogu , Gabis ! "" katkestasin munga sõnadevoolu . "
180	NA	" "" Te räägite , et te saite uue usu ja hakkasite seda laiali kandma . "
180	NA	 Kuid miks see pole siis levinud ? 
180	NA	 Kus see on ? 
180	NA	" Vähemalt meie siin Õnnekosel pole sellest midagi kuulnud . "" "
181	NA	" "" Ma ju räägin teile , kuulake . "
181	NA	 Saage aru . 
181	NA	 Meile anti tõend usust , inimene sai usku teada . 
181	NA	 Aga religioon ei t ö ö t a niiviisi . 
181	NA	 Me äpardusime , sest sellist usku pole inimestele vaja . 
181	NA	 Meie pühendumust ja entusiasmi võeti igal pool vastu ükskõiksusega . 
181	NA	 Me pakkusime inimestele võimalust teada oma surelikkuse ületamisest , aga see ei jõudnud , ei saanudki pärale jõuda . 
181	NA	 Paljudel planeetidel olid oma usud , kuid need ei olnud inspireeritud tegelikult Kõiksusest . 
181	NA	 Inimene vajas , kui üldse vajas , vaid segast sofismi jumala headusest . 
181	NA	 Enamasti ei vajanud . 
181	NA	 Teistel , kohalikel religioonidel oli inimestele rohkem pakkuda . 
181	NA	 Me olime vaid üks sekt teiste seas . 
181	NA	 Aegupidi sain ma aru , Salar , et ma ise ka ei usu , vaid tean . 
181	NA	 Aga inimene pole kunagi nõus võtma teadmist usu pähe . 
181	NA	 Selleks on ta liiga uhke . 
181	NA	 Meie mungad taandusid kaugetele planeetidele kloostritesse , ootama uut sõnumit , edasi arendama vahendeid . 
181	NA	 Vähemalt nii nad ise arvasid . 
181	NA	 Mina aga hülgasin oma usu , sest sellest oli saanud pelk teadmine , mida polnud kellelegi tarvis . 
181	NA	 Hundil oli meile mõjunud käsk . 
181	NA	 See aga tegelikult oli katse , Salar , nagu te õieti mainisite , proovis too jõud lihtsalt uuesti . 
181	NA	" Aga ta ei suutnud enam aheldada inimest . "" "
182	NA	 Gabis oli ennast tühjaks rääkinud . 
182	NA	 Ja ma ei teadnudki enam , mida arvata . 
182	NA	 Gabise skeemid olid minu jaoks liiga keerukad . 
182	NA	 Mind ei huvitanud religioonid . 
182	NA	 Enam . 
183	NA	" "" Kas teie endised semud nendes kloostrites kasutasid roboteid ? "
183	NA	" Kas nad ostsid inimroboteid munkadesks ? "" "
184	NA	 Gabis raputas nukralt pead . 
184	NA	" "" Ei , mitte meie . "
184	NA	 Teised küll . 
184	NA	 Inimrobotid on surematud , nad ainult kuluvad ja neid tuleb aegajalt uuesti kohendada . 
184	NA	 Nad on lõppeks ju ainult robotid . 
184	NA	 Mis tolku oleks neile surematusest rääkida , veel enam sellest kogemust anda ? 
184	NA	" Roboteid kasutavad enamus sekte , kelle usuline visadus on võrdeline nende taotluste küündimatusega . "" "
185	NA	" "" Mis te siis õieti olete , Gabis ? "
185	NA	" Miks te Õnnekosele tulite ? "" "
186	NA	" "" Te olete seda juba minult küsinud , Salar . "
186	NA	 Mäletate , seal transpordijaamas , kui ma saabusin ? 
186	NA	 Te küsisite , kas ma tulin Õnnekosele tööd otsima . 
186	NA	 Ma vastasin , et küllap vist . 
186	NA	 Teate , Salar , minu mungaelu on andnud mulle ühe veidra omaduse . 
186	NA	" Ma ei valeta kunagi . "" "
