par_nr	head	sentence
1	 Maa ja armastus 7 	 Maa ja armastus 7 
2	NA	 Arno Kasemaa 
3	 7. 	 7. 
4	NA	 Õllepoe August ostis endale mihklilaadalt linalaka mära , keda ta kavatses kevadel paaritada . 
4	NA	 Hobune oli tõepoolest ilus , nagu kätega voolitud , ning August oli tema peale väga uhke . 
4	NA	 Õllepoe peremees pani talliuksele luku ette , sest nii ilusat looma lukustamata ukse taga hoida olnuks lausa kergemeelsus . 
4	NA	 Kuigi ööd olid alles soojad ning rohtugi oleks koplis linalakale jätkunud , tõi Õllepoe peremees mära igal õhtul talli ning niitis talle ristikuädalat ette , sest välja ta niisugust iludust jätta ei julgenud . 
4	NA	 Vana lombakat ruuna , seda ei tahtnud keegi , selle jättis ta ööks koplisse . 
4	NA	 Pealegi oli ruun võõraste inimeste vastu sallimatu ega lasknud peale oma pererahva kedagi teist endale ligi . 
4	NA	 August viis ka koerakuudi otse talliukse ette , et see kutsumata külalistest otsekohe märku saaks anda . 
4	NA	 Ja Õllepoe peremehe arvates oli ettevaatuse alal kõik tehtud , mis üldse teha andis . 
5	NA	 Pärast kartulivõtmist tappis August sea ning viis Kundasse lihakarni . 
5	NA	 Seks puhuks rakendas ta noore mära esimest korda pikemaks sõiduks vankri ette ja võttis kuueaastase poja kaasa , et see väljas hobust valvaks , kui tema ise kauplustes sisseoste teeb . 
5	NA	 Väike Erich siis istuski vankris ning silmitses möödaruttavaid inimesi , kui isa asju ajas . 
5	NA	 Oli ilus soe sügispäev , kus päike veel oma viimast armuandi jagas ning vankril istuval poisikesel selja palavaks küttis . 
5	NA	 Väikesele Erichile kippus unerammestus peale , sest tema arust oli isa nii kohutavalt kaua ära ja tema asjatoimetustele ei paistnud lõppu tulevatki . 
5	NA	 Kui poisikene taas magusa suigatuse käes pisut oli tukastanud ning seejärel silmad avas , seisid hobuse juures kaks võõrast meest ning silmitsesid tähelepanelikult linalakka . 
5	NA	 Üks nendest oli pikk , teine tublisti lühem , kuid laiaõlgne ning jässakas . 
5	NA	 Et mehed seisid seljaga Erichi poole , siis ei näinud ta alguses nende nägusid , vaid kuulis ainult nende vaikset , summutatud kõnet . 
5	NA	 Erich pani tähele , et teine meestest kasutas rääkimisel võõraid , temale tundmatuid sõnu ja üldse oli ta jutt pisut segane ning moonutatud . 
5	NA	 Siis pöördusid mõlemad mehed ümber ning nähes , et vankril kükitav poisikene neid üksisilmi vaatab , astusid nad kõrvale ning lonkisid minema . 
5	NA	 Erichile ei jäänud märkmata , et lühemal mehel oli vasakul põsel arm , nagu oleks talle sinna kohta keegi pussiga või mõne muu terariistaga äsanud . 
5	NA	 Üldse aga paistsid mõlemad võõrad kuidagi imelikud ning nende luuravad silmad ning habemetüügastesse kasvanud näod ajasid väikesele Erichile hirmu peale . 
5	NA	 Lasipuu külge oli seotud palju hobuseid ning nende ümber askeldasid kogu aeg inimesed , kuid ükski nendest ei teinud Õllepoe noorest linalakast ega vankril istuvast poisikesest väljagi . 
5	NA	 Miks aga need kaks võõrast meest nende noort mära nii tähelepanelikult sirvisid , tundus poisikesele pisut kahtlane . 
5	NA	" Kui isa järjekordselt kauplusest välja tuli , süli igatsugu pakke ja kribu-krabu täis , et need vankrisse panna ning veel kord tagasi minna , lausus Erich : "" Isa , ma jäin vankril tukkuma ja kui ma silmad lahti tegin , seisid kaks võõrast meest meie Ulli juures . "" "
5	NA	" Isa poetas pakid vankri põhja õlgedele ning küsis : "" Kuidas need mehed välja nägid ? "" – "" Üks oli pikk , teine lühem ja jässakam . "
5	NA	 Nad vaatasid Ullit ja rääkisid vaikselt omavahel . 
5	NA	 Ma hästi ei saanud aru , millest , sest teine meestest rääkis pahasti , nagu oleks tal keel vigane . 
5	NA	 Siis oli veel lühemal mehel punetav arm vasaku põse peal . 
5	NA	" Habet polnud aga kumbki jumal teab millal ajanud . "" "
5	NA	" – "" Kui teine meestest oli armiga põse peal , siis olid nad kindlasti Sirp ja Vaats , need röövlid ja hulgused , "" arvas isa , sest peaaegu kõik Kivinõmme ning Väliku küla inimesed olid Sirpi ja Vaatsi palgest palgesse näinud ning tundsid nad välimuse järgi ära . "
5	NA	" "" Isa , kas nad tahtsid meie Ullit ära varastada ? "" küsis Erich . "
5	NA	" "" Mine sedagi tea . "
5	NA	 Seepärast ma su kaasa võtsingi , et hoiad silma peal . 
5	NA	 Hea , et sa neid nägid . 
5	NA	" Nüüd teab hobust paremini hoida . "" "
5	NA	 Koduteel märkas Erich Kilmi männiku vahel jällegi neidsamu mehi , kes Kundas nende vankri juures seisid ja Ullit takseerisid . 
5	NA	 Mehed astusid liivasel jalgrajal sõidutee kõrval kiirel sammul Väliku küla poole . 
5	NA	" "" Näed , isa , seal nad ongi ! "
5	NA	" Üks pikk , teine lühike , armiga vasakul põsel . "" "
5	NA	 August kiirustas hobust , et jalakäijatele järele jõuda . 
5	NA	 Ja tõepoolest – lühemal oli vasakul põsel punetav arm . 
5	NA	 Kui Õllepoe omad nendeni jõudsid , pöörasid mehed näod metsa poole ega näinud hobusemehi märkavatki . 
5	NA	 Ilmselt ei tahtnud nad ennast vankril istujatele näidata . 
5	NA	" "" Kas olid samad mehed ? "" küsis August , kui nad jalakäijate kuuldekaugusest väljas olid . "
5	NA	" "" Samad , "" noogutas poiss vastuseks . "
5	NA	" "" Sirp ja Vaats jah . "
5	NA	 Nägin neid kevadel Oru poe juures . 
5	NA	" Küllap neil jälle midagi kavatsusel on , ega nad muidu siinkandis ei hulguks , "" arvas Õllepoe peremees ning mõtles endamisi , kuidas hobust varaste eest paremini hoida . "
6	NA	 Mõni päev hiljem kuulis Erich , et Kaaru hobusetalli ees kõvasti haukus . 
6	NA	 Poiss tõttas välja , kuid ei näinud kedagi , kelle peale koer nõnda ragistada võiks . 
6	NA	 Siis märkas ta , et mõlemad hobused , kes toa taga ristikupõllul köies olid , üksisilmi kopli poole vaatasid , nagu oleks sealt lepavõsast keegi tulemas . 
6	NA	 Vana ruun isegi norsatas korda paar . 
6	NA	" Leidlik poisike päästis keti otsas kargleva koera lahti ning hüüdis : "" Ass , Kaaru ! "
6	NA	" Võta , võta ! "" "
6	NA	 Nagu marutuul sööstis vihane tallivalvur koplisse ning kadus lepavõssa . 
6	NA	" "" Võta , võta ! "" ässitas Erich järele . "
6	NA	 Kostis okste raginat ning jooksumüdinat , mis kiiresti kaugenes . 
6	NA	 Siis aga kiljatas koer järsku ning jooksis haledasti aietades lepikust välja . 
6	NA	 Erich viis koera keti otsa tagasi ning rääkis juhtunust ka emale ja isale , kui need õhtul kartulikuhja juurest koju tulid . 
6	NA	" "" Kes seal koplis küll võis olla , "" imestas Leontiine . "
6	NA	" "" Ehk oli Umboja Juku . "
6	NA	" See kolab mööda metsi ja teeb oma tempusid , "" arvas ta lõpuks . "
6	NA	 Sellega seekord kogu asi piirduski . 
6	NA	 Kuid siis , ühel hilisõhtul , kui Õllepoe omad juba voodis pikutasid , hakkas Kaaru talli ees jällegi hirmsa raginaga haukuma . 
6	NA	 August kargas voodist välja , tõmbas püksid jalga , haaras seinalt laetud jahipüssi ning tõttas õue . 
6	NA	 Seal oli aga kõik vaikne , ainult Kaaru haukus ja kargles keti otsas nagu meeletu , püüdes iga hinna eest lahti saada . 
6	NA	 Õllepoe peremees sammus üle õue ning laskis koera vabaks . 
6	NA	 Kuid koer ei läinud peremehe juurest kaugemale , vaid klähvis , hambad paljad ning turjakarvad püsti tema jalgade ees . 
6	NA	" "" Kes siin kolab ! "" hüüdis Õllepoe peremees ööpimedusse ning tulistas paugu õhku . "
6	NA	 Püssilasust heidutatud Kaaru puges hirmunult kuuti ning lõrises ja niutsus seal edasi . 
6	NA	 Et August väljas midagi kahtlast ei märganud , läks temagi lõpuks tuppa ning puges voodisse . 
6	NA	" "" Mis seal õues oli , et koer nõnda ragistas ? "
6	NA	" Ja kelle peale sa lasksid ? "" küsis unine Leontiine . "
6	NA	" "" Polnud seal kedagi näha ega kuulda . "
6	NA	 Võib-olla mõni metsloom tuli majale liiga lähedale . 
6	NA	" Ega koer jumalamuidu ka nõnda ei murraks , "" arvas August . "
6	NA	 Peagi vaibus õues Kaaru ärritatud haukumine ja pererahvas uinus magama . 
7	NA	 Kui Leontiine järgmisel hommikul lauda juurde lehmi läks lüpsma , nägi ta , et koer , kes öösi nõnda vapralt maja valvas , lebab nüüd väljasirutatud jalgadega otse talli ees porile sõtkutud mullal , nagu oleks tal kangesti palav . 
7	NA	 Hommik oli aga külm ja karge , nii et liigsest palavusest ei saanud juttugi olla . 
7	NA	 Leontiine astus ligi ja jahmus . 
7	NA	 Koer oli surnud . 
7	NA	 Imelik , mis talle nii järsku tuli . 
7	NA	 Alles öösi oli terve ja nüüd juba hing väljas . 
7	NA	 Leontiine kutsus Augusti vaatama . 
7	NA	 Jah , surnud mis surnud , seal polnud mingit kahtlust . 
7	NA	" "" Kaaru on mürgitatud , "" arvas väike Erich . "
7	NA	" "" Ja mürgitaja on seesama inimene , kes ükspäev lepikus passis ning kellele ma koera peale ässitasin . "
7	NA	" Küllap Kaaru talle säärde kinni kargas , nüüd tasus selle eest kätte . "" "
7	NA	 Sellise oletusega oli ka isa päri . 
7	NA	 Kuid kes oli see inimene , kes lepikus passis ja miks ta seal üldse passis . 
7	NA	 See võis olla ka täiesti juhuslik inimene , ilma mingisuguste kurjade kavatsusteta . 
7	NA	 Oskab siis koer seal mingit vahet teha või jagada , kes kuri , kes hea . 
7	NA	 Temale on kõik ühesugused võõrad , kes pole oma talu inimesed . 
7	NA	 Ja kui ta on võõras , tuleb tema peale haukuda ning kui ta tema eest jooksma pistab , siis ka hammastega säärde kinni karata . 
7	NA	 Niisugust koerale omast loogikat arendas Õllepoe peremees , kui ta Kaarule talli taha auku kaevas , et ustavat looma korralikult maha matta . 
7	NA	 Erichile aga viirastusid taas Kundas nähtud kaks tundmatut meest , kellest ühel oli vasakul põsel punetav haavaarm . 
7	NA	 Ta püüdis leida mingit seost nende meeste ning Kaaru salapärase otsasaamise vahel . 
7	NA	 Kui nad olid Sirp ja Vaats , nagu isa ütles – ja kui nad on kurjategijad – vargad ning röövlid , kas ei kavatsenud nad siis midagi siin Õllepoel korda saata . 
7	NA	 Ehk tahavad tõesti nende Ullit ära varastada ja nüüd lihtsalt valmistavad oma plaani ette . 
7	NA	 Ja nii isa kui ka poeg muutusid valvsaks . 
7	NA	 Hobuseid ei jäetud kunagi üksinda köie otsa . 
7	NA	 Niipea kui hämarduma hakkas , viis August mõlemad loomad talli ning kontrollis , et uks saaks korralikult lukustatud . 
7	NA	 Mitu korda öö jooksul tõusis peremees voodist ning käis õues kuulatamas , kas midagi kahtlast pole märgata , ning tulistas vahetevahel jahipüssist paugugi õhku , et vargaid ja röövleid eemale peletada . 
7	NA	 Aravereline Leontiine aga talitas igal õhtul loomad juba valgevarus ära ning läks tuppa ja kui hämarduma hakkas , lükkas uksele riivi ette . 
7	NA	 Hommikul aga ei väljunud enne toast ega läinud lehmi lüpsma , kui juba suur valge väljas . 
7	NA	 Kuigi Moorasaare röövimisest oli juba oma paar aastat möödas , heidutas see oma koledustega veel nüüdki paljusid nii Kivinõmme kui ka Väliku külas . 
8	NA	 Kohe samal päeval , kui Õllepoel Kaaru öösi otsa sai , ilmus järsku lõuna paiku Jõepere Miili Õllepoe värava taha . 
8	NA	" Leontiine küsimuse peale , kuhu ta siis hobusega minemas on , vastas Miili kähku : "" Lähen Selivere mõisast põrsaid vaatama . "" "
8	NA	" – "" Siitkaudu siis ? "
8	NA	" Kuhu sa siit metsast pääsed ? "" imestas Leontiine . "
8	NA	" "" Siin Rasi kuusikus pole ju õiget teedki . "" "
8	NA	" – "" Hobusesetukas kardab autosid , kipub lõhkuma , lähen metsast läbi , ei julge suurt teed mööda minna , "" seletas Miili , andis hobusele piitsa ning logistas põrsakasti otsas kükitades minema . "
8	NA	 Kuid juba natukese aja pärast oli ta tagasi . 
8	NA	" "" Kas nii ruttu käidud ? "" küsis Leontiine , kes parajasti kaevust vett võttis . "
8	NA	" "" Ei ma saanudki teab kui kaugele . "
8	NA	 Siinsamas kuusiku servas vajus vanker rummudeni sisse . 
8	NA	 Suure vaevaga sain hobusel otsa ümber pöörata . 
8	NA	 Homme saadan vanamehe suurt teed mööda . 
8	NA	" Meesterahvas , ehk on julgust rohkem . "" "
8	NA	" – "" Kuule , Miili , sa käid laiemalt ringi , ega sa järsku tea mulle kusagilt isast koerakutsikat juhatada . "
8	NA	 Meil sai , näed , möödunud ööl Kaaru otsa . 
8	NA	 Veel õhtul haukus , August laskis ta keti otsast lahti . 
8	NA	 Ju siin ikka midagi kahtlast oli , kas mõni metsloom maja juures või keegi inimene , ega ta muidu poleks nõnda ragistanud . 
8	NA	 Aga kui ma hommikul lauda juurde lehmi läksin lüpsma , oli talli ees sirakile maas , keel suust väljas . 
8	NA	" Ei tea , mis tal nii järsku tuli . "" "
8	NA	" – "" Ah teil ka või ? "" ajas Miili silmad ümmarguseks . "
8	NA	" "" Kellel siis veel ? "" – "" Meie koer lõppes paar päeva tagasi just samuti . "
8	NA	 Õhtul aitas mul loomadki veel kaldast üles koju ajada ja hommikul oli trepi ees valmis . 
8	NA	 See olevat kohe üks uus koerte haigus . 
8	NA	 Nagu lendva lööb läbi . 
8	NA	" Haugub , haugub – korraga keel suust väljas ja tagumik tahe , "" seletas Miili põrsakasti otsas kükitades . "
8	NA	 Et Miilil endal samuti isast koerakutsikat vaja läks , lubas ta külas ringi vaadata , ehk kellelgi on . 
8	NA	 Ja Jõepere perenaine kolistas tühja põrsakastiga minema . 
9	NA	 Sügis edenes ning soojade päikesepaisteliste päevade järel tulid sombused , niisked ilmad . 
9	NA	 Päike peitis end päevade viisi raskete , vett täis pilvede taha ning kottpimedatel öödel lõõtsus seina taga vinguv tuul , nagu nuruks ta sisselaskmist ja aeg-ajalt rabistas külma vihma vastu ruute . 
9	NA	 Külas oli sedapuhku kõik vaikne ning Õllepoe Augustki unustas valvsuse . 
9	NA	 Vaid harva tõusis ta öösi voodist ning astus jahipüssiga trepile ja kuulatas salapäraseid ööhääli . 
9	NA	 Ei olnud teateid ühestki sissemurdmisest ega vargusest . 
9	NA	 Ka Jõepere Miili tuttavaid , Sirpi ja Vaatsi polnud keegi enam paari nädala vältel Kivinõmme kandis näinud . 
9	NA	 Ümbruskond rahunes . 
10	NA	 Jõepere Miili oli alles päris noor tüdruk , kui ta Kivinõmme kanti sattus . 
10	NA	 Alguses tuli ta Umbojale karjaplikaks , hiljem aga Jõeperele teenijatüdrukuks . 
10	NA	 Et Jõepere peremees oli poissmees , kuigi Miilist tükk maad vanem , otsustas ettevõtlik Miili siiski proovida , kuidas vana nohisti – nõnda kutsuti külas Jõepere Toomast – noorest tüdrukust vedu võtab . 
10	NA	 Ja võttiski , nii et Miilist sai lõpuks Jõepere perenaine . 
10	NA	 Alguses ei saanud ta asjaga kuidagi nii kaugele , et peremees naisterahva ihusoojusest lugu hakkaks pidama , kuid Miili oli visa ega jätnud midagi pooleli , mida ta kord oli alustanud . 
10	NA	 Nii ka siin . 
10	NA	 Ta ronis ise peremehe juurde voodisse teki alla , käis vana Toomaga isegi saunas ning leilitas ja vihtles teda seni , kuni peremehe vastupanu rauges ning ta naisterahva kuratliku ihu võludest maigu suhu sai . 
10	NA	 Ja nüüd ei suutnud Toomast enam miski pidada . 
10	NA	 Ta oli käsist ja jalust armuköidikutega teenijatüdruku külge seotud . 
10	NA	 Seda siis ka Miili kasutas ning tiris oma nohisti altari ette . 
10	NA	 Tööd Jõepere noor perenaine eriti ei armastanud ning kohe peale pulmi võttis ta tallu teenijatüdruku endale abiliseks , kuigi ta ka üksinda väga hästi toime oleks tulnud . 
10	NA	 Toomas ei vaielnud sellele vastu , sest talu oli korras ja raha jätkus , millega naise abilisele maksta võis . 
10	NA	 Rahutu ja seiklushimuline Miili tundis peagi , et elu niisuguse mehe kõrval nagu Toomas teda täiel määral ei rahulda . 
10	NA	 Ka oli nende abielu millegipärast viljatu . 
10	NA	 Miks , seda ei osanud kumbki nuputada . 
10	NA	 Miili arvates oli temaga kõik korras , nii et järeltulevat sugu oleks pidanud tulema ning ka tema mehe võimetes ei olnud põhjust kahelda , kuid vaatamata mitmeaastasele abielule jäi Miili emaüsk viljatuks . 
10	NA	 Ning Jõepere noor perenaine hakkas pilku heitma teistele meestele väljaspool oma talu piire , sest ta otsustas proovida , kas ta ihu ka mõne teise mehe teost sigimatuks jääb . 
10	NA	 Südametunnistuse piina ta seejuures ei kartnud , sest ta ei teanud , mis asi see on . 
10	NA	 Kord , kui ta Toomaga koos laadal käis , et sealt põrsaid osta , kohtus Jõepere peremees ühe Selivere kandi mehega , keda ka Miili näo järgi tundis . 
10	NA	 Juba ammu oli see turske , tervisest ning jõust pakatav mees äratanud Miilis huvi , kuid lähema tutvuse sobitamiseks ei olnud seniajani avanenud võimalust . 
10	NA	 Härmasalu Ott , nii oli noormehe nimi , müüs laadal põrsaid ning Jõepere Toomas tahtis neid osta . 
10	NA	 Miili seisis kõrval ja püüdis tabada põrsamüüja pilku . 
10	NA	" "" Miks sa varem ei tulnud . "
10	NA	 Mul paremad põrsad kõik juba müüdud . 
10	NA	 Neid nagu ei soovitaks tuttavale inimesele , on teisest emisest . 
10	NA	" Millegipärast võttis kõhud lahti , jäid nagu põdema , "" seletas Härmasalu Ott . "
10	NA	" "" Kas teil kodus enam ei ole , neist esimese emise omadest ? "" küsis Miili . "
10	NA	" "" On , neli tükki . "
10	NA	 Need pidin jätma endale . 
10	NA	 Aga kui Jõepere perenaine väga tahab , võin nendest ühe ära anda . 
10	NA	" Ainult peate ise järele tulema , "" vastas Ott ning naeratas Miilile . "
10	NA	" "" Mina tulen , "" vastas Miili kähku , enne kui aeglase mõtlemisega Toomas veel suudki jõudis avada . "
10	NA	" Toomas võttis siiski kastist ühe põrsa ning lausus : "" Küll ta kasvab , kui hästi hoolitseda . "" "
10	NA	 Teisele aga pidi Miili paari päeva pärast järele minema . 
10	NA	 Toomas rakendas hobuse ette ning Miili sõitis Selivere poole , ise kogu aeg aru pidades , kuidas Härmasalu Otiga niimoodi olla , et see teda nagu saadaval olevat naisterahvast nägema hakkaks . 
10	NA	 Ja Miilil oli õnne . 
10	NA	 Ta leidis Härmasalu noore peremehe , kes oli alles poissmees , talli juures askeldamas . 
10	NA	 Talu oli suur ja paistis , et väga jõukas . 
10	NA	 Miilit nähes levis üle peremehe priske näo ihalev naerumuie . 
10	NA	 Jõepere perenaine vastas samaga ning tundis , et selle mehe vallutamisega ei tule tal veeranditki sellest vaevast näha , mida ta vana nohisti kättesaamiseks nägema pidi . 
10	NA	" "" Kas Jõepere noorproua tuli põrsaid vaatama ? "" küsis peremees ning astus Miilile lähemale . "
10	NA	" "" Ikka põrsaid . "
10	NA	" Ise ju lubasid . "" "
10	NA	" – "" Lubasin küll ja annan ka , aga see oli rohkem proua enda pärast . "" "
10	NA	" – "" No-noh ! "" ähvardas Miili sõrmega ning lõkerdas naerda . "
10	NA	" "" Läheme siis aga talli ja vaatame järele , mihuke Jõepere prouale kõige rohkem meele järele on . "" "
10	NA	 Ning mõlemad astusid lauda avatud uksest sisse . 
10	NA	 Poolhämaras eesruumis , kus hoiti põhku ning heinu , haaras Härmasalu peremees ilma pikemalt mõtlemata Miili ümbert kinni ning tõmbas ta endale ligi . 
10	NA	" "" Ära mängi ! "
10	NA	" Keegi võib tulla . "" "
10	NA	" – "" Pole siin tulemas kedagi . "
10	NA	" Muidu pole põrsaga õnne . "" "
10	NA	 Ning Härmasalu Ott juhtis hingeldava Miili kuuri kõige pimedamasse nurka meeldivalt lõhnavatele heintele . 
11	NA	" Jõepere perenaine jõudis koju alles vastu õhtut päikese loojangu ajal. "" Kus sa nii kaua olid ? "
11	NA	" Juba keskhommikul läksid , "" imestas mees hobust rakkest lahti võttes . "
11	NA	" "" Mis sa siis mõtled , et see Härmasalu Ott mind lausa uksel ootas või ? "
11	NA	 Oli teine Kundasse sõitnud . 
11	NA	" Ootasin maailmatuma aja , enne kui ükskord koju tuli , "" nähvas Miili vastu ning mõtles sellele , milleks see maailmatu aeg tegelikult kulus . "
12	NA	 Sellest päevast peale vooris Jõepere Miili aina Selivere vahet , olgu see siis õhtul hilja , hommikul vara või isegi südapäeval . 
12	NA	" Kui keegi juhtus küsima , kuhu ta nii kiirel sammul tõttab , vastas Miili kähku : "" Lähen Selivere mõisast põrsaid vaatama , "" sest talle ei meeldinud , et naabrid tema käikude kohta aru pärisid . "
12	NA	 Peagi avastas Miili , et ta on võimeline selleks , milleks looja ta maailma loonud on , nimelt soo jätkamiseks . 
12	NA	 Mida Toomas seda märgates mõtleb , selle pärast ei teinud Miili endale muret . 
12	NA	 Küll ta selle nohisti uimaseks räägib , nii et ta oma võimetesse uskuma hakkab . 
13	NA	 Tereese rahulik elu oli korrapealt segamini löödud . 
13	NA	 Ta elas edasi oma senises korteris ning võttis nädalas paar-kolm korda oma armukest vastu ja väliselt polnud midagi muutunud . 
13	NA	 Kuid muudatused olid toimunud tema sisemaailmas . 
13	NA	 Tereese teadis , et see oli armastus , suur ja võimas armastus , mille vastu ei saa keegi . 
13	NA	 Kuid asja tegi keeruliseks see , et ta ei armastanud mitte oma armukest , kes teda üleval pidas ja tema korteri eest maksis , vaid seda maapoissi – Jaanust – , kellega ta linnas kohtumas käis . 
13	NA	 Juba esimesel kokkusaamisel Jaanuse õe korteris oli ta saanud tema omaks . 
13	NA	 Alles nüüd teadis Tereese , mida tähendab anduda armastatud mehele . 
13	NA	 Nagu haige oigas ta poisi süleluses tihti otse hulluksmineku piiril . 
13	NA	 Mitte kunagi ei olnud tal Jaanuse kaisutustest küllalt . 
13	NA	 Kui Tereese sellele palju aastaid hiljem tagasi mõtles , siis leidis ta , et see oli tema elu kõige õnnelikum ajajärk . 
13	NA	 Niisugust meeletut mehele anduda tahtmist ei tundnud ta hiljem enam kellegi vastu . 
13	NA	 Kõik järgnev oli kahvatu vari , nagu öine külm kuuvalgus ergava päikesepaiste kõrval , millel puudus soojus ja sära . 
13	NA	 Ikka vähem ja vähem tundis ta huvi oma härra külaskäikude vastu . 
13	NA	 Kuid ta teadis , et peab teda vastu võtma , temale kuulekas olema , sest tema heaolu sõltus kõik sellest mehest , kes talle maksis . 
13	NA	 Ja kui ta peaks ilma jääma sellest härrast , jääb ta ilma ka korterist , ülespidamisest ning töökohastki . 
13	NA	 See aga tähendaks ilma jäämist võib-olla ka Jaanusest . 
13	NA	 Ning Tereese oli oma härrale endiselt kuulekas , et teda mitte kaotada . 
13	NA	 Oli ka momente , kus Tereese oma praeguse elu üle juurdles . 
13	NA	 Kunagi lapsepõlves antud lubaduse Tagavälja Villemile , et ta temaga abiellub , kui suureks saab , oli ta ammugi unustanud . 
13	NA	 Villemgi oli kusagile sügavale mälestuste tolmu alla maetud ning vilksatas veel vahel harva silme eest mööda , kuid tal polnud enam niisugust võlusära nagu kunagi aastate eest . 
13	NA	 Nii Villem ise kui ka mälestused temast olid tuhmunud ning puhuti tundus Tereesele , et ta teda kunagi pole armastanudki . 
13	NA	 See oli võib-olla ainult lastele omane esimene kiindumus vastassoosse , millel ei olnud veel midagi ühist mehe ja naise vahelise suure ning võimsa tundega , niisugusega , mida ta praegu Jaanuse vastu tundis . 
13	NA	 Kuid siiski näris kahetsus vahetevahel ta südant , et ta elu niimoodi oli läinud . 
13	NA	 Kõigepealt vend Juljus , siis see võõras linnahärra , kelle palgaliseks armukeseks ta olude sunnil sai , ja nüüd Jaanus , see maapoiss , kes mitmeski asjas oli nagu Tagavälja Villem ja kellesse ta tõsiselt armus . 
13	NA	 Ka vaevas Tereese südant see , et ta enam rasedaks ei jäänud . 
13	NA	 Ei jäänud härraga ega ka Jaanusega , kes ometi oli noor ja ilma igasuguste teadmiste ning kogemusteta naisega suhtlemises . 
13	NA	 Tähendab , viga pidi peituma temas endas . 
13	NA	 Ja Tereese pani selle olukorra aborditegemise arvele , mille kätte ta peaaegu et ära oleks surnud . 
13	NA	 Tereeset hakkas see küsimus ikka enam ja enam vaevama , seda enam , et ka perenaine sellest kord juttu tegi . 
13	NA	" "" Ma panen imeks , et sa härrast veel ära pole jäänud . "
13	NA	 Eelmised küll nii kaua vastu ei pidanud . 
13	NA	" Juba paari-kolme kuu pärast olid asjad sedasi ning härra tegi nendele aborti . "" "
13	NA	" – "" Ma ei tea , miks see nii on , "" vastas Tereese ning tundis , et punastab . "
13	NA	" "" See ei ole hea , kui tüdruk rasedaks ei jää . "
13	NA	 Mehed ei taha niisuguse naisterahvaga kuigi kaua läbi käia , kellele külge ei hakka . 
13	NA	 Ehkki nad last ise ei taha ja katsuvad temast otsekohe vabaneda , nii et laps tulla ei saa , aga ikkagi meeldivad niisugused tüdrukud enam kui sigimatud , kellega pole mingit muret . 
13	NA	 Mehed on juba kord niisugused – tahavad , et armukesega oleks lapse tulemise pärast hirm ja mure . 
13	NA	 Ja mida kergemini laps külge hakkab , seda rohkem mehed niisuguseid tüdrukuid taga ajavad , isegi abielunaisi löövad teiste käest üle , kui teavad , et kusagil niisugune naine on , kellele laps kohe esimese korra pealt külge jääb . 
13	NA	 Peaasi , et oleks niisuguse naisega lapse saamise pärast hirm ja mure . 
13	NA	" Nii et kui sulle laps koguniste külge ei hakka , siis võib juhtuda , et … "" Perenaine ei lõpetanud lauset ning Tereese ei saanud seepärast ka teada , mis siis juhtuda võib , kuid ta taipas siiski , kuhu perenaine selle pooliku jutuga sihtis . "
13	NA	 Pikkamisi hakkas see teadmine isegi Jaanusega kohtumisrõõmu tumestama , sest talle näis , et ka tema Tereese rasedaksjäämist ootas . 
13	NA	" Kord , kui nad jälle noormehe õe korteris kohtusid , libistas poiss nagu poolkogemata käe üle Tereese kõvade rindade ning lausus : "" Ema ütles , et kui see tüdruk , kelle juures sa seal linnas käid , sinust last hakkab ootama , siis võta ta ära ja too koju . "
13	NA	" Ära oma last ilma peale jäta . "" "
13	NA	" Tereese tundis valutorget südames , kogus end aga ruttu ja küsis : "" Kas siis ema teab , et sul keegi tüdruk linnas on ? "" "
13	NA	 Poiss noogutas . 
13	NA	" "" Ema tahtis teada , miks ma nii tihti linnas käin . "
13	NA	" Ma siis ütlesin , et sinu pärast . "" "
13	NA	" – "" Kas sa tahaksid , et ma lapse saan ? "" – "" Muidugi , mis see tüdruk siis ilma lasteta väärt on . "
13	NA	 Ega igakord seda last nii väga ei tahetagi , kuid juba see teadmine , et ta tulema hakkab , on põnev . 
13	NA	 Muidu võib mees arvata , et ta on nii vilets , et ei saagi last valmis . 
13	NA	" Siis jätab poiss selle tüdruku maha ning proovib teisega , et oma kahtlustest lahti saada , "" seletas Jaanus tõsiselt . "
14	NA	 Seekord läks Tereese Jaanuse juurest ära piinavate mõtetega . 
14	NA	 Oma sügavas südamesopis oli ta juba lootnud , et Jaanus ta naiseks võtab . 
14	NA	 Abielludes saaks ta lahti sellest alandavast olukorrast , milles ta praegu oli . 
14	NA	 Raha eest palgatud armuke oli peaaegu võrdne prostituudiga . 
15	NA	 Sadas lakkamatult juba teist päeva . 
15	NA	 Tuul lõõtsus edelast , või nagu rannakülades öeldi , vesikaarest , ning taevas tundus olevat nii madalal , nagu kavatseks ta laskuda maapinnale ning sinna jäädagi . 
15	NA	 Kõik kiirustasid õhtuste toimetustega , et rutem väljast külma saju käest sooja hubasesse tuppa jõuda . 
15	NA	 Siin-seal vilkusid valgustatud akende palavikupunased tulesilmad ning ainult aeg-ajalt haugatas mõni varju alla pugenud koer . 
16	NA	 Külast väljas , Õllepoe heinaküünis külitasid virna otsas kaks meest ning vaatasid vahetevahel hämarusse uppuvate hoonete poole . 
16	NA	" "" Külm , "" võdistas pikem mees õlgu ning küünitas välja vaatama . "
16	NA	" "" Tuule pealt kisub pilved hõredamaks . "
16	NA	" Küll on kurat , kui sadu lakkab , siis on meie plaan mokas . "" "
16	NA	 Ka teine mees roomas mööda heinavirna lähemale ning pistis pea ukseaugust saju kätte . 
16	NA	" "" Pole ta midagi hõredam . "
16	NA	" Ladistab hommikuni välja . "" "
16	NA	 Ning mõlemad mehed pugesid uuesti sügavamale heintesse , et pisut sooja saada . 
16	NA	 Pikkamisi kustusid üksteise järel taludes ähmased tulesilmad , koerad vaikisid ning pugesid saju käest kuhu keegi sai ja peagi oli küla suikunud sügisöö pilkases pimeduses sügavasse unne . 
16	NA	" "" Lähme , on paras aeg , "" müksas pikem mees oma kõrval norskavale sõbrale külge . "
16	NA	" "" Kas vanamees juba magab ? "" küsis teine uniselt . "
16	NA	" "" Ammu juba . "
16	NA	" Külas pole ühtegi tuld enam näha . "" "
16	NA	 Mehed ronisid nohisedes heinavirna otsast alla vihma kätte . 
16	NA	" "" Küll sajab , kurat , "" siunas lühem ning tõstis pintsakukrae kõrgemale . "
16	NA	 Pikem kobas taskus relva järele . 
16	NA	" "" Kuradi vanamehel on vastik mood püssiga törtsutada . "
16	NA	" Mine sa raiska tea , laseb viimati külge ka . "" "
16	NA	" – "" Mis sina siis ootad . "
16	NA	" Põruta esimesena , kui midagi märkad , "" õpetas lühem ning silus käega üle vihmast märja haavaarmiga põse . "
16	NA	 Mehed astusid vaikides üle heinamaa ning peatusid lepavõssa kasvanud kopli ääres . 
16	NA	" "" Vasja , mine nüüd ümber aia ja püüa selgusele jõuda , kas majas on kõik vaikne . "
16	NA	 Mina peidan enda siia kahe kuuse varju , siit näen maja välisust ning ka talli juurde viivat teed . 
16	NA	" Kui kõik on rahulik , siis uuri välja , kuidas talliuks lukus on . "" "
16	NA	 Vasja eemaldus . 
16	NA	 Pikem mees seadis revolvri laskevalmis ning vaatas pingsalt maja poole . 
16	NA	 Vasja tuli peagi tagasi . 
16	NA	" "" Noh ? "" – "" Lukus , kurat . "" "
16	NA	" – "" Kas ripplukk ? "" – "" Ei . "
16	NA	" Ukse sees , suur ja võimas . "" "
16	NA	" – "" Siis pole midagi muud , kui muukraud tööle . "
16	NA	 Kas tuled üksi toime ? 
16	NA	" Ma valvaksin maja , et vanamees meid oma püssitörtsuga üllatada ei saaks . "" "
16	NA	" – "" Saan ise hakkama , "" vastas Vasja ning võttis taskust vajalikud riistad . "
16	NA	 Minutid venisid . 
16	NA	 Pikk mees toetas õlaga vastu krobelist kuusetüve ning pidas hoolega maja silmas . 
16	NA	 Talli juurest kostis aeg-ajalt raudesemete kõlksatusi ning kriginat . 
16	NA	 Korraga sähvatas majas ukse kõrval aknas tuluke , nagu oleks keegi välgumihklit tõmmanud . 
16	NA	" "" Vanamees tuleb , kao ruttu ! "" kähistas hobusevaras summutatud häälel . "
16	NA	 Vasja kargas tallinuka taha . 
16	NA	 Pilguke hiljem kriuksatas välisuks ning valgetes aluspükstes Õllepoe peremees , tormilatern näpu otsas , ilmus õue . 
16	NA	 Kõik oli vaikne . 
16	NA	 Ei ainsatki elavat hingelist , ei mingit kahtlast häält . 
16	NA	 Ainult vihm pladises trepile . 
16	NA	 August tõstis laterna kõrgemale ning valgustas talli ukse poole . 
16	NA	 Kõikjal sügisöine mustav pimedus ning lämmatav rahulikkus . 
16	NA	 Peremees asetas põleva laterna maha ning soristas ihuvett trepi kõrvale veeloiku . 
16	NA	 Siis astus tuppa tagasi , keeras ukse kriginal lukku ning taas suikus vana talumaja sügavasse unne . 
16	NA	 Tükk aega ootasid hobusevargad liikumatult , enne kui julgesid uuesti tallile läheneda . 
16	NA	" "" Kuradi vanamees , juba õhtust ööd käib õues kusel . "" "
16	NA	" – "" Seda parem . "
16	NA	" Ei ta nüüd enam enne hommikut tule . "" "
16	NA	 Ning mõlemad mehed asusid talliukse kallale . 
16	NA	 Lukk oli keeruline ja vargad nägid tükk aega vaeva , enne kui see avanes . 
16	NA	 Pikk mees valgustas pintsaku hõlma varjus taskulambiga ruumi sisemust . 
16	NA	 Tagaseinas seisis ilus linalakk ning kikitas meeste poole kõrvu . 
16	NA	 Vana ruun ukse kõrval aga laksutas vihaselt hambaid ja vedas kõrvad lingu ning püüdis võõraid mehi naksata , kui need temast möödusid . 
16	NA	 Seinal rippusid hobuseriistad ning isegi sadul . 
16	NA	 Pikem päästis linalaka kähku sõime küljest lahti , Vasja haaras seinalt sadula ja mehed ruttasid vihmamärjale teele . 
16	NA	 Vasja sulges enne veel hoolikalt ukse , et eemalt vaadates midagi märgata poleks . 
16	NA	 Vana ruun keerutas ennast keti otsas ning hirnatas läbilõikavalt . 
16	NA	" "" Ütle , kus on raisk ! "
16	NA	 Ajab vanamehe oma mölaga üles . 
16	NA	" Oleks pidanud kuradile pussi sapsude vahele torkama . "" "
16	NA	 Mehed kiirustasid lepavõsa äärde , seal kinnitati linalakale sadul selga ning pikem mees haaras ratsmed . 
16	NA	" "" Sina mine nüüd jalgsi , tead isegi , kuhu . "
16	NA	 Mina toimetan looma kindlasse kohta ja tulen sulle järele . 
16	NA	" Kui kõik on rahunenud ning asi vaibunud , alles siis teeme ta rahaks . "" "
16	NA	 Pikk mees hüppas vilunud asjalikkusega sadulasse ning ratsutas minema . 
17	NA	 Vihmasadu aga jätkus ja sügisene öö peitis mõlemad hobusevargad oma mustavasse rüppe . 
18	NA	 Suur oli Õllepoe Augusti ehmatus , kui ta hommikul hobuseid söötma minnes talliukse avatuna leidis . 
18	NA	 Veel suurem aga siis , kui ta nägi , et Ulli on kadunud . 
18	NA	 Õllepoe peremees kartis , et saab rabanduse . 
18	NA	 Ta teadis päris surmkindlalt , et ta õhtul ukse lukku keeras ning vähemalt kaks korda kontrollis , et see ka tõepoolest kinni oli . 
18	NA	 August püüdis selgusele jõuda , kuhupoole jäljed viivad , kuid tugev vihmasadu oli kõik minema uhtunud . 
18	NA	 Alles hommikul , kui juba päris valgeks läks , leidis terane Erich talli kõrval kahe kuuse all , kuhu vihmasadu ei küündinud , suured meesterahva saapajäljed , mis ei olnud nende pererahva saabaste sõtkutud . 
18	NA	 Paistis , et keegi oli seal tükk aega paigal seistes tammunud . 
18	NA	 Ja kui Leontiine lehmad ära lüpsis ning karja heinamaale ädala peale ajas , avastas ta , et keegi oli alles hiljuti küünist heinavirna otsast alla laskunud ning tubli kaenlatäie haljast kopliheina maha tõmmanud . 
18	NA	 Asja lähemalt uurides leidis ta ka kahe inimese lebamisasemed üleval heinavirna otsas . 
18	NA	 Asi oli selge . 
18	NA	 Hobusevargad olid heinaküüni tulnud juba eelmisel päeval ning ootasid seal lebades parajat momenti , kui talus juba magati , ning asusid oma plaani teostama siis , kui kesköö paiku kõige tugevamini vihma kallas . 
18	NA	 Küllap nad seda aega passisidki , et vihm kõik jäljed ära kaotab . 
18	NA	 Ütle , kus on raisad ! 
18	NA	 August oli meeleheite piiril ega osanud hobusevargaid kusagile jälitama minna . 
18	NA	 Leontiine kaldus arvama , et hobusevarguses ei ole keegi muu süüdi kui Sirp ja Vaats , kes juba mitu aastat kogu Kivinõmme kanti hirmu all hoidsid . 
18	NA	" "" Miks muidu Jõepere Miili siin kohe järgmisel päeval pärast Kaaru otsasaamist tühja põrsakastiga ringi logistas . "
18	NA	" Ei muud , kui käis maad kuulamas , kas koer ikka kärvas ära või elab alles , "" arvas taiplik Leontiine . "
18	NA	 Kõige hullem oli , et sadu oli ära uhtunud igasugused jäljed . 
18	NA	 Kas olid vargad läinud Liivoja metsa poole ning sealt Haljalasse või Selivere teele ning edasi Rakverre või koguni Kundasse , sealt Malla poole ning Narva maanteele , mine võta kinni . 
18	NA	 Vihane August käis siiski vihmasajust hoolimata Seliveres ära ning tõi politseiniku kohale . 
18	NA	 Kuid mida sai politseinik siin enam aidata . 
18	NA	 Ta võis ainult seda fakti konstateerida , et vargus toime oli pandud , muud ei midagi . 
18	NA	 Siiski kuulas ta kõik perekonnaliikmed igaks juhuks üle . 
18	NA	 Muu hulgas rääkis väike Erich ka seda , kuidas tema Kundas käies kahte tundmatut meest hobuse juures nägi ning et teisel mehel oli vasakul põsel punetav arm . 
18	NA	 Mõni päev pärast seda aga ajanud koer lepikus kedagi taga , keda ta kahjuks ei näinud . 
18	NA	 Sellele järgnes õige pea koera salapärane ning täiesti ootamatu surm ja siis veel Jõepere Miili kahtlane tühja põrsakasti sõidutamine Rasi kuusikuni ning tagasi . 
18	NA	 Õllepoe omade arvates olid kõik need asjad seoses tänaöise hobusevargusega . 
18	NA	 Kundast koju sõites kohtas August Kilmi männikus kahte meest , kelles ta ära tundis Jõepere Miili tuttavad Sirbi ja Vaatsi . 
18	NA	 Ka olnud mehed just samad , kes lihakarni ees nende hobust sirvisid , seda kinntas väike Erich . 
18	NA	 Jutuhoogu sattunud Leontiine ei pidanud midagi enda teada , vaid rääkis politseinikule kõik , mida ta Jõepere Miili kohta teadis . 
18	NA	 Seejuures ei säästnud ta suud ega hoidnud ka sõimusõnadega kokku . 
18	NA	 Temale paistnud asi kohe kahtlane , kui see raiskuläinud naisterahvas oma hobusesetukaga nende väravasse ilmus , ise kaksiratsi põrsakasti otsas , jalad laiali , nagu mõni purjus laadaline , lausa häbi vaadata . 
18	NA	 Tahtnud teine läbi Rasi kuusiku Seliveresse jõuda . 
18	NA	 Pehmesse lodumetsa , kuhu ükski mõistlik inimene hobuse ja vankriga ei kipu . 
18	NA	 Tema püüdnud küll Miilile aru pähe panna , et Rasi kuusiku kaudu sõidetakse Seliveresse küll talvel , reeteega , mitte aga sügisese poriga , kus vanker kuni rummudeni sisse vajub . 
18	NA	 Kuid tema keelitamisest hoolimata läinud Miili siiski teele ja nagu ette võis arvata , tuli juba napi tunni pärast logistades tagasi , tühi põrsakast perse all . 
18	NA	 Kõik puha kuntskoppi värk . 
18	NA	 Ja tema siis küsinudki Miili käest , et kas ta ei tea juhatada küla pealt isast koerakutsikat , sest nende Kaaru surnud möödunud ööl keti otsas ära . 
18	NA	 Öösi veel ragistanud haukuda , kui August jahipüssi paugutades vargaid taga ajas , sest kes muu siis ikkagi ööajal nii maja lähedale tikub , et koer keti otsas tagajalgadel püstakile hüppab ja kargab . 
18	NA	 Küllap olid siis juba röövlid talliukse kallal . 
18	NA	 Oleks niisugust asja siis ette teadnud , oleks August võinud laengu sindritele kohe taguotsa kihutada , selle asemel et kallist püssirohtu niisama vastu taevast törtsutas . 
18	NA	 Ja Miili siis öelnudki temale , et see olevat niisugune koerte haigus , mis kohe poole sõna pealt looma jalust maha rabab . 
18	NA	 Nende koer surnud just täpipealt samuti paar päeva tagasi . 
18	NA	 Haukunud trepi ees , ei miskit viga , korraga aga sirutanud neli jalga välja ning – valmis . 
18	NA	 Et Miili juba pikemat aega Kivinõmme ning Väliku kandis kahtluse all oli , sõitis politseinik Jõeperele , et veenduda , kuidas selle koera otsasaamisega lood on . 
18	NA	 Peremees Toomas kohmitses parajasti talli juures , kui politseinik õue astus . 
18	NA	 Trepi ees lebas suur must koer , kes võõrast nähes otsekohe lõrinal haukuma pistis . 
18	NA	 Peremees tuli koera keelama . 
18	NA	" "" Kuulsin , et teil olevat koer ootamatult ära lõppenud . "
18	NA	" Kas olete jõudnud juba uue muretseda või oli teil neid enne kaks ? "" küsis politseinik haukujale osutades . "
18	NA	 Toomas pungitas silmi ning vaatas ametmehele arusaamatuses otsa . 
18	NA	" "" Mis koer ? "
18	NA	" Tea ma tema otsasaamisest midagi . "" "
18	NA	" – "" Kas teil ei lõppenud siis koer järsku , kohe haukumise pealt ? "" – "" Ei , pole meil ükski koer niimoodi surnud . "
18	NA	 See juba mõni kuus-seitse aastat vana . 
18	NA	" Minu teada pole tal häda midagi . "" "
18	NA	" – "" Kuidas teil põrsastega lood on ? "
18	NA	" Kas käisite möödunud nädalal Seliverest toomas ? "" – "" Ei , mul põrsad juba ammu ostetud . "
18	NA	" Naine käis küll Härmasalu Oti käest toomas , kuid juba paar kuud tagasi . "" "
18	NA	" – "" Kus perenaine on ? "
18	NA	" Ma tahaksin temaga ka pisut vestelda . "" "
18	NA	" – "" Pole teda praegu kodus . "
18	NA	 Läks juba eile Amblasse oma sugulaste poole . 
18	NA	" "" "
19	NA	 Politseinik lahkus . 
19	NA	 Asi tundus kahtlane . 
19	NA	 Milleks oli Miilil vaja niisugust asja lavastada ? 
19	NA	 Et Sirp ja Vaats Miiliga koos tegutsesid , see oli ammu teada , puudusid vaid kindlad faktid . 
19	NA	 Ikka oskasid nad oma asju nii tasa ja targu ajada , et miski välja ei tulnud . 
19	NA	 Ikka kindlamini hakkas politseinik uskuma , et Õllepoe hobuse varguses on süüdi nii Sirp ja Vaats kui ka Jõepere Miili . 
19	NA	 Politseinik sõitis veel kord Õllepoele , laskis Augustil lõpnud Kaaru hauast välja kaevata ning võttis selle kaasa , et kindlaks teha , kas koer on surnud tõesti mõne ohtliku nakkuse või mürgitamise tagajärjel . 
19	NA	 Samal ajal aga jätkus varaste jälgede ajamine . 
19	NA	 Selivere politsei teatas asjast oma naaberkolleegidele , andes nendele varastatud hobuse ja ka oletatavate varaste – Sirbi ja Vaatsi – täpse kirjelduse . 
19	NA	 Kuid ka kõige hoolsam otsimine ei andnud soovitud tagajärgi . 
19	NA	 Sügisesed laadad olid kõik juba möödas ning järgmine – jõululaat – alles ees . 
19	NA	 Peagi ilmus politseinik Õllepoele teatega , et nende Kaaru on surnud strühniini või nõndanimetatud rebasepilli mürgituse tagajärjel . 
19	NA	 Jõepere koer elavat aga praegugi , hea tervise ning priskuse juures ega olevat tal mingit viga . 
19	NA	 Kellel võis külas olla strühniini ? 
19	NA	 Õllepoe August teadis rääkida , et Jõepere Miili naaber , metsatööline Putkala Jaan püüdvat sellega rebaseid . 
19	NA	 Seda kinnitas ka Leontiine , kes teadis surmkindlalt , et alles möödunud talvel ilmunud Putkala Loonale mantli kraeks ilus koheva sabaga punane rebane . 
19	NA	 Jaanil endal olevat aga rebasenahast müts . 
19	NA	 Putkalale siis politseinik tõttaski . 
19	NA	 Mundrikandja küsimuse peale , kas tal on strühniini ja kas ta on seda andnud ka kellelegi teisele , vastas kohkunud Jaan , et ta andis seda vast üsna hiljuti , tänavu sügisel , Jõepere Miilile , kes tahtnud rebasepilliga oma kassinäru mürgitada , kuna kass pannud tal suvel kõik kanapojad viimse pulgani nahka ning nüüd hakanud veel pesadest mune ka sööma . 
19	NA	 Miilil olevat aga hale süda ning mehel veelgi haledam ja nad ei saavat kassi mahalöömisega hakkama , seepärast siis palunudki Miili Putkala Jaani käest mürki , et sellega loomale ilma verevalamiseta otsa peale teha . 
19	NA	 Kõik paistis klappivat , mis puutus hobusevarguse ettevalmistusse . 
19	NA	 Polnud kahtlust – Miili oli asjasse segatud . 
19	NA	 Ta kuulati üle . 
19	NA	 Kuid tema suust ei tulnud ainsatki sõna , mis seda segast lugu pisutki oleks valgustanud või politseiniku kahtlustusi tema süüs kinnitanud . 
19	NA	 Strühniini saanud ta tõesti Putkala Jaani käest ning mürgitanud sellega ka oma kassinäru ära . 
19	NA	 Koerast ja tema otsasaamisest ei teadvat ta midagi . 
19	NA	 Tema polevat niisugusel teemal Õllepoe Leontiinega sõnakestki vahetanud , sest teist sellist lodeva suuga naisterahvast kui see latatara polevat maailmas olemaski . 
19	NA	 Nii kui sõnakese kuuleb , sellele kümme otsa paneb ja küla mööda ringi kannab . 
19	NA	 Et kedagi kolmandat Miili ja Leontiine jutuajamise juures ei viibinud , ei osanud ka politseinik otsust langetada , kumb tõtt kõneles , kumb valetas . 
19	NA	 Et mingid otsimised ei ligidal ega kaugel tulemusi ei andnud , jäigi Õllepoe hobusevargus avastamata , nii nagu jäid avastamata muudki Kivinõmme ja Väliku kandis toimepandud vargused . 
20	NA	 Pärast Jüri õnnetut surma algas Vaherpõllul nagu mingi lagunemine . 
20	NA	 Nagu oleks peremees sellegi vähese õnne , mis talus siiamaani oli , endaga kaasa viinud . 
20	NA	 Vanarahva tarkust mööda oleks tulnud peremehe peiedeks veristada sarvloom , sest muidu nõudvat surnud peremees pärast terve karja endale . 
20	NA	 Kuid Ann-Leenal oli kahju Jüri matusteks mullikat või härjavärssi ohverdada , kuigi mõlemad juhtusid just parajasti olema . 
20	NA	 Ning Vaherpõllu Ann-Leena piirdus sellega , et laskis väärata oina ning seakesiku . 
20	NA	 Ja nõnda sõidki siis Vaherpõllu peremehe matustel naabrid oinasülti ning seapraadi , kuigi mullikast valmistatud liharoad naabritele rohkem oleksid meeldinud . 
20	NA	 Üsna varsti pärast seda , kui Jüri nagu kord ja kohus naabrite abiga maamulda oli sängitatud , hakkasid tulema äpardused . 
20	NA	 Kui Ann-Leena ühel külmal kevadhommikul lauta loomi läks talitama , ei tõusnud talu kõige suurem ja parem lüpsilehm Minni oma asemelt . 
20	NA	 Hirmutamise peale vaatas ta ainult oma suurte kurbade silmadega perenaisele otsa ega teinud katsetki tõusta , inises ainult . 
20	NA	 Küll püüdis Ann-Leena lehma puskari sisseandmisega virgutada , et ta asemelt tõuseks , kuid asjata . 
20	NA	 Minni jäi pikali , nii nagu oli , ning poegiski lõpuks lamades . 
20	NA	 Perenaine oli küll lootnud , et lehm pärast poegimist , oma raskusest vabanedes , püsti tõuseb , kuid Minni lamas edasi ega tõusnudki enam . 
20	NA	 Jälle pidi Ann-Leena oma igipõlise vaenu Tagavälja omade vastu maha salgama ning naabrid appi kutsuma . 
20	NA	 Lehmale asetati köied kõhu alla ning kinnitati aampalki rippuma , nii et jalad maha puutusid . 
20	NA	 Kuid miski ei aidanud . 
20	NA	 Minni ei võtnud jalgu omaks ning Ann-Leena oli sunnitud lehma lihunikule võileivahinna eest maha müüma . 
20	NA	 Minni asetati reele ning viidi linna . 
20	NA	 Ka siin oli Tagavälja meespere abi vaja . 
21	NA	 Juba eelmisel sügisel olid lahkunud kodust mõlemad poisid , Leo ja Volli , öeldes , et nemad enam Vaherpõllule tagasi ei tule . 
21	NA	 Leonoore oli linnas õmblust õppimas ning koju jäi lastest ainult Ellen , kes käis koolis . 
21	NA	 Ann-Leenal ei jäänud muud nõu üle , kui palkas kevadiste põllutööde ajaks päevilisi . 
21	NA	 Kuid Vaherpõllu kivistel põldudel oli kündmine raske ja tülikas töö ning päevilised ei püsinud kuigi kaua . 
21	NA	 Ka oli Ann-Leena maksmisega väga kitsi . 
21	NA	 Siis aga tuli õnnetus sealt , kust Vaherpõllu perenaine seda kõige vähem oodata võis . 
21	NA	 Kui ta ühel hommikul Kortekaldast hobust läks võtma , et seda vankri ette rakendada ning meiereisse piim ära viia , ei leidnud ta vana Mammit mitte kusagilt . 
21	NA	 Nigula Ants , kes eelmisel päeval Kortekalda põllul kündis , laskis hobuse õhtul perenaise käsku mööda jõekaldasse sööma , kuna künniheinad , mida Jüri , kadunuke , iga aasta väga hoolikalt hoidis ning säästlikult ette andis , olid otsakorral . 
21	NA	 Ja et hobune keset põllutöid lausa välise noore rohu peale ei jääks , hoidis perenaine heinu päevaks , ööseks aga laskis Mammi jõekaldasse sööma . 
21	NA	 Nüüd aga oli Mammi kadunud ega ilmunud perenaise kutsumise peale mitte kusagilt lagedale . 
21	NA	" "" Kuhu ta , lagundkeha , siis ometi on koperdanud , "" siunas Ann-Leena ning laskus kaldast alla aasale hobust otsima . "
21	NA	 Kõrge ja võrdlemisi järsu kalda all jões , sügavas hauas paistis veest välja mingi pruun kogukas mügarik . 
21	NA	 Vaherpõllu perenaine ei mäletanud , et seal Kortekalda all jões , kus vesi vastu kallast põrgates nagu keerise moodustas , kunagi kivi oleks olnud . 
21	NA	 Ta astus ligi ning jahmus . 
21	NA	 Veest paistis välja vana Mammi tagakeha . 
21	NA	 Hobuse pea ning esikeha olid sügaval vees , ilmselt oli ta uppunud . 
21	NA	 Mil moel aga Mammi vette sattus , seda võidi vaid oletada . 
21	NA	 Ann-Leena kutsus mehed Nigulalt ning Tagaväljalt , Mammi kisti jõest välja ning nüliti nahk maha . 
21	NA	 Hobusel olid päitsed peas ning tagajalg oli logisevat jalarauda pidi kurgu alla päitsete taha kinni jäänud . 
21	NA	 Arvatavasti ei saanud ta jalga rihma tagant nii ruttu kätte , hakkas rabelema , kaotas tasakaalu ning veeres järsust kaldast alla , vajus peadpidi vette ning uppus . 
21	NA	 Kuidas aga tagajalg päitsetesse sattus , jäigi arusaamatuks . 
21	NA	 Arvatavasti tahtis loom kurgu alt sääski ja kärbseid jalaga ära sügada ning takerdus logisevat rauda pidi rihmadesse . 
21	NA	 Hobuse otsasaamine keset kevadisi põllutöid oli talule suureks kaotuseks . 
21	NA	 Lehma lõppemisest sai üle , sest kolm lehma jäi veel lauta alles ning järgmiseks aastaks oli loota mullika lüpsmatulekut . 
21	NA	 Hobuseid polnud aga rohkem kui üks ning kevadised põllutööd jäid seisma . 
21	NA	 Tagavälja omad aitasid küll oma hobusega kartulid maha panna , kuid osa põldu , mis alles kündmata , jäigi sööti . 
22	NA	 Kuid Ann-Leena ei heitnud meelt . 
22	NA	 Ta ei kurtnud kellelegi midagi . 
22	NA	 Nii nagu ta Jüri puusärgi juures seisis pisarateta , nii kõndis ta ka nüüd ringi , nagu poleks midagi juhtunud , kuigi näis tõeks minevat , et lahkunud Vaherpõllu peremees nõuab endale kogu talu karja . 
22	NA	 Et kui naine ei raatsinud temale matuseks seda anda , millele tal õigus oli , siis võtab kõik . 
22	NA	 Üksteise järel hakkasid õnnetused tulema lehmadega . 
22	NA	 Kaks noort head piimalehma jäid keset suve peaaegu üheaegselt punasehaigusesse ja vaatamata hoolikatele rohitsemistele , mida külas sel ajal tunti , ei aidanud need Vaherpõllu Ann-Leena loomadele . 
22	NA	 Üks lehm kusi verd , kuni kärvas , teine paranes küll veretõvest , kuid sai nii tugeva kõhukinnisuse , et isegi vana Jüri mahorkast keedetud tubakavesi seda enam lahti ei võtnud . 
22	NA	 Loom vaevles laudas pikali maas paar päeva , nina ja sarved külmad , kuni suri . 
22	NA	 Jälle nülgisid Vaherpõllu vanatoa õuel Tagavälja ning Nigula mehed lõpnud loomadelt nahku ning Ann-Leena laskis neil aeg-ajalt puskarit rüübata , et raipehais nülgijatele südamele ei hakkaks . 
22	NA	 Viimane lehm pidas vastu kuni sügiseni , kuid siis märkas perenaine , et lehm tõmbab lausa heast meelest piima ära ega taha enam süüa . 
22	NA	 Aina norutas Tümamaal värske ädala peal ega teinud söömisest asjagi . 
22	NA	 Küll kutsus Ann-Leena endise Selivere mõisa meieri haiget looma vaatama , kuid see arvas , et lehm on kas naela või mingi muu terava eseme sisse söönud , millest paranemist pole loota ning soovitas looma ära tappa . 
22	NA	 Nüüd võttis Ann-Leena appi lapsepõlves emalt kuuldud loitsimiskunsti . 
22	NA	 Lehm oli lihtsalt ära sõnatud , muud ei midagi . 
22	NA	 Ja kes muu võis seda teha kui Tagavälja Mari . 
22	NA	 Ann-Leena muretses naabripere lehmade selja pealt näputäie karvu , keerutas nendest väikesi kuulikesi , pobises nõiasõnu juurde , kandis neid tagurpidi liikudes kolm korda üle oma lauda läve ning söötis siis kuulikesed haigele loomale leivatükiga sisse . 
22	NA	 Kuid miski ei aidanud . 
22	NA	 Lehm jäi iga päevaga viletsamaks , lakkas söömast , ainult jõi ning oli ühel sügishommikul , kui Ann-Leena välja läks , karjaaias sirevile maas . 
22	NA	 Jäi järele ainult paaritatud mullikas , kes pidi kevadel lüpsma tulema . 
22	NA	 Kuid ka sellega ei olnud õnne . 
22	NA	 Et mullikas üksinda heinamaal ei seisnud , vaid aia maha ajas ning Tagavälja loomade hulka läks , kuna oli harjunud teistega koos olema , ei ajanudki Ann-Leena teda enam Tümamaale , kus jõekäärus värsket ädalat kui palju , vaid pani kodu lähedale köide . 
22	NA	 Mullikale oli aga niisugune vabaduse röövimine võõras ja vastumeelt ning ta keerutas ennast keti otsas nii kaua , kuni kett väikese lepatüve ümber kinni jäi ning kui Ann-Leena õhtul mullikat koju läks tooma , lebas see , silmad pahupidi , keel suust väljas , surnult põllupeenral . 
22	NA	 Et mitte päriselt ilma piimata olla , ostis Ann-Leena naaberkülast , Veskiorult , kus Aliide kunagi teenis , vana lahja lehmakondi . 
22	NA	 Kadunud Jüril ei olnud sellega enam mingit pistmist ning ta jättis Ann-Leena ja tema lehmakraika rahule . 
22	NA	 Hobuse aga müüs Vaherpõllu perenaisele Nigula peremees . 
22	NA	 Ja Ann-Leena otsustas kõikide äparduste kiuste talu edasi pidada . 
22	NA	 Keegi ei tohtinud näha , et ta elule alla vandus . 
22	NA	 Kiiresti , kiiresti askeldas ta Vaherpõllu hoonete vahel ning kivistel põldudel , ainsaks abiliseks kõige noorem tütar , alles plikaohtu Ellen . 
22	NA	 Ta ei leinanud oma ilma mööda laiali läinud lapsi taga , ei olnud nendega kirjavahetuses ega pärinud nende käekäigu järele . 
22	NA	 Ta oli sama sirge rühiga nagu kunagi kolmkümmend aastat tagasi Vaherpõllule tulles ja tema jumekas näos ei olnud ainsatki kortsu ega juustes ühtegi hõbeniidikest . 
22	NA	 Ja kui tema ainukene sõbranna Õllepoe Leontiine , kellega ta pisut rohkem läbi käis kui teiste külanaistega , tal uuesti mehele minna soovitas , tegi Ann-Leena teist juttu . 
22	NA	 Kui järgmisel kevadel põllutööde aeg kätte jõudis , rakendas ta hobuse adra ette , toppis vana Jüri püksid jalga , et tuul adra taga köögutades seelikusabasid üles ei tõstaks , ning kündis , nagu oleks ta seda tööd eluaeg teinud . 
23	NA	 Oli juba augusti lõpupoole . 
23	NA	 Haraldil oli Alla suvine jutt heinaveol meelest ununenud ning Edmunditki nähti nüüd Allikal vaid üsna harva , sest tähtsad asjaõiendused hoidvat teda linnas kinni , nagu ta Kustule seletas . 
23	NA	 Siis aga ilmus ta ühel õhtupoolikul veomasinaga Allikale ning tõi uue elumaja ehitamiseks koorma punaseid telliseid . 
23	NA	 Kaasas oli tal kaks võõrast meest – laadijad – nagu ta Kustule ütles . 
23	NA	 Koorem pandi Umboja jõe kaldale maha , sinna , kus uue elumaja ehitamisega juba järgmisel kevadel kohe peale lume sulamist pidi alustatama . 
23	NA	 Kui koorem maha laotud , sõitis Edmund veoautoga minema . 
23	NA	 Laadijad olid aga vahepeal kes teab kuhu kadunud ning Edmund ei teinud nendest enam asjagi , vaid istus autojuhi kõrvale masinasse ja läks . 
23	NA	 Harald ja Linda , kes parajasti põllul kaera kokku panid , nägid küll , kuidas tellisekoorem maha laoti . 
23	NA	 Kaks võõrast meest aga , kes eelduste kohaselt linna tagasi oleksid pidanud sõitma , lonkisid alla jõe äärde ning jäidki sinna . 
23	NA	 Haraldist möödudes silmitsesid nad teda kuidagi luuravalt ning sosistasid midagi omavahel . 
23	NA	 Nüüd meenus Haraldile Alla suvine jutt heinaveol . 
23	NA	 Mehed paistsid kuidagi kahtlased ning mitte just eriti kõrge intelligentsiga . 
23	NA	 Ka tundus Haraldile see asi natuke imelik , et nad Edmundiga koos Allikale tulid , kuid linna tagasi ei läinud . 
23	NA	 Kas tõesti jäid nad selleks siia , et pimeduse saabudes temale kusagilt nurga tagant ootamatult kallale karata ? 
23	NA	 Väga võimalik . 
23	NA	 Kui ta õhtul hobused jõe äärde köide viis , nägi ta , et vastaskaldal oli lõke üles tehtud ning selle ümber istus neli meest . 
23	NA	 Kaks nendest olid needsamad , kes Edmundiga koos linnast saabusid ning mõni tund tagasi siia alla jalutasid . 
23	NA	 Teised olid aga Umboja Juku ning tuntud vähipüüdja ja merepiiritusega hangeldaja – hüüdnimega Klaamani Ints . 
23	NA	 Intsu kohta teati rääkida , et ta ei kohku tagasi millegi ees ja on valmis kas või mõrvaks , peaasi , kui keegi talle selle eest maksab . 
23	NA	 Missugused sidemed olid aga kahel linnamehel Umboja Juku ning Klaamani Intsuga , seda ei mõistnud Harald arvata . 
23	NA	 Ta muutus rahutuks . 
23	NA	 Paistis , et mehed askeldasid nattadega , ilmselt valmistusid vähipüügiks . 
23	NA	 Harald pani hobused köide ning sammus kaldast üles . 
23	NA	 Täna õhtul peab igaks juhuks valvel olema , mõtles ta endamisi . 
23	NA	 Võibolla oli ta kartus täitsa ülearune ning linnameeste kokkusaamine Juku ja Intsuga täiesti juhuslik ning temale ohutu , kuid mingi sisemine hääl manitses teda siiski ettevaatusele . 
23	NA	 Ta sõi õhtusöögi kiirustades ning läks kohe saunakambrisse , kui hämarduma hakkas . 
23	NA	 Ta ei olnud arg , kaugeltki mitte , ja avalikku võitlust mees mehe vastu ei kartnud ta põrmugi , kuid tegemist võis tulla nelja mehega , kellest vähemalt üks , Klaamani Ints , oli paadunud pussikangelane . 
23	NA	 Niisugusel juhul ei aidanud julgus ega suur füüsiline jõud midagi , kui teine sulle salaja selja tagant pussi ribide vahele virutab ning löögiriista otsa veel oma pintsakugi rippuma paneb , nagu Ints paar aastat tagasi oma vihamehe , Lahevee Kaarliga tegi . 
23	NA	 Seepärast otsustas Harald olla valvel , et mitte lausa heast meelest õnnetuse otsa komistada . 
23	NA	 Ta ei läitnud saunakambris harjumuse kohaselt tuld , vaid istus akna kõrvale , et väljast taskulambiga valgustamise korral mitte kohe märklauaks sattuda . 
23	NA	 Ukse keeras lukku ning lükkas veel riivigi ette , mida ta tavaliselt ei teinud . 
23	NA	 Siis võttis lauasahtlist revolvri ning kontrollis veel kord üle , kas see ikka laetud on , ja jäi ootama . 
23	NA	 Enam ei kahelnud ta nende kahe mehe Allikale jäämise põhjuses mitte põrmugi . 
23	NA	 Relva ja selle kandmise loa oli ta endale hankinud kohe varsti pärast seda , kui Alla talle Ervinilt saadud uudistest oli rääkinud . 
23	NA	 Ka paar-kolm parajat kasetümikat seisid Haraldil nüüd alatasa saunakambris käepärast , et oleks võtta , kui peaks vaja minema . 
24	NA	 Väljas oli juba päris pime ning Haraldile kippus tukastus peale . 
24	NA	 Ta hakkas juba arvama , et oli tonti näinud seal , kus seda tegelikult polnud olemas . 
24	NA	 Siis aga kostsid sauna tagant mingid hääled . 
24	NA	 Nad tulid üle lageda kopli Umboja poolt . 
24	NA	 Tähendab , ta polnud siiski eksinud . 
24	NA	 Kaabakate kari oli kohal . 
24	NA	 Jutukõmin lähenes ja keegi katsus akent , nagu tahaks ta seda ühe ropsuga eest ära tõmmata . 
24	NA	 Harald kobas kasetümika järele . 
24	NA	" "" Hei , sulane , tule välja , kui sa mees oled ! "" karjus keegi . "
24	NA	" Et Harald sellele väljakutsele ei reageerinud , vaid ootas , mis edasi saab , jorutas Umboja Juku enda sepitsetud lorilaulu : "" Allika Kustul on sulane , kes teenib kolm aastat ilma palgata . "
24	NA	 Kustu ajab ära , ei lähe ära , ei lähe ära , ei lähe ära . 
24	NA	" Vainu Harald tahab Allika Kustu käest talu ära võtta , ei saa , ei saa , ei saa ! "" "
24	NA	 Röökiv naer saatis Juku laulu . 
24	NA	" "" Sulane , tule libedale , tule libedale ! "" "
24	NA	 Kuid et Harald ka nüüd veel paremaks pidas vait olla ja oodata , lendas mitu kivi korraga aknasse . 
24	NA	 Mitu kätt haaras klaasideta raamidest kinni , haagid tehti lahti ning aken kisti eest . 
24	NA	 Tühja aknaava kohale kerkis meesterahva ülakeha . 
24	NA	 Kuid enne veel , kui ta tuppa jõudis ronida , sai ta kasetümikaga tugeva hoobi rindu ning langes jahukotina tagasi . 
24	NA	" "" Kuradi raisk ! "" karjatas sissetungija . "
24	NA	" "" Lööge uks maha ! "
24	NA	" Saame ta , raisa , kätte ! "" kamandas keegi . "
24	NA	 Harald sööstis ukse juurde . 
24	NA	 Veel ei tahtnud ta relva kasutada , vaid hoidis seda juhuks , kui miski muu enam ei aita . 
24	NA	 Väljast kostis vihast vandumist ja uks raksus tugevate löökide all . 
24	NA	 Ühes käes taskulamp , teises kasetümikas , ootas Harald sissetungijaid . 
24	NA	 Aken jäi ilma valveta . 
24	NA	" Seda kasutas Klaamani Ints ning enne kui Harald teda tagasi suutis tõrjuda , oli peaaegu kahe meetri pikkune pussikangelane toas : "" Ma sulle , kuradile ! . . . "" "
24	NA	 Harald suunas valguse Intsule näkku ning nägi pussiga ülestõstetud kätt , mis nüüdsama võis talle surmava hoobi anda . 
24	NA	 Taskulamp pimestas momendiks ründaja silmad ja enne veel , kui terariist sinna jõudis , kuhu ta oli määratud , sai selle kandja tugeva hoobi kasetümikaga vastu sääri ning kukkus kõige koledama valukarjatusega põrandale pikali . 
24	NA	 Harald andis talle kaikaga veel teise ja kolmandagi nätsaka , kuni sissetungija enam ei liigutanud . 
24	NA	 Et tugev uks nii kergesti järele ei andnud , kaotasid ülejäänud ründajad nähtavasti pea . 
24	NA	" Siis karjus keegi : "" Pange tuli räästasse ! "
24	NA	" Las ta raisk kõrbeb . "" "
24	NA	 Nüüd avas Harald ukse ja laskis revolvrist paar lasku . 
24	NA	 Sauna tagant kostis jooksumüdinat , keegi röögatas võika häälega . 
24	NA	 Kuid ometi oli üks huligaanidest juba tule õlgkatuse räästasse jõudnud torgata . 
24	NA	 Harald jooksis õue , haaras kiiruga kaevuraketelt veeämbri ning kihutas igaks juhuks veel paar lasku põgenejatele järele , kustutas räästas tulekolde ja alles siis astus tuppa . 
24	NA	 Seal läitis lambi ning silmitses toa sisemust . 
24	NA	 Põrandal lamas meelemärkuseta Klaamani Ints . 
24	NA	 Natuke maad eemal läikis pussi vahe tera . 
24	NA	 Harald võttis külma vett ning kallas Intsule pähe . 
24	NA	 Natukese aja pärast avas lamaja silmad . 
24	NA	" "" Kus mu puss on ? "" – "" Seda näed sa võib-olla alles kohtusaalis , "" oli lühike vastus . "
24	NA	 Intsu silmis välgatas metsik tuluke . 
24	NA	 Ta tahtis ühe ropsuga püsti karata , et vastasega arveteõiendamine lõpule viia , kuid langes oiates tagasi . 
24	NA	 Harald tõusis . 
24	NA	" "" Miks sa , närakas , mulle kallale tungisid ? "" – "" See pole sinu asi . "" "
24	NA	" – "" Kes need teised jätised olid ? "
24	NA	" Kuidas sa nendega kampa said ? "" – "" Ka see ei lähe sulle korda . "" "
24	NA	" – "" Kui palju sulle selle mõrtsukatöö eest maksti ? "" "
24	NA	 Ints vaikis . 
24	NA	" "" Hea küll . "
24	NA	" Hommikul toon politsei , küll sa siis rääkima hakkad . "" "
24	NA	 Politsei nime kuuldes muutus Ints rahutuks ning tahtis uuesti tõusta , kuid röögatas valu pärast ning vajus põrandale tagasi . 
24	NA	" "" Aita mind välja ! "" – "" Ei . "
24	NA	" Ma tahan , et politsei sind hommikul siit leiab . "" "
24	NA	" – "" Mis sa , kurat , mu jalale tegid , et ma tõusta ei saa , "" ning Ints kompas oma säärekonti . "
24	NA	" "" Sa , raisk , lõid mu jalaluu katki ? "" karjatas ta järsku . "
24	NA	" "" Ja mis siis , kui lõin . "
24	NA	 Ei tee ma sellepärast endale muret . 
24	NA	" Kui mina sinu jalaluud poleks katki löönud , oleksid sina minu ei millegi eest tapnud , "" oli Haraldi ükskõikne vastus . "
24	NA	 Ints kiristas valu ja viha pärast hambaid ning vaikis . 
24	NA	" "" Kes sind minu kallale ässitas ? "
24	NA	" Kes olid need võõrad mehed , kellega sa jõe kaldal lõkke ääres istusid ? "" – "" Ma ei tea . "" "
24	NA	" – "" Kuidas Umboja Juku teie kampa sattus ? "
24	NA	" Ja milline ülesanne teile anti ? "" – "" Sulle tappa teha . "" "
24	NA	" – "" Kas maha lüüa ? "" – "" Ei . "
24	NA	" Korralik keretäis anda . "" "
24	NA	" – "" Noh – ja nüüd saite ise . "" "
24	NA	 Harald oli nördinud ja vihane . 
24	NA	 Kui hommikul valgeks läks , kutsus ta Seliverest politsei . 
24	NA	 Kuid Ints oli vahepeal kadunud . 
24	NA	 Kas aitas teda keegi või suutis ta ise põgeneda , ei osatud arvata . 
24	NA	 Sauna ümbrust hoolikalt uurides leidis politsei lõpuks Intsu jäljed . 
24	NA	 Ta oli kuidagi ukse lahti saanud ning minema roomanud ja lebas nüüd Umboja jõe ääres tihedas angervaksa ja pajuvõssa kasvanud padrikus . 
24	NA	 Ints eitas oma süüd . 
24	NA	 Tema ei teadvat Allika sulasele kallaletungimisest mitte kui midagi . 
24	NA	 Tema olnud öösi vähil , komistanud aga libedal kivil ning kukkunud oma jalaluu katki . 
24	NA	 Siis roomanudki siia võssa , et päike lagedal aasal liiga ei teeks , kuni keegi ta leiab . 
24	NA	" "" Vähikottki mul siin kõrval , "" viitas Ints märjale kotile , kus tõepoolest vähid sees krobistasid . "
24	NA	 Politseinik vaatas Haraldile küsivalt otsa . 
24	NA	 Kumba pidi ta uskuma ? 
24	NA	 Kuidas ametimees ka Intsu ei usutlenud , ei tunnistanud too midagi ning murtud jalaluuga pussikangelane toimetati Kundasse arsti juurde . 
24	NA	 Politseinik sõitis Umbojale , sest Haraldi seletust mööda olnud üks meestest , keda ta õhtul jõekaldal lõkketule ääres nägi , Umboja Juku . 
24	NA	 Ka tundis Harald ta öösi ära laulu järgi . 
24	NA	 Juku põõnas alles voodis ning surmani kohkunud Almiira viis politseiniku otse magamistuppa . 
24	NA	 Mundrikandjat nähes tahtis Umboja noorperemees aluspesu väel jalga lasta , kuid ametimees sai õigel ajal tal turjast kinni . 
24	NA	 Pooltohmakas Juku püüdis alguses kõik valeks ajada , kuid politseiniku ristküsitluse all läks ta oma jutuga sassi ning tõi lõpuks kogu tõe päevavalgele . 
24	NA	 Temale rääkinud asjast kõigepealt Klaamani Ints , kes keelitanud teda kaasa tulema . 
24	NA	 Olevat vaja Allika sulase akna all niisugune laul maha laulda , mis sulase , Vainu Haraldi vihale ajab , nii et ta saunast välja tuleb lauljat karistama . 
24	NA	 Tema siis sepitsenudki paar-kolm rida kokku , nii nagu Ints nõudis . 
24	NA	 Ka olnud tema ülesandeks veel Harald ukse juurest võimalikult kaugele meelitada , et ta lüüasaamise korral tuppa tagasi ei saaks põgeneda , sest Ints ütles , et nad tahavad Allika sulasele tappa teha . 
24	NA	 Nõnda siis tulnudki tema kokkulepitud päeval ja kokkulepitud ajal Allika alla jõe äärde , salmikesed paberi peale üles kirjutatud , et nad lauldes meelest ära ei läheks . 
24	NA	 Kahte võõrast meest tema ei tundnud ega kuulnud ka nende nime . 
24	NA	 Ints öelnud ainult niipalju , et nad on linnast . 
24	NA	 Videviku hakul püüdnud Ints jõe ääres veel pisut vähki ja umbes kesköö paiku öelnud teine võõrastest , et nüüd on paras aeg . 
24	NA	 Minnes jaotanud võõras mees kõigile ülesanded kätte , et kõik niimoodi korda läheks , nagu kavatsetud . 
24	NA	 Kui sulane põhjalikult läbi pekstud , nii et ta enam tõusta ei jaksa , pidi tema , Juku , saunale tule räästasse torkama . 
24	NA	 Kui aga Harald laulmise peale välja ei tulnud ega isegi häält ei teinud , vihastanud teine võõrastest ning käskinud akna puruks lüüa ja oma sõbral sisse ronida . 
24	NA	 Kuid siis virutanud keegi seestpoolt ronijale hirmsa hoobi vastu rindu , nii et see hingetuna tagasi kukkus ja akna alla lamama jäigi . 
24	NA	 Seepeale läksid nemad kahekesi ukse taha , et seda puuhalgudega maha lüüa ja sulane akna juurest eemale meelitada . 
24	NA	 Ints aga jäänud akna alla , et sealt parajal momendil sisse ronida ning Harald pussiga kahjutuks teha . 
24	NA	" "" Kõik läks aga teisiti , "" ohkas Juku kurvalt , nagu oleks tal sellest tuline kahju , et Harald pussihoobist ilma jäi . "
24	NA	 Minnes olevat Ints uhkustanud , et tema veel näitab , kuidas ta sellele Allika sulasele nagi selga lööb ning oma pintsaku sinna otsa rippuma paneb . 
24	NA	" "" Sel Vainu poisil on ju looma jõud . "
24	NA	" Linnamehed seda vist ei teadnud . "" "
24	NA	 Kuid siis juhtunud see kõige koledam asi . 
24	NA	 Järsku avanenud sauna uks ja Intsu asemel karanud trepile Harald ning lasknud revolvrist tema pihta kaks lasku . 
24	NA	 Tema ehmatanud hirmsasti ära , nii et kõik mis tal kõhus oli , voolas pükstesse ja sealt edasi saapasäärdegi . 
24	NA	 Linnamees olnud aga julgem ning torganud jooksu pealt veel tulegi räästasse . 
24	NA	 Rindu löögi saanud pooloimetu mehe võtnud nad kahevahele ja lohistanud jõe äärde võssa . 
24	NA	 Kui nad sauna juurest lahkusid , lasknud aga sulane veel paar lasku tema pihta , lausa jalakandadesse kohe , nii et tema kukkunud ehmatuse pärast kõhuli maha ja saanud sellest tõsiselt häda . 
24	NA	 Kuhu aga Ints jäi , seda tema ei tea , kas ronis tuppa või tegi vehkat . 
24	NA	" "" Lausa mõrtsukas see Allika sulane . "
24	NA	" Sihuke tuleks vangi panna , "" arvas Juku oma jutu lõpetuseks . "
24	NA	" "" Vangi lähete teie ise , "" vastas politseinik . "
24	NA	" "" Miks ? "" imestas Juku . "
24	NA	" "" Kuidas te sellest siis aru ei saa ? "
24	NA	 Te lähete hulgakesi öisel ajal võõrasse korterisse ilmsüütut inimest tapma ja õigustate oma teguviisi veel pealegi . 
24	NA	" Teid ootab raske karistus . "" "
24	NA	" – "" Ega mina , "" kogeles Juku . "
24	NA	" "" Ints ju kutsus . "" "
24	NA	" – "" Aga miks te kaasa läksite ? "
24	NA	" Kas teile maksti selle eest , et kuriteost osa võtsite ? "" "
24	NA	 Juku raputas pead . 
24	NA	" "" Ei . "
24	NA	" Ints ütles ainult , et tee laul , mis Vainu Haraldi vihale ajab . "" "
24	NA	" – "" Kas tegite ? "" – "" Jaa . "" "
24	NA	 Politseinik pani ka selle kirja . 
24	NA	" "" Teie vapper nagi selga lööja on aga praegu oma murdunud jalaluuga Kundas arsti juures , kui see teid ehk juhuslikult huvitab . "" "
24	NA	" – "" Kuidas see jalaluu tal siis ? … "" – "" Vainu Harald enesekaitseks lõi . "" "
24	NA	" – "" Eks ma öelnud kohe , et mõrtsukas mis mõrtsukas , "" süttis Juku uuesti , kes kuidagi ei suutnud taibata , miks politseinik Allika sulasele rohkem kaasa tundis kui näiteks temale . "
25	NA	 Kui Edmund paari päeva pärast Allikale tuli ning Haraldit elusana ja tervena talus ringi nägi liikumas , oli ta imestus ning pettumus suur . 
25	NA	 Oma südames oli ta lootnud , et vihatud sulane saadud keretäie pärast praegu maas lamab või koguni hambad itsakile puusärgis matmist ootab , kuid ei paistnud olevat ei ühte ega teist . 
25	NA	 Ega need pätid teda ometi ninapidi vedanud ? 
25	NA	 Pistsid raha tasku , jätsid töö tegemata ning lasksid varvast . 
25	NA	 Kui aga politseinik järgmisel päeval Allikale ilmus , et Edmundit selle salapärase tapmiskatse pärast üle kuulata , selgus , et need vurled olid oma töö teinud üpris halvasti ning Haraldi asemel lamab murtud sääreluuga tõvevoodil hoopis Klaamani Ints . 
25	NA	 Temale oli Edmund , Intsu kogemusi ning pikka praktikat arvestades , eriti suuri lootusi pannud , ja seetõttu oli Edmundi nördimus veelgi suurem . 
25	NA	 Kuid politseiniku ees oli Edmund süütus ise . 
25	NA	 Tema ei teadvat nendest meestest , keda ta linnast telliste laadijateks kaasa tõi , mitte kui midagi , isegi nende nime mitte . 
25	NA	 Küsimuse peale , miks ta neid nõndanimetatud laadijaid linna tagasi ei viinud , ei osanud Allika väimees midagi kosta . 
25	NA	 Ka temas äratanud see võõristust , et mehed , niipea kui töö tehtud ja raha käes , otsekohe kuhugile ära vajusid ning linna tagasi ei sõitnud . 
25	NA	 Politsei jättis Edmundi rahule . 
25	NA	 Politseinik ajas huligaanide jälgi veel mitu päeva ning sõitis Selivere ja Marino kandis ringi , kuid keegi polnud midagi nimetamisväärset näinud . 
25	NA	 Ainult Sea-Peetri peremees näinud selle päeva pärastlõunal , kui öösi asi Allikal juhtus , kahte võõrast , tundmatut meest Katela poole minemas . 
25	NA	 Tema arust olnud teine neist kas tugevasti purjus või haige , sest ta hoidnud oma kaaslase kaela ümbert kinni ning lasknud ennast talutada . 
25	NA	 See oli ka kõik , mida rääkida teati . 
26	NA	 Intsu jalaluu raviti terveks ning asi läks kohtusse . 
26	NA	 Eeluurimise käigus selgus Intsu ja Juku seletuste põhjal , kuigi need sageli teineteisele otse risti vastu käisid , et Ints saanud linnameeste käest suure summa raha ning pidi selle eest Haraldi kui mitte just lausa surnuks pussitama , siis vähemalt korralikult läbi torkima , nii et ta saadud haavade tagajärjel tervise igaveseks kaotaks ning Allikalt jalga laseks . 
26	NA	 Kokku saanud Ints nimetatud meestega täiesti juhuslikult Umboja jõe ääres vähki püüdes ja seal toimunud ka tema värbamine ning raha maksmine . 
26	NA	 Kui Intsult küsiti , miks ta nõustus raha eest teise inimese elu ja tervise kallale kippuma , siis vastas Ints , et teda ahvatlenud üsnagi soliidne rahasumma , kuna tal olnud seda momendil hädasti vaja . 
26	NA	 Kes olid aga kaks linnameest , seda ei saanudki kohus teada ja väga võimalik , et Ints ka ise seda ei teadnud . 
26	NA	 Juku seletused olid igal usutlusel isemoodi , mistõttu kohus ka täit selgust ei saanud , mis tema jutus oli tõde , mis vale . 
26	NA	 Kord rääkis ta , et ka tema sattus jõe äärde täiesti juhuslikult ning kohtus seal Intsuga ning hiljem ka tundmatute linnameestega , kord jälle , et Ints käinud tema juures kodus umbes nädal aega varem ning tellinud temalt salmikesi ja kutsunud ka kampa , mida aga Ints rangelt eitas . 
26	NA	 Lõpuks veendus auväärt kohus Juku napivõitu arus ega võtnud tema seletusi kuigi tõsiselt . 
26	NA	 Arvestades asjaolu , et Harald kalleletungi tagajärjel mingit kehalist viga ei saanud , karistas kohus Indrek Klaamani , hüüdnimega Ints , viieaastase vabadusekaotusega , kuna ta ka varem oli taoliste asjade pärast kohtu poolt karistatud , ning temaga kaasas olnud Johannes Püssi poolteiseaastase vanglakaristusega . 
26	NA	 Kaks ülejäänut aga , tõenäoliselt kogu selle asja peaorganisaatorid ning algatajad , jäidki leidmata . 
26	NA	 Avastamata jäi muidugi ka selles draamas pearolli täitja Edmund , kes oskas oma osa nii geniaalselt mängida , et talle ametivõimude silmis isegi mingit kahtlusevarju ei langenud . 
26	NA	 Külarahva arvates oli aga selles loos siiski peasüüdlane ei keegi muu kui Allika väimees , kes raha eest pätid Haraldile kallale saatis , sest üldiselt olid ju Allikal toimuvad keerulised intriigid ja olukorrad külarahvale teada . 
26	NA	 Ümbruskonna üldine lugupidamine sulase vastu aina kasvas , kes nelja vastasega niimoodi toime oskas tulla , et ta ise mitte hädagi ei saanud . 
26	NA	 Oma südames tänas Harald linnatüdrukut Allat , kes talle Edmundi salakavalatest plaanidest õigeaegselt teatas . 
