par_nr	head	sentence
1	 Hirm 	 Hirm 
2	NA	 Heiki Vilep 
3	NA	 Ma ei tea , kes ma olen . 
3	NA	 Kas teie teate ? 
3	NA	 Ma ei tea , miks ma olen . 
3	NA	 Aga teie ? 
3	NA	 Jah , mul on nimi , elukoht , töö ja pere . 
3	NA	 Ühel heal päeval aga juhtub , näiteks , et tööd enam pole . 
3	NA	 Või peret . 
3	NA	 Või elukohta . 
3	NA	 Või mitte midagi . 
3	NA	 Ja milleks siis nimigi ? 
3	NA	 Milleks siis üldse kõik ? 
3	NA	 Kui oleks olemas midagi niivõrd elamist väärivat , et tema nimel võiks surra , siis milleks üldse elada ? 
3	NA	 Järelikult pole mitte tuhkagi tõeliselt elamist väärivat olemas . 
3	NA	 Üks paremaid nippe , et selle paradoksi raskuse alt pakku saada - millel muidugi puudub mõte - on iseendale valetamine . 
3	NA	 Valetada tuleb nii palju , et ise ka uskuma hakkad ja sinu vale-mina ränga tõe tahaplaanile surub , edasi lükkab , ajutiselt leevendab . 
3	NA	 Teatud piirini , mis ükskord siiski enamusel meist saabub . 
3	NA	 Siis ei aita enam midagi . 
3	NA	 Siis muutud sa parasiidiks . 
3	NA	 Kas põgenemise läbi väljamõeldud üliolevuse juurde , kellele toetudes võid julmalt kasvõi üle laipade minnes pika putukaelu maha elada või ise üliolevuseks hakates surmani elu põletama jääda . 
3	NA	 Siis oled sa maailma tõeliselt funktsioneeriv osake : ei punni vastu tema igavesele ringkäigule . 
4	NA	 Kindlasti peksab suurem jagu lugejaid endale vastu rinda ja väidab , et kõige tähtsam siinilmas on iseenda vastu ausaks jääda . 
4	NA	 Milleks ? 
4	NA	 Just iseendale valetamine ongi alustuseks kõige efektiivsem . 
4	NA	" "" Ma ei valeta iseendale kunagi ! "" ütleb inimene ja juba tuleb tal suust suitsu . "
4	NA	 Vähesed hakkavad selle lause peale ise naerma . 
4	NA	 Filosoofia , loobumine , pühendumus , põhjuste põhjalik uurimine teadusliku tasandini välja - kõik see on üks suur iseendale valetamine . 
4	NA	 Valetamine selleks , et leevendada hirmu surelikkuse ees . 
4	NA	 Seepärast , kallid sõbrad , vähem hirmu ja rohkem valet ! Kui ma teile ausalt ütlen , siis mina endale ei valeta , aga miks ma ikkagi elan - seda ma teile ei ütle , sest ma ei tea . 
4	NA	 Usute ? 
5	 1. peatükk 	 1. peatükk 
6	NA	 Ühel hommikul oli kõik teisiti . 
6	NA	 Kell tirises kaks tundi hiljem kui tavaliselt . 
6	NA	 Eerik viskas teki pealt , hüppas voodist välja ja vaatas üle kõik kellad - mis tõsi , see tõsi ! 
6	NA	 Ta oli lootusetult hiljaks jäänud läbirääkimistele , kus oleks talle lõpuks ometi pakutud töökohta , millest ta oli aastaid unistanud . 
6	NA	 Helistaks - mõtles ta korraks - ja ütleks , et olen haigestunud . 
6	NA	 Jama ! Seda oleks pidanud kohe tegema . 
7	NA	 Masendunult läks ta trepist alla esimesele korrusele ja hüüdis naist : 
8	NA	" "" Anu ! Kus sa oled ? "" "
9	NA	 Kogu majas valitses täelik vaikus . 
10	NA	" "" Ilmselt läks poissi kooli viima ja käib poest läbi , "" mõtles ta valjult ja keeras raadio käima . "
11	NA	" "" Ja nüüd politseiuudised , "" öeldi külma ja hoolimatu häälega eetrisse . "
11	NA	" "" Hommikul kella seitsme paiku sõitis Tallinn-Tartu maanteel Tiksoja lähedal teelt välja tumesinine "" Audi "" . "
11	NA	" Roolis olnud naisterahvas toimetati raskete vigastustega haiglasse . "" "
12	NA	 Kuum piste käis Eerikul südame alt läbi . 
13	NA	" "" Tumesiniseid "" Audisid "" on ju palju , "" püüdis ta üha kasvavat ärevust alla suruda . "
13	NA	" "" Miks kuradi pärast peab see just Anu olema ? "" "
14	NA	 Ta pani kohvivee tulele ja kobistas halba aimates ülakorrusele , et kütmata köögi jaheduse eest midagi selga tõmmata . 
15	NA	" "" Huvitav , miks ta täna tuld pliidi alla ei teinud ? "" mõtles Eerik dressipükse jalga sikutades . "
15	NA	" "" Tavaliselt paneb ta ärgates kohe pliidi kütte ja alles siis hakkab asjatama . "" "
15	NA	 Talle hakkas kohale jõudma , et midagi on tõepoolest väga valesti . 
16	NA	" "" Ja millal ma suitsud ära tõmbasin ? "" imestas Eerik . "
16	NA	" "" Eile jäi ju veel üle poole paki … "" "
17	NA	 Heitnud pilgu naise öökapile , märkas ta konisid täis tuhatoosi all neljaks kokkumurtud paberilehte . 
17	NA	 Ta voltis lehe kiiruga lahti ja luges : 
18	NA	" "" Ma ei suuda seda kõike enam taluda . "
18	NA	 Sa pole mind kunagi tõeliselt armastanud . 
18	NA	 Pealegi on mul juba ammu keegi , kellest ma rääkinud pole . 
18	NA	 Tema armastab mind tõeliselt . 
18	NA	 Enno võib esialgu sinu juurde jääda , eks hiljem vaatame . 
18	NA	 Auto toon sulle täna tagasi . 
18	NA	 Poisi viisin kooli . 
18	NA	 Kapis on kruupe ja makarone vähemalt kuuks ajaks , edasi vaata ise . 
18	NA	 Ma ei suuda sulle enam lapsehoidja eest olla . 
18	NA	 Ära siis pikka viha pea - elus juhtub nii mõndagi . 
18	NA	" Anu . "" "
19	NA	 See oli juba liig mis liig . 
19	NA	 Ta võttis telefoni ja valis teadete numbri . 
20	NA	" "" Kas ma traumapunkti saaksin ? "" "
21	NA	 Talle öeldi number ja üllatavalt ruttu sai ta ühenduse . 
22	NA	" "" Tervist ! "
22	NA	 Ega teile pole täna hommikul toodud sisse Heina nimelist ? 
22	NA	" Anu Hein . "" "
23	NA	" "" On küll , jah , "" vastati teisest otsast . "
23	NA	" "" Vasak jalaluu , parem käeluu , kaks roiet ja peapõrutus . "" "
24	NA	" "" Kus ma teda näha võiksin ? "" "
25	NA	" "" Kes te talle olete ? "" "
26	NA	" "" Mees , "" vastas Eerik mitte eriti veendunult ja köhatas justkui kinnituseks . "
27	NA	" "" Mees just hiljuti küsis ta järele , "" kostis segaduses õde . "
28	NA	" "" Vabandage siis , "" ei osanud Eerik enam seletada . "
28	NA	 Ta lülitas telefoni välja ja istus voodiservale . 
28	NA	 Tuli hakata rahulikult asju läbi mõtlema . 
29	NA	" "" Naist mul ei ole - see on punkt üks , "" tegi ta algust . "
30	NA	" "" Autot pole ka , vähemalt ajutiselt mitte - see on teiseks . "" "
31	NA	" "" Töökohta pole ka , sest selle magasin ma müstilistel asjaoludel maha - see on kolmandaks . "
31	NA	" Kuradi kurat , ma ütlen ! "" "
32	NA	" "" Neljandaks ei ole suitsu ja viiendaks … "" "
32	NA	 Ta hakkas paaniliselt mööda taskuid sorima . 
32	NA	 Teinud põhjaliku ringi peale , pidi ta kibedusega nentima : 
33	NA	" "" Viiendaks ei ole raha ka . "
33	NA	" Vot nii on lood . "" "
34	NA	 Kõige selle krooniks oli asjaolu , et Eerik elas maal . 
34	NA	 Kakskümmend viis kilomeetrit Tartu linnast . 
34	NA	 Linna poole läks kolm bussi päevas ja linnast tuli kolm . 
34	NA	 Esimesed kaks olid juba läinud ja kolmas läks õhtul peale tavalist tööpäeva . 
34	NA	 Sellega tuleb juba Enno - sügas ta kukalt - ja kus ma siis enam lapsega mööda linna kondama hakkan … 
35	NA	" "" Kus emme on ? "" küsis kümneaastane Enno koolikotti nurka visates . "
36	NA	" "" Emmega juhtus väike õnnetus ja ta on haiglas , "" ei hakanud Eerik keerutama . "
37	NA	" "" Kui väike õnnetus ?  "" vaatas poeg isale kahtlustavalt otsa . "
38	NA	" "" Paar kuud peab ikka haiglas vedelema , "" püüdis Eerik võimalikult pehmelt asja serveerida . "
39	NA	" "" Homme peab söögiraha ära maksma , "" pistis Enno õpilaspäeviku isale nina alla . "
40	NA	" "" Tead , seekord vist jääb maksmata , sest … "" "
40	NA	 Ta ei osanudki kohe põhjendust leida ja jätkas võimalikult optimistlikult : 
41	NA	" "" Sööme lihtsalt kodus kere kõvasti täis ja … "" "
42	NA	 Ennole ei pidanudki õnneks enam eriti pikalt asju lahti seletama . 
43	NA	" "" Homme on mul kõvasti tegemist , nii et võib-olla ma viieks tagasi ei jõua . "
43	NA	" Pane siis ise makaronid keema ja … ah , mis ma siin õpetan , sa ju suur mees . "" "
44	NA	 Enno oli juba arvuti taga ja tuiskas kolle maha kõmmutades katakombides ringi . 
45	NA	" "" Issi ! "" "
46	NA	" "" No räägi . "" "
47	NA	" "" Kas sa ka mõnikord päris tõeliselt ehmud , kui siin mängus mõni skorpion sulle järsku nurga tagant näkku hüppab ? "" "
48	NA	" "" Ikka ehmun , "" vastas Eerik . "
49	NA	" "" Aga ise sa räägid , et televiisorit vaadates tuleb mõelda , et see on lõppude lõpuks ikkagi vaid film , mitte tõelisus . "" "
50	NA	" "" Noojah , aga ehmuda võib ju isegi halva mõtte või kujutluse peale . "" "
51	NA	" "" Issi , mis vahe on ehmatusel tõelise peale ja ehmatusel kujutluse peale ? "" "
52	NA	 Eerik oli nurka surutud . 
52	NA	" "" Ega suurt vahet vist olegi , "" jäi ta mõttesse . "
52	NA	" "" Ainult et tõeline võib sulle tõeliselt viga teha . "
52	NA	" Kujutlus vaevalt . "" "
53	NA	" "" Hardi isa ütles , et need mängud võivad ükskord närvid persse keerata . "
53	NA	" See ju on tõeline viga ? "" "
54	NA	" "" Sellepärast ma räägingi , et filmisse tuleb suhtuda nagu filmi ja mängusse nagu mängu . "" "
55	NA	" "" Siis ma pean oma kujutlusvõimet vaos hoidma ? "" "
56	NA	" "" Teatud asjade puhul vist jah , "" kippus Eerik vastamisega jänni jääma ja püüdis ruttu läbi mõelda , et kustmaalt , kurat võtaks , jookseb see piir . "
57	NA	" "" Issi ! "" "
58	NA	" "" Mis veel ? "" "
59	NA	" "" Kustsaadik on lubatud vabalt kujutleda ? "" "
60	NA	 Nonii - mõtles Eerik - nüüd on see aeg käes , kus ma enam omaenda pojale vastata ei oska . 
61	NA	" "" Sealtsaadik vist , kust sa enam kujutleda ei taha , "" püüdis ta haltuurat teha ja sedapuhku pääses edasisest pinnimisest . "
62	NA	" "" Tead , "" rääkis Enno edasi . "
62	NA	" "" Tegelikult ongi nii , et kui vaatad seda ekraani , nagu arvutiekraani ikka ja vaatad neid kolle siin nagu programmeeritud joonistusi , siis mitte ei võitle nendega , hirm nahas , vaid lahendad programmi poolt ette antud ülesannet . "" "
63	NA	" "" Mida sa sööd , et sa nii tark oled ? "" küsis isa ilma erilise pilketa . "
64	NA	" "" Makarone , "" vastas poeg ilmselge pilkega . "
65	NA	" "" Issi ! "" jätkas Enno pärast mõningast vaikimist . "
65	NA	" "" Kas sa midagi üldse päriselt kardad ? "" "
66	NA	" "" Sellist inimest , kes üldse midagi ei karda , pole vist olemas , "" arvas Eerik . "
67	NA	" "" Mina kardan pimedust , "" tunnistas poeg . "
67	NA	" "" Ja natuke sind ka kui sa pahas tujus oled ja ma midagi valetanud olen . "" "
68	NA	" "" Ära siis valeta , "" soovitas issi . "
68	NA	" "" Hirmust pidigi niimoodi jagu saama , et otsid ta ise üles ja vaatad talle otsa . "" "
69	NA	" "" Ja kaua sa teda niimoodi vahtima pead ? "" küsis Enno . "
70	NA	" "" Niikaua kui üle läheb , "" arvas Eerik . "
71	NA	" "" Aga kui ei lähe ? "" pinnis poeg edasi . "
72	NA	" "" Too näide , sul on vist midagi konkreetset hinge peal ? "" "
73	NA	" "" No seesama pimedus , "" ütles poeg . "
74	NA	" "" Ehhee , see on omaette ooper , "" lohutas issi . "
74	NA	" "" Pimedus on teadmatus . "
74	NA	" Teadmatuse ees tunneb inimene kõige suuremat hirmu . "" "
75	NA	" "" Mis ma siis tegema pean ? "" küsis Enno . "
76	NA	" "" Teada saama , "" vastas Eerik . "
76	NA	" "" Näiteks . "
76	NA	 Lebad pimedas toas oma voodis ja hakkavad igasugused kujutlused tekkima . 
76	NA	 Sina tõused üles , paned tule põlema ja veendud , et toas pole kedagi . 
76	NA	" Lihtne ju ? "" "
77	NA	" "" See on toas . "
77	NA	" Aga metsas ? "" "
78	NA	" "" Sellega on tsutsu keerulisem . "
78	NA	 Aga teadmine päästab ikkagi . 
78	NA	 Elus õpid teadma , et enamus loomi , eriti meil siin Eestimaal , kardab rohkem sind kui sinul neid põhjust karta on . 
78	NA	" Ja vaenlastega on lugu selline , et pimedus on nendele sama palju relvaks kui sullegi . "" "
79	NA	" "" Aga kui on lihtsalt hirm . "
79	NA	" Kui ma ei karda ei vaenlast ega loomi ? "" ei jätnud poeg küsimist . "
80	NA	" "" Natuke vist peabki olema , "" mõtles issi järele . "
80	NA	" "" Päris ilma hirmuta ei saa , see on nagu väike kaitsevahend ka - oled ootamatuste vastu rohkem valmis . "" "
81	NA	 Ennol oli nüüd piisavalt mõtlemisainet ja ta jättis isa mõneks ajaks rahule . 
82	NA	 Eerikut ennast valdas veider tunne . 
82	NA	 Tal polnud enam nagu midagi karta . 
82	NA	 Kõik , mida ta hirmuga oodanud oli , oli nüüd käes . 
82	NA	 Naine oli teise oma , poeg võetakse ka ükskord ära , auto oli hunnikus ja töökoht läinud . 
82	NA	 Ainuke , mis veel tulla võis , oli nälg . 
82	NA	 See oli siiski teadaolev asi , selle vastu võis hakata sihipäraselt tegutsema . 
83	 2. peatükk 	 2. peatükk 
84	NA	 Hommikul ärkas Eerik , vaatamata poolunetule ööle , tund aega varem kui muidu . 
84	NA	 Ta pani pliidi alla tule , tõi vett ja keeras raadio käima . 
84	NA	 Pojal lasen veel veidi magada - mõtles ta omaette - ja hakkas päeva planeerima . 
85	NA	" "" 1. Reinult raha laenata , "" kirjutas ta hariliku pliiatsiga kollasele pakkepaberile . "
86	NA	" "" 2. Auto tasulisest parklast ära võtta ja kuhugi remonti panna . "" "
87	NA	" "" 3. Lehte töökuulutus . "" "
88	NA	" "" 4. Rita üles otsida . "
88	NA	" "" Selle rea tõmbas ta siiski kohe rasvaselt maha ja asendas uuega : "" 4. Anut vaatamas käia . "
88	NA	" Täpselt . "" "
89	NA	" "" 5. Suitsud . "
89	NA	" "" Jupp aega pliiatsit närinud , tõmbas ta ka selle rea maha. "
90	NA	" "" 5. Kui raha saab , siis midagi poest . "
90	NA	" "" Midagi peale makaronide - mõtles ta muigega . "
91	NA	" "" Tshau ! "" ilmus Enno silmi hõõrudes köögiuksele . "
92	NA	" "" Kus emme on ? "" "
92	NA	 Ta jäi korraks isa askeldamist vaatama ja alles siis talle meenus : 
93	NA	" "" Ahjaa … "" Ta kadus peldikusse ja tagasi tulles tõi kaasa valge kassipoja , kes välisukse taga juba ammu põrgulärmi oli teinud . "
93	NA	" Kassipoeg , nuusutanud taldrikule pandud makarone , turtsatas korra , taganes veidi maad , tõi esile pika haleda "" mjäuu "" ja hakkas siis ikkagi servast nosima . "
94	NA	" "" Täna viskab ehk raha , "" püüdis Eerik poja ees vabandada kui see oli käitunud enam-vähem samuti nagu kassipoeg . "
95	NA	 Bussipeatusse oli kolm kilomeetrit astuda ja nad tegid seda vaikides . 
95	NA	 Jõudnud postkastini , koukis Eerik sellest välja kolm ümbrikku . 
96	NA	" "" Telefoniarve , maamaks , meeldetuletus pangast , et eelmise kuu laenusumma on tasumata . "" "
97	NA	" "" Kokku viis tuhat krooni , "" arvutas Eerik endamisi . "
98	NA	 Nad olid maja peale laenu võtnud ja seda oli veel kokku kümne tuhande eest jäänud . 
98	NA	 Talle meenus , kuidas Anu oli kord karjunud kui ta purjuspäi koju tuli : 
99	NA	" "" Ilma minuta oleksid sa ammu rentslis olnud ! "" "
100	NA	 Oleks nüüd Eerikul saba olnud , oleks ta selle jalgevahele tõmmanud . 
100	NA	 Praegu aga oli tema ainukeseks sabaks Enno . 
101	NA	 Päev kulus enamalt jaolt autoga jändamisele . 
101	NA	 Seda polnud mõtet enam remonti viia ja Eerik müüs ta lammutusse maha . 
101	NA	 Raha sai parasjagu niipalju , et maksta ära kõik võlad ja maksud . 
101	NA	 Autost oli ta nüüd ilma aga võlgadest lahti . 
102	NA	" "" Let's go ! "" mõtles ta endamisi . "
102	NA	" "" Alustame siis pealegi otsast . "" "
103	NA	 Järelejäänud raha eest ostis ta paki paberit ja printeritinti . 
103	NA	 Kui muud ei suuda teha , hakkan kirjutama - mõtles ta endamisi ja koduteel bussis loksudes kangastusid talle kuulsusrikas tulevik ja suured honorarid . 
104	NA	 Enno vaatas isa murelikult ja kui külmkapis poleks olnud igasugust lihakraami , oleks ta arvanud , et vanamees on ära pööranud : sööb makarone ja laenab raha , et tundide kaupa arvuti ees istuda , tühja ekraani vahtida ja muusa suudlust oodata . 
105	NA	 Kaks päeva ja paraja lahmaka kummastki ööst istus vanamees tõepoolest arvuti taga ja vahtis üle kuvari tapeedimustrit . 
105	NA	 Siis korraga klõbistas ta esimese rea : 
106	NA	" "" Vaatamata kõigile vastuargumentidele pidi ta tunnistama , et surra on täpselt samapalju mõtet kui eladagi . "" "
107	NA	 Eerik arvutas välja , kui kaua ta sellises tempos kirjutab kolmesajaleheküljelist romaani . 
107	NA	 Ta sai aukartustäratava numbri - 6300 päeva . 
107	NA	 See tegi üle 17 aasta . 
107	NA	 Rikkaks niimoodi ei saa - arvas ta neljandat suitsupakki avades - peab vähem mõtlema ja rohkem kirjutama . 
108	NA	 Talle meenus üks loetud raamat , kus autor astus üle surnud filosoofide peade , nii et varbad aeg-ajalt mõnele suhu või silma sattusid . 
108	NA	 Alul ütles maha , et mitte millelgi pole mõtet ja siis kukkus kirjeldama kuidas kõik mineviku filosoofid enam või vähem täielikku jama on ajanud . 
108	NA	 Seda tegi ta niisuguse põhjalikkuse ja kirega , et alles raamatu lõpuks sai Eerik aru kui mõttetu see kõik on . 
108	NA	 Mis siis , et Schopenhauer lookas pidulaua taga enesetappu ülistas . 
108	NA	 Veelgi nõmedam oli juurelda miks ta seda tegi . 
109	NA	 Möödus kolmas ööpäev ja vastu õhtut kirjutas Eerik kolmanda rea : 
110	NA	" "" Ja kui ta veel surnud ei ole , siis ei ela ta kah teps mitte . "" "
111	NA	 Nii see asi nüüd küll ei lähe - leidis ta lõpuks ja otsustas kergema zhanri kasuks . 
111	NA	 Sündmustikku on rohkem vaja - mõtiskles ta enne magamajäämist - ja tulistamist . 
112	NA	 Hommikul vaatas koer talle lõpmata nukrate silmadega otsa ja siis tuli Eerikule meelde , et see elajas tahab ju ka süüa . 
112	NA	 Kassipoeg oli kõhna nagu roots ja Enno käis rohkem küla peal , sest arvuti oli tulevase surematu kirjaniku töövahendiks muutunud . 
113	NA	" "" Issi , sa peaks midagi tegema hakkama ! "" oli poiss kooli minnes ukse vahelt poetanud . "
114	NA	" "" Sa vaata , et sa kolmede sisse ära ei upu ! "" oli Eerik ennast kaitsnud . "
115	NA	 Molutanud pool päeva arvuti taga , tegi ta uuesti katset : 
116	NA	" "" Enne kui mustas nahkjopes päikseprillidega mees oli jõudnud käe sirutada , et võtta talt diplomaadikohver , riivas kuul nende peade kohal krohvi ja mõlemad mehed tardusid korraks paigale . "
116	NA	 Harry laskis kohvril kukkuda ja põgenes pimesi seljataha tulistades üle aedade kesklinna poole . 
116	NA	" Alles põksuva südamega autosse istudes taipas ta täie teravusega , millise vea oli teinud . "" "
117	NA	 See oli ilmne edusamm ! 
117	NA	 Eerik läks kööki ja pani kohvivee üles . 
117	NA	 Kuus ja pool rida ühe minutiga ! 
117	NA	 Nii võib veel ratsa rikkaks saada . 
117	NA	 Ta rüüpas hoogsalt kuuma kohvi ja kõrvetas keele ära . 
118	NA	" "" Läbi tähtede raskuste poole ! "" leiutas Eerik uue lipukirja ja püüdis samas vaimus jätkata : "
119	NA	" "" Jõudnud hotellituppa , pakkis ta kiiruga asjad ja lahkus võimalikult märkamatult . "
119	NA	 Diplomaadikohvri sisust polnud tal õrna aimugi . 
119	NA	 Ainuke , milles ta seda raputades selgusele oli jõudnud , oli see , et midagi ei kolisenud nagu metall ja midagi ei krabisenud nagu paber . 
119	NA	 Tundus , et kohver sisaldas poolekiloseid jahukotte . 
119	NA	 Narkots - oli ta enam-vähem kindel . 
120	NA	 Linna piiridest välja jõudnud , rahunes ta veidi ja läitis suitsu . 
120	NA	 Annaks jumal , et ta enne põgenemist kohvri kätte sai - oli ainuke mõte , mis pidevalt peas vasardas . 
120	NA	" Vastasel juhul olen ma nüüd kahe tule vahel . "" "
121	NA	 Eerik oli üllatunud . 
121	NA	 Oleks tal koolikirjandite kirjutamine nii ladusalt läinud , poleks tal kümmet ametit tarvis olnud pidada . 
121	NA	 Mõistnud , et on tarvis mõtteid koguda , läks ta õue ja vaatas koeraga tõtt . 
122	NA	" "" Miks sa silmad ära pöörad , lontrus ! "" tundis ta üle pika aja vajadust kellegagi rääkida . "
122	NA	" "" Ise tahad veel hunt olla … "" "
123	NA	 Hommikuse kruubipudru kätte saanud lontrus oli kõigega nõus ja tõmbas kükitaval peremehel keelega üle näo , nii et see kuklani maas ära käis . 
124	NA	" "" Kui sa veel nii teed , lasen su kuudi õhku ! "" noomis Eerik ja mõtles , et üksinda on maakohas päris hea elada . "
124	NA	 Vähemalt ei kuule keegi mis lollusi sa suust välja ajad . 
125	NA	 Saanud viimasest mõttest julgustust , hakkas ta veiderdama . 
125	NA	 Pöördudes oletatava naisterahva poole , lausus ta nuga ja kahvlit kätte kujutledes : 
126	NA	" "" Olge nii kena ja ulatage mulle , palun , pool perset ! "" "
126	NA	 Teinud renessaansiaegse kummarduse lahkele daamile , lõi ta jalaga saadud kehaosa nagu jalgpalli ja juubeldas löödud värava üle nagu tõeline fanaatik . 
127	NA	 Karjunud ennast tühjaks , märkas ta ehmatusega , et väraval seisab Enno naabritüdruku ja mingisuguse sõbraga . 
128	NA	" "" Me siin vestlesime pisut , "" viipas ta koera poole , kes oli kuuti peitu pagenud ja tegi ruttu majja asja . "
129	NA	" "" Vanamees rabeleb veits , "" ei osanud ka Enno sõpradele nähtut paremini lahti seletada . "
130	NA	" "" Kas ta tööl ei käigi ? "" küsis naabriplika . "
131	NA	" "" Ta kirjutab raamatut , "" ütles Enno nagu muuseas ja hakkas palavikuliselt muud teemat otsima . "
132	NA	" "" Minu oma laulab roppe laule , "" tunnistas naabritüdruk . "
133	NA	" "" See on veel hullem , "" lisas ta justkui lohutavalt . "
134	NA	 Eerik aga kirjutas : 
135	NA	" "" Helises telefon . "
136	NA	" "" Seekord läks õnneks . "
136	NA	 Raha on üle kantud . 
136	NA	" "" Harry hingas sügavalt sisse ja hoidis tükk aega hinge kinni . "
137	NA	" "" Huuuuh ! "" hingas ta pikalt välja ja vajutas gaasi . "
137	NA	" "" 25000 . "" "
138	NA	" Õhtuhämaruses jõudis ta N. linna ja parkis auto ööklubi "" Las Vegas "" tagaukse lähedale . "
138	NA	 Kontrollinud padrunipidet , pistis ta püstoli selja taha püksivärvli vahele ja koputas metalluksele parooli . 
139	NA	" "" Sind oodatakse , "" ütles suurt kasvu turvamees ja saatis teda kuni kõrvalsaali ukseni . "
140	NA	 Nahkdiivanil istusid Ralf ja Tom . 
140	NA	 Eemal , akna juures , seisis võõras mees seljaga teiste poole . 
140	NA	 Harry muutus valvsaks . 
141	NA	" "" Oleksid ääre pealt kõik kihva keeranud , mis ? "" küsis Ralf külma ja võõra häälega . "
141	NA	" "" Nagu sa esimest korda üleandmisel oleksid käinud ! "" "
142	NA	" "" Kurat , ma tegin kogu kvartalile ringi peale , enne kui sinna nina julgesin pista . "" "
143	NA	" "" Ok , nüüd asjast . "
143	NA	 Kusagilt tilgub läbi . 
143	NA	 Kui sul on kahtlusi , ütle välja . 
143	NA	 Vastasel juhul peame põhjaliku puhastuse tegema ja sellest ei pääse ka sina . 
143	NA	 Võib juhtuda , et paljud saavad ilmaasjata viga . 
143	NA	" Räägi ! "" "
144	NA	 Harry vaatas võõra poole ja lausus rahulikult : 
145	NA	" "" Ma pean kõik läbi mõtlema . "
145	NA	" Mina see ei ole . "" "
146	NA	" "" Ära sa täna igaks juhuks koju mine , "" tegi Tom suu lahti . "
147	NA	" "" Ole öö mõne tibi pool , mõtle asja üle järele ja hommikul kell 10.00 saame kokku . "
147	NA	" Koha suhtes helistame ette . "" "
148	NA	" Harry astus vaikides ukseni ja tundis kõigi nende seitsme sammu jooksul akna all seisva mehe hindavat kõõrdpilku . "" "
149	NA	 Eerik aga tundis , et kaelasooned jäävad valusaks . 
149	NA	 Raske füüsiline töö - mõtles ta muigega - ja suitsu läheb palju . 
149	NA	 Ta jõi külma kohvipära ära ja sai suhu rohkem kohvipaksu kui muidu . 
149	NA	 Stenografisti võiks palgata - oli järgmine tähelepanek - mõte liigub kiiremini kui näpud . 
149	NA	 Ta võttis nurgast lõõtspilli , istus voodiservale ja laulis täiest kõrist : 
150	NA	" "" Vooolga , Vooolga , matt radnaaaja "
151	NA	" Vooolga ruuuskaja rekaaaaaa . "" "
152	NA	 Trepilt kostis samme ja ta pani ruttu lõõtsa käest , jäi akna alla seisma ja kujutas ette , et on palgamõrvar . 
153	NA	" "" Issi ! "" "
154	NA	" "" Mis lahti ? "" "
155	NA	" "" Kuna me emmet vaatama läheme ? "" "
155	NA	 Enno seisis ukse peal sihitu igatsusega pilgus nagu lastekodu laps ja Eerik tuli maa peale tagasi . 
156	NA	" "" Homme , "" ütles ta otsustavalt ja luges mõttes oma viimaseid rahasid üle . "
157	NA	" "" Kas ma mängida võin ? "" küsis Enno ja vaatas igatsevalt arvuti poole . "
158	NA	" "" Olgu , "" lausus Eerik . "
158	NA	" "" Täna on sinu õhtu . "" "
159	NA	 Ta laskis printerist kirjutatu välja ja ennäe - täpselt lehekülg ! 
159	NA	 Nii mahub ju ühe aasta sisse äragi ! 
160	 3. peatükk 	 3. peatükk 
161	NA	 Harry vahtis lakke ja kuulatas hääli akna taga . 
162	NA	" "" See on kindlasti Sten , kes informatsiooni lekitab , "" oli ta kindel . "
162	NA	" "" Sten armastab topeltmängu . "" "
163	NA	 Blond tibi ta kõrval kippus norskama ja Harry pigistas tal nina kinni . 
163	NA	 Tibi korsatas ja ajas automaatselt käe Harryle jalgevahele . 
164	NA	 Harry lükkas käe ära ja tõusis , et akna juures värsket õhku hingata . 
165	NA	" "" Homme annan Steni välja , "" otsustas ta . "
165	NA	" "" Seadis mu elu ohtu ja nii tasuvast tööst pole mul reeturi pärast mõtet loobuda . "" "
166	NA	 Harry töö üks plusse või miinuseid - kuidas võtta - oli see , et ta ei teadnud kunagi , mis lukustatud diplomaadikohvris on . 
166	NA	 Ta oli kuller . 
166	NA	 Viis oma kraami õigeaegselt kohale ja raha sai kätte tillukesest lillepoest kesklinnas . 
166	NA	 Bossi ennast polnud ta kunagi näinud ega lootnud nähagi . 
166	NA	 Ainukesed , kellega ta läbi käis , olid Ralf ja Tom . 
167	NA	 Täpselt kell 9.30 helises telefon . 
168	NA	" "" Poole tunni pärast väetiseladude juures . "
168	NA	" "" See oli üks paljudest väljakujunenud kokkusaamiskohtadest . "
169	NA	 Söönud vaikides ära kohustusliku omleti , suudles Harry külmalt tibi otsaesist ja sõitis liftiga alla . 
169	NA	 Püstol oli igaks juhuks üle käsivarre heidetud tolmumantli all peos . 
169	NA	 Tema töös tuli nii mõndagi ette . 
169	NA	 Õnneks ei teadnud selle tibi olemasolust isegi Sten . 
170	NA	 Kirsipunane Nissan Maxima oli talle kätte antud avansina . 
170	NA	 Praeguseks oli ta juba pool selle maksumusest tasa teeninud . 
171	NA	" "" Sõidad M. linna . "
171	NA	" Homme , "" ütles Ralf lakooniliselt nagu alati . "
171	NA	" "" Paberikraam on siin , kauba saad lillepoest . "" "
172	NA	 Harry viskas paberitele pilgu peale . 
172	NA	 Kohad , ajad , sõiduplaanid , paroolid , piletid . 
172	NA	 Peale sõiduplaanide ja piletite tuli kõik pähe õppida . 
172	NA	 Sellega oli ta harjunud . 
173	NA	" "" Kes on lekitaja ? "" küsis Tom , kui Harry juba minekule oli pöördunud . "
174	NA	" "" Sten , "" vastas Harry ilma vähimagi kõhkluseta . "
175	NA	" "" Ok , lase käia . "
175	NA	 Enne ära helista kui tagasi oled või kui midagi valesti läheb . 
175	NA	" On kõik arusaadav ? "" "
176	NA	" "" Täiesti , "" vastas Harry . "
177	NA	" "" Harry ! "" hüüdis Ralf järele . "
178	NA	" "" Kuulen . "" "
179	NA	" "" Seekord on su kohver eriti hinnaline . "" "
180	NA	" "" Sain aru . "" "
181	NA	 Paberitest selgus , et ta peab loksuma ühistranspordis ja ööbima võõra nime all odavas äärelinnahotellis . 
181	NA	 Olgu peale - asi on seda väärt . 
182	NA	 Lillepoest oli ta saanud taas kopsaka ümbriku ja viinud selle Herberti kätte . 
182	NA	 Herbert oli kuuekümne viie aastane mõnus vanamees . 
182	NA	 Kusagilt otsast kauge sugulane . 
182	NA	 Harry käis tihti tema juures juttu ajamas kui elust tülpinud oli . 
183	NA	" "" Mul pole teilt enam midagi vaja ja teie ei saa mult ka mitte sittagi , "" tavatses Herbert alatihti öelda , kuigi keegi talt midagi ei küsinud . "
184	NA	 Peale kahetunnist sõitu jõudis Harry M. linna , parkis auto odavast hotellist poole kilomeetri kaugusele tasulisse parklasse ja esitanud valepassi , seadis ennast kriuksuva voodi ja mustvalge telekaga toakesse sisse . 
184	NA	 Nagu vanadel headel aegadel , mil ta Stellaga tiiba oli ripsutanud . 
185	NA	 Kokkusaamine pidi toimuma väikeses restoranis linna teises otsas . 
185	NA	 Sedapuhku oli kohvri vastuvõtjaks naisterahvas . 
185	NA	 Kena kleenuke brünett teraste silmadega . 
185	NA	 Harry tundis ta kohe ära foto järgi , mille ta eile enne lahkumist N. linnast ära oli põletanud . 
185	NA	 Nägude peale oli tal üldiselt halb mälu ja seepärast põletas ta fotod alati viimasena . 
186	NA	" "" Harry , "" tutvustas Harry end kätt sirutamata nagu neil kombeks oli . "
187	NA	" "" Miks sul lipsu ees ei ole ? "" küsis naine kohustusliku küsimuse . "
188	NA	" "" Ei leidnud õiget , "" vastas Harry päheõpitud vastuse . "
189	NA	" "" Jäta kohver tooli kõrvale ja tõmba lesta ! "" manas naine ette võltsnaeratuse . "
189	NA	 Elusuuruses oli ta niivõrd võluv , et Harryt ei kangutanud ükski võim nii järsku tooli küljest lahti . 
190	NA	" "" Ehk sööks midagi ? "" küsis ta täiesti programmiväliselt . "
191	NA	" "" Ma teen välja , "" lisas ta kiiruga , nähes , et naise silmis vilksatas säde alltekstiga "" saadetakse ka igasuguseid idioote ! "" "
192	NA	" "" Ma olen tõepoolest eilsest saati söömata , "" mängis ta oma rolli kangekaelselt edasi . "
193	NA	" "" Mul on täpselt pool tundi aega , "" leebus naine ja lisas : "
194	NA	" "" Ethel . "" "
195	NA	 Harry viipas kelnerile , pani sajalise lauale ja vaatas tollele sisendava pilguga otsa : 
196	NA	" "" Meil on aega täpselt pool tundi . "
196	NA	" Kaks praadi ja kaks klaasi valget veini . "" "
197	NA	 Kelner tõstis käe kujutletava mütsi äärde ja pistis osava liigutusega raha rinnatasku . 
198	NA	" "" Mul ei ole ühtegi naisterahvast , kellega isegi rääkida , "" valetas Harry alustuseks . "
199	NA	" "" Kui sa tahad muga magada , ütle kohe , "" vastas Ethel talle otse silma vaadates . "
200	NA	" "" Sa oled nii ilus ! "" kokutas Harry . "
201	NA	" "" Ma tean , "" vastas Ethel mõtlemata . "
202	NA	" "" Sul pole ju aega … "" jätkas Harry . "
203	NA	" "" Helista homme sellel numbril . "
203	NA	" "" Ethel ulatas Harryle käekotist visiitkaardi , millel oli ainult mobiiltelefoni number ja nimi Ethel . "
204	NA	 Söömise ajal oli naine vait ja Harry pidas targemaks peale kogetud otsekohesust asja mitte lurri keerata . 
205	NA	 Järgmise päeva hommikul ärkas Harry taas telefonihelina peale . 
206	NA	" "" Raadiot kuulad ? "" küsis Tomi kähisev hääl . "
207	NA	" "" Vahel ikka , "" vastas Harry unesegaselt . "
208	NA	" "" Siis kuula , "" kähises Tom ja pani toru ära . "
209	NA	 Harry keeras raadio lahti ja mõne minuti pärast öeldi politseiuudistes maha , et avarii tagajärjel oli süttinud nii- ja niisugune auto . 
209	NA	 Omanik olevat sisse põlenud . 
210	NA	" "" Sten , "" oli Harryle kohe asi selge . "
210	NA	 Kerge värin läbis ta keha ja tulevik tundus juba pisut vähem turvaline . 
210	NA	 Aga mis siis kui kunagi osutab keegi tema peale sõrmega … 
211	NA	" "" Saan auto tasa , kogun natuke raha ja astun mängust välja , "" heietas ta tulevikuplaane . "
211	NA	" "" Kes minusugust putukat põletama hakkab , "" püüdis ta end lohutada . "
211	NA	" "" Ma ei tea isegi mis kohvris on . "" "
212	NA	" "" Sten ei teadnud ju ka , "" tuli tal korraga vannitoas hambaid pestes pähe . "
212	NA	" "" Aga tema ei osanud suud pidada , "" lohutas ta end jälle . "
212	NA	" "" Ja tahtis kahest kohast raha saada . "" "
213	NA	 Helises uksekell ja Harry pani püstoli valmis . 
214	NA	" "" Kes seal on ? "" küsis ta kaugelt . "
215	NA	" "" Teile on kiri , "" kostus ukse tagant flegmaatiline bariton . "
216	NA	 Harry keeras ettevaatlikult lukku ja umbes neljakümneaastane nohiku olemisega hall kuju ulatas talle ümbriku . 
216	NA	 Vaadanud mehe lahkudes trepikoja tähelepanelikult üle , istus ta voodiservale ja luges : 
217	NA	" "" Ükskord tuled mulle järele . "
217	NA	" Sten . "" "
218	NA	" "" Raisk ! "" röögatas Harry ja adus , et nüüd on see käes . "
218	NA	 Rahulik tulevikuvisioon plärtsatas puruks , nii et sülge pritsis kahte lehte . 
219	NA	" "" Kas on tõesti võimalik , et maha põles vale mees ? "" mõtles ta palavikuliselt . "
219	NA	" "" Siis on mul lõpp ! "" "
219	NA	 Ta vooris närviliselt toast kööki ja tagasi . 
219	NA	" "" Korter vahetada ! "
219	NA	" Ei , müüa ! "" parandas ta käigupealt . "
219	NA	" "" Auto välja vahetada … "" "
220	NA	 Ta jäi ootamatust mõttest halvatuna keset tuba seisma , hiilis siis piki seina akna juurde ja piilus ettevaatlikult kardina tagant välja . 
220	NA	" "" Puhas , "" pidi ta esialgu nentima . "
220	NA	" "" Ma jõuan veel … "" Ta pani minutiga riidesse , toppis kiiruga kotti kõige hädapärasema ja ronis järeletehtud võtmega naaberkorterisse sisenedes maja otsaaknast mööda kastanit kolmandalt korruselt alla . "
220	NA	 Selle põgenemisvariandi oli ta ammu valmis mõelnud . 
220	NA	 Oli veel teinegi - üle katuste - aga seda ei läinud praegu tarvis . 
220	NA	 Autot hoidis ta peaaegu iga päev eri kohas ja see tuli nüüd lõpuks kasuks . 
221	NA	" "" Vaevalt , et Stengi praegu vabalt ringi jalutab , "" mõtles Harry ja peatas auto kahe kvartali kaugusel Herberti majast . "
221	NA	 Enne kui rooli tagant tõusis , valis ta Ralfi numbri . 
222	NA	" "" Ta on elus , "" püüdis ta olla lakooniline ja jäi kuulama reaktsiooni teises otsas . "
223	NA	" "" Ära sabista , "" vastati rahulikult . "
223	NA	" "" Aga ära ennast lehvita ka . "
223	NA	 Ole mõni aeg redus . 
223	NA	" Tom korraldab su korteri müügi ja auto vahetuse . "" "
224	NA	" "" Nad ei kanna mind kohe maha kui liikuvat märklauda , "" mõtles Harry kergendusega ja hiilis läbi tagahoovide Herberti majani . "
225	NA	" "" Noh , kuidas maffia käsi käib ? "" "
226	NA	" "" Herbert , ma olen sulle ju öelnud ! "
226	NA	 Ära nimeta asju valede nimedega . 
226	NA	" Ma olen tavaline spekulant ja parseldan turu taga suitsude ja viinaga . "" "
227	NA	" "" Mina ei taha teilt nagunii mitte midagi ja minult ei saa te ka mitte sittagi , "" tegi Herbert tavapärase kokkuvõtte . "
228	NA	" "" Herbert , kas sul sugulase jaoks mõneks ööks koiku leidub ? "" "
229	NA	" "" Eks sa ole , kui mujale minna pole . "
229	NA	" Ons midagi tõsist lahti ? "" Herbert vaatas uurivalt Harry sõrmi , mis trummeldasid lauale tundmatut bluesi . "
230	NA	" "" Tead , ma müün korterit ja kola on juba kokku pakitud … "" keerutas Harry . "
231	NA	" "" Ära sa mulle küll pudrutama tule ! "" lõi Herbert käega . "
232	NA	" "" Herbert ! "" vahetas Harry tooni . "
233	NA	" "" Räägi ! "" Herbert istus laua taha Harry vastu . "
234	NA	" "" Herbert , kui minuga midagi juhtuma peaks … "" ta kõhkles pisut ja vaatas vilksamisi akna poole . "
234	NA	" "" Kui minuga midagi juhtuma peaks , siis pane kõik raha sellele arvele . "
234	NA	" "" Ta võttis taskust Steni pooleksmurtud kirja ja maalis sellele hoolikalt pangakonto numbrid . "
234	NA	 Õnneks oli Herbert küllalt kaua ja keeruliselt elanud , et seletusi oodata . 
234	NA	 Ta murdis paberi veelkord kokku ja peitis selle kummutisahtlisse . 
235	NA	" "" Ole mureta ! "" oli kõik , mis ta asja kohta kostis . "
236	NA	 Nad mõlemad mõtlesid Harry tütrele , kes teises linnas oma elu algust püüdis korraldada . 
237	NA	" "" Oled sa kahe tule vahel ? "" küsis Herbert ainult . "
238	NA	" "" Veel mitte , "" vastas Harry ja sellega nende jutuajamine antud teemal piirdus . "
238	NA	 Herbert võttis köögikapist viskipudeli ja pani lauale . 
239	NA	" "" Tahad elada , oska keerutada - ütlevad venelased . "" "
240	 4. peatükk 	 4. peatükk 
241	NA	 Eerik ja Enno seisid Anu haigevoodi jalutsis nagu oleks see surivoodi . 
241	NA	 Näod tõsised ja juttu ei tulnud ka suuremat . 
242	NA	" "" Sa pole ju kunagi varem proosat kirjutanud , "" püüdis Anu Enno öeldut Eerikuga vestelda proovides ära kasutada . "
243	NA	" "" Sul pole enne mitut meest ka olnud , "" ei saanud Eerik valusast teemast üle ega ümber . "
244	NA	" "" Ega mul mitut olegi , "" tögas Anu vastu . "
244	NA	" "" Mul üks mees ja kaks last . "" "
245	NA	" "" Me tõime sulle siin träna , tead . "
245	NA	" "" Eerik pani kilekoti kommikarbi ja saiakestega öökapi kõrvale . "
246	NA	" "" Kuidas teil muidu läheb ka ? "" küsis Anu . "
247	NA	" "" Emme , kaua sa siin olema pead ? "" vastas Enno küsimusega . "
248	NA	" "" Kaks kuud pidi ära minema , "" ohkas emme . "
248	NA	" "" Kuidas koolis lood on ? "" "
249	NA	" "" Ah , on kah … "" Ennol kakkus meel nukraks . "
249	NA	" "" Me sööme issiga makarone . "" "
250	NA	" "" Issi võiks kuhugi tööle minna , "" arvas emme . "
250	NA	" "" Igasuguseid otsi on võimalik saada . "" "
251	NA	 Eerik oli pikalt Anut jälginud ja tal hakkas kuidagi hale . 
251	NA	 Siin ta nüüd on - emantsipeerunud naine . 
251	NA	 Jättis mehe-lapse maha , pani autoga kraavi ja peab veel jalutsis seisvale minevikule loengut ka . 
251	NA	 Elu õnn käes nagu niuhti . 
252	NA	" "" Kes ta üldse on , millega tegeleb ? "" küsis Eerik ääriveeri . "
253	NA	" "" Ta töötab kinnisvarafirmas . "
253	NA	" On üks omanikke , "" vastas Anu ilma otsa vaatamata . "
253	NA	" "" Käis just enne teid siin . "" "
254	NA	" "" Emme , kas sa koju tagasi ei tulegi ? "" küsis Enno . "
255	NA	" "" Ei , poja . "
255	NA	 Kui siit välja saan , tulen sulle järele . 
255	NA	" "" Ta mõtles natuke aega ja lisas siis veidi vaiksemalt : "
256	NA	" "" Kui sa tahad . "" "
257	NA	" "" Ma ei tea , "" oli Enno esimest korda nii raskes olukorras . "
258	NA	 Raske südamega lonkisid nad vaikides bussipeatusse . 
259	NA	" "" Lilled oleks pidanud kohe vette panema , "" tegi suurem mees juttu . "
260	NA	" "" Tal oli neid seal niigi , "" arvas väiksem . "
261	NA	" "" Need olid tema enda istutatud , "" rõhutas suurem . "
262	NA	" "" Ma ei taha uut issit , "" rõhutas väiksem . "
263	NA	" "" Ega sa ei pea , "" ütles suurem . "
264	NA	" "" Aga ma ei taha uut emmet ka , "" ütles väiksem . "
265	NA	" "" Ega neid nii väga võtta polegi , "" arvas Eerik ja tänas jumalat , et buss tuli . "
266	NA	 Nad jõudsid kesklinna ja Eerik mõtles , et peaks enne tühja majja naasmist pojal veidi tuju tõstma . 
267	NA	" "" Kuule , Enno ! "" "
268	NA	" "" Mis on ? "" "
269	NA	" "" Kui õige pummeldaks veidi ? "" "
270	NA	" "" Raha on ju otsas . "" "
271	NA	" "" Ma siin müüsin ühtteist maha … "" "
272	NA	" "" Satelliidivärgi , jah ? "" teadis Enno . "
272	NA	" "" Ma märkasin . "" "
273	NA	" "" Ega me teda nagunii ei vaadanud ju ! "" oli Eerik võimalikult ükskõikne . "
274	NA	" "" Ega küll , "" oli Enno solidaarne . "
275	NA	 Nad istusid kohvikusse maha ja tellisid jäätist maasikamoosiga . 
276	NA	" "" Issi , "" tegi Enno juttu . "
276	NA	" "" Sul peaks ikka mõni naine olema . "
276	NA	 Muidu hakkad veel jooma . 
276	NA	" Egoni isa hakkas . "" "
277	NA	" "" Kui sina ei hakka , ei hakka mina ka , "" püüdis Eerik nalja visata . "
278	NA	 Esimest korda üle pika aja said nad naerda . 
279	NA	" "" Ma olen selle üle mõelnud , "" torkas Enno veel lisaks . "
279	NA	 Ja nad muudkui naersid . 
280	NA	" "" Kui õige koliks linna elama ? "" küsis Eerik järsku . "
281	NA	 Enno jäi kuidagi nukraks ja arvas , et paremat kodu neil enam kunagi olema ei saa . 
282	NA	" "" Olgu peale , "" ütles Eerik . "
282	NA	" "" Saame hakkama . "
282	NA	" Ja kuhu me Pitsu ja Miisu siin linnas panemegi … "" "
283	NA	" "" Ma võin minna ajalehti müüma , "" tegi Enno tööst juttu . "
284	NA	" "" Ja mina võin hakata tõlkima , "" plahvatas Eerikul järsku . "
285	NA	" "" Kas sa kirjutad nagu päris raamatut ? "" küsis Enno . "
286	NA	" "" Eks ta pärast näha ole , "" arvas Eerik . "
286	NA	" "" Igatahes on niimoodi kergem üksinda hakkama saada , kui midagi kirjutad . "" "
287	NA	" "" Aga mina olen sul ju ka ! "" hüüatas poeg ja kõrvallauas istuvad vanadaamid jäid neid pikalt passima . "
288	NA	" "" Lähme nüüd ära , "" pidas isa targemaks ja nad lonkisid jällegi bussi peale . "
288	NA	 Suurem veidi maad ees ja väiksem varbaga kive toksides järel . 
289	NA	" "" Issi ! "" hüüdis Enno . "
289	NA	" "" Kas sa seda anekdooti mäletad , mis sa sünnipäeval rääkisid ? "" "
290	NA	" "" Ei , "" vastas Eerik huupi ja mõtles juba ammu omi mõtteid . "
291	NA	" "" Noh , et kui on armuke , siis on takso ja restoran . "
291	NA	" Kui on emme , siis on liinibuss ja söökla . "" "
292	NA	" "" Terane , "" mõtles Eerik endamisi . "
293	NA	" "" Aga kui pole kumbagi ? "" küsis Enno . "
294	NA	" "" Siis on liinibuss ja restoran , "" arvas Eerik . "
294	NA	" "" Nagu täna . "" "
295	NA	" "" Ma pean sulle armukese muretsema , "" tegi Enno kokkuvõtte ja lõi kivikese isale vastu jalga . "
296	NA	 Eerik istus arvuti taga ja toksis oma kriminulli . 
297	NA	" "" Mis kuradi pärast ma mingist reamehest kirjutan , "" arutles ta omaette . "
297	NA	" "" Keda see huvitab ? "
297	NA	 Rahvas tahab James Bondisid ja Supermanne , traagilist algust ja õnnelikku lõppu . 
297	NA	" "" Ta pani suitsu ette jä läks õue koeraga tõtt vaatama . "
297	NA	 See tegevus rahustas sama palju kui tullevaatamine . 
298	NA	 Pitsu oli peremehe käitumisest viimastel päevadel ilmselt üllatunud , sest kunagi enne polnud talle niipalju tähelepanu pööratud , et tuldi mitu korda päevas tõtt vahtima . 
299	NA	" "" Eksootikat on vaja , "" seletas peremees teda kõrvatagant sügades . "
299	NA	" "" Eksootikat ja müstikat . "
299	NA	 See kuradi karm reaalsus on vanamoodne . 
299	NA	" "" Ta võttis puutoika ja viskas selle üle õue . "
299	NA	 Pitsu vaatas tema liigutust tülpinud pilguga pealt ja pani käpa Eerikule sülle . 
300	NA	" "" Arvad ? "" küsis Eerik . "
300	NA	" "" Hea küll , sa saad oma tahtmise ! "" "
300	NA	 Ta läks ülakorrusele tagasi ja kirjutas : 
301	NA	" "" Kui Harry oli kaks päeva Herberti juures redus vedelenud , võttis Ralf temaga lõpuks ühendust . "
302	NA	" "" Sinu allkirja on vaja . "
302	NA	" Kell üks ole notari juures ! "" "
303	NA	 Harry ajas habeme ära ja tegi nagu kästud . 
303	NA	 Vormistamine läks kiiremini kui ta lootis ja peagi oli tal Herberti nimel uus kahetoaline korter ja Nissan Maxima , ainult sedapuhku süsimust . 
304	NA	" "" Homme sõidad M. linna . "
304	NA	" Tavaar on poes , "" kähises Ralf ja pani vastust ootamata toru ära . "
305	NA	 Ethel … Ethel … Ehee ! 
305	NA	 Ta oli oma surmahirmus unustanud kena kontaktisiku . 
305	NA	" Ehk on seegi kord jälle tema . "" "
306	NA	 Teel M. linna tulid Harryle pähe kummalised mõtted . 
306	NA	 Kui ta elaks tulevikus … 
306	NA	 Kes ta siis oleks ? 
306	NA	 Parseldaks mikroskeeme ? 
306	NA	 Või sõidaks planeetide vahet ja toimetaks alatedvusse talletatult kohale strateegiliselt tähtsat informatsiooni ? 
306	NA	 Jõuad kohale , pannakse sind skafandritaolise aparaadi alla ja imetakse info välja … 
306	NA	 Kogemata magatakse õige murdosa sekundist maha ja pool lapsepõlve läheb samuti kaasa . 
306	NA	 Kümnenda korra järel ei tee enam ise ka vahet , kes sa olid või oled . 
306	NA	 Sissesöötmisel võib ju ka apsakaid tulla . 
306	NA	 Näiteks satub Valge Maja plaan sulle varajaste mälestuste sekka . 
306	NA	 Ja hakkadki seda oma sünnikoduks pidama . 
306	NA	 Või satub mõni KGB agent sulle isaks . 
306	NA	 Veel hullem on kui asjad satuvad valesse kohta . 
306	NA	 Näiteks ütled peale naasmist kodus külalistega vesteldes automaatselt , et mingi hävituslennuki juhtimissüsteemi skeemiosa on su naabri koer . 
306	NA	 Või et Bill Clinton su tütar ja salanõupidamine on delfinaarium . 
306	NA	 Lõpuks viib kõik selleni , et paned supi lusikaga suhu ja ei mõista ise ka , miks sa proovilendude ajal muinasjuttu vikatiga robotile saapasse topid . 
307	NA	 Harry otsustas , et kui ta õnnelikult vanaduseni vastu peab , siis hakkab ulmejutte kirjutama . 
307	NA	 Paneb soojad suure tutiga toatuvlid jalga , istub kõrgesse pehmesse tugitooli ja muudkui fantaseerib ja fantaseerib … 
308	NA	 Korraga märkas ta , et taga sõidab töötavate vilkuritega politseiauto . 
308	NA	 Harry mõtles korraks , et nüüd on lõpp . 
308	NA	 Tal käisid peast läbi kohvri peidukoht istme sees , juhtnööride ja fotode põletamine , kümneaastane vanglakaristus ja allmaailma kättemaks . 
309	NA	" "" Inspektor Kask liikluspolitseist . "
309	NA	 Teie sõidudokumendid , palun ! 
309	NA	" Mis te arvate , palju teil kiiruseks oli ? "" "
310	NA	 Harry tuli hetkega infarktieelsest seisundist tagasi ja tegi patukahetseja näo : 
311	NA	" "" Eks ta vist sada kakkus ära küll . "
311	NA	" Sõbral hea auto , teate , ei saanud kiusatusest mööda . "" "
312	NA	" "" Sada nelikümmend seitse oli , "" lausus inspektor ja ulatas Harryle protokolli . "
312	NA	" "" Kirjutage siia alla , palun ! "" "
313	NA	 Harry kirjutas alla ja ütles tahtmatult : 
314	NA	" "" Ma tänan teid ! "" "
315	NA	 Politseinik vaatas Harryt uurival pilgul ja soovis kuidagi mitte eriti veendunult head reisi . 
316	NA	" "" Hoidke edaspidi kiirusest kinni . "
316	NA	" Teete sõbrale karuteene … "" "
317	NA	 Harry läitis suitsu ja auto liikus eriti sujuvalt paigast . 
318	NA	 Eerik vaatas Pitsule otsa ja tema ehmatuseks ei pööranudki see nii ruttu pead ära kui tavaliselt . 
319	NA	" "" Sinust hakkab ka inimene saama , "" silitas Eerik koera pead . "
320	NA	" "" Vaatad ausalt silma ja ei valeta otse suu sisse . "" "
321	NA	" "" Muidugi ei valeta . "
321	NA	" Ma pole kunagi valetanud , "" ütles Pitsu ja istus peremehele varba peale . "
322	NA	 Eerik oli viimati sama jahmunud olnud kui pohmellis peaga täiesti võõras metsatalus üles ärkas . 
322	NA	 Ta oli siis joomingu käigus mingi juhututtavaga teise linna kaasa sõitnud , see oli teda omakorda mööda tuttavaid vedanud ja lõpuks kui tülika jahukoti suvalise traktoristi poole magama jätnud . 
323	NA	 Eerik taganes selg ees maja poole nagu marutõbise eest ja läks kiiruga peegli ette . 
324	NA	" "" Mina olen Eerik Hein , Arturi poeg . "
324	NA	 Kolmkümmend üheksa aastat vana , seitseteist aastat haridust omandanud ja kahe lapse isa . 
324	NA	 Ma ei ole ju hull . 
324	NA	" Ega ju ? "" "
324	NA	 Ta tegi virila grimassi nagu oleks ahvist tagasi poisiks palunud ja istus siis otse põrandale maha . 
324	NA	 Ta piilus kardina vahelt õue ja pidi nentima , et taevas on sinine , muru roheline ja Pitsu , kes majesteetlikumalt kui muidu ringi jalutas , ikkagi koer mis koer . 
325	NA	" "" Ülepingutus , "" tegi ta järelduse . "
325	NA	" "" Kui see kordub , pöördun arsti poole . "
325	NA	" "" Ta heitis pikali ja pani kraadiklaasi kaenla alla . "
326	 5. peatükk 	 5. peatükk 
327	NA	 Harry sisenes taas äärelinnarestorani , sedapuhku M. linna teises otsas . 
328	NA	" "" Sa ei helistanud ! "" heitis Ethel kohe ette . "
329	NA	" "" E.S.A. oli , "" tegi Harry Kalle Blomkvistiliku näo . "
330	NA	" "" Misasi ? "" ei saanud Ethel aru . "
331	NA	" "" Erakordsete sündmuste ahel , "" seletas Harry ja tal hakkas häbi nagu James Bondil oleks hakanud paberlennukit toas ringi lennutades . "
332	NA	" "" Armunud oled või ? "" tögas Ethel . "
333	NA	" "" Millest sa seda järeldad ? "" "
334	NA	" "" Armunud peast muutuvad mehed lapsikuks ja hakkavad lauseid konstrueerima . "" "
335	NA	" "" Miks sa ei küsi mu ülikonna kohta midagi ? "" ehmatas Harry . "
336	NA	" "" Ahjaa , kus su ülikond on ? "" tegi Ethel kelmika näo . "
336	NA	 Harry kõhkles pisut . 
337	NA	" "" Milline ? "" küsis ta kohe . "
338	NA	" "" Helesinine muidugi . "
338	NA	" "" Kõik oli õige . "
338	NA	 Harry vastas : 
339	NA	" "" Laenasin sõbrale . "" "
340	NA	" "" Kas ma ikka veel ilus olen ? "" küsis nüüd Ethel . "
341	NA	" "" Ilusam kui eelmine kord . "" "
342	NA	" "" Ma olen tunni aja pärast vaba , "" tegi Ethel ettepaneku . "
342	NA	" "" Viskan ainult selle ära . "" "
343	NA	" "" Saame kuskil kokku , "" vastas Harry kutsele . "
344	NA	" "" Mis me keerutame , mul on number hotellis K. homseni kinni pandud . "" "
345	NA	" "" Mul ka , hotellis S. "" Esimest korda nägi Harry Etheli avalat ja vaba naeratust . "
346	NA	" "" Mis me ikka pinget krutime , kell 11.00 hotelli K. ees , OK ? "" "
347	NA	 Ethel tõusis ja tänas kohvi eest . 
348	NA	" "" Otsekohene tots ! "" arvas Harry ja tundis , et miski kogu selle asja juures teeb teda valvsaks . "
348	NA	 Ta maksis arve ja sõitis mõne aja mööda tühjemaid tänavaid . 
348	NA	 Saba igatahes ei olnud . 
349	NA	 Veerand tundi kokkulepitust varem parkis ta oma Maxima taas paari kvartali jagu hotellist K. eemale ja muukis ennast sisse hotelli tagauksest . 
349	NA	 Küllap ta juba teadis , miks talle nii hästi maksti . 
349	NA	 Ta lukustas uuesti ukse ja läks trepist korruse võrra üles . 
349	NA	 Siit pääses teise korruse numbritubadega koridori . 
349	NA	 Ta pani suitsu ette ja ei jõudnud seda lõpuni tõmmatagi kui kuulis alt muukimist . 
349	NA	 Käsipuude vahelt piilus ta ettevaatlikult tagavaraust ja oli valmis vajadusel pead kohe tagasi tõmbama . 
350	NA	 Uks avanes hääletult ja selle vahelt sisenis kollases tolmumantlis rohelise sonimütsiga kleenuke figuur . 
350	NA	 Kahtlust polnud - see oli Sten . 
350	NA	 Harry astus nii vaikselt kui nahktallad võimaldasid teise korruse koridori ja jooksis alul kikivarvul , siis täistallaga põrandat müdistades peatrepist alla . 
351	NA	 Oodanud peldikus kuni kell lõi üksteist , astus ta rahvale nähtamatu ettevaatusega hotellist välja , lehvitas Ethelile ja see astus üle sõidutee tema juurde . 
352	NA	" "" Ootasid ? "" küsis Ethel näiliselt muretult . "
353	NA	" "" Sain kaks minutit varem , jah "" vastas Harry sama tooniga. "
354	NA	" "" Tead , meil tuleb kahjuks ikkagi S. hotelli sõita : pean kaks tundi peale meie kokkusaamist helistama tingimata hotelli S. numbrilt . "
354	NA	" Saad aru küll ju ? "" "
354	NA	 Ta ütles seda täiesti rahulikult ja tegi veel vastava näo sinna juurde . 
354	NA	" "" Poolteist tundi on juba üle ja ma ei tahaks sinuga kiirustada . "
354	NA	" Või mis sa ise arvad ? "" "
355	NA	 Kummaline vari libises üle Etheli näo , kuid ta kogus ennast kohe ja naeratas . 
356	NA	" "" Eks sõidame siis ! "" "
357	NA	 Harry tänas jumalat , et tee peale jäi mitu väiksema liiklusega tänavat ja patras terve tee tühjast-tähjast . 
358	NA	 Jõudnud hotelli S., jättis ta Etheli numbrituppa ootama ja läks helistamise ettekäändel alakorrusele . 
358	NA	 Tagasi ta muidugi ei tulnud . 
358	NA	 Poole tunni pärast oli M. linn juba kaugel seljataga . 
358	NA	 Ta lootis , et ei näe enam Ethelit kunagi . 
359	NA	 Eerik ei julenud enam koeraga tõtt vaadata . 
359	NA	 Ta oli tule pliidi alla teinud ja vahtis seda . 
360	NA	" "" Mis on hullem , kas hirm vägivaldse surma ees või hirm üksinduse ees ? "" "
360	NA	 Ta kohendas roobiga tuld ja püüdis ise vastata : 
361	NA	" "" Sellel , kes teistest rohkem surma kardab , on ilmselt ka üksindusega samuti . "
361	NA	 Peab olema vastava närvikavaga inimene . 
361	NA	 Enesekesksed ja enda vastu ausad inimesed kardavad mõlemat ilmselt vähem . 
361	NA	 Kes mina olen ? 
361	NA	" "" Ta püüdis huumoriga asjast välja tulla : "
362	NA	" "" Mina olen mees , kelle koerad räägivad ja keda naised maha jätavad . "
362	NA	" "" See ei tundunud eriti lohutav . "
363	NA	" "" OK, tänasest võtan kätte ja ei valeta ega ilusta endale enam ühtegi asja . "" "
364	NA	" "" Aga kuidas jääb lootuste ja fantaasiatega ? "" küsis korraga Harry , kes oleks justkui seljataga istunud . "
364	NA	 Huvitaval kombel ei üllatanud see Eerikut sugugi . 
364	NA	 Lihtsalt hea kujutlusvõime - arvas ta väljavabandavalt . 
365	NA	" "" Ainult lootuste ja fantaasiatega reaalses elus kaugele ei jõua , "" vastas ta küsimusele ja ehmus pisut tundest , et ta räägib mitte enda kujutlusvõime viljaga , vaid justkui reaalse isikuga . "
365	NA	 Kiiruga vaatas ta seljataha . 
365	NA	 Seal ei olnud kedagi . 
366	NA	" "" Nii see asi nüüd küll ei lähe ! "" ütles ta resoluutselt ja kuuldavalt . "
366	NA	" "" Ma sulle veel teen lootusi ja fantaasiaid ! "" "
367	NA	 Eerik istus arvuti taha ja tippis veendunult : 
368	NA	" "" Ethel ja Sten mängivad kokku - oli Harryle pilt selgemast selgem . "
368	NA	 Ta helistas Ralfile ja nõudis kokkusaamist . 
369	NA	" "" Ta tuli mind maha laskma , "" lausus ta võimalikult rahulikult . "
370	NA	" "" Sina poe jälle urgu ja jäta ülejäänu meie hooleks , "" kähistas Ralf ja pani seekord ise ümbriku lauale . "
370	NA	" "" Ära sa poodi ka enne nägu näita kui ma ütlen . "" "
371	NA	 Harry oli sunnitud tegevusetult voodis vedelema ja lakke vahtima . 
372	NA	" "" Herbert ! "" "
373	NA	" "" Mul pole teilt midagi vaja ja teie ei saa ka … "" "
374	NA	" "" Oota , seda ma tean ! "
374	NA	" Kuule , Herbert , kas sa oled mõelnud , et tulnukad on olemas ? "" "
375	NA	" "" Olen ikka , "" vastas Herbert . "
376	NA	" "" Noh ? "
376	NA	" On või ei ole ? "" "
377	NA	" "" Ei ole . "" "
378	NA	" "" Miks sa nii arvad ? "" "
379	NA	" "" Mina , vana mees , ei usu enne mitte sittagi kui oma silmaga näinud pole . "" "
380	NA	" "" Äkki neid pole näha ? "" "
381	NA	" "" Mismoodi ? "" "
382	NA	" "" Äkki nad on meil peas ? "" "
383	NA	" "" Sul on vist küll , "" vastas Herbert kulme nii kõrgele kergitades kui sai . "
384	NA	" "" Sest vaata , "" ei jätnud Harry rahule . "
384	NA	" "" Misasi on üldse mõtlemine ? "
384	NA	" Kas sina tead ? "" "
385	NA	" "" Ajudega liigutamine , "" arvas Herbert . "
386	NA	" "" Häh ! "
386	NA	" Sa võid oma ajud pesumasinasse panna ja välja väänata , ikkagi ei tule sinna ükski mõte , "" seletas Harry isegi päris kindel olemata . "
387	NA	" "" Tead , sulle kuluks see küll ära , "" püüdis Herbert tüütut pinnijat maha raputada . "
387	NA	" "" Kui sa napsu tahad , siis ütle kohe . "" "
388	NA	" "" Ah , anna pealegi üks pisar ! "" "
388	NA	 Harry jõi korraga ära pool teeklaasi läilat likööri ja jättis Herberti rahule . 
388	NA	 Ta sirutas ennast mõnusalt voodil välja ja jätkas oma M. linna sõitmise ajal katkestatud fantaseerimist . 
389	NA	 Ta on saadetud planeedile X ülitähtsat infot edastama . 
389	NA	 Aju on täis laaditud nagu võimas akumulaator . 
389	NA	 Maandumisel võtab teda vastu põrsanäoga mees , kes tutvustab talle ennast tema enda nimega , muigab teda vaadates ja itsitab pihku . 
390	NA	" "" Tema peas ongi mu koolipõlve patud ! "" taipab kuller . "
390	NA	" "" Ja võib-olla isegi poissmeesteõhtu ! "" Ta haarab mehel rinnust ja sisistab : "
391	NA	" "" Kes viimasena naerab , naerab paremini ! "" ja lisab eriti vaenulikult : "
392	NA	" "" Peale sinu järgmist reisi tean ma võib-olla su naise intiimsustest rohkem kui sa ise ! "" "
392	NA	 Põrsanägu jääb tõsiseks ja nad astuvad vaikides mööda pikka koridori mäluaparaatide ruumi poole . 
393	NA	 Harry paneb suitsu ette . 
393	NA	 Ka Eerik süütab sigareti . 
393	NA	 Nad mõtlevad . 
394	NA	" "" Kuidas saab valet meest maha põletada ? "" mõtleb Harry . "
395	NA	" "" Kuidas saab koer rääkida ? "" mõtleb Eerik . "
396	NA	" "" Kuidas panna idiooti koerale süüa andma ? "" mõtleb Pitsu . "
397	NA	" "" Ja mis lolli nime ta mulle pani - Pitsu ! "
397	NA	" Ma olen vähemalt Richardit väärt ! "" "
398	NA	" "" Ta magab oma sekretäriga ! "" mõtleb Anu . "
399	NA	" "" Esivanemad on lolliks läinud ! "" mõtleb Enno ja lõpetab tahtmatult selle lausega klassikirjandi teemal "" Minu kodu ""  . "
400	NA	 Herbert teab seda kõike aga tema käest ei saa me keegi mitte sittagi . 
401	NA	 Harry väljamõeldud kosmiline kuller mõtleb , et ta peaks hakkama oma mälestusi kirja panema . 
401	NA	 Siis saaks vähemalt paberilt lugeda kes või mis sa olid ja oled . 
401	NA	 Juhtub näiteks , et läheb naise nimi ja välimus ühisesse katlasse tuumareaktorite paigutusega Vaikse ookeani N. saarestikus . 
401	NA	 Siis võtad taskust elegantse liigutusega märkmiku ja loed : punapäine , roheliste silmadega , 30/170/59, nimi see ja see - minu ametlik abikaasa . 
401	NA	 Embad siis juba veendunult oma naist ja sosistad kuumalt kõrva : 
402	NA	" "" Kallis ! "
402	NA	" Kuidas ma su järele igatsenud olen ! "" "
403	NA	 Need kümmekond kullerit , kes salateenistuses töötavad , on kahtlemata määratud taastusravile . 
403	NA	 Ravi seisneb hullumajja paigutamisel . 
403	NA	 Seal jaotavad nad kompetentsete isikute järelvalve all oma mälestused uuesti ümber . 
403	NA	 Üks paigutab oma mosaiiki puuduva osa lapsepõlvest , teine õpingud , kolmas kodumasinate otstarbe jne . 
403	NA	 Lõpuks teavad nad üksteisest kõike ja moodustavad justkui terviku . 
403	NA	 Käivad perekonniti läbi ja üks ei suuda hoiduda teise lapsel nina pühkimast või naisele kätt püksi ajamast . 
404	NA	 Harry oli juba peaaegu otsustanud naist enam mitte võtta kui Herbert hõikas köögist : 
405	NA	" "" Su tiblafon piiksub ! "
405	NA	" Kas sa ei kuule siis ? "" "
406	NA	" "" Siin Harry isiklikult , "" väitis Harry surmkindlalt aparaati . "
407	NA	" "" Ma kuulen küll , jah ! "" kähises Ralf teises otsas . "
407	NA	" "" Pead ümber kolima ! "
407	NA	 Esialgu K. linna . 
407	NA	" Korteri saime . "" "
408	NA	" "" Teda seega kätte ei saanud ? ! "" ärkas Harry . "
409	NA	" "" Ei . "
409	NA	 Aga ole mureta , poisid tegelevad sellega . 
409	NA	 Sina paki asjad ja koli ümber . 
409	NA	" Kõik vajalik on bussijaamas , kamber 321 . "" "
410	NA	" "" Ole mureta ? "" Harry sülitas põrandale ja hõõrus jalaga laiali . "
411	NA	" "" Mis sa tatistad ? "" tuli Herbert köögist . "
411	NA	" "" Kogu su maffiale kuluks üks suur pomm autosse ära ! "" "
412	NA	" "" Käi põrgu ! "" lõi Harry käega ja viskas uuesti siruli . "
413	NA	" "" Abikaasa . "
413	NA	 Punased juuksed , 30/170/59 . 
413	NA	 Silmad rohelised . 
413	NA	 Gertrud . 
413	NA	" Igal võimalusel itsitab , parema kannika peal sünnimärk , "" kirjutas Thor - see oli kosmilise infokulleri nimi - märkmikusse esimese sissekande . "
413	NA	" Ta mõtles veidi ja maalis siis rasvaste tähtedega esilehele : "" Thor - mina . "
413	NA	 Sündinud 27.03.2345 . 
413	NA	 Brünett , 33/180/80 . 
413	NA	 Silmad hallid . 
413	NA	" Arm vasakul põsel ( kaklus Q. planeedil ) . "" "
414	NA	 Eerik tõusis , läks peegli ette ja kirjeldas end diktori korrektse hääldusega : 
415	NA	" "" Eerik Hein . "
415	NA	 Hallisegused juuksed , 39/180/80 . 
415	NA	 Silmad sinised . 
415	NA	 Prillipapa . 
415	NA	 Sünnimärk südametunnistuse asemel . 
415	NA	 Jalad kõverad . 
415	NA	 Minuga räägivad koerad ja väljamõeldised . 
415	NA	" "" Korraga tundis ta jällegi veidrat hirmu . "
415	NA	 Tema kuju peeglis oleks justkui elustunud . 
415	NA	 Tundus nagu oleks see liigutanud pisut teistmoodi kui ta ise . 
416	NA	" "" Aga ma ei taha kedagi teist ! "" karjus ta täiest kõrist . "
416	NA	" "" Las ma siis lähen hulluks ! "" "
