par_nr	head	sentence
1	 ONN KARJA-ARUS 	 ONN KARJA-ARUS 
2	NA	 Wimberg 
3	NA	" peatükk romaanist "" Lipamäe "" ( Varrak , 2002 ) "
4	NA	 Sellel päeval juuni alguses oli vanaema sünnipäev . 
5	NA	 Ma ärkkasin üles selle peale , et telefon röökis . 
5	NA	 Teadsin , et kui nüüd vanaema kohe köögist tuppa ei jookse , siis on ta õues – nagu vanaisagi , kes toimetab sel ajal veel laudas mingeid asju . 
5	NA	 Ja et siis pean voodist välja hüppama ja ise telefoni vastu võtma . 
5	NA	 Lasin kutsuda täpselt kolm korda . 
5	NA	 Siis haarasin halli raske toru : 
6	NA	" "" Halloo ? "" "
7	NA	" "" Alevi kortter ? "" päris sealt üks naishääl . "
8	NA	" "" Jaa . "" "
9	NA	" "" Kas Linda või Verner on ka läheduses ? "" "
10	NA	" "" Ma arvan , et nad on õues . "" "
11	NA	" "" Palun ole nii kena ja mine ütle ruttu neile , et pullid pääsesid koplist lahti ja on teel teie maja suunas . "
11	NA	" Jäi meelde ? "" "
12	NA	" "" Jaa . "" "
13	NA	" "" No mine siis nüüd hästi ruttu ! "" "
14	NA	 Ja teises otsas pandi toru ära . 
15	NA	" Jooksingi särgiväel nobedalt trepile ja hüüdsin täiest kõrist : "" Vanaema ! "
15	NA	 Värni ! 
15	NA	" Pullid pääsesid lahti ! "" "
16	NA	" Kaevuheki tagant ilmuski kohe vanaema – ta oli aiamaal käinud murulaukku tooomas – ja küsis : "" Oota ... ; mida ? "" "
17	NA	" "" Sohvoosist helistati , et pullid pääsesid lahti . "" "
18	NA	" Vanaema jättis murulaugud kaevule ja läks hõikkudes lauda suunas : "" Värni , ae ! "
18	NA	 Pullid olla lahti pääsend ! 
18	NA	" Kuuled , jah ? "" "
19	NA	 Vanaisa astus küünist välja ning pani tühja rohukorvi lauda seina äärde . 
20	NA	" "" Ah või pullid , raisad , lahti jälle ! "" kirus ta ja läks peldiku juurde värava peale vahtima , kuda lood on . "
20	NA	 Seisin ise juba vanaema kõrval ja mul oli põnev . 
21	NA	" "" Kassa saad tuppa , marss ! "
21	NA	 Pullid võivad õue ka tulla , kui neid palju on , torkkavad su surnuks või trambivad jalge alla . 
21	NA	" Siukseid asju on ennegi juhtund , et pullid on õue murdnud ! "" kurjustas vanaema . "
21	NA	 Vanaisa tuli imelikult kiirel kõnnakul värava pealt tagasi . 
21	NA	" "" Sa raisk , "" vandus ta , "" ongi juba otsapidi siinmail . "" "
21	NA	 Ta peaaegu jooksis kuuriotsa juurde ja ma nägin teda valimas sealt üht korralikku madjakat . 
22	NA	" "" Noh , lähme tuppa , "" tõmbas vanaema mind natist . "
23	NA	 Kiikasin minnes kõikse aeg üle õla , et mis juhtuma hakkab , ja et kuda need pullid aeda ründavad . 
23	NA	 A midagi sellist ma ei näinud , vähe sellest – ma ei näinud isegi pulle , rääkimata siis sellest , et näha , kuda need aeda ründavad , sest laut ja tihe kuusehekk varjasid minu eest kogu vaatevälja . 
23	NA	 Nägin aint , kuda vanaisa tuli kuuri poolt puhkides , tüüakas latt käes . 
24	NA	" "" Ole ettevaatlik ! "" hüüdis vanaema talle veel trepiesiselt ja juba köögis me olimegi . "
24	NA	 Ma teadsin , et pole põhjust muretseda vanaisa pärast , sest et ta on vana kolhoosiesimees ja siukseid asju küllalt teind ja näind . 
25	NA	 Olin veel eila õhta mõeld tänasest päevast kui mingist erilisel moel pidulikust , mis kohe hommikul sünnipäevana pihta hakkab . 
25	NA	 A ei . 
25	NA	 Pold midagi nii erilist . 
25	NA	 Kõikk oli üsna harilik . 
25	NA	 Ilm oli , jah , ilus , taevas oli pilvedest lage , tuult kah eriti pold , linnud laulsid igal pool nagu meeletud – nagu peabki olema , kui on sünnipäev . 
26	NA	 Pliida äärel nägin suurt kaussi , mis oli täis munaputru , ja selle kõrval oli pott keevate karttulatega . 
26	NA	 See hakkas üle ajama . 
27	NA	" "" Tõmba see kõrvale ! "" palus vanaema , kes parajasti hakkis laua taga murulaukku , kuna mina seisin sealsamas pliida ääres ja kallasin ämbrist vett kraanikaussi , et pesta silmi . "
27	NA	 Tõmbasin . 
28	NA	" "" Katsu , kas on pehmed . "
28	NA	" Kui on siis mine , kurna ära . "" "
29	NA	 Panin kopsiku käest , tõin laualt noa ja suskisin mugulaid . 
29	NA	 Olid küll pehmed juba . 
29	NA	 Võtsin käterätiku , mässisin poti sangade ümber , viisin trepile ja kurnasin ära . 
29	NA	 Kuuseheki tagant kostus inimeste hüüdeid ja automürinat . 
29	NA	 Vanaisa marssis väravast sisse . 
30	NA	" "" Ei läindki mind seekord tarvis , "" tähendas ta , kui oli kööki jõudnud ja oma võidund soni puhvetikapi peale minu kaheksakandile seltsiks heitnud , "" ei mind ega minu kaigast . "" "
31	NA	" "" Kas saadi kinni või ? "" küsis vanaema . "
32	NA	" "" Kus sellega ! "
32	NA	 Panid Esna poole ! 
32	NA	 Siukkest tralli pole minu silm elu sees näind . 
32	NA	 Seal oli vähemalt sada pulli kui mitte rohkem . 
32	NA	" Ei tea , kelle lohakus see oli , "" arutas vanaisa . "
32	NA	 Ta võttis koha pliida ette pingile , sikutas pikkamisi säärikud jalast ja toppis need puukasti . 
33	NA	" "" Ää topi neid puukasti , "" õiendasin mina , "" puukastis käivad puud . "
33	NA	" Küll on juba räägitud sellest ! "" "
34	NA	" "" Ähh , "" tegi vanaisa , riputas jalanartsudki puukasti servale ja pühkis ühte rätikusse nägu . "
35	NA	" "" See oli juhuslikult nõuderätik , "" märkkis vanaema vihaselt põrnitsedes , "" sa ära pühi sellesse oma sitast lõusta . "
35	NA	" Kas ma pean nüüd sellega veel nõusid kuivatama või ? "" "
36	NA	" "" Ähh , "" tegi vanaisa , urgitses hambad suust ja lodistas neid kraanikausi ääres , kus mina olin äsja lõpetand pesemise . "
36	NA	 Siis istusime lauda . 
36	NA	 Vanaema tuli sahvrist eilase rabarbarikisselliga . 
37	NA	" "" Mmm , "" laususin mina . "
37	NA	 Vanaisa ei lausund midagi , vaid käänas taskunoa lahti . 
38	NA	 Pärast söömist , keskhommikul , lesisin mina koikul jahedas tagatoas . 
38	NA	 Vanaisa oli läinud sauna , et seal tunnike-poolteist liha luusse lasta ja siis vaadata , mis edasi saab . 
38	NA	 Vanaema oli alustand ettevalmistusi õhtaks – külalised pidid saabuma kell seitse . 
39	NA	 Kuulsin , kuda suures toas eestiaegse riidekapi uks kriuksuv-kräginal avanes . 
39	NA	 Juurdlesin , mida vanaemale siis lõppude lõpuks kinkkida . 
39	NA	 Lilli küll ei sobi – arvestades praegust lilleküllasust . 
39	NA	 Mis kinkk see on , kui võib minna aasale ja tõmmata vikatiga paar korda siuh-säuh ja ongi käru täis . 
39	NA	 Kinkk on ikka midagi haruldast . 
39	NA	 Lilled , jah , küll ei sobi . 
40	NA	 Ajasin verandalt jalgratta välja . 
40	NA	 Et kui teeks õige ühe tuhiseva tiiru ? 
40	NA	 Keerasin väravast välja , Jõngu teele . 
40	NA	 Minu selja taga keeras samal hetkel suurelt teelt Jõngu teele naabri-Priidu Belaruss , hiigelsuur silokäru järel . 
40	NA	 Priit tuli koju lõunale . 
41	NA	 Õhk , jahe õhk ! 
41	NA	 Ma uhasin nii , et kõrvad lipendasid ja jahe õhk pressis mulle vastu ! 
41	NA	 Jõngu talu juures vajutasin pedaalidel äkiliselt tagasi ja tekitasin kummisahinal mitmemeetrise pidurdusjälje . 
42	NA	 Jõngu õues pold näha kedagi , ainult kõikk kolm koera lõugasid üksteise võidu . 
42	NA	 Tulin rattalt maha , panin selle puu najale , läksin väravast sisse . 
42	NA	 Otsekui tellimise peale käis majauks – prauhh ! – ristseliti ja Jõngu poiss tormas õue . 
43	NA	" "" Nägin sind aknast ! "" hüüdis ta tervituseks , "" ma sind sisse ei kutsu , oota , ma võtan ratta , lähme Evelini poole , mh ? "" "
43	NA	 Siis ta oligi kadund majanuka taha . 
44	NA	 Lonkkisin värava poole tagasi . 
44	NA	 Ootasin ratta kõrval , kuni Jõngu poiss taas nähtavale ilmus , ratast käekõrval lükates . 
45	NA	 Sõtkusime hoo sisse ja võtsime sihi Kärpide suunas . 
46	NA	" "" Tead , ma tegin karja-arusse onni , kahe päevaga , oi sa ei tea , kui viimase peal kift see on , ja tead , mis ideele ma tulin , tead ega me seda onni teistele ei näittagi , kui ainult Evelinile , et see on siukke salajane peakortter , ja tead , hehee , siis paneme endile "" Kapten Tenkese "" nimed ja hakkame kellegiga sõda pidama . "
46	NA	 Mina olen kapten Tenkes ja sina , kes sina tahad olla ? 
46	NA	 Tead , sina ole Janós . 
46	NA	 See piitsaga mees , kellel siukke must kitli moodi asi kogu aeg seljas on , ah ? 
46	NA	" Ja Evelin on Veronika , "" vuristas õnnelik onniehitaja . "
47	NA	 Mõtlesin , et imelik – miks mina küll niisugust vaimustust ei tunne . 
47	NA	 Vist sellepärast , et linnas tehakse selles vanuses juba teistmoodi asju . 
47	NA	 A Jõngu poiss on ju pesueht maakas . 
47	NA	 Olgugi , et elab talvel Türil . 
48	NA	" "" Noh , jah , okei . "
48	NA	 A kellega me peame sõda ? 
48	NA	" Siin ei ole rohkem meievanuseid , "" pistsingi vahele . "
48	NA	 Jõngu poiss jäi vait . 
48	NA	 Sellele polnud ta vist oma õhinas tulnudki , et sõdida ei ole kellegiga . 
49	NA	" "" No siis ei sõdi . "
49	NA	" Siis lihtsalt ... ; "" "
50	NA	 Sõitsime mõnda aega sõnagi lausumata . 
50	NA	 Tee viis metsa äärest läbi , ühel pool oli odraoras , teisal lepavõsa ja suured põllukivid üksteise otsa hunnikusse lükatud . 
50	NA	 Siin kasvab palju pihlakaid ja kevadeti ma ikka käin neilt õisi korjamas . 
50	NA	 Õiget teed siin ei lähegi , on aint suurte traktorite poolt aukkukünttud roobastik , pidevalt poril ja lomppis – isegi põualisematel aegadel . 
50	NA	 Sellepärast oli raske ennast edasi vändata ja nõnda püsisime vait ja ainult hingeldasime , raami vahelt poolpüsti pedaale tallates . 
51	NA	 Lõpuks jõudsime taas normaalsele kruusateele ja sai sisse võtta suurema hoo . 
51	NA	 Selja taha jäi Lepiku talu ja otse ette Kärbi . 
52	NA	" "" Su vanaemal on täna sünnipäev , "" mainis siis Jõngu poiss . "
53	NA	" "" Aitäh , et ütlesid , "" ilkkusin mina . "
54	NA	" "" Ei , tõsiselt , tuleb siis suur ja võimas pidu või ? "" "
55	NA	" "" Mis ta tühi ikka tuleb . "
55	NA	 Nagu alati on old . 
55	NA	 Nagu ikka on . 
55	NA	" Tead küll . "" "
56	NA	" "" Mhühüh . "" "
57	NA	" "" Eks sa tuled ju ka . "" "
58	NA	" "" Mhühüh . "" "
59	NA	" "" Ja Rein tuleb ja sinu isa ja ema ja vanaema ja . "" "
60	NA	" "" Jähh . "" "
61	NA	" "" Kuule , aga miks Reinu Jõngu Reinuks kutsutakse , kui ta tegelt hoopis Lepikul elab ? "" küsisin . "
62	NA	" "" Noh , ta on meile sugulane , minu isa vend ju , ja see nimi on talle vanast ajast vist külge jäänud , sellest ajast , mil isa ja Rein mõlemad veel Jõngul elasid . "
62	NA	 A siis ehitas Rein endale Lepiku . 
62	NA	 Ja eks õigem oleks muidugi Lepiku Rein . 
62	NA	" Tema naist hüütakse küll Lepiku Annaks . "" "
63	NA	" "" Ahaa . "" "
64	NA	 Kärbi oli käega katsuda – sada meetrit veel . 
65	NA	" "" Oled sa terve suve siin ? "" küsisin . "
66	NA	" "" Vahepeal käin Türil ka . "
66	NA	 Sa ei käi siis vahepeal Tallinnas ? 
66	NA	" Oled siin terve suve ? "" "
67	NA	" "" Noh ... ; jah , "" ütlesin , hoogu maha võttes . "
68	NA	 Kummide sahinal peattusime mõlemad ja võrdlesime pidurdusjälgesid . 
68	NA	 Minu oma oli pikem ! 
69	NA	 Kärbi õuel oli must Volga . 
69	NA	 Silmasime seda alles nüüd , sest enne oli see jäänud lauda nuka taha varju . 
70	NA	" "" Nää , isa on kodus , "" ütles Jõngu poiss , "" ei tahaks nagu hästi tema silma alla sattuda . "" "
71	NA	" "" Lööb veel maha jah , "" pilkkasin . "
72	NA	" "" Ähh , ära irise ... ; a ta on siukke ... ; nagu kuri kogu aeg või . "
72	NA	" Ma ei saa aru , miks . "" "
73	NA	" "" Jajah , see on tõesti imelik . "
73	NA	 Ma ei olegi teda vist kunagi naeratamas näinud . 
73	NA	" Ega ta vist ei oskagi . "" "
74	NA	 Parkkisime rattad väravasse ja astusime nii tasa kui võimalik Kärbi õue . 
74	NA	 Kärbi koer , segavereline hunt Pontu tuli keti kolinal kuudist välja , kuid ei iitsatanudki vanade tuttavate peale . 
74	NA	 Passis vaid mõne hetke ja puges lolli näoga kuuti tagasi . 
75	NA	" "" Mida teie siin hiilite ? "" kostus garaaži poolt . "
75	NA	 See oli Evelini isa . 
76	NA	" "" Eee --- me tulime Evelinile külla , "" vastasin mina . "
76	NA	 Evelini isa sammus meie suunas , uuris meid tõredalt ja läks majja . 
76	NA	 Täpselt kümne sekundi pärast ilmus trepile Evelin . 
77	NA	" "" Hahaa ! "
77	NA	 Või teie ! 
77	NA	" Tulge sisse ! "" kutsus ta . "
78	NA	" A Jõngu poiss ütles : "" Sa tule parem välja , meiega . "
78	NA	" Me näittame sulle üht üllatust . "" "
79	NA	" "" Oo ! "
79	NA	" Üht üllatust ? "" imestas Evelin , "" kusse on ? "" "
80	NA	" "" Seda ei ole siin . "
80	NA	" See on karja-arus . "" "
81	NA	" "" Aaa . "" "
82	NA	 Sel hetkel ilmus trepile Evelini isa . 
83	NA	" "" Misasja ? "
83	NA	 Kuhugi ei roni ! 
83	NA	 Alles siin jooksid pullikarjad ringi ! 
83	NA	 Pealegi – karja-arus olla alles hiljuti karu nähtud . 
83	NA	" Kuhugi ei ole vaja ronida , "" põristas Evelini isa . "
83	NA	" "" Kuulge , teie ! "" pöördus ta siis minu ja Jõngu poisi poole , "" mida te siin ahvatlete ? "
83	NA	 Mis üllatus see on ? 
83	NA	" Kindlasti mingi poisikeste jama . "" "
84	NA	" "" Ahh , ei midagi , "" pobises Jõngu poiss vaevukuuldavalt . "
85	NA	" "" Mida ? "
85	NA	" Mehehäält ei kuule ! "" "
86	NA	" "" Ahh , ei midagi ! "" põrutas Jõngu poiss seekord ja vaatas Evelini isale vapralt silma sisse . "
87	NA	" "" Vat nii . "
87	NA	 Siin võite olla , kuid sina seni välja ei lähe , kuni pullid ei ole kinni püütud . 
87	NA	" Ma imestan , kuidas teie vanemad "" – ta pöördus taas minu ja Jõngu poisi poole – "" lasevad teil niimoodi ringi uhada , kui pullikari lahti . "" "
88	NA	 Evelin oli kohmetu . 
88	NA	 Vist oli tal natuke oma tõreda isa pärast piinlik . 
88	NA	 Isa nägi ka , et on veidi üle pingutand . 
89	NA	" "" Minge sisse . "
89	NA	 Evelini ema tegi just mannavahtu . 
89	NA	 Ma lähen nüüd pullide püüdmist organiseerima . 
89	NA	 Viisust on tarvis loomavaguneid tuua , ega muidu neid tagasi ei saa . 
89	NA	" Siukkest asja pole veel kunagi juhtund , et kogu kari plehku paneb . "" "
89	NA	 Ütles jah nii ja läks lõi oma Volgale hääled sisse . 
90	NA	" "" Ärge pange tähele , "" sõnas Evelin , kui auto oli väravast välja tagurdand ja eemaldus , tolmusaba järel . "
90	NA	" "" Ta on täna hommikust saati selline . "
90	NA	 Ta ju vastutab kõige selle eest , et pullid lahti pääsesid . 
90	NA	 Oleks õige verandal ja sööks natikese mannavahtu , mh ? 
90	NA	 Oi see on hea mannavaht ! 
90	NA	" Minge te ees , ma tulen ka kohe . "" "
91	NA	 Evelin kalpsas trepist üles ja kadus tuppa . 
91	NA	 Meie kõndisime maja taha , kus oli suur ja sopiline aed . 
91	NA	 Kärbi tagaaedas on üks väike elupuuheki sisse ärapeidetud bassein . 
91	NA	 See on muust aedast omaette koht ja tihedad elupuud annavad sellele veel mingi salapärase , mystilise ilme . 
91	NA	 Bassein on küll pisike ja vesi selles tavaliselt läbipaistmatult must , aga me külastame Evelini pool olles alati seda kohta kui vähegi võimalik . 
91	NA	 Sest et terves külas ei ole midagi niisugust . 
91	NA	 Ning sellega asi veel ei piirdu ! 
91	NA	 Basseini äärest pääseb mehekõrguste sirelitega varjatud lehtlasse , kus on aialaud , pingid , väike grillimisahi ja suvel kuumaga – nagu tänagi – hea jahe . 
91	NA	 Sinna lehtlasse nüüd istusimegi . 
92	NA	" "" Kui ma suureks saan , siis teen oma aeda ka basseini , hekid ja lehtla , "" ütlesin . "
93	NA	" "" Sinu aeda ei mahu . "
93	NA	" Sul on liiga väike aed , "" väittis Jõngu poiss . "
94	NA	" "" Siis teen aia suuremaks , "" kinnitasin ja kujutasin vaimusilmas ette , kuhu midagi paigutan . "
94	NA	 A Jõngu poiss jätkas : 
95	NA	" "" Pealegi on su maja kohe suure tee ääres . "
95	NA	 Istud oma lehtlas vaikkuses ja kõikk on hea – kuid siis järsku müriseb mõni Kirovets mööda ja kallab kogu aia tolmuga üle . 
95	NA	 Mis siis , ah ? 
95	NA	" Kas sa leiutad mingi riistapuu , millega saaks maja paarsada meetrit eemale vedada ? "" "
96	NA	" "" Selliseid riistu pole vaja leiutada , need on juba olemas . "" "
97	NA	" "" On nad jah ! "" "
98	NA	" "" Ei , päriselt on . "
98	NA	 A parem on maja eest lihtsalt tee ära asfalteerida . 
98	NA	" Siis ei ole enam mingit tolmu . "" "
99	NA	" "" Kesse sul külateed ikka asfalteerib ? "
99	NA	" Ja mürin jääb ikka alles . "" "
100	NA	" "" Ähh , sitta see mürin . "
100	NA	 Ja tead , mis ? 
100	NA	 Ma külvan aeda sellist muru , mis ei kasva pikemaks kui paar sentimeetrit . 
100	NA	 Siis ei pea enam vikatiga valvet pidama ja ei ole ka mingit nõgesevõsa enam . 
100	NA	 Aiateed katan üldse punase killustikuga . 
100	NA	" Ja siis on mu aed nagu inglise filmides on . "" "
101	NA	" "" Tore on küll , jah , killustiku seest umbrohtu kõblada . "" "
102	NA	" "" A kuda need Inglismaal siis saavad ? "" "
103	NA	" "" No eks neil on siuksed killustikud , millest rohi läbi ei kasva . "" "
104	NA	" "" Ma võtan ka sellise . "" "
105	NA	" "" Sina ja su unistused ! "" ütles Jõngu poiss , "" alles tahtsid ju verandakatusele rõdu ehitada . "" "
106	NA	" "" Rõdu tuleb nigunii . "
106	NA	 Iga õige veranda katusel peab olema rõdu , kui teda seal veel ei ole . 
106	NA	 Nagu Evelinil on . 
106	NA	 Ma teen täpselt samasuguse . 
106	NA	 Ma ei teagi , miks meil ei ole . 
106	NA	" Vist sai raha enne otsa . "" "
107	NA	" "" Jaa-jaa , "" irvitas Jõngu poiss , "" sa tead , mis tee parem – sa abiellu Eveliniga ! "
107	NA	 Siis saad selle kõikk siin endale . 
107	NA	" Ei pea ise rabelema ega midagi . "" "
108	NA	" "" Sa ära mölise ! "
108	NA	 Sa ise abiellu oma Eveliniga ! 
108	NA	 Ja üldse – ma teen ise ja teen paremini ! 
108	NA	" Vat . "" "
109	NA	 Jõngu poiss oli leidnud grillimisahju juurest ühe kalapea ja viskas mind sellega . 
110	NA	" "" Misasja ? "" hüüatasin pahaselt ja virutasin selle talle tagasi – otse vastu vahtimist . "
110	NA	" Kuid Evelini hääl katkestas meie tegevuse . – "" Kus te olete ? "
110	NA	" Uuu ? "" "
110	NA	 Ja juba ta tuligi – ta ju teadis , kus me oleme . 
110	NA	" "" ... ; minu isa teine vend on miljonär Alaskal ... ; "" laulis tüdruk tulles ja imestas : "" Et teie ka sellest lehtlast ära ei tüdine ! "
110	NA	" Mul juba ammu siiber . "" "
110	NA	 Ta pani lauale suure kandiku , keset mida oli suur pott täis väärt rooga . 
110	NA	 Poti kõrval olid piimakann , taldrekud ja lusikad . 
111	NA	" "" Mis üllatus see oli , mida te mulle näidata tahtsite ? "" küsis Evelin ja kattis lauda . "
112	NA	" "" Me tegime karja-arusse onni , "" ütles Jõngu poiss ja tal näis olevat veidi kahjugi , et ta sedasi lehtlalaua taga peab oma saladuselt katte kergitama . "
113	NA	" "" Ahaa ! "" ütles Evelin , "" ja siis ? "
113	NA	 Mis me teeme selle onniga ? 
113	NA	 Kas me kavatseme põgeneda kodust ära ja minna metsa elama ? 
113	NA	" Ja indiaanlasi mängida ? "" "
114	NA	" "" Ei ! "
114	NA	" Muidugi mitte ! "" tähendas Jõngu poiss häiritult , "" muidugi ei kavatse me põgeneda kodust ja minna elama metsa ! "
114	NA	" Aga minu meelest on lihtsalt vahva omada onni . "" "
115	NA	" "" Me teeme vibud ja hakkame igast asjade pihta laskma märkki , "" seletasin , "" ma õppisin noolele naela otsa kinnitama . "
115	NA	" See on lõpp kerge . "" "
116	NA	" "" Just ! "" kinnitas Jõngu poiss , "" siis teeme lõket ja küpsetame karttulaid . "" "
117	NA	" "" Kõigepealt laseme üksteisel silmad peast välja ja siis põletame metsa maha ? "
117	NA	" Tõesti vahva ! "" õrritas Evelin ja laud oli kaettud . "
118	NA	" "" See'i ole midagi nii keset metsa . "
118	NA	 See on täitsa metsa serva lähedal . 
118	NA	" Lepiku karjamaa paistab puude vahelt . "" "
119	NA	" "" No siis jah , "" ütles Evelin selle peale vaid ja kallas meile kõigile taldrekusse mannavahu peale piima . "
119	NA	 Jõngu poiss tonksas talle küünarnuki pihta . 
119	NA	 Tagajärjeks oli sorts piima minu pükstel . 
119	NA	" "" Ähh , idikas oled ! "
119	NA	" Pesed nüüd ise Jaagu püksid puhtaks ! "" pahandas Evelin . "
119	NA	" A mina teattasin : "" See on tühiasi ! "" – ja rapsisin pükstelt piima , "" sa võid isegi sutsu veel valada . "" "
120	NA	" "" Tahad , ma valan sulle ka piima püksi ? "" pakkus Evelin Jõngu poisile . "
121	NA	" "" Ei , aitäh , "" vastas see ja väänutas süüdlaslikult kulme . "
121	NA	" "" Ma enam ei tee . "
121	NA	" Saame sõpradeks . "" "
121	NA	 Ja naeris oma multifilmilike sõnade üle . 
121	NA	 Mina naersin ka . 
121	NA	 Evelin oli demonstratiivselt tõsine . 
121	NA	" "" Te olete nagu väikkesed lapsed ! "" hurjutas ta , "" tahate , ma toon luti ? "" – "" Ära mängi ema ! "" hurjutas Jõngu poiss talle vastu . "
122	NA	 --- 
123	NA	" "" Kell on kaks , "" teavitas Evelin . "
124	NA	" "" Kust sa tead ? "" "
125	NA	" "" Kas pole see mitte postimehe põrin ? "" "
126	NA	 Kuulatasime ja veendusime , et see nii tõesti on . 
127	NA	" "" No siis on jah kaks . "" "
128	NA	 Pärast sööki olime veel veidi lehtlas vedelend ja oma röhitsemisega Evelini kiusand , a siis läksime aia peale kondama . 
128	NA	 Uurisime tükk aega uhket päikkesekella tikripõõsaste vahel ja Evelin seletas meile selle töötamise põhimõtet . 
128	NA	 Seejärel heitsime end kolmekesi veranda trepi ette lühikesekspöettud murule ja lihtsalt peesitasime . 
128	NA	 Nii saigi kell kaks . 
129	NA	" "" Kui see seakärsa moodi pilv meieni jõuab , siis ma tõusen püsti ja lähen ütlen linnapeale , et ta on kõnts . "
129	NA	 See tähendab muidugi , et ma hakkan siis minema ära koju . 
129	NA	" Kuna ma nimelt pean , "" heietas Jõngu poiss . "
129	NA	 Pilv venis ja venis ja kohal oligi – olles muutunud seakärsa asemel pigem mingiks pikaks ja muhklikuks kahuritoruks . 
129	NA	 Jõngu poiss tõusiski otsustavalt püsti . 
129	NA	 Murumätas oli ta seljale jätnud peenikese ehiskirja . 
130	NA	" Ta sikutas särgi üle pea ja uuris : "" Noh , Jaak ? "" "
131	NA	 Ajasin ennastki jalule ja Evelin tõusis ka . 
131	NA	 Silme ees virvendasid mustad laigud . 
132	NA	" "" Mul on tõesti kahju , et sa ära pead minema , siin on nii igav üksi olla , "" ütles Evelin Jõngu poisile , "" a homseks püüab isa pullid kinni ja siis lähme onni vaatama . "" "
133	NA	" "" Igatahes , "" kinnitas Jõngu poiss , "" aga hoiame saladuses , eks ? "
133	NA	" Aint meie kolm ... ; "" "
134	NA	" "" Just ! "" tõottas Evelin . "
135	NA	 Jõngu poiss võttis suuna teise õue poole , kus olid meie rattad . 
135	NA	 Astusin talle järele . 
136	NA	" "" Oota , Jaak , "" sõnas Evelin , "" sina ei pea ju minema , ega ju ? "" "
137	NA	 Jäin seisma . 
138	NA	" "" See , et ... ; ma ei taha tõesti üksi kodus istuda . "
138	NA	 Ma suren igavusest , kui te ära lähete . 
138	NA	" Teeme koeraga ühe ringi Sõerus ? "" "
139	NA	" "" Oota ! "" hüüdsin Jõngu poissi , kes oli kohe kadumas maja nuka taha . "
139	NA	" "" Ma jään siia . "
139	NA	" Õhta näeme ! "" – "" Okei , "" sõnas Jõngu poiss ja pöördus taas minekule . "
139	NA	 Nägin , et ta oli natike solvund . 
139	NA	 Mõistsin teda täiesti . 
139	NA	" "" Ma toon lehtlast nõud ära ja siis kohe lähme , "" hõigati juba eemalt basseini juurest . "
140	NA	 Evelin päästis Pontu ketist lahti ja see lidus otsemaid minema . 
141	NA	" "" Jookseb esimese tuhina välja , siis tuleb ise meile järele , "" kommenteeris tüdruk . "
142	NA	 Keerasime tee peale . 
142	NA	 Evelin oli paljajalu . 
142	NA	 Kodustes tingimustes ei pannud ma seda tähelegi , kuid nüüd nägin kohe . 
142	NA	 Vaatasin tenniseid oma jalas . 
142	NA	 Vaatasin , kuda nad koos minu jalaga painduvad . 
142	NA	 Siis vaatasin Evelini paljaid varbaid . 
143	NA	" "" Missa vahid ? "" "
144	NA	" "" Ei midagi . "
144	NA	" Sa usse ei karda ? "" "
145	NA	" "" Sõerus ei ole usse . "" "
146	NA	" "" On küll . "
146	NA	 Vanaisa rääkis . 
146	NA	" Ta ise nägi . "" "
147	NA	" "" Uss tuleb ligi siis , kui sa ussi kardad . "" "
148	NA	" "" Minu vanaisa ei karda mitte midagi . "" "
149	NA	" "" Oi , vabandust , ma ei mõeld seda üldse nii . "
149	NA	" Aga ... ; see , et ... ; sina käid ju ka suvel paljajalu ? "" "
150	NA	" "" Muidugist käin . "
150	NA	 Kodus . 
150	NA	" A mitte rattaga uhama minnes . "" "
151	NA	" "" Miks siis mitte ? "" "
152	NA	" "" Noh , ega ei tea ju , kust pärapõrgust läbi peab ragistama . "" "
153	NA	 Evelin ei vastanud sellele enam midagi . 
153	NA	 Ta vahetas sujuvalt teemat ja mainis : 
154	NA	" "" Varsti on käes heinaaeg . "" "
155	NA	" "" Nooh ? "" "
156	NA	" "" Kassa hobust oled juhtinud ? "" "
157	NA	" "" Ei ole . "" "
158	NA	" "" Ma olen . "
158	NA	 Ma olen iga kord natuke hobust juhtinud , kui heina veetakse . 
158	NA	 Muidu tellib isa sohvoosist mehed ja traktori , kuid mõnda kohta ei pääse traktoriga hästi ligi . 
158	NA	" Seal soopoolses Sõerus . "" "
159	NA	" "" Ja oskadki ? "" "
160	NA	" "" See on tühiasi . "
160	NA	" Kui on rahulik hobune . "" "
161	NA	" "" Ranna hobune ? "" "
162	NA	" "" Nende jah . "
162	NA	 Neil on vist terves külas ainuke hobune . 
162	NA	 See on tark loom . 
162	NA	" Õpib ruttu tee selgeks ja läheb ise – pole endal mingit muret . "" "
163	NA	 Selja tagant saabus suure müdinaga Pontu . 
163	NA	 Ta kargles paar kord ümber minu ja Evelini ja pistis siis taas galopis minema . 
164	NA	" "" Kuule , miks su isa siukke on ? "" "
165	NA	" "" Miukke ? "" "
166	NA	" "" Siukke kuri või ... tõre . "" "
167	NA	" "" Täna olid need pullid . "
167	NA	 Ta on muidu ikka lahkem . 
167	NA	 A eks see on ta töö , mis ta selliseks on teind . 
167	NA	 Töö juures peabki tal olema kõva hääl ja kõva käsi . 
167	NA	 Ilma ei saa korda majja . 
167	NA	" Vaata , kassa seda kuulsat "" Estonia "" kolhoosi kunagist esimeest tead ? "" "
168	NA	" "" Heino Marrandit ? "" "
169	NA	" "" Jah . "" "
170	NA	" "" Nalja teed ? "
170	NA	 Kes siis teda ei tea ? 
170	NA	 Ta oli kunagi minu vanaema töökaaslane . 
170	NA	 Viiekümnendate alguses . 
170	NA	 Enne , kui vanaema siia tuli . 
170	NA	" Mis siis on ? "" "
171	NA	" "" Vat kus sellel mehel oli alles kõva käsi . "
171	NA	 Üks tema töötaja , keegi naine , varastand kord midagi kolhoosi tagant . 
171	NA	 Midagi üsna tähtsusetut , mingi ämbritäie rukkeid või umbes nii . 
171	NA	 Ja mitte niisama , vaid et nälg olnud majas ja laps toitta . 
171	NA	" Marrandi sai jälile ja ütles : "" Täna töötage lõpuni , homsest olete vallandatud . "" "
171	NA	 Vat kus oli karm mees . 
171	NA	 Ei hoolind sellest midagi , et naisel nälgiv laps ja . 
171	NA	 Minu isa küll nii karm ei ole . 
171	NA	 Minu isa ütleb , et praegu varastavad kõikk . 
171	NA	 Natuke . 
171	NA	 Sest natuke võib – see on juba ette nähtud . 
171	NA	" Aga palju ei tohi . "" "
172	NA	" "" Kusjuures ma tean seda lugu küll . "
172	NA	 Vanaema rääkis . 
172	NA	" Ja ütles veel seda ka , et paar aastat varem oleks see naine hoopis maha lastud . "" "
173	NA	" "" Ongi nii ? "" "
174	NA	" "" Nojah . "
174	NA	 See oli see viie viljapea seadus . 
174	NA	 Varastad riigi tagant peotäiegi – oled riigivaenlane . 
174	NA	" Ja riigivaenlane lasti kohapeal maha . "" "
175	NA	" "" Karm seadus . "" "
176	NA	" "" Karm , aga tõhus . "
176	NA	" Näljaga sõid inimesed viimases hädas õlgi , kuid kolhoosi põllud jäid puutumata . "" "
177	NA	" "" Praegu on ikka hea elada . "" "
178	NA	" "" Praegu on ikka jah väga hea elada . "
178	NA	" A kassa pole mõeld , et just sellepärast ongi ? "" "
179	NA	" "" Et kunagi sellised seadused olid ? "" "
180	NA	" "" Nojah . "" "
181	NA	 Mõtlesime selle üle , kui hea on ikka praegust elada , ja tükk aega ei kostnud kumbki musta ega valget . 
181	NA	 Jõudsime suure külavaheteeni ja ületasime selle siloaukkude juures . 
181	NA	 Sõeru oli juba kiviga visata . 
181	NA	 Astusime läbi odraorase . 
181	NA	" "" Kui sina tuled , tule kardulast läbi , ära sina vilja talla , "" laulsin mina . "
181	NA	" Siis küsis Evelin : "" A kas sinu isa siis ei ole kuri ? "" "
182	NA	" "" Minu isa ? "
182	NA	" Ma ... ei tea . "" "
183	NA	" "" Mismoodi – ei tea ? "" "
184	NA	" "" Ahh ! "" rapsasin käega , "" see'i ole jutt ega midagi . "" "
185	NA	 Evelin jätkas pinnimist . 
186	NA	" "" Sul venda ei ole ju , eks ? "" "
187	NA	" "" Ei . "" "
188	NA	" "" Õde ka mitte ? "" "
189	NA	" "" Jah . "" "
190	NA	" "" Kus su ema töötab ? "" "
191	NA	" "" Raamatupidaja . "" "
192	NA	" "" A isa ? "" "
193	NA	" "" Mingi aeg ta töötas kuskil ETKVL-is . "" "
194	NA	" "" Mmm . "" "
195	NA	" "" Mis "" mmm "" ? "" "
196	NA	" "" Ei midagi . "" "
197	NA	" Siis ta küsis : "" Mis klassi sa sügisel lähed ? "" "
198	NA	" "" Kaheksandasse . "" "
199	NA	" "" Aa . "
199	NA	" Mina ka . "" "
200	NA	 Vaatasin , kuda Pontu must selg eemal odraorase sees välkkus . 
200	NA	" "" Oota , "" pidasin tüdruku kinni , "" heida orase sisse . "" "
201	NA	" "" Mis ? "" "
202	NA	" "" Mängime Pontuga . "
202	NA	" Heida . "" "
203	NA	 Heitsin ise ja Evelin heittis ka . 
203	NA	" Vilistasin ja hüüdsin : "" Pooon-tuu ! "" "
203	NA	 Siis olin hästi vait ja andsin Evelinile märkku samaks . 
203	NA	 Ootasime ja kuulatasime . 
203	NA	 Sekundid läksid . 
203	NA	 Kuulsin südant pumppamas , võppusin selle taktis . 
203	NA	 Raske oli hingamist tagasi hoida . 
203	NA	" Evelini huuled liikusid : "" Äkki ta ei otsigi ? "" – "" Küll ta otsib , "" vastasin . "
204	NA	 Nii oligi . 
205	NA	 Keegi sahistas ja puhkis järjest lähemal ja lähemal . 
205	NA	 Siis madistas üks mütsakas meist juba päris lähedalt mööda ja – leittud me olimegi ! 
205	NA	 Pontu klähvis ja kargles meie ümber suurest rõõmust ja lippas siis jälle oma teed . 
206	NA	" "" Küll need koerad võivad ikka lõpmatult rabeleda , "" ütlesin mina . "
206	NA	 Evelin ei öeld midagi . 
206	NA	 Vaikkides jätkasime teed Sõeru poole . 
207	NA	 --- 
208	NA	 Lõpuks koju jõudes oli kell neli läbi . 
208	NA	 Kõigepealt kiskusin tennised jalast . 
208	NA	 Siis paigutasin sünnipäevakingituse pööningule salajasse kohta ära – enne veel , kui üldse vanaema ja vanaisa ette ilmusin . 
209	NA	 Õues nägin , et vanaisa parandas lammaste aedikut , kõikjal läheduses vedelemas tööriistu ja valgeid laastusid . 
209	NA	 Vanaema lappis tikripõõsaste vahel kirudes aiakastmisvoolikut . 
210	NA	" "" Vat siin sa oledki ! "
210	NA	 Palun kasta nüüd peenrad ära ja lase pärast tünn jälle vett täis . 
210	NA	" Ma pean minema toittu vaaritama . "" "
211	NA	 Süda kippus küll vanaisa juude aedikut parandama – kuulsin teda mingit vaia maasse tagumas , nii et heledad plaksuvad löögid võnkkusid kutsuvalt üle õue . 
212	NA	 Peenraid oli palju : maasikad , kurgid , herned , oad , kaalid , peedid , porgandid , till , salat , varajane kapsas , petersell , sibul , lisaks eemal veel paar vagu varast karttulat – a noid pold vaja kasta . 
212	NA	 Ohates ammutasin suurest roostes tünnist kastekannuga vett ja alustasin kurkkidest . 
212	NA	 Kahe täiega sain kurgid kastetud ja jätkasin maasikatega . 
212	NA	 Mul tiksus peas üks vahva idee , kuda orjatöö ära ratsjonaliseerida . 
212	NA	 Kastan maasikad ära – nendega peab olema eriti hoolikas , ei tohi vett õitele lasta , ja siis ... – hahaa ! 
212	NA	 Maasikatega valmis , virutasingi kastekannu eemale ja urgitsesin tikripõõsastest välja voolikuotsa . 
212	NA	 Keerasin kaevust vee jooksma . 
212	NA	 Vajutasin nüüd pöidlaga vooliku suudmele , sihtisin ja – kõrges kaares rabises veejuga üle aia ! 
212	NA	 Reguleerisin joa võimalikult õhukeseks , et peenraid ja noori taimekribulaid mitte sodiks pommitada . 
212	NA	 Nõnda said kõikk kaugemad peenrad paari hetkega kastetud ! 
213	NA	 Äkki oli vanaema mu selja taga . 
213	NA	" "" Mida sa teed , armas laps ! "" hüüatas ta , "" see on kaevukülm vesi , see tapab taimed ära ! "
213	NA	" Lõpeta otsekohe ! "" "
213	NA	 Ja haaras mu käest vooliku . 
213	NA	" Lonttis kõrvu püüdsin vabandada : "" Noh , ma tahtsin ... "" – "" Jaa-jaa , rutemini kaelast ära saada – seda sa tahtsid . "
213	NA	" A kas ma pean tulema ikkagi ise kastma või ? "" "
214	NA	" "" Ei . "" "
215	NA	" "" Väga hea siis . "
215	NA	" Kasta nüüd korralikult . "" "
215	NA	 – Ja läks ämbriga kaevule – oli tulnud tuppa vett viima . 
216	NA	 Kui peenarde kastmisega ühele poole sain , lõpetas ka vanaisa lammaste aediku parandamise . 
216	NA	 Ta korjas tööriistad kokku ja viis saunakööki , marssides seejärel joonelt lautta . 
216	NA	 Järgnesin talle , lootuses veeta aeg külaliste tulekuni võimalikult huvitavalt . 
216	NA	 A vanaisa võttis küüni seina äärest hoopis sitahargi ja läks lükkas lauda tagaukse lahti . 
216	NA	 Selge see , et läheb sitaviskamiseks . 
216	NA	 Ja on's sitaviskamine huvitav ? 
216	NA	 Ronisingi hoopis laudalakka – sinna , kus mul on põhupakkidest meisterdatud üks hea olemine . 
216	NA	 Istusin seal ja veri surises soontes . 
216	NA	 Vaatasin aknast välja , mõtlesin pullidele – on nad nüüdseks juba kinni saadud ? 
216	NA	 Kaugel metsa ääres liikus mingi sinine laikk – mingi traktor . 
216	NA	 Varsti on tõesti heinaaeg , mõelda vaid . 
216	NA	 Juba nädala pärast hakkab vanaisa soos niitmas käima . 
216	NA	 Ja siis kokku panemas . 
216	NA	 Ega ta üksi jõuagi . 
216	NA	 Tuleb appi kutsuda vana-Toomas või Türi Jaak . 
216	NA	 Toomas on üksik vanamees , kes teenib külainimestele suurematel töödel abiks käies pensjonilisa . 
216	NA	 Naine oli tal ka kunagi , a läks ära . 
216	NA	 Ja poeg on . 
216	NA	 Borka , umbes kakskümmend ja midagi vana . 
216	NA	 Räägitakse , et ta olla väikese kiiksuga . 
216	NA	 Noh , mina pole sellest eriti aru saand , a palju ma's teda ikka näind olen . 
216	NA	 Niipalju , kui mina teda näind olen , on ta tubli poiss – murrab tööd teha nagu härg . 
216	NA	 A räägitakse ka teisiti . 
216	NA	 Türi Jaak on vanaema vennapoeg ja ka veidi imelik . 
216	NA	 No tema on tõesti imelik , seda on ta olekust , jah , juba eemalt näha . 
216	NA	 Imelik on ta sellest ajast , kui ta veel teenis aega Nõukogude Armees ja määrati vangivalvuriks . 
216	NA	 Seal oli midagi , et vangid põgenesid ära ja midagi juhtus veel ja pärast seda ongi Türi Jaak imelik . 
216	NA	 Nagu vana-Tooma Borka , nii on ka Türi Jaak muidu igati tore – kui just närvi ei aja . 
217	NA	 Mõtlesin , et õigupoolest võiks ju minna tuppa – äkki saab midagi näksida . 
217	NA	 Näksiks midagi ja loeks mõnda head raamatut kõrvale – see oleks tibens . 
218	NA	 Ronisin lakast alla , astusin kanasita sisse , kraapisin pahaselt nohisedes jala rohu sisse puhtaks ja läksingi ää tuppa . 
219	NA	 --- 
220	NA	 Kella seitsmeks olin pestud , klanitud , kammitud ja piduliku puhu kohaselt igati korralikult riides . 
220	NA	 Lükandsein vanaisa toa ja suure toa vahel oli tõmmatud lahti , et teha ruumi pikale peolauale . 
220	NA	 Oi see peolaud ! 
220	NA	 See oli ju tihedalt kaettud igasugu toittudega ! 
220	NA	 Seal leidus mitut liiki võidleibu ja -saiu kõikkmõeldavate lisanditega nagu muna , kilu , juust , vorst , kalamari ja pasteet ; seal leidus sealiha-sültti ja kuut sortti salatit : karttula- , heeringa- , riisi- , makaroni- ja aedviljasalatit ja rosoljet ; seal leidus veel rulaadi ja lõhefileed , külmi kanakoibi loorberikallerdises ja sibulaga marineeritud seent , pirukaid liha , riisi , kapsa ja seentega , saiapurus veeretatud räimerulle – oi , seal leidus veel nii paljut ! 
220	NA	 Laual oli aukohal tohutu vaagen seakarbonaadi jaoks ja selle vaagna kõrval oli terve hulkk väiksemaid kausse ja potikesi , mis olid määratud keedekarttulatele ja praekapsale . 
220	NA	 Terve maja oli täidetud isuäratava praadimisvinuga ja mul hakkas juba ainuüksi sellest suu metsikult vett jooksma , sest et ma kujutlesin endale ette seda suurt ja krõbedat ja mahlast karbonaadi oma taldrekul ! 
220	NA	 Ja egas siis road ainult soolasega piirdu ! 
220	NA	 On ju sahver ja kelder täis torttisid , kooke , küpsetisi ja puuvilju ja mahlu ! 
220	NA	 Oh oleks mul täna maailma kõige näljasem kõht täis süüa ! 
221	NA	 Köögis oli karbonaad juba pliidale tõstetud . 
221	NA	 Ma vahtisin seda üksisilmi , suutmata kangutada sellelt pilkku . 
222	NA	" "" No nüüd on valmis . "
222	NA	" Täpselt õigel ajal , "" õhkas vanaema ja istus higi pühkides toolile . "
222	NA	 Temalgi olid peoriided seljas – köögiohtude eest kaitses neid suur lohmakas põll . 
222	NA	 Muki hakkas õues haukkuma . 
223	NA	" "" Ma arvan , et see on esimene külaline , "" pakkus vanaema , "" mine kähku ja ütle vanaisale , et ta sitaviskamise lõpetaks ja prooviks seltskonda ilmudes võimalikult inimese moodi välja näha . "
223	NA	" A tee siva ! "" "
224	NA	 Lippasin uksest välja . 
224	NA	 Õues trepi ees seisid Aavikud ja Rannad . 
225	NA	" "" Noh , tere , Jaak-poiss , "" ütles Aaviku Lisette , "" ei tea , kas võib sisse ka tulla ? "" "
226	NA	 Tahtsin talle vastata , et ja-jaa – palun olge nii lahke , kuid juba oligi vanaema külalistel vastas . 
226	NA	 Väravasse pidurdasid valge Žiguli ja punane Moskvitš – need olid Räägud ja Saarepuud , nende järel saabusid kohe ka naabrid – Priit , Juku ja Linda . 
226	NA	 Leitti , et ei tasugi veel minna sisse , kus on palav , vaid et oleks mõttekas oodata õues värske õhu käes , kuni kõikk külalised on saabund . 
226	NA	 Seepeale pistsid mehed suitsud näkku ja hakkasid ajaviiteks tossutama . 
226	NA	 Tiirutati aedas ja vaadati , kus mis kasvab ja kuidas kasvab ja kuidas meil küll niimoodi – et vat neil on hoopis naamoodi ja . 
227	NA	 RAF-bussiga saabusid Türilt sealsed pidulised – Türi tädid ja onud ja igasugu pojad ja tütred ja vanad koolivennad ja -õed ja mingid inimesed veel – kes neid seal nii täpselt teabki , kes on kes ja kelle poeg või tütar või midagi . 
227	NA	" "" Kust teie küll saite sellise bussi ? "" imestas vanaisa , kes oli ennast vahepeal kibekähku "" inimeseks "" teinud . – "" See , kas tead , on ju limpsivabriku buss . "
227	NA	" See sõidab üldiselt kohe tagasi ka , "" seletas onu Jaan Belamorkanali filtrit volttides ja uuris minu käest lustakalt : "" Kuule , tahad Türile sõitta ? "
227	NA	 Noh ? 
227	NA	 Istu aga peale . 
227	NA	" Ega piletit ei pea ostma . "" "
228	NA	 Melu õues tõusis ja majast kostus askeldamist . 
228	NA	 Üksteise järel saabusid Hallimäed ja Nõlvakud , Kaenalid ja Lepikud , Taadad ja Väljavahid , Murakad ja Ojalilled , Alliksaared ja Kruusamäed , Punapardid ja Jõngud , Orbi Õie ja Tõnise Mart , Näpu Hilda ja Vankri Otto , Vaadami Värdi ja Brennari Bruno , Neetari Linda ja Miku Lilli , Lodi Heino ja Rüütli Villu , Ugari Arved ja Kilgi Kalju , postimees naisega ja velsker Jaan Mõtus naisega ja Ornefeldt Jüri ja Palloni-poiss ja vana-Toomas – igasugu inimesed lähemalt ja kaugemalt . 
228	NA	 Külalisi , jah , tuli ja tuli – kas neid võis olla viiskümmend või kuuskümmend või – hoidku küll ! – vahest koguni seitsekümmend , seda ei osand mitte arvata . 
228	NA	 Autod keerutasid ja tuututasid ja püüdsid ennast kudagi mahutada ära , ja autouksed mürtsusid ja autode seest ukerdasid ennast välja peremehed ja perenaised ja lapsed ja vanavanemad . 
228	NA	 Paljud , kes elasid lähemal , need olid tulnud jala , ja teised , kes elasid kaugemal – näitteks Paides või Rakveres või Tamsalus või Ardus – , ja kellel endal autot polnud , need olid saabunud taksodega . 
229	NA	 Jõngude saabudes tõmbas Jõngu poiss mind kõrvale ja küsis , mida me pärast tema lahkumist ka tegime . 
229	NA	 Ah , ei midagi erilist , vastasin mina – Pontuga ühe tiiru Sõerus . 
230	NA	 Vanaema hüüdis kõikki lauda . 
230	NA	 Nägin , et vanaisa tuli keldrist viinapudelitega . 
231	NA	 --- 
232	NA	" "" Tule , kaome välja , teeme tordile ruumi , "" müksasin Jõngu poissi , ise surmani täis õgitud . "
233	NA	 Kõndisime ümber maja nuka ja istusime veranda trepile . 
233	NA	 Jõngu poisil olid jalas pikad viigipüksid ja ta laskis nüüd neilt püksirihma järele . 
233	NA	 Minul olid tavalised lühikesed püksid – minul pold lasta midagi . 
234	NA	" "" See ongi sünnipäevade juures parim osa , "" ägises Jõngu poiss , "" et saab süüa igast häid asju , lõhkemiseni . "" "
235	NA	" "" Mhühüh , "" tegin mina . "
236	NA	" "" Ma ei tea , kudas ma homme üldse maast lahti saan . "" "
237	NA	" "" Hommikul on veel peo teine osa . "
237	NA	 Ööseks läheb enamik oma koju ja tuleb hommiku tagasi . 
237	NA	 Mitte kõikk muidugi . 
237	NA	" A naabrid , Aavikud , Rannad ... "" "
238	NA	 Jõngu poiss ei öeld midagi , aint puhkis vaikselt . 
239	NA	" Ma rääkisin edasi : "" Tead , mida mina mõtlesin ? "
239	NA	 Et võiks teha ühe pikniku siitkandist kaugemal . 
239	NA	 Kuskil , kus on mingit jõge . 
239	NA	 Et sõidaks kolmekesi näitteks , ja sööks ja supleks ja molutaks niisama . 
239	NA	 Mh ? 
239	NA	 Vat . 
239	NA	 Ja siis mina mõtlesin , et vaata , metsa taga on mõned vanad varemed , mida me vist ei olegi veel läbi uurind . 
239	NA	 Et minu meelest on see karjuv hooletus . 
239	NA	 Et seda tuleks teha . 
239	NA	 Ja siis on veel turbaraba täiesti läbi vaatamata . 
239	NA	" Seal on igast vahvaid masinaid , siukseid imelikke , mida ainult turbarabas leidubki . "" "
240	NA	 Äkki ilmus nagu maa alt Jõngu Rein . 
241	NA	" "" Noh , mis salaplaane te siin peate ? "" käratses ta lõbusalt . "
242	NA	" "" Ah , ei midagi . "" "
243	NA	 Ta istus meie kõrvale . 
244	NA	" "" A tegelikult ? "" "
245	NA	" "" Me arutasime , mida me kõikke sellel suvel teeme , "" andsin selgitust , "" et läheme piknikule ja turbarappa . "" "
246	NA	" "" Ja istume onnis , laseme märkki ja küpsetame karttulaid ja ühel ööl tuleme sinu skalbi järele , "" naljatas Jõngu poiss . "
247	NA	" "" Oo ? "
247	NA	 Teil on kogunisti onn olemas ? 
247	NA	 Ja kas nooltel on ikka naelad otsas – nagu olema peavad ? 
247	NA	" Või lasete mingite pulkkadega ? "" "
248	NA	" "" Ei , õiged nooled on . "" "
249	NA	 Jõngu Rein mõtles mingi asja üle järele , kulm kortsus , ja tõsines üha . 
249	NA	 Ta pilkk hüples rahutult . 
250	NA	" "" Kuulge ... "
250	NA	" Kas see teie onn , kas see'i olnud juhuslikult minu karjamaa läheduses ? "" "
251	NA	 Minu ja Jõngu poisi silmad läksid üllatusest suureks . 
252	NA	" "" Aaahh ? "
252	NA	" Kuda sa teadsid ? "" kähistas Jõngu poiss . "
253	NA	" "" Ai-ai-ai , "" ütles Rein , "" mul on väga kahju , aga --- ee --- ma vedasin täna metsakuiva ja tagurdasin ZIL-iga kogemata ühe onni moodi asja maatasa . "
253	NA	 See oli muidu täitsa hästi ära peidetud , vaarikavõsa sisse . 
253	NA	 Mõtlesin veel , et huvitav kelle . 
253	NA	 Et igasugu Alliku kaake kolab aeg-ajalt metsas ringi , et kas siis ... 
253	NA	" Aga ma , jah , palun tõesti vabandust . "" "
254	NA	" "" Oh , ei ole häda midagi , "" ütles Jõngu poiss mehiselt , aga tabasin ta häälest siiski ühe umbse noodi – nagu lämmataks kurgus . "
254	NA	 Mul oli ka natike kahju – et mul ei õnnestundki seda onni näha . 
254	NA	 Ja kahju oli Jõngu poisist . 
254	NA	 Ehitad õhinal ja oled vaimustunud ja siis tuleb äkki kurb ja troostitu lõpp . 
254	NA	 Kas tüdined ise – nagu tavaliselt ikka juhtub – või sõidab keegi üle . 
255	NA	 Ja siis ma mõtlesin , et kui imelik tegelt . 
255	NA	 Hommiku oli Jõngu poiss pilgand minu lehtlaid ja basseine , hekke ja pöettud muruplatse , punasekruusalisi aiateid ja rõdusid . 
255	NA	 Ja Evelin oli pilgand Jõngu poisi onni . 
255	NA	 Minul ei olnud tol hetkel midagi , aga Jõngu poisil oli onn ja Evelinil lehtla ja bassein . 
255	NA	 Nii nad võisidki pilgata üksteist ja mind – sest minul ei olnud ju midagi , ja see , kellel on , see võib ikka pilgata omasugust või seda , kellel ei ole üldse midagi . 
255	NA	 Nüüd aga oli Jõngu poiss minuga võrdne – tal ei olnud enam midagi ja mul ei olnud ka midagi . 
255	NA	 Kui enne olid omavahel liidus Evelin ja Jõngu poiss , siis nüüd oleme meie . 
256	NA	 Aga üle selle , mis on ja mis ei ole , seisab minu püha ja puutumatu liit Eveliniga . 
256	NA	 Minu liit Eveliniga lehtlate ja basseinide kaudu . 
256	NA	 See liit ei kao . 
256	NA	 Ja sellest liidust ei saa sõitta üle veoautod ega ka mitte traktorid ! 
257	NA	 Ma mõtlesin liidule Eveliniga ja mul oli hea . 
258	NA	" Ja ma ütlesin : "" Kui läheks majja ? "
258	NA	" Ma ei tahaks kingituste avamist maha magada . "" "
259	NA	 Tõusime püsti ja pühkisime püksipersed puhtaks . 
259	NA	 Jõngu poiss surus käed sügavale taskutesse . 
259	NA	 Ta oli sünge . 
260	NA	" "" Kämmoon ! "" ütlesin talle ja tema mühatas leplikult . "
261	NA	 Köögitoimkonna olid priitahtlikult üle võtnud Türi tädid . 
261	NA	 Paar erandit välja arvatud , istusid külalised kõikk ilusti lauas tühjaks järatud taldrekute taga ja ootasid tortti . 
261	NA	 Kingitusi ei olnud veel avatud . 
261	NA	" Sosistasin vanaemale : "" Milla sa kingitused lahti teed ? "" "
262	NA	" Vanaema ütles : "" Jaa ? "
262	NA	" Seda võib ju teha kohe praegu . "" "
263	NA	 Rahulikult väljusin toast ja ronisin pööningule – tooma sealt ära oma kingitust . 
263	NA	 Tükk aega juurdlesin , kas panna sellele kaart juurde või mitte . 
263	NA	 Otsustasin , et siiski mitte . 
263	NA	 Punase atlass-paela riba olin ammu külge siudund . 
263	NA	 Tõin kingituse alla , köögi ukse taha . 
263	NA	 Kõikk oli nüüd valmis . 
263	NA	 Toast kuuldus juba kaugele just niisugust melu , mida tekitab kingituste avamine . 
263	NA	" Lühikeste vaheaegade järel küündis sellest melust esile vanaema "" oo ! "" või "" ahaa ! "" . "
263	NA	 Jälgisin seda tseremoonjat uksepiida najal kibeledes . 
263	NA	 Kirevatest paberikuhjadest koorus välja portselani ja kristalli , riidekraami ja raamatuid , lauanõusid , majapidamistehnikat ja nipsasjakesi – noh , nagu ikka kingitakse . 
263	NA	 Ja nagu ikka , nii võttis ka seekord kingituste avamine tohutult aega . 
263	NA	 Ega ei saa ju teha lahti ja kohe panna kõrvale ! 
263	NA	" Peab ikka enne mudima käes ja imetlema ja katsuma ja kommenteerima , et "" ai-jaa ! – näedsa siis , seda mul just vaja oligi – selle meie eelmise , selle näris ju koer , va sunnik , puruks – aga no mis nüüd viga ! "" "
264	NA	 Oh ! 
264	NA	 Lõpuks pani vanaema käest ära viimasegi kingituse – Jõngude kingitud raadjoaparaadi OKEAN 214. 
264	NA	 Ootasin veel hetke ja astusin piida varjust välja , kingitus käes . 
264	NA	 Kümned ja kümned silmapaarid haakusid hoobilt minu külge . 
264	NA	 Laskus üllatund ja uudishimulik vaikkus . 
265	NA	" Soovisin : "" Palju õnne ! "" ja ulatasin oma kingituse suure lillepoti sees vanaemale . "
265	NA	 Vanaema oli sama rabatud kui kõikk teisedki . 
265	NA	" Ta ütles : "" Aitäh ! "
265	NA	" Mis ... mis puu see on ? "" "
266	NA	" "" See on ungari sirel , "" seletasin . "
266	NA	 Sünnipäevaliste seas tekkis ärev kahin . 
267	NA	" "" Ungari sirel ! "
267	NA	" Oi , aitäh – "" ja naeris hammaste välkkudes , "" mulle ei ole veel kunagi kingitud puid ! "
267	NA	 Tead , mis ? 
267	NA	" Me istutame selle juba homme aeda maha . "" "
267	NA	" Ta pani minu kingitusegi teiste juurde ja imetles veelkord : "" Mõelda vaid , ungari sirel ! "" "
267	NA	 Laudkond muigas ja hakkas lõbusalt sumisema . 
267	NA	 Särasin rahulolust . 
267	NA	 Istusin otsekui unes lauda ja värisesin natike – erutusest , õnnest . 
268	NA	 See sirel , see sirel pärines Evelini aiast . 
268	NA	 See pärines Evelini aiast – ja nüüd siis ... 
269	NA	 --- 
270	NA	 Tortt oli söödud . 
270	NA	 Istusime viiekesi – vanaisa , mina , Jõngu poiss , Ranna Leo ja Räägu Madis – õues suure pärna all pingil . 
270	NA	 Täistuledes maja ning kiiskav latern õueposti otsas heitsid tumedasse juunialguse öösse valgust ja varje . 
270	NA	 Ritsikad siristasid ja ajuti huikkas hekis üks lind . 
270	NA	 Me jõime vanaisa tehtud õlut ja puhusime tasasel häälel juttu . 
270	NA	 Majas olid kõikk uksed pärani lahti ja me kuulsime , kuda sünnipäeva-laudkond Saarepuu Jaani lõõtsa saatel laulis : 
271	NA	 seal , kus rukkiväli lagendikul heljub , 
272	NA	 kõrge kuusik kohab mäenõlvakul , 
273	NA	 väike majakene maantee ääres seisab – 
274	NA	 lapsepõlvekodu oli seal kord mul ... 
275	NA	 KOMBAINID 
276	NA	" peatükk romaanist "" Lipamäe "" ( Varrak , 2002 ) "
277	NA	 Mind äratas see , et tuba rappus mingist plärisev-vilistavast mürast . 
277	NA	 Veel polnud ma teinud lahti silmigi , veel polnud jõudnud mu mõistus virguda , kui ma juba läbi une taippasin – kombainid ! 
277	NA	 Siin ei ole võimalik eksida – see müra on äravahetamatu ! 
277	NA	 Kombainid ! 
277	NA	 Ma virutasin teki pealt ja sööstsin aknale . 
277	NA	 Kombainid ! 
277	NA	" Röögatasin ja tormasin kööki , köögist õue , karjudes : "" Kombainid ! "
277	NA	" Kombainid ! "" "
278	NA	" Nad tulid Esna poolt ja neid oli palju , palju – ma ei suutnud muud , kui ainult silmadega õgida ja kähiseda : "" Kombainid ! "" "
279	NA	 Nad keerasid Ugari käänust meie majatagusesse otra ! 
279	NA	 Jah , kõikk nad keerasid , üksteise järel – nad hakkavad lõikkama täna meie majatagust otra ! 
279	NA	 Olin juba lauda taga ja kõikk , mida ma nägin , olid kombainid – need suured , punased , võimsad , majesteetlikud , uhked , kaunid ! 
279	NA	 Kombainid ! 
279	NA	 Värisesin erutusest ja ärevusest , ahmisin neid ammulisilmi , ma tahtsin joosta nende juurde , neid käega puudutada , neid korraga sülle võtta , neid kaisutada – kuid nad olid liiga kaugel , nad olid liiga rasked ja suured . 
279	NA	 Niisiis ma vaid vahtisin neid ja mu suu oli lahti vajund , ma hingeldasin , suutmata öelda ainsatki sõna . 
279	NA	 Suutsin vaid mõelda : kombainid ! kombainid ! 
279	NA	 Lõpuks ometi ! 
280	NA	 Alles siis virgus mu mõistus ja rahunesin . 
280	NA	 Nägin , et olen paljajalu ja särgiväel õue jooksnud . 
280	NA	 Saatsin veel ühe ahne pilgu kombainide suunas ja lippasin tuppa . 
280	NA	 Vanaema ja vanaisa olid mõlemad köögis . 
280	NA	 Kell oli kümme läbi ja vanaema pani hommikueineks nõusid lauale . 
281	NA	" "" Nooh ? "
281	NA	" Mis sul's hakkas ? "" imestas vanaisa , "" nägid halba und või ? "" "
282	NA	" "" Kombainid tulid , "" vastasin , "" nad hakkavad nüüd siin heki taga lõikkama . "" "
283	NA	 Selle peale ei üteld vanaisa enam midagi , vaid istus edasi puudekastil , sättides jalanartse pliidavarda vahele kuivama . 
284	NA	" "" Kussa neid topid ? "" tänitas vanaema , kes kõlistas eemal nugade-kahvlitega , "" seal on kotletid ! "
284	NA	 Pane jah oma nartsud kotlettide peale . 
284	NA	" Pane jah ! "" "
285	NA	" "" Ää irise ! "" ütles vanaisa . "
286	NA	" "" No aga ära pane siis neid sinna . "" "
287	NA	" "" Ma ei panegi ju ! "
287	NA	" Täitsa eemal on ! "" "
288	NA	" "" Jaah ! "
288	NA	 Äkki sa tõstaksid oma saapad ka veel soustikaussi ? 
288	NA	" Siis oleks täisvärk ! "" "
289	NA	" "" Tahad , jah ? "
289	NA	" No ma tõstan ! "" "
290	NA	" "" No tõsta ! "" "
291	NA	 Vanaisa lõi käega ja kadus teise tuppa . 
292	NA	" "" Näedsa , Jaak , selline põrsas su vanaisa ongi . "
292	NA	 Mitte põrsas , vaid koguni räpasiga . 
292	NA	 Kuule , aga ruttu tuleb süüa – täna tuleb ju onu Mihkel . 
292	NA	 Ossa issand – kell juba kümme läbi ! 
292	NA	 Kuda täna see söömine nii hilja peale on jäänud ? 
292	NA	 Kähku lauda ! 
292	NA	" Ae , vanamees ! "" "
293	NA	 See , et onu Mihkel täna saabub , oli minu jaoks kahtlemata kauaoodatud suursündmus , kuid nüüd jättis kombainide ilmumine enda varju kõikk muu . 
293	NA	 Isegi söök ei maitsend eriti – ja see on minu puhul eriti ebatavaline . 
294	NA	" "" Milla ta's tuleb ? "" küsisin . "
295	NA	" "" Peaks juba siin olema . "
295	NA	" Tea , kas midagi juhtund või ? "" muretses vanaema ja kiikas kella . "
296	NA	 Aga ma ei jõudnud veel söömist lõpetadagi , kui Muki õues haukkuma pistis . 
297	NA	" "" No see on küll Mihkel , "" arvas vanaema . "
298	NA	 Jah ! 
298	NA	 See oligi onu Mihkel ! 
298	NA	 Tema hääl jõrises üle kogu õue , kui ta soovis , et siitmaja rahvale jõudu kah ! 
298	NA	 Onu Mihkel on karm ja vali mees , seepärast pole miskit imestada , et tal on karm ja vali hääl . 
298	NA	 Ta oli võtnud nõuks tulla üle pika aja taas vaatama Kaaruka inimesi – ja siin ta nüüd seisiski . 
298	NA	 Muidu elab ju kogu aeg koos tädi Kadiga Tootsis ja on mingis pumbajaamas mehhaanik . 
299	NA	 Tootsi on siukke imelik koht , mis asub Pärnu lähedal ja kus kõikk asjad on käe-jala juures . 
299	NA	 Tahad näitteks minna poodi – aga palun , sada meetrit koduuksest . 
299	NA	 Või raamatukokku – sada meetrit teisale . 
299	NA	 Söökla ? 
299	NA	 Kino ? 
299	NA	 Bussijaam ? 
299	NA	 Võta heaks – sealsamas . 
299	NA	 Ei mingit pikka kõmppimist läbi linna . 
300	NA	 Tädi Kadi ise töötab briketitehases raamatupidajana – aga tal olevat praegu töö juures kiire aeg ja nõnda ei saagi ta seekord tulla , vaid peab jääma üksinda Tootsi . 
301	NA	 Hoolimata sellest , et Mihkel on karm ja vali mees , ei ole ta siiski hirmus . 
301	NA	 Kus on teha nalja , seal ta teeb , ja kus on midagi naerda , seal ta naerab . 
301	NA	 Ja kui on vaja panna kedagi paikka või öelda muidu sitasti , siis onu Mihkel ei mõtle pikalt , vaid paneb ja ütleb . 
301	NA	 Vat siukke mees on onu Mihkel . 
302	NA	" Nüüd ütles vanaisa : "" Vaata kui hea , et sa tulid . "
302	NA	" Teine õu on täis puid , mis kõikk tahavad kiiremas korras ärasaagimist . "" "
303	NA	" "" Ahaa ! "" ütles onu Mihkel , "" nende puudega teeme nagu naksti . "" "
303	NA	" – "" Kõigepealt sööme , "" ütles vanaema , "" ja alles siis hakkame naksutama . "" "
304	NA	" "" Kuule , kõht on jah na hele , "" tunnistas Mihkel , "" ma võtsin kah üht-teist söögipoolist kaasa . "
304	NA	" Mis ma's , juhm , ise oleks taibandki – a , näe , Kadi pani ja puha . "" "
305	NA	" "" Eh , mis te's nüüd ! "" tõrjus vanaema , lauale neljandat taldrekut tuues , "" ärge te meie pärast siin muretsege , vaadake , kuda ise paremini hakkama saate . "
305	NA	" Kuule , poiss , võta end õige koomale . "" "
305	NA	" – "" Ma sõin juba ära , aitäh . "
305	NA	" Ma lähen nüüd õue , "" vastasin ja luristasin tassist viimase viljakohvitilga . "
306	NA	 Kombainid polnud veel põllule sõitnud , vaid ootasid kobaras koos – kõikk kaheksa tükki ja kaks veoautot – , kuni rohi kastest päris kuiv on . 
306	NA	 Kostus haamriga vastu plekki kopsimist . 
306	NA	 Eks mõni juht kõpitses seal igaks juhuks oma masina kallal , et ei tekiks jandamist kallil tööajal . 
306	NA	 Ma teadsin , et põllulesõit on lähiminutite küsimus – päev oli ilus päiksene ja tuul mõõdukas , taevas kaettud valgehallide heailma-pilvedega , õhk oli siukke augustiliselt lämbe . 
306	NA	 Ronisin lambasara katusele ja jälgisin üksisilmi , kuda kombainid seal põlluveeres seisid ja tööpäevaks valmistusid . 
306	NA	 Seletamatu nauding haaras mind , kirjeldamatu lummus . 
307	NA	 Aahh ! – Ja möiratas esimene kombain ! 
307	NA	 Tohutu masina kohale tekkis must suitsuvine ja see asi seal ees hakkas pöörlema . 
308	NA	 Ja esimene kombain alustas liikumist ! 
308	NA	 Taas möiratus ! – Liikumist alustas järgmine kombain . 
308	NA	 Siis kolmas ! 
308	NA	 Ja neljas ! – Üksteise järel startisid punased majesteetlikud kolossid põlluveerelt , sukeldudes mürina ja undamise saatel odra kuldsesse voogamisse . 
308	NA	 Kolbid , võllid ja ülekanded lõgisesid ja vilistasid . 
308	NA	 Ühtlases tempos ja ühtlaste vahedega eemaldusid nad ja mürin vaibus üha . 
308	NA	 Kaheksa kombaini läksid ja esimesed kaheksa põhuvaalu jäid neist maha helkkima . 
308	NA	 Pinge lõdvenes . 
308	NA	 Hingasin jälle rahulikult sisse-välja , sisse-välja . 
308	NA	 Aeglaselt ja mõõdetud liigutustega ronisin lambasara katuselt maha . 
309	NA	" Köögis ütles Mihkel parajasti : "" Noh , lähme paneme nüüd sae huugama . "" "
310	NA	" Mina ütlesin : "" Ma tulen ka appi . "" "
311	NA	" Mihkel vastas : "" Sina tuledki appi . "
311	NA	" Värni , näe , peab veini jaoks tikreid korjama , enne kui need põõsast maha kukuvad . "" "
312	NA	" "" Ohoo ! "" rõõmustasin mina . "
313	NA	" Vanaema kahtles : "" Kuule , Mihkel ! "
313	NA	" Väike poiss nüüd puid saagima ? "" "
314	NA	" "" Oh , egas need mingid tümikad pole , "" rahustas vanaisa . "
315	NA	" "" Ja mis väike enam , "" ütles ka Mihkel , "" mina tema vanuses juba ... "" – "" Ja-jaa , "" sõnas vanaema . "
316	NA	" "" Lähme siis ja toome sae ära , "" ütles vanaisa . "
317	NA	 Saag oli naabrite juures . 
317	NA	 Selline suur ja võimas kreissaag nagu nad ikka on . 
317	NA	 See oli naabrite saag – sellepärast oligi see nende kuuri all . 
317	NA	 Aga naabri-Juku oli ju vanaisa vend ja egas keela vend vennale oma kreissaagi ! 
318	NA	 Mihkel kergitas sae kangiga üles ja mina sõitsin kaherattalise vedamisriistapuuga alla . 
318	NA	 Juku ja vanaisa vahtisid samas kõrval pealt . 
319	NA	" "" Te tulge lõunaks minu poole , "" kutsus Juku , "" mul on praegu kõikk õlut tehtud ja . "" "
319	NA	 Ta urgitses oma kepiga midagi saepurus . 
319	NA	 Teadsin , et kui üldse leidub lähikonnas keegi , kes suudab teha sama head ja kanget õlut nagu minu vanaisa , siis on selleks minu vanaisa vend Tuigani-Juku . 
320	NA	" "" Natürlich , "" vastas Mihkel ja tõmbas sae liikuma . "
320	NA	 Meie vanaisaga lükkasime tagant ja siis juba läks mis ludin . 
321	NA	 Pinumaale jõudes võttis Mihkel saekaabli ja läks ühendas selle posti külge . 
321	NA	 See on tasuta elekter , mis sealt posti küljest tuleb , sest ei surise mõõtjast läbi . 
321	NA	 Aga mõtle ometi , palju võtab voolu siukke tegevus ! 
321	NA	 Pealegi on kaabelt posti külge monteerida mugavam kui kuhugi mujale – krutid kaane maha , nugistad nati ja valmis ! 
322	NA	 See on alati veidi jube , kui kreissaag käima läheb , aga siis kohe harjub juba ära ka . 
322	NA	 Seal ei ole tegelt ju midagist kartta ! 
322	NA	 Ei pea ju toppima kätt saehammaste ette ! 
322	NA	 Aint , et siukseid rippuvaid või tilppnevaid asju ei tohi seljas olla – nii võib juhtuda õnnetus küll . 
323	NA	 Vanaisa otsis ämbri , pingi ning läks kükitas põõsastesse . 
323	NA	 Vanaemagi oli aedas – korjas moosipanemise õunu . 
323	NA	 Igalühel oli nüüd tegevust – ega ei ole siis meie peres laiskvorstisi ! 
324	NA	 Krrrr-šššhhh-fffff – võttis saag tuure ülesse . 
324	NA	 Mihkel seadis ennast puki juures hakkama ja mina tarisin juba esimest notti ligemale . 
325	NA	 Umbes tunni aja pärast seiskas Mihkel sae , et seda pisut edasi kangutada . 
325	NA	 Mina toetusin ühele jämedale kuusepalgile ja imetlesin kordasaadetut . 
325	NA	 Vanaema tuli ja tõi morssi . 
325	NA	" "" Ega sa suhkurt sisse pand ? "" uuris Mihkel . "
325	NA	 Tema ju tahab tööd murdes kangesti haput . 
325	NA	" "" Peaaegu üldse , "" vastas vanaema ja ladus puid põlle sisse . "
325	NA	 Kull-kull-kull – kulistas Mihkel – ähh ! – ja andis kannu mulle . 
326	NA	 Saagisime edasi . 
327	NA	 Silmanurgast märkkasin , et väravasse sõittis sinise ristiga villis . 
327	NA	 See oli velsker Jaan Mõtus ja mulle meenus hoobilt , et ta pidigi ju täna tulema täna ja viima ära ühe hulkkuva mesilastesülemi , mis oli end sisse seadnud meie korstnas – nii et lõõrides puha sumises , kui tahmaluugi lahti tegid ja kuulatasid . 
327	NA	 Velsker Jaan Mõtus on ju suur mesilastearmastaja – niipea , kui kuskil küla peal on mõni sülem ripakil , siis kutsutakse kohe tema . 
327	NA	 Jaan käib ju muidu ka – kui seal on punataud või lambal gaasid kõhus või lehmal udarapõletik või midagi . 
327	NA	 Ja siis on ta samuti platsis , kui lehm poegima hakkab . 
327	NA	 Ühekorra ma olin juures ja vaatasin , kuda Jaan , endal käised küünarnukkideni üles kääritud , lehma seest ühte ilast tomppu välja tiris . 
327	NA	 See ilane tompp oli vasikas . 
327	NA	 Velsker Jaan Mõtuse juures on eriti imelik see , kuda ta räägib . 
327	NA	 Tal on siukke kõrgevõittu , meloodiline , laulev ja muhe hääl , mida kuuldes tekib paratamatult tunne , et muretsemiseks puudub igasugune põhjus , et kõikk on täitsa hästi , ja pole näha , et asjalood tulevikuski teisiti võiksid kulgeda – noh , ja kui peakski äkitse seisu pöörama halvaks , siis selle tühja võtab ju kätte ja ajab taas jonksu , asi see's nüüd ! 
328	NA	" Jaan astus väravast sisse ja hõikkas üle sae vingumise : "" Tervist ! "" "
328	NA	 Viipasime vastu ning jätkasime tööd , sest ka Jaan rühkis maja suunas , käe otsas keskmist mõõtu kast . 
328	NA	 Oleks ju taht kangesti näha , kuda see mesilastesülemi korstnast väljakupatamine käib ! 
328	NA	 A kui teed tööd , siis tuleb tehagi tööd , mitte joosta edasi-tagasi nagu munas kana või haige jänes . 
328	NA	 Nii ma siis tegingi tööd , lastes end haarata lausa sportlikul hasardil . 
328	NA	 Kujutlesin , et iga puunott on paha inimene , vaenlase spjoon , bandiit , kes tuleb ruttu kahjutuks teha – tükkideks saagida . 
328	NA	 Rassisin – ja üha jõudsamalt kahanes saagimata puude virn . 
329	NA	 Mingi aja pärast tuli rõõmust särav velsker maja poolt , käe otsas kast mesilastega , viipas hüvastijätuks ja ronis villisesse . 
330	NA	 Onu Mihkel lasi selle noti , mis tal parajasti käes oli , veel lõks-lõks-lõks sae alt läbi ning keeras tuurid maha . 
331	NA	 Laskus vaikkus – ebaloomulikuna tunduv vaikkus , sest kõrv oli saelärmiga juba niivõrd harjund . 
331	NA	 Tükk aega ei kuuld midagi . 
331	NA	 A siis jõudis teadvusse kombainide tasane ja ühtlane mürin heki tagant põllult . 
331	NA	 Ühtlane mürin – sekka kiledaid signaalikatkeid , kui trummel täis , ja GAZ-ide podinat . 
332	NA	" "" Suitsupaus , "" ütles onu Mihkel , puudevirnu takseerides , "" lippa ringi , siruta jalgu . "
332	NA	" Üle poole on tehtud . "" "
333	NA	 Jätsin Mihkli sae juurde suitsetama ja läksin ise majja . 
333	NA	 Tikripõõsaste vahel koogutas vanaisa ja pusis marju korjata nii et sahises . 
333	NA	 Nägin , kuda kõrgel-kõrgel üleval vedas üks tilluke lennuk üle sinise laottuse pikka , vatt-valget ja idüllset viirgu . 
334	NA	 Terve köökk oli lämmatavkuumaks köettud ja täis vänget äädikahaisu . 
334	NA	 Vanaema segas pliida ääres moosi . 
334	NA	 Laual olid puhtusest sillerdavad purgid , rattalohvist lõigatud kummid , tsellofaanirull ja kuhil plastmasskaani . 
334	NA	 Ja – tõsijutt ! – sealsamas kollendasid ilusti ritta sätitult kuus esimest purgitäit õunamoosi . 
334	NA	 Kuskil pidi nüüd leiduma veel üks väärtuslik potsik , kuhu on kogutud kõikse vaht moosi pealt . 
335	NA	 See potsik oli vanaema käes . 
336	NA	" Ütlesin : "" Anna ! "" "
337	NA	" Vanaema ütles : "" Anna jäi Tartu rongi alla ! "" "
338	NA	" Mina ütlesin : "" Palun anna ! "" "
339	NA	 Siis vanaema andis ja ma tegin paari saiatüki kaasabil potsikule kähku põhja peale . 
340	NA	" "" Täna mul lõunasöögiks aega ei ole , "" lausus vanaema , "" proovige kudagi läbi ajada . "
340	NA	" Õhtaks teen kukesuppi . "" "
340	NA	" – "" Ahah , "" mõmisesin mina suurest potis moosi juurde õngitsedes . "
340	NA	" "" Äkki jätad purkkipanemiseks ka ? "" küsis vanaema ja tõrjus mu pliida äärest minema . "
341	NA	" "" Palju kell oli ? "" hõigati tikripõõsastest , kui puukuuri poole sammusin . "
342	NA	" "" Veerand kaks või midagi , "" vastasin . "
342	NA	 Vanaisa ju ootab postimeest . 
342	NA	 Täna eriti – sest täna peaks ilmuma lehes loteriivõittude tabel ja vanaisal on tervenisti kuus piletit ! 
342	NA	 Ega ta kunagi ei võida midagi , aga , nää , ikka mängib . 
342	NA	 Mul on alati kole kahju vaadata , kuda vanaisa õhinal tabelist näpuga järge ajab , aga lõpuks nägu krimpsutades ikkagi ühe pileti teise järel kokku kägardab ja pliida ette viskab . 
342	NA	 Vanaema on küll korra võitnud – meeste vihmavarju . 
342	NA	 Ja Türi Mai võittis kunagi kristallkausi . 
343	NA	" Tahtsin jõuda vaatama , kui kaugel on kombainid , ent Mihkel tuli juba lauda ette väravale ja kutsus : "" Noh , Jaak-paak ! "" "
344	NA	 Järgmised kolmveerand tundi aina saagisime et huugas . 
344	NA	 Aeg-ajalt ujutasid autode möödudes meid üle tolmupilved maanteelt . 
344	NA	 Eriti tihkelt oli tolmu just täna , sest viljaveoautod käisid peaaegu kõikk Jõngu teed pidi ja uhasid nõnda meie maja eest läbi . 
344	NA	 Mina katsin siis näo käsivarrega , kuid Mihkel sae juures ainult pööras pea kõrvale , tegi puhh ! ja mõnikord koguni kirus endamisi . 
345	NA	" "" Postimees ! "" karjusin . "
345	NA	 Ja ei olnud midagi muud tarvis öelda . 
346	NA	 Iga tööpäe ja lauba täpselt ühel ja samal ajal – kell kaks – löödi sassi kogu küla argiselt ühtlane elurütm , lõigati pooleks kõikk toimetused . 
346	NA	 Kui kuuldavale jõudis postimehe võrri madalatooniline põrin , pandi käest tööriistad , visati eest kitlid ja põlled , mehed võtsid peast mütsi , et pühkida sellesse higist nägu , naised panid käed puusa , et ohates ringutada . 
346	NA	 Värskete ajalehtede saabudes katkestati kõikk , mida oli tehtud , otsiti üles prillid ja mindi postkasti tühjendama . 
346	NA	 Järgmise tunni aja välttel valitses kogu külas justkui mingi püha . 
346	NA	 Värskete ajalehtede püha . 
347	NA	 Nii ka nüüd . 
347	NA	 Hirmus riistapuu meie kuuriesisel jäi paugupealt vakka . 
347	NA	 Me mõlemad tõmbasime korraks hinge . 
347	NA	 Siis kiirustasime maja poole . 
347	NA	 Tikripõõsaste vahelt ragistas ennast välja vanaisa ja liitus meiega . 
347	NA	 Vanaema seisis sõnatult trepil , moosine kulp käes . 
347	NA	" "" Jaak , too lehed ära , "" ütles vanaisa õõnsal häälel ja neelatas . "
347	NA	 Mihkel võttis pärna all pingil istet . 
347	NA	 Vanaema näperdas kulppi ja toksis sellega vastu käsipuud . 
348	NA	 Vaibus aja mürisev langemine üle olemise serva . 
348	NA	 Kellegi käsi sulges luugi kaduviku kohal . 
349	NA	 Ka seekord ei võitnud vanaisa midagi . 
349	NA	 Ta noppis tusaselt prillid ninalt ja käkerdas piletid tasku . 
350	NA	" "" Lähme teistele , "" ütles ta . "
351	NA	 Nii nagu on meil pink õues majatrepi ees suure pärnapuu all , nii on teistel pink rehetoa ees kirsipuu all . 
351	NA	 Seal Juku , ajalehed kõrval , meid oodates jalgu puhkaski . 
352	NA	 Ning mõne aja pärast võib sellesinatse kirsipuu all pingil näha järgmist piltti . 
352	NA	 Kõigepealt istun mina , jälgides pilguga kõnniteekivide vahel sibavaid sipelgaid ja kõrvadega teiste juttu . 
352	NA	 Kohe minu kõrvale jääb Juku – tsipa kössis , käed põlvede vahele pihkusidpidi kokku surutud ja kepp samas kõrval . 
352	NA	 Temagi vaatab enese ette , näides samal huviga kuulavat , mida räägib temast kohe edasi istuv onu Mihkel . 
352	NA	 Onu Mihkel jah jutustab midagi , endal üks jalg uljalt üle teise visatud ning lõug kergelt paremale randmele toetatud . 
352	NA	 Tal on silmis kaval muie , samuti on üks ta kulm teisest kõrgemale veetud . 
352	NA	 Nii teeb onu Mihkel ikka parajasti siis , kui keegi tema suu läbi põrmustava pilkkamise-tögamise osaliseks saab . 
352	NA	 Onu Mihklist õite pisut eemale on platseerund vanaisa , kaheliitrine emailpütt sangapidi käes . 
352	NA	 Selle püti sees on õlut . 
352	NA	 Vanaisa pea on arupidavalt kaldu langend , kuid temalgi on suu üle-näo-irves . 
353	NA	 No mida's nii irvitatakse ? 
354	NA	" "" ... ; noh , ja siis öeldi mulle , et oma viga – astugu ma ka parteisse . "
354	NA	" A mina ütlesin , et mul pole nii pika säärega saapaid , et parteisse astuda , "" pajatab onu Mihkel . "
355	NA	" "" Höh-höh-höh , "" naerdakse . "
356	NA	" "" A kuda sa's ilma said ? "" küsib Juku siis . "
357	NA	" "" Ega ma saandki . "
357	NA	" Siiamaani puhastusseadmete peal . "" "
358	NA	" "" Jah , "" võtab sõna ka vanaisa , "" mind , nää , põrutati kolhoosiesimehe koha pealtki sellepärast minema , et parteilane pold . "" "
359	NA	" "" Jah , "" nõustuvad teised . "
360	NA	 Siis möödub igaühel mõni aeg vaikselt endamisi mõlgutades . 
360	NA	 Tuul vaid kahistab kirsipuid ja meeste juukseid . 
361	NA	" "" See Hans Leberecht , teate , jah – see kuulus kirjanik – oli alles üks imelik vennike , "" sõlmib siis vanaisa taas juttu . "
361	NA	" "" Ta ju elas siinsamas Koordis , kohe Sõeru taga – seal , kus praegu suured turbarabad on – , kirjutas kõikk meie kolhoosist raamatu ja . "
361	NA	 Noh . 
361	NA	 A muud sel Leberechtil pold , kui et karttis hirmsasti pisikuid . 
361	NA	 Pühkis kõikseaeg ukselinkke puhtaks ja puha . 
361	NA	 Kõige naljakam oli muidugi , kuda tal kusemine käis . 
361	NA	" Siidinööri ja hõbelusika abil – et pisikuid ei satuks . "" "
362	NA	" "" Mih ? "" teeb onu Mihkel imestusest suured silmad . "
362	NA	 Juku ainult muigab – vististi teab juba seda juttu . 
362	NA	 Ikkagi siitnurga mehed . 
363	NA	" "" Tilli külge oli siuttud siukke siidinöör , millega ta tilli püksist välja tõmbas , "" seletab vanaisa , "" ja kui asi aettud , topiti hõbelusika abil till jälle püksi tagasi . "
363	NA	" Hõbelusikat kandis ta alati hoolega rinnataskus igal pool kaasas . "" "
364	NA	" "" Kuda sa seda kõikke nii täpselt tead ? "" uurib onu Mihkel , "" tundsid isiklikult või ? "" "
365	NA	" "" Noh , kuda võtta , "" naeratab vanaisa , "" käis meil korra vaatamas , kuda me normipäevi teeme . "" "
366	NA	" "" Aga "" Valgus Koordis "" oli sellest hoolimata päris hea raamat , "" sõnab Juku . "
367	NA	" "" Jumal tänatud , ei ole lugend , "" vastab Mihkel , "" üldse – mida vähem loetakse , seda parem . "
367	NA	 Ega lugemine ei ole veel tarkkus . 
367	NA	 Mina tundsin kunagi üht tüdrukut , kes luges nii palju , et läks peast hoopis segi – passis päevade viisi aknal ja pidas arvet möödujate üle . 
367	NA	 Läks keegi vasakult paremale , tõmbas tema vihikusse kriipsu , läks keegi paremalt vasakule , tõmbas kriipsust teise läbi . 
367	NA	 Selline oli siis tema tarkkus . 
367	NA	 Tänan , ei . 
367	NA	" Ma olen parema meelega puhastusseadmete peal . "" "
368	NA	" "" See oli erand ! "" väittis Juku . "
368	NA	" Kuid vanaisa ütles : "" Mina kah ei ole aastaid enam lugend muud kui kalendri-raamatut ja ajalehti . "" "
369	NA	" "" Matsid ! "" aasis Juku onu Mihklit ja vanaisa . "
370	NA	" "" Intelligendinäru ! "" nokkisid need vastu . "
371	NA	 Rüübati õlut . 
371	NA	" Kui kann tühjaks sai , täheldas Juku : "" Nähh , tühi . "
371	NA	" Toon uue . "" "
371	NA	" – Kuid Mihkel ütles : "" Kuule , ei . "
371	NA	" Töö kutsub . "" "
371	NA	" Ja Juku küsis : "" Sa , Mihkel , jääd ju ka homseks siia ? "" – "" Jah , kuid õhta lähen tagasi , "" vastas see . "
372	NA	 Kella poole viieks olid kõikk puud läbi saettud . 
372	NA	 Ffffff-hhhh-šš-rr – vaibus sae vihin . 
372	NA	 Seadsime end pakkude vahele istuma , et sügavas rahuldustundes silmitseda tehtut ja lasta tööhoost õhetaval nahal maha jahtuda . 
372	NA	 Kanad tilberdasid ümberringi ja siblisid palkkide all olnud mullas vihmausse . 
372	NA	 Kanade komandör kukk viibis eilsest pärastlõunast saati majakeldris ühe poti sees . 
372	NA	 A usinad nokalised näisid ka ilma kuke juhtiva rollita hästi hakkama saavat . 
372	NA	 See kukk , see oligi siukke tige ja sõjakas , kippus muudku riidu – mõnikord ei julgend vanaema laudaõues ilma toikkata liikudagi . 
372	NA	 Nii viidi kukepontsik viksimaid kombeid õppima . 
373	NA	 Lauda tagant vahtisid lambad meid üle aediku , lollid näod peas . 
373	NA	" "" Mää ! "" tegi onu Mihkel neile . "
373	NA	 Kuid lambad jõllitasid veelgi lollima näoga ja lingutasid kõrvu . 
374	NA	" "" Lammas on ikka loll loom , "" arutas onu Mihkel ja sülitas saepurusse , "" te varuge saepuru kokku – hea loomadele alla panna . "" "
375	NA	 Ta tõusis ja läks saekaabelt posti küljest lahti ühendama . 
375	NA	 Mina sain ometigi kord aega , et minna vaatama kombaine . 
376	NA	 Poole päevaga oli üle käidud juba suurest lahmakast põllust . 
376	NA	 Vaalude vahel patseerisid toonekured , keset põldu ootasid kobaras koos viljaveoautod . 
376	NA	 Kõikk oli täis põhutolmu põletavat lõhna . 
376	NA	 Hingasin seda sisse . 
376	NA	 Värisesin naudingust . 
376	NA	 Ma ahmisin ja ahmisin kombaine , nende rahulikku liikumist , pikki õieli torusid nende küljes . 
376	NA	 Andusin vaatepildile jäägitult – olin ainult mina ja nemad , mina ja see põld . 
376	NA	 Ei eksisteerind midagi muud . 
376	NA	 Maa mürises , taevas mürises , terve ilmaruum mürises – ning minu sees mürises . 
377	NA	 Ma ei tea , kuidas , aga avastasin end äkki kaevu eest . 
377	NA	 Vanaisa pesi suurt veininõud ja Mihkel mugis ta kõrval seistes isukalt õunavissi . 
378	NA	" "" Kuule , "" sõnas vanaisa mind märgates , "" sa pead täna öösi magama lakas . "
378	NA	 Mihkel magab sinu voodis , sest suure toa voodis on vedru lahti ja verandas on veel värvilõhn . 
378	NA	 Sul on lakas hea magada küll . 
378	NA	 Vanasti magatigi lakas . 
378	NA	 Värske õhk ja värsked heinad – see võrdub karastund tervis . 
378	NA	" Vot . "" "
379	NA	 Lakas on väga tore magada . 
379	NA	 Tavaliselt magan ma iga aasta pärast heinte kojutoomist lakas – kuid tänavu pole veel jõud . 
379	NA	 Päeval pole old meeles ja õhta on ikka nii suur väsimus keres , et ei jaksa kolimist ette võtta . 
380	NA	" Nõustusin : "" Okei . "" "
381	NA	" Vanaema tuli kaevule vee järele ja palus mind : "" Ole nii hea , korja supi sisse porgandeid . "" "
381	NA	 Nii tegingi . 
381	NA	" Ja siis – et veeta aeg supi valmimiseni võimalikult sisukalt – ajasin verandalt välja oma rohelise "" Ereliukase "" . "
381	NA	 Plaanisin teha ühte tuhisevat tiiru Jõngu teel ja vaadata , kuda põllul rabatakse teha tööd . 
381	NA	 Egas ei saagi ju rabamata – tuleb ära kasutada , kuni siukkest ilusat päikselist ilma hoiab ! 
381	NA	 Misse Sellin lubaski augusti lõpuks – et kisub vihmaseks ? 
381	NA	 Oi-jaa – siis ei tohi olla tõesti mingit venitamist ! 
382	NA	 Veidi enne õhtasöögi lõppu tuli meile külla Rüütli Villu . 
382	NA	" Tuli jah kohe uksest sisse , soovis jätku leiba ja imestas : "" Küll teil siin on ikka tublid töömehed ! "
382	NA	 Alles hommiku sõitsin mööda , vaatan – õu puid täis . 
382	NA	" A nüüd ! "" "
383	NA	" "" Jaah ? "" naljatas vanaisa , "" me võtsime endale siukse sulase , kes murrab kümne eest ! "" "
384	NA	" "" Ähh ! "" käratses Villu , "" ei see pole mingi sulane , see on ju Tootsi Mihkel ! "
384	NA	 Vaat kus alles ! 
384	NA	 Ega nüüd ei ole muud , kui et hakkame jooma ! 
384	NA	" Mul kõikk neli pudelit peeti ühes ja . "" "
385	NA	" "" Kuss , Villu ! "" pahandas vanaema , "" mis juttu sa ajad söögilaua ääres ? "
385	NA	" Rikud poisi ka ära ! "" "
386	NA	" "" Mis poisi ? "
386	NA	 Selle poisi ? 
386	NA	 Mis poiss see enam on ! 
386	NA	" See tuleb juba meiega koos jooma ! "" praalis Villu . "
387	NA	" "" Ää plärise , istu maha ja tõsta suppi , "" ütles vanaema , "" oled minu köögis , siis ole inimese moodi . "
387	NA	" Kui pärast kuuri taha lakkuma lähed , siis ole minu pärast kasvõi siga . "" "
388	NA	" "" Ää pahanda , Linda , "" vastas Villu leplikult , "" a täna on juba siukke lakkumise tuju , missa's teha saad . "
388	NA	 Ja egas meie Värniga pole mingid mandund kõrid – meie oleme intelligentsed joodikud ! 
388	NA	" Jaa ! "" "
389	NA	" "" Intelligentsed joodikud ! "" porises vanaema , "" häh ! "" "
390	NA	 Vanaisa aga ainult vaatas ja irvitas hambaid . 
390	NA	 Irvitas jah hambaid ja luristas siis jälle suppi , nii et aknaruudud klirisesid-tärisesid . 
391	NA	 Supp söödud , läks vanaema sauna kütma . 
391	NA	 Mihkel ütles , et läheb laseb vanamehe voodis tunnikeseks silma looja . 
391	NA	 Vanaisa ja Villu kadusid puukuuri taha ja mina leidsin , et on , jah , tõesti õige aeg veidikese lesida , kui ei taha just raske kõhuga lavale minna – mis ei ole kasulik tervisele . 
392	NA	 Nii ma siis lesisingi , aga und ei tulnud . 
392	NA	 Vahtisin üle voodi serva põrandale ja mõlgutasin . 
392	NA	 Valitses vaikkus . 
392	NA	 Vahtisin raamatute selgasid riiulis . 
392	NA	 Vahtisin lömastatud kärppsetest määrdund korstnajalga ja siis jälle põrandat . 
393	NA	 Jõudsin otsusele , et siukke asi ei või kesta kaua ja ronisin maast lahti . 
394	NA	 Õues oli läind viluks . 
394	NA	 Kombainid olid päeva jooksul majast kaugenend ja nende mürin ei olnud enam nii tugev kui hommikul . 
394	NA	 Vanaema oli saunas suurde pajja ning vanni juba veed ära lasnud ja krabistas nüüd ahjudesse tuld süüdata . 
394	NA	 Hiiilisin vargsi puukuuri poole . 
394	NA	 Kuulatasin nuka taga . 
394	NA	 Kostus kõnejõminat . 
395	NA	" "" ... ; mina olin siis Kuramaal , "" ütles vanaisa hääl , "" sakslane oli visa taganema , a me siiski rappisime neid kõvasti . "
395	NA	" Noh , ja üks öösi me ... ; "" Astusin kuurinuka tagant välja . "
395	NA	 Vanaisa jutt katkes . 
395	NA	" Ta küsis : "" Jaak , mis sina siin ? "
395	NA	" Kas vanaemal abi pole tarvis ? "" – "" Ma kuulan , mida te räägite , "" vastasin . – "" Kuule , mine aitta vanaemal sauna kütta või midagi , lase me siin ajame veidi juttu , "" ütles vanaisa . – "" Okei , "" kohmasin mina ebamugavust tundes ja lippasingi minema . "
396	NA	 Saun tuli vägev . 
396	NA	 Kogu eesruum oli täis paksu tossu , ning võis kuulda , kuda tagaruumis ahi kuumusest nagises . 
397	NA	 Kõigepealt käisid saunas ära vanaisa ja Villu , siirdudes pärast lõbusas meeleolus tuppa viimast peeti lõpetama . 
397	NA	 Siis käis Mihkel – minnes küll unisust kurttes , kuid tulles tegutsemisinnust pakatades . 
397	NA	 Kuna vanaema rihib oma saunaskäigud alati kõige viimaseks , jahtunuma leili aega – ta ei taha riskida oma kõrge vererõhuga – , siis võtsin pärast Mihklit saunatee ette mina . 
398	NA	 Koorisin riided maha , ronisin lavale ja virutasin leili et paukkus . 
398	NA	 Higi nõrises ojadena . 
398	NA	 Ega ma kaua korraga lavakuumuses passindki , vaid käisin end aeg-ajalt õues trepi peal pimedas augustiõhtas jahutamas . 
399	NA	 Kombainid olid lõpetand tööpäeva juba tund aega tagasi . 
399	NA	 Põllumehed olid enne veel pisut tulede valguses masinate kallal kopsind , aga siis lõpuks ära läinud koju – jättes kombainid suurte , massiivsete ja salapäraste elukatena minu maja lähedusse põlluveerele hommikut ootama . 
400	NA	 Mu keha auras pimeduses saunatrepil . 
401	NA	 Astusin trepist alla , kõndisin väravani . 
401	NA	 Vaatasin , kuda sünged ja üksildased , tummad ja elutud , mahajäettud ja põhutolmuga üle puistatud kombainid majast vaid paarisaja meetri kaugusel tardunult enese ette põrnitsesid , teravad ja kummastavad kontuurid laskuvasse öösse sulandumas . 
401	NA	 Ritsikad siristasid . 
402	NA	 Peaaegu eneselegi märkkamatult olingi läbinud selle paarsada meetrit ja viibisin nüüd ihualasti otsekui mingis iidses templis . 
402	NA	 Seletamatu tung , haaramatu erutus tuksus mu veresoontes , kui kõndisin ringi nende eelajalooliste monoliitide vahel , õndsakstegev ängistus valdas mind , kui ronisin ühe kombaini trepist üles . 
402	NA	 Minu jalge all tukkus mehhaanilises unes metallne saurus . 
402	NA	 Saatsin ta kukilt pilgu üle põldude , üle küla . 
403	NA	 Siis ronisin ettevaatlikult alla ja silkkasin tagasi sauna . 
404	NA	 Kuid isegi veel siis , kui mässerdasin heinavirna otsas nohisedes aset valmistada , ja ka siis , kui olin aseme valmis saand , tule kustu keerand ja teki alla pugend , surises mu peas ainult üks mõte . 
404	NA	 See mõte oli : kombainid ! 
405	NA	 Mõelda vaid ! 
405	NA	 Kombainid ! 
