par_nr	head	sentence
1	 Eeben 	 Eeben 
2	NA	 Indrek Hargla 
3	NA	" "" Ei , aga siiski , mu armas Hutchinson , "" sõnas McMoran süngelt , "" kas te liiga kindlalt ei väida , et saavutades surematuse minetab inimene inimlikkuse . "
3	NA	 Olen nõus , et kõik humaansed mõõdupuud ainult surelikkuse raamides kehtivad , kuid usun siiski , et rääkides tundmatust fenomenist , pole õige see hindamiseks tuntud taustsüsteemi projitseerida . 
3	NA	" Kas te ei leia nii ? "" "
4	NA	" "" Teoreetiliselt on teil kahtlemata õigus , professor , "" nõustus Hutchinson . "
4	NA	" "" Kuid arvestagem , et inimesest , kui asjast iseeneses pole ühtegi käsitlust , kus tema surelikkus ei ole tunnetuse aluseks . "
4	NA	 Inimene on inimene ainult siis , kui ta sureb . 
4	NA	 Ehk teisisõnu — surematut inimest pole olemas . 
4	NA	" Ja kui leidukski keegi surematu , inimesele kõigi tunnustega vastav isend , siis poleks meil tema surematust arvestades õigust teda inimeseks pidada . "" "
5	NA	" "" Kasutasite sõna 'teoreetiliselt' , "" jätkas McMoran kohe ja pisut kasvanud õhinaga . "
5	NA	" "" Ja loomulikult olemegi seni ainult teoreetilist käsitlust silmas pidanud . "
5	NA	" Mis oleks , kui unustaksime hetkeks oma akadeemilise keskkonna ja kuulaksime ühe loo arutlusteema praktiliselt küljest ? "" "
6	NA	 Olime kolledžist lahkuva auväärse McMorani lahkumisõhtul jäänud klubiruumi akadeemilistest tavadest pisut kauemaks istuma ning väitlus surematuse üle , milles professor ja tema kauaaegne õpilane ning hilisem oponent filosoofiadoktor Hutchinson etendasid peaosi , oli väldanud ligi kaks tundi . 
6	NA	 Ometi oli meie kõigi poolt siiralt armastatud Gilliam McMorani isiklik veetlus ning aegade jooksul Trinity kolledžis kogutud karismaatilisus ( lubatagu mul seda sõna kasutada ) tegureiks , mis meid kõiki veel hilisel õhtutunnil laua taga kinni hoidsid . 
6	NA	 Teadsime , et enam kunagi pole meil võimalust McMorani mõnusast jutust osa saada ja üks ajastu kolledži ajaloos on ümber saamas . 
6	NA	 Kandik šherripudelite ning kreeka pähklitega käis endise hooga üle laua ringi , vaikses oktoobriöös tammepuust raamidega akende taga uuristas tänavalaternate valgus kastanite raskete okste vahele kiirgavaid avausi — meil oli mõnus , hubane ja hea , ning raske harjuda mõttega , et McMoran istub klubiruumis viimast korda . 
7	NA	" "" Kõige lugupidamise juures , professor ... "
7	NA	" Kuidas saaksime meie väitlusesse tuua praktilise aspekti ? "" tegi Hutchinson nõutut nägu . "
7	NA	" "" Rakenduslik filosoofia on üldse teema , mida oleme siin jõudumööda vältinud ... "
7	NA	" Lisaks on meie käsitluses osaline ka teatav metafüüsiline või esoteeriline moment , milliste juures praktika kriteeriumina on veelgi küsitavam kui filosoofias . "" "
8	NA	" "" Ma arvan , "" sekkus dekaan Norton , "" et McMoran pidas silmas tänase õhtu erilist tähendust , ning lubab seetõttu ehk akadeemilistest käsitlustest mõnevõrra vabama hoiaku . "
8	NA	" Pealegi , ei usu ma , armas Hutchinson , et te ei taha kuulda mainitud praktilisest aspektist , mida lugupeetud professor oli nõus meiega jagama . "" "
9	NA	" "" Nagu alati , on teil õigus , Norton , "" sõnas McMoran . "
9	NA	" "" Pidasin silmas ühte noorusaegedel minuga juhtunud lugu , millisest akadeemiliste või vähegi teaduslike järelduste tegemisest olen alati hoidunud , kuid millega meie temaatika on lähedases seoses . "
9	NA	 Pealegi on see juhtum seotud põhjusega , miks ma teie juurest lahkun — tuletage meelde , et pole seni avaldanud miks lähen kolledžist kaks aastat enne teenitud vanadusepensioni . 
9	NA	 Ehk paneb see jutt teid ka surematuse küsimusele pisut teistmoodi vaatama . 
9	NA	" Sest ka surematusel võib väga mitu tahku olla ... "" "
9	NA	 Ja nende mõistatuslike sõnade juures tühjendas McMoran šerriklaasi kellaajale vastava bravuurse põhjalikkusega ja noogutas Hutchinsonile kavalalt . 
9	NA	" "" Kui lubate vanamehel nüüd hetkeks elustada ühe kummalisima kogemuse ning seejärel selle , kui ilmselt väljamõeldu , unustada ? "" "
10	NA	" "" Unustamine ei sõltu tahtest , "" kostis kõnetatu kiirelt . "
10	NA	" "" Kuid minu konfidentsiaalsusele võite kindlasti loota . "" "
11	NA	" "" Väga hea ! "
11	NA	" Olen selle jutustamisest alati hoidunud , sest lugu sisaldab mõningaid juriidilisi nüansse , milliste üle puudub mul igasugune soov meie tublide kohtuvõimudega arutada . "" "
12	NA	" "" Millistest juriidilistest nüanssidest on jutt ? "" sekkus juuraprofessor Langdon huvitatult . "
13	NA	" "" Pean silmas mõrva , "" vastas McMoran tõsinedes . "
13	NA	" "" Briti alama mõrva . "" "
13	NA	 *** 
14	NA	" "" Niisiis , "" jätkas McMoran mõne hetke pärast , lõhestades ruumis maad võtnud sünge vaikuse , "" on tegu juhtumiga , mis leidis aset veel eelmisel sajandil , ütleme nii umbes seitsmekümnendate lõpul , kui mul oli see au teenida Tema Majesteedi välisteenistuses asekonsulina ühes Aafrika riigis . "
14	NA	 Ilmselt pean ma alustama sellest hommikust , mil post tõi meie konsulaati kummalise saadetise . 
14	NA	 Muus mõttes oli see igati tavaline kuum Aafrika hommik . 
14	NA	 Keerutasin saadetist mõningases segaduses sõrmede vahel . 
14	NA	 See oli jalapikkune postipaberisse mähitud pikergune ese , millele olid kleebitud margid ning kirjutatud aadress . 
14	NA	 Kirjapomme tollal veel ei tuntud ja minu hämming polnud tingitud ehmatusest , vaid pigem üllatusest . 
14	NA	 Näitasin saadetist oma ülemusele — konsul Stubbinsile — ka tema kehitas õlgu ja me avasime paki . 
14	NA	 Selle sees oli pikk ümarjas , mustast puust nikerdatud etnograafiliste sümbolitega sau , mille ümber kiri . 
14	NA	 Rohmaka ja lapseliku käekirjaga , vigadest kubisev kiri oli järgmine : 
15	NA	 Brti konsulaadile Mina olen kirjut teile ( see sõna oli lõpetamata ja mahatõmmatud *1* ) John Gregor Foster , Briti alam . 
15	NA	 Saadan teile selle eseme palvega , et selle vivitamatult Londonisse Briti Museumile etasi toimetaksite ja nimeliselt Howard Evansile . 
15	NA	 Las ta uurip seda , teeb tema toimest teaduslikud järildused ning saadab objekti koos vastusega tagasi . 
15	NA	 Vastus peab olema kinnises ümbrikus ja adreseeritud isiklikult minule . 
15	NA	 Annan hiljem teada , kudas see mulle tagasi saata . 
15	NA	 Asi on vägga tähtis . 
16	NA	" "" John G. Foster ? "" pomises Stubbins mõtlikult . "
16	NA	" "" Oleks nagu tuttav nimi ... "" "
17	NA	" "" On ta meil käinud ? "" küsisin mina . "
18	NA	" "" Võimalik . "
18	NA	" Pean arhiivist järele uurima . "" "
19	NA	 Loomulikult oli kiri — nagu ka paki sisu — üsnagi kummaline . 
19	NA	 Ei sõnagi sellest , mida see ese endast kujutab ; miks tuleb see Briti Muuseumile uuringuteks saata ning millist toimet uurida ? 
19	NA	 Uurisin pikergust saua lähemalt . 
19	NA	 Olemata antiigi-alal ekspert võis öelda , et tegu on vana esemega , võimalikult et ka etnograafilise väärtusega . 
19	NA	 Musta saua üks ots oli pisut jämedam , nikerdatud peaga . 
19	NA	 Pea meenutas mõneti inimese oma , kuid üsnagi kohutava välimusega inimese oma . 
19	NA	 Peen nikerdustöö kujutas pärani lõugade ja teravate hammastega jubedat rassikuuluvusteta lõusta . 
19	NA	 Avanenud hammaste all oli tühi õnarus . 
19	NA	 Peast allapool olid saua külgedel arusaamatud sümbolid ja kujundid , alumine osa lõppes ümara nupuga . 
19	NA	 Saua keskosa oli kõige kulunum , ilmselt sagedasest käeshoidmisest . 
19	NA	 Kõige imelikum oli see , et sau ei näinud üldse aafrikalik välja ega sarnanenud sugugi mustast puidust valmistatud suveniiridele , mida meie riigis ohtralt valmistati . 
20	NA	" Vahepeal arhiivi kadunud Stubbins naasis ja kuulutas võidukalt : "" Mälu ei petnud . "
20	NA	 John Foster on konsulaadis käinud neli aastat tagasi ühe juriidilise probleemi pärast — tal jäi mingi kaamera tolli kinni . 
20	NA	" Mäletasin seda seetõttu , et meile tuli tema nimele veel kaks aastat tollist mingeid dokumente , kuid mees ei käinud neil järel . "" "
20	NA	" Ja Stubbins jutustas , et Foster tuli meie "" hooldusalusesse "" riiki turistina ja soovis pikemaks ajaks minna uurimisreisile sisemaale . "
20	NA	 Tal olid teatavad etnograafia-alased huvid , hulganisti tehnilist varustust ja palju optimismi . 
20	NA	" "" Mäletan teda ähmaselt , "" rääkis Stubbins , "" kuid tegu oli kindlasti härrasmehega . "
20	NA	 Miks ta kirjutab sodides ja vigadega ? 
20	NA	 Tahtis ilmselt alustada sõnadega I am writing you , kuid mõtles ümber . 
20	NA	 Arvan , et tal oli mõne telestuudioga leping . 
20	NA	 Kuna ta siia nägu enam ei näidanud , võis arvata , et on kõik korras ja ta ammu riigist lahkunud . 
20	NA	 Selgub aga , et ta on ikka veel siin ... Segane lugu . 
20	NA	" Näita mulle seda saua ! "" "
21	NA	" Kui Stubbins oli mõne aja mühatades eset uurinud , pomises ta : "" See on tehtud senegali eebenist . "
21	NA	" Väga haruldane liik — must dalbergia ehk Dalbergia melanoxylon . "" "
21	NA	 Hariduselt oli minu ülemus bioloog , nagu ka praegu koondab Tema Majesteedi välisteenistus kõige erinevama elukutsega inimesi . 
22	NA	" "" Siin see puu ei kasva , "" jätkas Stubbins . "
22	NA	" "" Ja asi paistab kuradima vana olevat . "
22	NA	" Ma pole päris kindel , kuidas kohalikud võimud sellise asja maalt välja smuugeldamisele vaatavad . "" "
23	NA	" Pean ütlema , et meie asukohariigi noor ja õrnalt vasakpoolne , kuid energiline valitsus edendas endist koloniaalperioodi unustada püüdes teatavat rahvusromantilist poliitikat , mis natsionaliseeris teemandikaevandusi , keelas elevandijahi ja kasutas üldse igasugu muid Briti alamates meelehärmi tekitavaid vahendeid riigikassa näljasurmast päästmiseks ning "" rahvuslike "" rikkuste maalt väljavoolu tõkestamiseks . "
23	NA	 Võibolla oli see ka põhjus , arvasin , miks Foster oma saadetise läbi ametlike kanalite otsustas saata . 
23	NA	 Kogemused kohaliku tolliga võisid olla temas tekitanud mõningasi eelarvamusi oma paki kohalejõudmise suhtes . 
24	NA	" "" Ma arvan , et uurime seda asja pisut , enne kui otsustame , kuidas edasi toimida . "
24	NA	 Teeme ühe järelpäringu Londonisse John G. Fosteri osas . 
24	NA	 Kõige järgi otsustades viibib ta siin juba illegaalselt . 
24	NA	" Ja võtame Evansiga ka ühendust , "" arvas Stubbins . "
25	NA	 Mõne aja möödudes saime Londonist vastuse , mis kinnitas meie seniseid teadmisi Fosterist . 
25	NA	 Ta oli ajalooharidusega vabakutseline dokumentalist , kes neli aastat tagasi sõlmis lepingu ühe telestuudioga sarja kohta , mis pidi jutustama aborigeenide etnograafiliste tavade säilimisest iseseisvusperioodil . 
25	NA	 Tollajal olid sellised filmid moes ... 
25	NA	 Foster oli Londonist lahkudes võtnud oma majja üürilise , kellele jäätud pangaarve halduskulude katmiseks oli aastate jooksul hakanud tühjenema , ning üürilepingu tähtaeg hakkas lõppema . 
25	NA	 Hüpoteeklaen vajas uuendamist — Foster võis varsti oma maja kaotada . 
25	NA	 Läbi Maksuameti ja Salateenistuse saime teada , et mingeid rahalisi ülekandeid pole Fosterile laekunud . 
25	NA	 Pärast oma lahkumist Inglismaalt pole ta ka oma pangaarvet kasutanud . 
25	NA	 Viimane postkaart Fosterilt üürilisele tuli ligi kolm aastat tagasi . 
25	NA	 Ja sellest ajast saadik oli Foster kadunud , kuigi oleks pidanud naasma juba kahe aasta eest . 
25	NA	 Ta oli kadunud nagu vits vette . 
25	NA	 Stuudio ja kirjastus olid tema vastu ammu huvi kaotanud . 
25	NA	 Muuseumi osakonnajuhataja Evanski ei osanud meile midagi tarka öelda . 
25	NA	 Ta mäletas Fosterit — jah , seda küll . 
25	NA	 Mees oli Aafrika muististega tutvumas käinud , uurinud üht-teist , pärinud . 
25	NA	 Evans ise oli sauast küll väga huvitatud . 
25	NA	 Ta ütles , et must dalbergia on haruldasemaid ja väärtuslikumaid eebeni liike , millest juba 3000 aastat tagasi Vana-Egiptuses skulptuure vooliti . 
25	NA	 Üldse on eeben luksuspuit , mida tänapäeval ainult kunstiteoste , muusikariistade , sulepeade ja vähesel määral ka mööbli valmistamiseks kasutatakse . 
25	NA	 Aafriklased teevad eebenist ka suveniire , kuid mingist sauatööstusest polnud Evans kuulnud . 
25	NA	 Eeben on väga raske voolida , see on tihe ja raske puit , mida töötlevad ainult kõige suuremad meistrid . 
25	NA	 Millist toimet te selle juures uurida saate , olin teadlaselt pärinud ? 
25	NA	 Selle peale mees kõhkles pisut ja andis ebaleva vastuse , et leid võib olla ikkagi väga harukordne ning eebenil arvatakse olevat teatavad raviomadused . 
26	NA	" "" Miks me ei võiks saua lihtsalt Muuseumile saata ja lugu unustada ? "" küsisin Stubbinsilt , kui paki saamisest oli möödas üle nädala . "
27	NA	" "" Ilmselt peamegi nii tegema . "
27	NA	 Kuigi kogu see lugu on kahtlane ja lõhnab millegi järgi ... 
27	NA	" Ja mulle ei meeldi see lõhn . "" "
28	NA	 Kui ma oleks siis teadnud , kuidas see lugu tegelikult lõhnas ! 
28	NA	" "" Jah , võibolla poleks õige end siia segada , "" ütlesin mõtlikult noorusele omase elutarkusega . "
29	NA	" "" Me juba oleme end sellesse segatud , "" tuletas Stubbins meelde . "
29	NA	" "" Asi pole niivõrd antiikväärtuse edasisaatmises , kuivõrd Fosteri isikus . "
29	NA	 Paistab , et ta peidab ennast , varjab ... 
29	NA	 Oletame , et see sau kujutab endast midagi väga väärtusliku . 
29	NA	 Äkki on see kuskilt varastatud ? 
29	NA	" Ja miks ta kirjutab sodides ja vigadega , paistab , et ta kiirustas seda kirjutades "" "
30	NA	" "" Ja miks palub saua endale tagasi saata ? "" "
31	NA	" "" Järelikult läheb tal seda tarvis . "
31	NA	 Isegi kui see on tema oma , et tahaks ma meie posti kasutada eraisiku antiikväärtuse edastamiseks . 
31	NA	" Arvestades veel tõika , et Foster võib viibida maal illegaalselt . "" "
32	NA	" "" Kui me saaksime vähemalt teada , kas see on antiikväärtus ... , "" õhkasin ma . "
32	NA	" "" Kuid meil pole ju kellegi käest küsida . "" "
33	NA	" "" Tead mis ? "" ütles Stubbins äkki õhinal . "
33	NA	" "" Ma arvan , et on küll . "
33	NA	 Ebakonventsionaalne juhtum nõuab ka pisut ebakonventsionaalsemaid vahendeid . 
33	NA	 Käisin hiljuti Prantsuse kolleegi — Jean Faucette'i — juures õhtusöögil . 
33	NA	 Tal oli parasjagu üks imelik külaline , keegi poolakas , keda esitleti kui Jean'i väga head isiklikku sõpra , kes tema juures puhkusel viibib . 
33	NA	 See poolakas tegeleb samuti siinse etnograafia ja muististe uurimisega — ühendab niiöelda meeldiva kasulikuga . 
33	NA	 On teine mingi etnoloog või lingvist , ühesõnaga ekspert . 
33	NA	 Nad tutvusid kunagi Warszawas , Jean ju teenis seal ja ütles ennast olevat talle palju tänuvõlgu . 
33	NA	" Me võiksime selle poolaka käest mitteametlikult saua kohta konsultatsiooni paluda , olen kindel , et Jean garanteeriks täieliku konfidentsiaalsuse . "" "
34	NA	" Nüüd , härrased , "" rääkis McMoran suitsuseks tõmbuvas klubiruumis edasi , "" jõuan ma tegelikult oma loo peakangelase juurde . "
34	NA	 Vabandan pika sissejuhatuse pärast , kuid kardan , et see oli vajalik , et mõistaksite meie ees seisnud juhtumi kogu keerukust . 
34	NA	 Stubbins kinnitas , et Jean Faucette vastutab oma Raudse Eesriide tagant tulnud sõbra diskreetsuse eest täielikult . 
34	NA	 Mingi sündmus oli neid kunagi Poolas ühendanud . 
34	NA	 Meie korpus oli vähearvuline ja küllaltki igav , kõik uued valged näod olid väga teretulnud . 
34	NA	 Niisiis korraldas Stubbins Faucette'ile ja tema sõbrale õhtusöögi . 
34	NA	 Lahkumisõhtusöögi , sest pan Grpowski pidi järgmisel päeval lahkuma . 
34	NA	 Stubbinsi villa asus linnaserval , rikaste välismaalaste elamurajoonis . 
34	NA	 Maja verandalt avanes tee poolmetsiku pargi poole , krunt ise oli võrdlemisi suur — koloniaalajastu pärandus — ning lõppes võsastunud palmisalus . 
35	NA	 Meie uus tuttav oli äärmiselt tagasihoidlike maneeridega keskeas pikkade vurrudega ja lühikest kasvu nirginäoga meesterahvas . 
35	NA	 Selline väga silmatorkamatu poepidaja välimusega inimene , ja tegelikult oligi ta poepidaja — antikvariaadiomanik nimelt . 
35	NA	 Ta kandis oma tumeda ülikonnaga sobimatuid valged sokke — see detail on mulle eriliselt meelde jäänud . 
35	NA	 Veider ja võigas ristikujuline põletusarm muutis ta näo üsna eriskummaliseks . 
36	NA	 Jõime šerrit , sugugi mitte nii suurepärast , kui praegu . 
36	NA	 Poolakas alkoholi peaaegu ei puudutanud , vaid eelistas mineraalvett . 
36	NA	 Samuti ta ei suitsetanud — mõjudes nii oma karske käitumisega läinud sajandi seitsmekümnendail mõnevõrra arhailisena . 
36	NA	 Või ajast ettejõudnuna , kuidas soovite . 
36	NA	 Ta higistas meeletult , polnud kohaliku kuumusega veel harjunud . 
36	NA	 Rääkisime tühiasjadest , seltskondlik vestlus prantslasega , teate isegi ... 
36	NA	 Poolaka kohalolek muutis õhtusöögi täiesti mitteametlikuks , poliitilisi teemasid välditi . 
36	NA	 Pan Grpowski valdas suurepäraselt inglise keelt , kuigi rääkis seda pisut puise aktsendiga . 
36	NA	 Panin tähele , et kui ta misjöö Faucette'i poole pöördus , muutus tema aktsent aga kohe prantsusepäraseks . 
36	NA	 Meie uus tuttav oli muuseas polüglott . 
36	NA	 Minu komplimendile oma keeleoskusest vastas ta ujedalt , et romaani , slaavi ja germaani keeltega tal raskusi ei ole ja praegu tegelevat ta hobikorras soomeugri ja aafrika keelte uurimisega . 
37	NA	" "" Mäletan Jeani mainivat , et olete aborigeenide alal täielik ekspert , "" kostis Stubbins nagu muuseas . "
37	NA	" "" Meie pingeline töö ei luba paraku siinse rikka kultuuripärandiga põhjalikumalt tutvuda . "
37	NA	" Teid vist aga huvitasid ka kohalikud muistised ? "" "
38	NA	" "" Ohjaa , seda küll . "
38	NA	 Kahjuks pole siit enam palju leida . 
38	NA	 Ning need väljaveoreeglid ... 
38	NA	 Siiski olen ma oma puhkusega väga rahul . 
38	NA	" See on imeline maa . "" "
39	NA	" "" Muuseas , pan Grpowski , teades teie huvi kohalike tavade , etnoloogia ja folkloori vastu , oleks teil võibolla huvitav vaadata ühte eset , mis juhuslikult minu kätte sattus . "" "
39	NA	 ütles Stubbins nagu oleks talle äkki midagi vestlust edendav pisiasi meelde tulnud . 
39	NA	 Ja poolaka innuka noogutuse peale tõi Stubbins tagatoast saua , kohmitsedes meelega kaua , et ei paistaks nagu oleks ta selle varem välja otsinud . 
39	NA	" "" Vaadake , pan Grpowski ! "
39	NA	 Mida te sellest esemest arvate . 
39	NA	" Selline mustast dalbergiast vidin on minu tagasihoidlike teadmiste juurest siinkandis haruldus . "" "
40	NA	 Kuigi olin tollal veel noor ja kogenematu inimesehakatis , suutsin ma siiski saua uuriva poolaka liikumatust näoilmest kinni püüda allasurutud ehmatuse ja hirmu . 
40	NA	" Vaadake , kui inimene vaatab seltskondliku vestluse käigus mõnda "" huvitavat kunstiväärtust "" ei jää ta kauaks tardunud olekusse ega lausu ühtegi sõna . "
40	NA	 Tavaliselt ütlevad inimesed , et 'issand , kui ilus' või 'oi , ma tõesti kadestan teid sellise harulduse pärast . 
40	NA	 Aga Grpowski ei öelnud midagi vaid uuris pikalt ja kangestunult saua . 
40	NA	 Vaikus venis juba liiga pikaks . 
40	NA	" Siis ta küsis : "" Te ütlesite , et ei jõua siinse etnograafiaga tutvuda . "
40	NA	" Kust te siis selle leidsite ? "" "
41	NA	" "" On see teie meelest haruldus ? "" küsisin mina vastu , täheldades ujeda poolaka kiiret taipu ja head mälu . "
41	NA	 Samas taipasin , et oma hooletu küsimusega vaid suurendasin tema huvi saua vastu . 
41	NA	 Oli ju Stubbins selle oskuslikult , nagu muuseas , välja toonud . 
42	NA	" "" See on haruldus , "" kostis Grpowski ebalevalt . "
42	NA	" "" Erakordne haruldus , kui te minu arvamust teada soovite . "
42	NA	 Nagu isegi näha võite , ei kuulu saua ülemises osas olev pea neegrile . 
42	NA	 Omased rassitunnused puuduvad . 
42	NA	 Objekti külgedel olevad tähemärgid välistavad saua siinse päritolu täielikult . 
42	NA	 Must Aafrika pole just tähestike sünnimaa . 
42	NA	 Aga ese on vana ja valmistatud senegali mustast eebenist . 
42	NA	 Kui see just pole võltsing , on tegemist erakordselt harukordse...hmm...sauaga . 
42	NA	" Kust te selle saite ? "" "
43	NA	" "" Kui vana teie arvates ? "" küsis Stubbins vastu . "
44	NA	" "" Ma ei oska täpselt öelda . "
44	NA	 Liiga vana , et seda juhuslikult leida . 
44	NA	 Kohalikud vanakraamikaupmehed sellistega ei kauple . 
44	NA	" Kust te selle saite ? "" "
44	NA	 Korraga olid poolaka küsimused muutunud liiga otsekohesteks ja isegi jõhkrateks . 
44	NA	 Kummati ütles meie külalise hääles kõlav toon , et tal on selliseks ülekuulamiseks õigus . 
44	NA	 Seda äkilist õhustikumuutust on raske seletada . 
44	NA	 Tundsin end koos Stubbinsiga kui kelmuselt tabatud koolipoiss . 
45	NA	" "" Täiesti juhuslikult ... "" alustas Stubbins naeratades . "
46	NA	" "" Ei satuta selliste esemete otsa , "" katkestas teda Grpowski läbematult . "
46	NA	" "" Neid ei müüda antiigiärides . "
46	NA	 Õigupoolest võib see olla täiesti ainulaadne asi maailmas . 
46	NA	 Olen avameelne , olge teie minuga ka ! 
46	NA	" See sau võib olla väga ohtlik ! "" "
47	NA	" "" Kuidas te võite sellist asja väita , "" alustas Stubbins , kuid nüüd sekkus meie vaidlusse seni seda tõsise näoga jälginud Faucette : "" Mr. Stubbins , kui lubate , siis soovitaksin meie külalisele kõik sauaga seonduvad üksikasjad teada anda . "
47	NA	 Uskuge mind , tegu on erakordse inimesega , kes ei kasuta selliseid sõnu asjata . 
47	NA	" Kui see asi võib olla ohtlik , siis ta seda ka on . "" "
48	NA	" "" Kas te ostsite selle ? "" küsis poolakas otsekohe , laskmata Stubbinsil vastuväiteid esitada . "
48	NA	" "" Kui jah , siis palju see maksis ? "
48	NA	 Olen nõus saua kohe üles ostma . 
48	NA	" Mul on ühes umbes tuhat naela , kuid kui vaja ... "" "
49	NA	" "" Katan ma puudujäägi . "
49	NA	" Ära summa pärast muretse , Mieczislaw ! "" lõikas Faucette otsustavalt . "
50	NA	 Tuhat naela oli ka siis väga suur raha . 
50	NA	 Kohalikud eebensuveniirid maksid paar naela ... 
50	NA	 Stubbins naeris tehtult . 
50	NA	" "" Ma kardan , et ei saa seda müüa . "
50	NA	 See ei kuulu päriselt minule . 
50	NA	" Kui te vabandaksite mind hetkeks , "" ütles ta ning lahkus viivuks ruumist . "
50	NA	 Jäime kolmekesi . 
50	NA	" Faucette kummardus Grpowskile lähemale ja küsis vaiksel häälel : "" Vous pensez qu'il est sérieux ? "" "
51	NA	 Siis ma muidugi veel prantsuse keelt hästi ei osanud , kuid mõned märksõnad olid küsimuse mõistmiseks piisavad . 
52	NA	" "" Oui , je suppose qu'il est . "
52	NA	" Il est évident qu'ils ne sachent pas á ce qu'ils ont confronté , "" vastas poolakas samuti tasa . "
52	NA	" "" Vous devez les aider ? "
52	NA	" Je sais ce que vous pouvez faire . "" "
53	NA	" "" Vous devez leur dire s' il est vraiment dangereux ? "" "
54	NA	" "" Je ne suis pas absolument sûr ce qui est la chose . "
54	NA	 Elle juste pourrait être celle ... et si elle est , alors quelques choses terribles doivent s'ûtre produites . 
54	NA	" Je mets pour ne pas savoir quoi faire . "" "
55	NA	 No milline oht võis peituda ühes eebenitükis ? 
55	NA	 Olukord oli täiesti jabur . 
55	NA	 Stubbins naasis ja Faucette viipas ta kõrvale . 
55	NA	 Mehed seisid nurgas ja vaidlesid millegi üle elavalt . 
55	NA	 Grpowski pöördus minu poole . 
55	NA	" "" Kas te olete selle sauaga midagi teinud ? "" päris ta tungival häälel . "
56	NA	" "" Kuidas palun ? "
56	NA	 Teinud ? 
56	NA	" Muidugi mitte ... Mida saakski sellega teha ? "" "
57	NA	" "" Nii mõndagi ... "
57	NA	" Kas saua suu oligi tühi , kui see teie kätte sattus ? "" "
58	NA	" "" Mõtlete seda õnarust hammaste taga ? "
58	NA	" Jah , seal ei olnud midagi . "" "
59	NA	" "" Nii ma arvasingi ... "
59	NA	 Ikkagi peate sellega väga ettevaatlikud olema . 
59	NA	" Väga ! "" "
60	NA	" "" Pan Grpowski ! "" ütles siis Stubbins . "
60	NA	" "" See sau tuli meile postiga , koos oli järgmise kirjaga . "
60	NA	 Misjöö Faucette'i pealekäimisel palun ma seda teil lugeda . 
60	NA	 Rohkem ei tea me sellest esemest tõesti mitte midagi . 
60	NA	" Ja oleksime teile väga tänulikud , kui meid selles suhtes valgustaksite . "" "
61	NA	" "" Minu tungivus antud küsimuses , "" seletas Faucette , "" tuleneb asjaolust , et ei võlgne pan Grpowskile ei rohkem ega vähem , kui oma tütre elu . "
61	NA	" Ainult meie külalise erakordsed võimed — üleloomulikud isegi — ütleksin ma , päästsid Estrelle'i . "" "
62	NA	 Grpowski luges kirja ja palus meil seejärel jutustada kõike , mida teadsime Fosterist . 
62	NA	 Seejärel nõudis ta saua viisakalt oma kätte , asetas selle enda kõrvale lauale ja vajus pikemaks ajaks mõttesse . 
62	NA	" "" Kui ma olen kõigest õigesti aru saanud , "" jätkas ta mõne aja pärast , "" on asjaolud järgmised . "
62	NA	" Foster lahkus neli aastat tagasi Inglismaalt , jättes maha kinnisvara , kõik lähedased inimesed , jättis maha suure summa raha , ega pole seda senini kasutanud ? "" "
63	NA	 Stubbins sügas ebalevalt kukalt . 
63	NA	" "" Nojah , ma ei tea muidugi täpselt meie Salateenistuse meetodeid — pangad on ju konfidentsiaalsed asutused — kuid meile öeldi , et ta pole oma raha puutunud . "" "
64	NA	" "" Ta tuli siia , omades lepingut teha üks film ja kadus jäljetult . "
64	NA	 Edaspidi pole ta enam oma Inglismaa asjade vastu huvi tundnud . 
64	NA	 Väljaüüritud maja , lepingud , maksud , töö — kõik ühe inimese elus väga olulised asjad — on unarusse jäetud . 
64	NA	 Varsti jääb ta oma majast ilma ... 
64	NA	 Ja kogu see probleemidekrempel pole teda kuidagi reageerima pannud ? 
64	NA	" Väga kummaline , kas te ei leia ? "" "
65	NA	" "" Ju siis hoiab teda miski Aafrikas kinni ? "" pakkusin . "
66	NA	" "" Aga mis ? "
66	NA	" Mis võib takistada inimest naasta kõige selle juurde , mis talle varem nii oluline on olnud ? "" "
67	NA	" "" Kui tee nüüd nii küsimuse sõnastasite , siis võiks öelda , et Foster on kogu oma senise elu hüljanud , "" ütles Stubbins mõtlikult . "
67	NA	 Ka mulle imponeeris poolaka selge sõnastus , mis pani meid Fosteri juhtumile pisut teise pilguga vaatama . 
67	NA	 Märkasin , et sõna elu külaline poolakas võpatas . 
67	NA	" "" Foster oli härrasmees , kes tundis akadeemilist huvi Aafrika etnograafia vastu — nii ma saan aru . "
67	NA	 Tal polnud esoteerilisi kalduvusi siinsete kultuste tundmaõppimiseks ega lillelapselikku ihalust looduse järele . 
67	NA	 Ta uuris aborigeene nagu putukateadlane sipelgaid . 
67	NA	 On mul õigus ? 
67	NA	 Foster oli Aafrikasse tulles neljakümne ühe aastane . 
67	NA	 Sellises vanuses lollusi ei tehta . 
67	NA	 Ta pidi siia jääma maksimum aastaks ja materjalidega naasma . 
67	NA	" Kuhu ta jäi ? "" "
68	NA	" "" Me ei tea seda , "" ütles Stubbins kuivalt . "
69	NA	" "" Millest ta elab , kust ta raha saab ? "
69	NA	" Ta ei võtnud ju nelja aasta peale sularaha kaasa ! "" "
70	NA	" "" Mõni kohalik tööots , "" pakkusin kõheldes . "
70	NA	 Keegi ei pööranud mulle tähelepanu . 
71	NA	" "" Sadakond lahendamata probleemi Inglismaal ... "
71	NA	" Maksmata maksud , rikutud lepingud — hävinud prestiiž , "" rääkis Grpowski edasi . "
71	NA	" "" Ja ometi on siin konsulaat , kus ta on käinud ja mille kaudu saaks ta omi muresid lahendada . "
71	NA	 Senine igati ontlik kodanik on oma kohused ja hea nime hüljanud . 
71	NA	" Äärmiselt ebainglaslik moment , veel enam arvestades fakti , et tema teadaolev psühholoogiline proofil taolist käitumist ei põhjenda . "" "
72	NA	" "" Mõni naisterahvas äkki ? "" kargas mulle pähe . "
72	NA	" "" Meeletu keskea armuhoog , mis sunnib kõike unustama ? "" "
72	NA	" Ilmselt oli see jälle noorusele omane "" kogemuslik "" elutarkus , mis minus rääkis . "
73	NA	" "" Naine ? "" "
73	NA	 Grpowski pöördus imestunult minu poole . 
73	NA	" "" Naine , siin Aafrikas ? "
73	NA	" Must saatusedaam ? "" "
74	NA	 Nojah , ta oli ju poolakas ... 
74	NA	" "" Samas , "" mõtles ta pisut , "" seletaks see nii mõndagi . "
74	NA	" Kuid ikkagi viitab kogu informatsioon ühele faktile ja mind paneb imestama , et te pole ise selle peale tulnud . "" "
75	NA	" "" Mon dieu , "" sosistas Faucette . "
75	NA	 Tema oli juba taibanud . 
75	NA	" "" Mon Dieu , je devrais avoir su ... "" "
76	NA	" "" Just nimelt , "" jätkas Grpowski segamatult , "" kõik viitab üheselt sellele , et Briti alam John Foster on surnud . "" "
76	NA	 *** 
77	NA	" Stubbins pöördus võpatades Grpowski poole , tahtis midagi hüüda , kuid siis — silmi kissitades ja mõtlejamehe nägu manades , pomises : "" Jumala eest , teil võib õigus olla ... "
77	NA	" See sobib küll . "" "
78	NA	 Tõepoolest — taipasin isegi — ükski inglise härrasmees ei jäta niisama oma vara , kohuseid ega prestiiži maha . 
78	NA	 Hoolimata kunagisest koloniaalimpeeriumist armastame oma saart rohkem kui midagi maailmas . 
78	NA	 Me rändame maailmas ringi aga naaseme alati Vanale Heale Inglismaale . 
78	NA	 Hea nimi ja saar on kõik mida kalliks peame . 
78	NA	 Kurat võtaks , aga see kiri ... 
78	NA	 Kuid Stubbins juba rääkis . 
79	NA	" "" Loomulikult kirja saatis meile keegi teine .. , see imbetsilne käekiri ja kirjavead juba üksi pidid meile seda ütlema ! "
79	NA	 Foster on surnud . 
79	NA	 Keegi leiab temast säilinud esemed . 
79	NA	 Äkki on see sau väga väärtuslik , mõtleb ta ? 
79	NA	 Ning Fosteri surmast ei tea keegi ... 
79	NA	 Mis oleks siis kavalam , kui ennast Fosteri pähe pakkudes , saua väärtus järgi uurida ? 
79	NA	" Briti Muuseum on parim autoriteet ! "" "
80	NA	" "" Ja ilmselt suri Foster juriidiliselt kahtlastel asjaoludel , "" jätkasin mina õhinal , oma detektiivromaanide lugemuse mõjul . "
80	NA	" "" Võibolla isegi tapeti . "
80	NA	 Saua saatja poolt näiteks — tuhat naela , te ütlesite ? 
80	NA	 Surm ja põrgu , ka kümme korda väiksema raha eest on tapetud ! 
80	NA	 Ning siin ei saa ta saua väärtust kindlaks teha — liiga palju küsimusi võib tekkida . 
80	NA	" Oletagem veel , et sau on tõesti kuskilt varastatud . "" "
81	NA	" "" Kas mõrvar saadaks asitõendi oma kuritööst konsulaati ? "" küsis Grpowski väsinult ohates . "
81	NA	" "" Teie versiooni järgi tappis keegi Fosteri , et väärtuslikku saua enda valdusse saada ning seejärel mähib selle paberisse ja saadab võimudele , kes on Fosteri ammu unustanud . "
81	NA	 Te ju isegi ei teadnud , et Foster on ikka veel riigis . 
81	NA	 Pealegi unustate kaks fakti . 
81	NA	 Esiteks pidi tapja juba teadma , et sau on väärtuslik ja teiseks ei palutud teil saua väärtust kindlaks teha . 
81	NA	" Saatjat ei huvitanud mitte tema hind vaid toime . "" "
82	NA	" "" Jah , see ei kõlba , Gilliam , "" teatas Stubbins autoriteetselt . "
82	NA	" "" Ma arvan ikkagi , et keegi leidis saua . "
82	NA	 Võimalik , et ka Fosteri säilmed . 
82	NA	" Ja ta kirjutab kirja , ennast Fosterina esitledes ... "" "
83	NA	" "" Kuulge ! "" hüüatasin äkki , sest mõte mõrtsuk-saatjast mulle kohutavalt meeldis . "
83	NA	" "" Evans ! "
83	NA	 Muidugi , kuidas me kohe ei taibanud ! 
83	NA	 Pakk pidi ju Evansile minema . 
83	NA	 Ja ta ei kavatsegi seda tagasi saata ! 
83	NA	 Foster tuli siia ja sattus selle saua otsa , aga võibolla isegi otsis seda — sest ta pidi selle Evansile toimetama . 
83	NA	 Aga nad läksid tülli ja Foster otsustas saua endale hoida . 
83	NA	 Nüüd saadab Evans kellegi talle järgi . 
83	NA	 Täiesti võimalik , et palgamõrtsuka ... 
83	NA	 Ja tema ei saa saua ise maalt välja toimetada . 
83	NA	 Liiga ohtlik — ütlesite õieti , et see on asitõend . 
83	NA	 Ja nad otsustavad kasutada diplomaatilist posti ! 
83	NA	" Ja mäletate , et Evans läks pabinasse , kui ma talle helistasin ja palus sau tungivalt temale saata ? "" "
84	NA	" "" Ei , ei , "" lõi Stubbins käega , kuid nägin , et ka mu ülemuse õhin oli kasvanud . "
84	NA	" "" Milleks peaks mõrtsukas siis Fosteri nime mängu tooma ? "
84	NA	 Meie tähelepanu ammu unustatud isikule juhtima , nagu pan Grpowski targalt mainis . 
84	NA	 Ma ei usu , et kirja saatja on Fosteri tapja . 
84	NA	 Kuid mulle meeldib idee , et Evans ei kavatsegi seda tagasi saata . 
84	NA	 Tubli , Gilliam ! 
84	NA	 Aga miks oli Foster nii kaua kadunud — tapetud eeldatavalt — ja alles nüüd saadab meile keegi tema nimel kirja ? 
84	NA	" Kas alles nüüd leidis ta saua ja/või Fosteri säilmed ? "" "
84	NA	 Ilmselt oli ka Stubbins põnevuskirjanduse austaja . 
85	NA	 Grpowski oli meie detektiivitööd sekkumata pealt kuulanud , vahel vaid Faucette'iga tähendusrikkaid pilke vahetanud . 
85	NA	" Nüüd võttis ta uuesti kirja kätte , luges seda keskendunult ja sõnas : "" Me teame , et saadetis pandi posti pealinnas kolm päeva enne konsulaati jõudmist . "
85	NA	" Kui tahate oma versiooni edasi arendada , oleks loogiline arvata , et kirja ei kirjutatud nüüd ! "" "
86	NA	" "" Vanakuradi vanaema ! "" paeaegu karjatas Stubbins ja joodud šerri kogus pani ta silmad palavikuliselt läikima . "
86	NA	" "" Teis peitub Poola Sherlock Holmes , Grpowski ! "
86	NA	 Muidugi ei kirjutatud seda kirja nüüd ! 
86	NA	 Paneme meie kaks versiooni kokku — ja mis me saame ? 
86	NA	 Evans saadab Fosteri Aafrikasse saua järele . 
86	NA	 Foster leiab , varastab , röövib saua — mida iganes — ja otsustab selle meie kaudu Londonisse saata , sest asi on tavalise posti jaoks liiga tundlik ning lisab seepärast häma saua toimest ja nõude see tagasi saata . 
86	NA	 Kirja kirjutas ikkagi tema — kiirustas ja närvitses ilmselt seda tehes — ent kirja ära ei saatnud . 
86	NA	 Sai ehk teada saua tegeliku väärtuse . 
86	NA	 Aga ta sureb — või hästi ütleme , et tapetakse . 
86	NA	 Evans muretseb ja saadab kellegi asja uurima , eradetektiivi näiteks . 
86	NA	 See mees leiab saua alles nüüd , leiab ka säilinud kirja ning otsustab saua samamoodi — nagu kunagi kokku lepitud — Londonisse saata . 
86	NA	 Kõik klapib ! 
86	NA	" Olen kindel , et kui teeme käekirjaekspertiisi — meil on Fosteri allkiri arhiivis säilinud — selgub , et kirja kirjutas ikkagi Foster ise ! "" "
86	NA	 Ja Stubbins jäi võiduka näoga meile otsa vaatama . 
86	NA	 Ta tundis sel hetkel on väga uhkelt . 
87	NA	" Aga Grpowski , kes ei teinud komplimendist sugugi välja , ütles väsinud ja karmil ilmel : "" Te unustate neli pisiasja . "
87	NA	 Esiteks on saua juurest üks detail puudu . 
87	NA	 Mis ja kus see on ? 
87	NA	 Teiseks paneb mind imestama , et te kohalikust salakaubandusest midagi ei tea . 
87	NA	 Väärtusliku eseme smuugeldamiseks siit Londonisse on sadatuhat moodust , et võime mitte asjasse segada . 
87	NA	 Kolmandaks — miks oli kirjas nõue ese ikkagi tagasi saata ? 
87	NA	 Kui Evans seda vajab , oleks piisanud palvest saadetis Briti Muuseumile edastada . 
87	NA	" Neljandaks puudub "" eradetektiivil "" igasugune vajadus kasutada vana kirja , mis Fosteri nime jälle tähelepanusse tõstab . "
87	NA	" Ta võinuks vabalt uue kirjutada . "" "
88	NA	" Stubbins oli lahinguks valmis : "" Selle detaili kohta ei oska ma midagi arvata . "
88	NA	 Teiseks , teadlastena polnud Evans ja Foster salakaubandusega lihtsalt kursis . 
88	NA	" Ja palve sau tagastada oli Fosteri algupärases kirjas , mida kasutati seepärast , et Evansi isikut saab kontrollida . "" "
89	NA	" Faucette , kes seni meie arutelu vaikselt pealt kuulanud pöördus nüüd Grpowski poole ja ütles peaaegu paluval toonil : "" Mieczislaw , kas sa ei peaks siiski neile pisut seletama ... "
89	NA	" Ja ära ole pahane , tead ju küll , et Inglismaa on detektiivkirjanduse sünnimaa . "" "
90	NA	" "" Ja need härrased on head detektiivid . "
90	NA	 Nende arutlus juhatas mulle kätte mitu olulist momenti meie juhtumi juures . 
90	NA	" Ent hästi , lõpetame selle pimesikumängu , "" nõustus Grpowski tõsinedes . "
90	NA	" "" Mis puutub käekirjaekspertiisi , siis võite selle läbi viia , kuid see ütleb teile , et kirja ei kirjutanud Foster . "
90	NA	" Foster oli kirja kirjutamise ajaks surnud . "" "
91	NA	" "" Siis ikkagi ... "" alustas Stubbins . "
92	NA	" "" Aga , "" ei lasknud Grpowski Stubbinsil lõpetada , "" kiri sisaldab täpselt Fosteri sõnasõnalist tahet , sest tema dikteeris selle kirja ... "" "
93	NA	" "" Kuulge , no mis jama see nüüd siis on ? "" hüüatas minu ülemus pahaselt . "
94	NA	" "" Laske ta räägib ! "" ütles Faucette peaaegu kurjalt . "
94	NA	" "" Ja palun ärge katkestage seda inimest . "" "
95	NA	" "" Aitäh , Jean . "
95	NA	 Kui lubate , ma jätkan ja ühtlasi vabandan oma mõneti sobimatu , kuid tõese sedastamise eest , mis selle pika diskusiooni esile kutsus . 
95	NA	 Ütlesin , et tõenäoliselt on Foster surnud , ja nii see ka on ! 
95	NA	 Ometi ärge kahelge üheski sõnas selles kirjas — see pole võltsing ! 
95	NA	 Saua saatmine oli kohutav risk . 
95	NA	 Aga saatmise fakt ise ning kirja sõnastus viitavad üheselt Fosteri meeleheitlikkusele . 
95	NA	 Kõigepealt , miks algab kiri sõnadega Mina olen kirjut teile John Gregor Foster , Briti alam ? 
95	NA	 Ebaharilik kirjapäis , kas te ei leia ? 
95	NA	" Arvasite , et Foster kirjutas kiirustades ning soovis alustada sõnadega I am writing you , kuid seda pöördumist lõpetama , tõmbas maha veel pooleli sõna writing . "" "
96	NA	" "" Writ tähendab inglise keeles ka kirjalikku käsku , "" mõtiskles Stubbins . "
96	NA	" "" Ent ikkagi ma ei mõista ... "" "
97	NA	" Grpowski tõstis nimetissõrme ja küsis : "" Kuid kas mitte ei viita see sõnastus dikteerimisele , mis ? "" "
98	NA	 Hetk vaikust . 
98	NA	" Stubbins : "" Kuidas dikteerimisele ? "" "
99	NA	 Aga mina taipasin . 
99	NA	" "" Aga muidugi , "" hüüatasin . "
99	NA	" "" Ta ei tahtnud kirjutada I am writing you ! "
99	NA	" Kirjas on täpselt see , mida ta tahtis . "" "
100	NA	" "" Just nimelt , "" noogutas poolakas . "
100	NA	" "" Foster alustas dikteerimist sõnadega Mina olen , kirjuta sina ! ( lisas siia ilmselt mingi omadussõna ) John Gregor Foster . "
100	NA	 Mahatõmmatud fraasi ei tule lugeda , mitte kui kirjutan teile , vaid kui käsku — sina kirjuta ! 
100	NA	" Tõik , et kirjutaja käsu samuti kirja pani , viitab tema intelligentsitasemele , mis omakorda põhjendab ka kirjavigu . "" "
101	NA	 Olime tummad ja tundsime häbi , et poolakas meie emakeele loogikat rohkem tundis . 
101	NA	" "" Aga edasi ! "" jätkas Grpowski . "
101	NA	" "" Samas viitavad fraasid mina ja olen ka teatavale enesekinnitusele — nagu veenaks inimene ennast , et tema see isik tõesti on . "
101	NA	 Nagu oleks tal mingi põhjus selles kahelda . 
101	NA	" Pole ka allkirja , millele see viitab ? "" "
102	NA	 Taas vaikus . 
103	NA	" "" Kui inimene ei saa kirjutada , ei saa ta ka alla kirjutada , "" kuulutas Grpowski . "
103	NA	" "" Ja kui inimene ei saa kirjutada siis ta dikteerib ! "
103	NA	 Vaadake samuti käekirja ! 
103	NA	 Kas selliste tähtede ja vigadega kirjutaks kõrgharidusega Inglise teadlane ? 
103	NA	 Käekiri jätab mulje , nagu kirjutanuks selle vastselt kirjaoskuse omandanud neeger . 
103	NA	 Käekirja uurimine on kriminalistikateaduse üks osa , olen seda õppinud . 
103	NA	 Ja võin öelda , et see on naise käekiri . 
103	NA	 Mäletate , mister Stubbins , et meie noor sõber mainis võimalikku naisolevuse osa selles loos ? 
103	NA	 Väga taibukas tähelepanek , mis võib kuhugi viia . 
103	NA	 Ometi , on see kiri Fosterilt . 
103	NA	" Kuidagi teistmoodi ma ei usukski teda käituvat , see on ju nii inglaslik ! "" "
104	NA	" "" Mida te silmas peate ? "" nõudis Stubbins . "
105	NA	" "" Teie , inglased ... Kui te hätta satute — mida te siis teete ? "
105	NA	" Kust te abi otsite ? "" "
106	NA	" "" Me võitleme ! "" vastasin uhkelt ja heitsin kiire pilgu Faucette'i poole . "
107	NA	" "" Te kirjutate oma parlamendisaadikule ! "" raius Grpowski veendunult . "
107	NA	" "" Ja just nii tegi ka Foster . "
107	NA	 Olgu , need on pisiasjad . 
107	NA	 Nüüd sauast . 
107	NA	 Senegali eeben , ehk Dalbergia melanoxylon , nagu mister Stubbins juba märkis , siin ei kasva , on tänapäeval äärmiselt haruldane ja on puit mille selliseks kunstipäraseks voolimiseks kohalikud üldse võimelised ei olegi . 
107	NA	 Nagu isegi olete taibanud , ei meenuta saua teostus millegi poolest musta Aafrika traditsioone . 
107	NA	 Aga sau on vana ! 
107	NA	 Eeben säilib kaua ja mäletab palju , puidu imelised omadused on tuntud iidsetest aegadest saadik . 
107	NA	 Eebenit mainitakse juba piiblis . 
107	NA	 Mäletate , et Eseekiel iseloomustas Tüürose linna rikkust just eebenikaubandusega ? 
107	NA	 Ka Herodotos mainib , et etiooplased maksid pärslastele andamit eebenis . 
107	NA	 Puidu nimetus tuleb heebrea keelest , milles 'eben' tähendab 'kivi' . 
107	NA	 Eeben on kivikõva puit , härrased , kõva ja kauakestev . 
107	NA	 Saua , mis teie kätte on juhtunud , kirjeldab esmakordselt kreeklane Anthybios ( 532 aastat enne meie ajaarvamist ) , pärgamendis , mille ümberkirjutusest on säilinud ainult üks koopa ja mis asub momendil Roomas ühes eraarhiivis . 
107	NA	 Nagu isegi näha võite , puudub saua peast koletise suust üks detail . 
107	NA	 See detail on teemant , mille nimi on Saatana Sülg — Ptyo Satanas . 
107	NA	 Anthybiose järgi on selliseid sau'u ainult üks ja selle külgedele on graveeritud tekst maailma esimeses kirjakeeles . 
107	NA	 Keele päritolu Anthybios ei tea , kuid arvab , et inimesele on ohtlik seda mõista . 
107	NA	" Ometi räägib ta meile selle saua toimest ... "" "
108	NA	" "" Kuulge , pidage , "" katkestasin ma siiski Grpowski sõnadevoolu , "" kas siis asi pole mitte teemandis , mitte sauas ? "
108	NA	" Kurat , kui see kalliskivi on nii vana , siis ... "" "
109	NA	" "" Asi on nii teemandis , kui eebensauas , sest nende toime on vastastikkuses sõltuvuses . "
109	NA	 See ese valmistati rassi poolt , kes tundis elu ja surma saladust ja graveeris selle igaveseks eebeni kõikemäletavasse ihusse . 
109	NA	 Paraku on see rass juba kadunud ja sama arvati ka saua kohta . 
109	NA	 Nagu selgub , on sau siiski alles , ning Fosteri kiri viitab , et ilmselt ka teemant on hiljuti alles olnud . 
109	NA	" Ma pakun teile tehingut , mister Stubbins ! "" "
110	NA	" "" Tehingut ? "
110	NA	" Millist tehingut ? "" pomises minu ülemus hämmingus . "
111	NA	" "" Ma vajan seda saua , "" teatas Grpowski kategooriliselt . "
111	NA	" "" Sau tuleb hävitada , see ei kuulu siia maailma . "
111	NA	 Tõenäoliselt pole Foster selle esimene ohver . 
111	NA	 Kuid saan aru , et te ei saa seda mulle müüa . 
111	NA	" Teil on vaja omaniku nõusolekut ja ma hangin teile selle . "" "
112	NA	" "" Te hangite nõusoleku surnud Fosterilt ? "" uuris Stubbins närviliselt irvitades . "
113	NA	" "" Jah , ütleme , et postuumse nõusoleku , "" kinnitas Grpowski . "
114	NA	" "" Mida kuradit te õige silmas peate ? "" ägestus minu ülemus . "
115	NA	" "" Räägi neile , "" soovitas Faucette tülpinult . "
115	NA	" "" Londonile nad niikuinii ette kanda ei saa , keegi ei uskuks ja nad ei hakka ennast naerualusteks tegema . "" "
116	NA	 Teate , sel momendil ma vihkasin Jean Faucette'i . 
116	NA	 Mul oli juba ära tüüdanud tema kõiketeadlikus ja poolaka õhutamine . 
116	NA	" "" Tõepoolest te võlgnete ikkagi seletuse , "" nõudsin ka mina . "
116	NA	" "" Tehing tehinguks aga see teemanti ja saua toime ? "" "
117	NA	 Grpowski sulges aga hetkes silmad , pobises midagi poola keeles . 
117	NA	" Siis ta ütles : "" Kui te veel ikka aru pole saanud , siis teadke , et sau on loodud surnute ülesäratamiseks . "
117	NA	 Saladuslik rass , kes need teadmised avastas või leiutas , on ammu maailmast kadunud , kuid mingi kübe nende kunstist on Aafrikasse ometi maha jäänud . 
117	NA	" Ja Foster on nende teadmiste ohver ! "" "
118	NA	" "" Zombi ! "" sosistas Prantsuse Vabariigi peakonsul Jean Faucette . "
118	NA	" Il est un zombie — vivants les morts ! "" *** "
119	NA	 Ma ei peatuks pikemalt meie segadusel ja vastamata jäänud küsimustel — Grpowski lubas meile hiljem kõik seletada — kui peaksime seletusi vajama . 
119	NA	 Ilmselt pole ka tähtis , mida me tol õhtul uskusime või uskumast keeldusime . 
119	NA	 Mida te ise arvaksite , kui teile öeldakse , et olete elusalt surnult kirja saanud ? 
120	NA	 Kell lähenes üheteistkümnele . 
120	NA	 Üle Stubbinsi villa laskus Aafrika sumbne ja kottpime öö . 
120	NA	 Grpowski võttis oma kentsaka sakvojaaži , saua ja kirja ning läks nendega kõrvaltuppa , lukustades ukse . 
120	NA	" "" Ma olen varsti tagasi , "" lubas ta lävelt , otsekui kui plaaninuks minna kuhugi kaugele . "
120	NA	 Me ootasime . 
121	NA	 Faucette vaikis tusaselt , Stubbins jahvatas midagi pahaselt , turtsus tigedalt , lõi pidevalt käega , naeris ning jõi šerrit . 
121	NA	 Ma ei kuulanud teda , sest katsusin läbielatut ja kuuldut mingisse loogilisse süsteemi seada . 
121	NA	 Ammune huvi filosoofia vastu oli mind teinud vastuvõtlikuks pealtnäha võimatutele ideedele ja pannud otsima kõiges varjatud seoseid . 
121	NA	 Ja ma nägin siin teatavat loogikat ... 
121	NA	 Õnarus monstrumi suus — kuidas ma küll kohe ei taibanud , et sealt on midagi eemaldatud ? 
121	NA	 Eeben ja teemant — kui hästi nad sobivad ! 
121	NA	 Mõlemad on äärmiselt raskesti töödeldavad väärtuslikud materjalid , tuntud inimesele ammustest aegadest . 
121	NA	 Ja mis peamine , säilivad meeletult kaua . 
121	NA	 Teemandid on üle kolme miljardi aasta vanad — ainult kolmandiku võrra nooremad , kui Maa ; ja loodud vulkaanilises kuumuses pinnasügavustes ... 
121	NA	 Saatana Sülg ! 
121	NA	 Mõtlesin , kas sõna 'teemant' ikka tuleb kreekakeelsest 'adamas' ehk 'vallutamatu' ... 
121	NA	 Kas mitte vanakreeka daimon ja sanskriti deva ei ole selle kangekaelse ja saladuslikku kristalli ristiisad . 
121	NA	 Deemon ja teemant kõlavad nii sarnaselt . 
122	NA	 Aafrika on ebausklik maa ... 
122	NA	 Amuletid , loitsud , haiglased uskumused on siin igapäevased . 
122	NA	 Ei tohi lasta ennast petta linnade neoonist ja moodsast ilmest . 
122	NA	 Ka kohalikud teadlased käivad nõidpreestrite juures abi otsimas ; ka pärast pühapäevast missat hõõrutakse pobisedes puuiidoleid . 
122	NA	 Meie praktiline mõistus käskis silmad ja kõrvad kinni pigistada igasuguste veidrate nähtuste ees , mille tunnistajaks aegajalt tahtmatult sattusime . 
122	NA	 Aga zombid ! 
122	NA	 See oli liiast . 
123	NA	 Varsti tuli Grpowski tagasi . 
123	NA	 Ta oli väga kurnatud ilmega , silmad punased ja nägu kahvatu . 
124	NA	" "" Ja millega te seal hakkama saite ? "" küsis Stubbins skeptiliselt . "
124	NA	" "" Nõidusite surnutemaailmast volikirja ? "" "
125	NA	" "" Ma kutsusin ta siia , "" vastas Grpowski lihtsalt , läks võileivakandiku juure ja hakkas aplalt sööma . "
126	NA	 Stubbins laiutas teeseldud lootusetusega käsi ning vahtis meile kordamööda kahjurõõmsalt otsa . 
126	NA	" "" Selle zombi ? "
126	NA	 Kutsusite ta siia ? 
126	NA	" Vabandust , aga kas te helistasite talle ? "" "
127	NA	" "" Mhh , "" pomises poolakas täissuuga , "" peaaegu . "
127	NA	 Ainult raadiolainetaga , surnud tajuvad neid erakordselt hästi . 
127	NA	" Ja ... muidugi läks siin teatavat erimenetlust tarvis . "" "
127	NA	 Ja mugis edasi . 
128	NA	" "" Mis me nüüd teeme ? "" küsisin mina . "
129	NA	" "" Me ootame , "" kostis Grpowski . "
129	NA	" "" Haruldaselt hea peekon . "
129	NA	" Kas see on Inglismaalt ? "" "
130	NA	" "" Ei , see on Põrgust ! "" karjus Stubbins . "
130	NA	" "" Saatan kasvatab seal sigu ja suitsetab katelde kohal sinki . "" "
130	NA	 *** 
131	NA	 Me ootasime kaua . 
131	NA	 Kell tiksus kolmandat öötundi . 
131	NA	 Grpowski soovitusel saatis üha rohkem purju jääv Stubbins kõik teenrid koju ning poolakas ise valmistas talle ühe kange tee . 
131	NA	" "" See mõjub teile hästi , "" kinnitas ta . "
131	NA	 Ja see mõjus Stubbinsile hästi . 
131	NA	 Ma ei tea , mida Grpowski tee sisse pani , kuid mõne aja pärast läks minu ülemus tualetti , oksendas seal pool sisikonda laiali ning naasis palju vagura ja taltsamana . 
132	NA	" "" Kas sa ei peaks teda magama panema ? "" küsis Faucette Grpowskilt tasa . "
133	NA	" "" Ei . "
133	NA	 Ta peab nägema . 
133	NA	" Siis on ta hiljem vait . "" "
134	NA	 Ja siis — kui me kõik unega võideldes elutoas istusime , kostus ukselt koputus . 
135	NA	 Ma ei oskagi täpselt öelda , keda või mida ma näha lootsin , kuid kui poolakas ust avama läks , ei suutnud ma niivõrd tavalist koputust ja Stubbinsi elutuba seostada küll millegi ebamaisega . 
135	NA	 Kõik oli nii harilik , unine ja hubane ... 
135	NA	 Ma ei uskunud , et näen zombit . 
135	NA	 Ja ei näinudki . 
136	NA	 See oli naine . 
137	NA	 Kirjus kleidis noorepoolne lühikeste krässus juuste ja paksu tagumikuga aafriklanna , kelle näojoontesse oli kirjutatud lootusetu mure . 
137	NA	 Kohalike standardite järgi oli naine ilus . 
138	NA	" "" Tere tulemast Briti territooriumile , le femme fatal noir , "" Stubbins tegi abitu katse toolilt tõusta , kuid lõi siis käega ja prantsatas tagasi . "
138	NA	" "" Te näete küll üsna elus välja , lubage öelda , ähh ... "" "
139	NA	 Keegi ei pööranud talle tähelepanu . 
140	NA	" "" Teda kutsuti , "" ütles naine keset tuba seistes . "
140	NA	 Tema hääl kõlas õõnsalt , kuid julgelt . 
140	NA	" "" Ta ei saanud . "
140	NA	" Mina tulin . "" "
141	NA	 Prantslasliku galantsusega pakkus Faucette naisele istet ja läks ise toanurka varju seisma . 
141	NA	 Grpowski lohistas tabureti istuva aafriklanna juurde . 
141	NA	" "" Ärge muretsege , keegi ei tee teile liiga ... "
141	NA	" On ta siin lähedal ? "" "
142	NA	 Naine viipas peaga veranda suunas . 
142	NA	" "" Seal puude vahel . "
142	NA	" Ta ei söandanud . "" "
143	NA	" "" Ma mõistan . "
143	NA	 Oleksin pidanud kohe mõistma ... 
143	NA	" Kas teemant on teie käes ? "" "
144	NA	 Naine ei vastanud vaid libistas oma külma pilgu üle toa , tema lumivalged silmad pilkusid hämaruses . 
145	NA	" "" Teemant , madam ? "" "
146	NA	 Naine raputas aeglaselt pead . 
146	NA	" "" Ei ole . "
146	NA	 Enam . 
146	NA	" Ma müüsin ... Ta oli väga vihane . "" "
147	NA	" "" Puuduv teemant , naine , kiri...ohjaa , ma mõistan , "" ägas Grpowski . "
147	NA	" "" Must saatusedaam , muidugi ! "" "
147	NA	 Ja ta hakkas naisele usalduslikult küsimusi esitama ning Biyoke — nii oli meie öise külalise nimi — vastustest koorus järgmine jutustus . 
148	NA	 Foster oli saabunud nende külla kolme aasta eest ja Biyoke oli temasse kohe armunud . 
148	NA	 Foster filmis kohalikku elu ja magas regulaarselt Biyoke'ga . 
148	NA	 Ilmselt oli ka mees naise tunnetele vastanud . 
148	NA	 Hõimupealik otsustas , et nad peavad abielluma - - nii nägi tava ette . 
148	NA	 Foster oli nõus...minu jaoks mingitel hämaratel kaalutlustel oli ta nõus . 
148	NA	 Ning külas peeti võimsad pulmad . 
148	NA	" "" Ta lubas mind Inglismaale viia "" , rääkis naine , "" lubas viia suurde linna ja panna majja elama , mulle antakse raha ja ma saan iga päev poest osta , kõike mida ma tahan . "
148	NA	" Ma pidin minema Inglismaale ... "" "
148	NA	" Foster ei kiirustanud lahkuma — olles nüüd hõimu "" liige "" , lubati tal filmida , kõike mida soovis . "
148	NA	 Naise jutu järgi ta armastas Biyoke't , õppis tema vahendusel kohalikku keelt . 
148	NA	 Aga loomulikult oli keegi kolmas . 
148	NA	 Keegi , eks tahtis Biyoke't endale ega kavatsenud taluda allajäämist mingile valgele . 
148	NA	 Ühel jahikäigul , millest Foster täieõigusliku hõimuliikmena osa võttis , lõikas keegi tal kõri läbi . 
148	NA	 Ning raius otsast ka käed , et surnu ei saaks oma tapjat unes kägistada . 
148	NA	 Vana uskumus ... 
148	NA	 Biyoke teadis , kes see oli , kuid ei suutnud seda tõestada . 
148	NA	 Pealik kehitas õlgu ja käskis Fosteri maha matta ega hakanud võimudele tapmisest teada andma . 
148	NA	 Liiga palju sekeldusi ja probleeme ... 
148	NA	 Foster maeti kaugele džunglisse , kust keegi tema hauda ei leia . 
148	NA	 Aga Biyoke teadis , kus haud on . 
148	NA	 Ja teadis Biyoke ka seda , et küla nõial on eebensau , mille kohta räägiti , et see äratab surnuid . 
148	NA	 Sau oli vana , see oli tabu ja olnud hõimu reliikviaks juba igavestest aegadest alates . 
148	NA	 Kunagi väikse tüdrukuna oli Biyoke salaja pealt näinud , kuidas nõid sauaga naaberhõimust varastatud naisega katseid tegi ... 
148	NA	 Usuti , et hõim oli eksisteeris ainult tänu sauale — see oli nende pühadus ja ainus religioon . 
148	NA	 Ja naine ei mõelnud kaua , ta varastas saua , põgenes külast , kaevas lahti oma armastatu haua , ning tõmbas sauaga üle tema keha ... 
149	NA	" "" Ta lubas mind viia Inglismaale , "" nuttis naine . "
149	NA	" "" Ta on minu mees , lubas , armastas ... "" "
150	NA	 Aafriklased ei mata aga eriti sügavale . 
150	NA	 Rikastatud troopilise vöötme mullas ei säili laip kaua ... 
150	NA	 Hauast tõusis Fosteri lagunenud laip , tõusis , liikus , rääkis , elas . 
151	NA	 Nad pidid põgenema . 
151	NA	 Varastades saua , oli Biyoke pannud ennast väljaspoole head ja kurja . 
151	NA	 Nad olid tagaaetavad lindpriid loomad , kel polnud peale džungli kuhugi põgeneda , sest Foster ei näinud välja kui inimene . 
151	NA	 Ta ei lagunenud enam , kuid tema loomulikud ainevahetusprotsessid ei taastunud . 
151	NA	 Foster oli surnud , elav laip , ega saanud naasta Inglismaale . 
151	NA	 Aga naine ei kaotanud lootust . 
151	NA	 Ta lootis maagilisele Lääne meditsiinile , ega uskunud oma armastatu kinnitusi , et too tahab vaid surra tõelist surma . 
151	NA	 Biyoke nägi , et Inglismaa jääb temast üha kaugemale . 
151	NA	 Tal oli raha vaja . 
151	NA	 Ta õngitses salaja sauast teemandi , jooksis linna ja müüs selle maha , et osta lennukipiletid...lootes niiviisi panna mehe fakti ette . 
152	NA	" "" Palju te teemandi eest saite ? "" küsis Grpowski . "
153	NA	" "" Kakssada naela , "" vastas naine . "
153	NA	" "" Terve varanduse . "
153	NA	" Ta peksis mind . "" "
153	NA	 Poolakas oigas . 
154	NA	 Pileteid nad loomulikult selle raha eest ei saanud . 
154	NA	 Foster proovis ennast sauaga pidevalt tappa , kuid kas puuduva teemandi pärast või mõnel muul põhjusel see ei õnnestunud . 
154	NA	 Mees oli muutunud täiesti ebainimlikuks ja peale pärissurma ei tundnud millegi vastu huvi . 
154	NA	 Nad elasid nagu metsloomad džunglis , varjasid ennast . 
154	NA	 Foster uskus , et ainult sau võib teda päriselt tagasi tappa , ning sundis Biyoke't teemanti üles otsima . 
154	NA	 Ligi kaks aastat jahtisid nad kalliskivi , kuid raha kulus nagu lootuski . 
154	NA	 Biyokele ei meeldinud Fosteri idee sau Briti Muuseumile saata , kuid ta ei saanud sinna midagi parata . 
154	NA	 Elava varjuna oli ta jäänud saatma oma surnud armastatut , loobunud unistusest pääseda Inglismaale , sattunud tagaaetavaks ega lootnud enam millelegi . 
154	NA	 Foster dikteeris talle kirja , Biyoke läks postkontorisse , mähkis kasutu saua paberisse ning saatis selle ära . 
154	NA	 Nad ei suutnud ise toime tulla saua needusega ja ka naine oli hakanud hoomama , et peale surma polnud Fosterile enam midagi tarvis . 
154	NA	 Pärast kirja saatmist olid nad ennast varjanud linna lähedal metsasalus . 
154	NA	 Äkitselt oli Foster magava naise äratanud ja öelnud , et teda kutsutakse . 
154	NA	 Katnud mehe kaltsudega , olid nad mööda öised tänavaid hiilinud , kuni Foster oli kutsungi identifitseerinud . 
154	NA	 Ise jäi ta maja lähedale parki ja saatis Biyoke sisse . 
154	NA	 Ja siin ta siis nüüd oli — surnute elluärataja , abitum , õnnetum ja üksikum , kui keegi iganes . 
155	NA	" "" Mis te tahate temaga teha ? "" küsis naine . "
156	NA	" "" Ma tahan ta tagasi saata . "
156	NA	" See noormees tuleb minuga kaasa . "" "
157	NA	 Ma ei tea siiamaani , kes oli Mieczislaw Grpowski ; kust oli ta pärinud oma üleloomulikud teadmised ja võimed . 
157	NA	 See vürtspoodniku väljanägemisega väike poolakas tõmbas meid iseenesest tuleneva loomulikkusega maailma , milles kehtisid omad seadused . 
157	NA	 Olin surmani unine , pisut purjus , ega hoolinud enam muust , kui et see luupainaja ometi lõppeks ja ma saaksin tagasi koduste seinte vahele , kus pole enam zombisid , nende kirju ega eebensau'u . 
158	NA	 Me kõndisime kolmekesi läbi Aafrika öö kohtuma surnud John Fosteriga . 
158	NA	 Biyoke ei suutnud pisaraid tagasi hoida ja halas , et tegi seda ainult soovist pääseda Inglismaale . 
159	NA	 Ma märkasin puude varjus seisvat musta kuju , kes tegi meie hääli kuuldes , ettevaatliku sammu , kuid seisatas siis . 
160	NA	" "" Mr. Foster , ärge kartke , "" hõikas Grpowski vaikselt . "
160	NA	" "" Teie saadetis on jõudnud õigetesse kätesse . "" "
161	NA	 Meile lähenes kaltsukottidega kaetud pikakasvuline kogu , kellest lehkas laibahaisu . 
161	NA	 Ja kui ma seda kuju Grpowski taskulambi valguses nägin , sain aru , et kõik see on tõeline , et siin ongi elus surnu , et see pole mingi klubinali ega fantasm . 
161	NA	 Ja siis tundsin ma esmakordselt hirmu ja viha Biyoke vastu , kes sellise monstrumi oli maailma toonud . 
161	NA	 Ega mõistnud poolaka pöördumist 'mister' , kuna kõige vähem meenutas see elav raibe mulle inimest . 
161	NA	 Nägin peakoti seest vaatavaid kollakaid silmi , mida ümbritses midagi krobelist ja lapilist , mis kunagi oli olnud mehe nägu . 
161	NA	 See seisis hetkeks liikumatuna ning tõstis siis käe , õieti tühja varruka , millest paistis mädanenud könt . 
162	NA	" "" Kes te olete ? "" küsis elav surnu ja tema hääl kostus hammasteta suust , oli saadetud raskest hingamisest ja röginast nagu kopsuhaigel . "
163	NA	" "" Ma tulin teid aitama . "
163	NA	" Mina kutsusin teid , "" ütles Grpowski asjalikul häälel . "
164	NA	" "" Ma tahan surra ... "
164	NA	 Mul on väga valus , kõik need aastaid ... 
164	NA	 On olnud väga valus . 
164	NA	" Kui see kuradi lirva poleks oma sauaga ... ! "" "
164	NA	 Surnu hääles kõlas teatav eneseväärikus ning lagunenud huuled ja hambutu püüdsid sõnu vormide kõige korralikumaks kokniks . 
165	NA	" "" Olete te ise proovinud ? "" päris poolakas . "
166	NA	" "" Pole mõtet olnud . "
166	NA	 See ei aitaks . 
166	NA	 Pea rongi alla või kaljult alla hüpata , ennast ära põletada ... 
166	NA	 Kehast lahtisaamine mind ei vaeva . 
166	NA	" Asi pole ju kehas ja te ju teate seda ! "" "
167	NA	 Kui Foster rääkis pritsis ta mädasülge laiali — tundsin midagi haisvat ja vedelat mööda oma põske alla voolamas . 
167	NA	" "" Minu vaim , või meel , jääks ikkagi piinlema , ta ei kao koos kehaga . "" "
168	NA	" "" Nii see on , "" noogutas Grpowski . "
168	NA	" "" Sau leiutati kõige ebainimlikumaks piinaks . "
168	NA	 Ja selle needusest pole nii lihtne vabaneda . 
168	NA	" See iidne rass teadis pärissurma saladust . "" "
169	NA	" "" Kas saua saab veel kasutada ? "" päris surnu . "
170	NA	" "" Teemant on kadunud , sau pole enam tervik . "
170	NA	" Teemant oli eebenjõududele energiaallikaks . "" "
171	NA	" "" Kui te saite mind kutsuda , peate saama ka mind tappa . "" "
172	NA	" "" Ma proovin . "
172	NA	 Meil on sau , see on peamine . 
172	NA	 Ilma sauata ei õnnestuks teid tagasi saata . 
172	NA	 Teemandi energia võib asendada . 
172	NA	 Muide , kas te teate , mida ütleb kiri saual ? 
172	NA	 Ei ? 
172	NA	 See ütleb — niipalju , kui ma seda keelt oskan — et sau on loodud karistuseks . 
172	NA	 Need , kes selle leiutasid , tapsid oma vaenlasi ja äratasid nad sauaga üles . 
172	NA	 Igaveseks piinlema . 
172	NA	" Igaveseks ! "" "
173	NA	" "" Jah , ma tean seda piina . "
173	NA	" Ma tahan siit ära , ma ei kuulu enam siia . "" "
174	NA	" "" Teil on õigus , "" sõnas Grpowski mõtlikult . "
174	NA	" "" Teil on juba ammu aeg . "
174	NA	 Ent jäävad mõned juriidilised probleemid . 
174	NA	" Esiteks on vaja , et see noorhärra siin , "" ta osutas minu poole , "" ei vaataks järgnevat nüüd Briti alama mõrvana . "
174	NA	" Teiseks jääb saua omandiküsimus ... "" "
175	NA	 Ma tahtsin , et see korjus oleks maapealt kadunud aga samas nägin enda ette kerkimas tuhatühte juriidilist detaili . 
175	NA	 Kas ta oli ikka nii surnud , et teda võis...hmm...tappa ? 
175	NA	 Kas ma saaksin surmatunnistuse välja anda ? 
175	NA	 Mida teha laibaga ? 
176	NA	" "" Te lubate , et keha ei jää ? "" nõudis Foster . "
177	NA	" "" Ei midagi , mida saaks matta . "" "
178	NA	" "" Ma olen juba surnud . "
178	NA	 Kui tahate uurida , peate Biyoke hõimu politsei saatma . 
178	NA	 Kuna aga laipa ei ole , pole ka midagi uurida . 
178	NA	" Kogu maine varandus läheb minu õele , nii on kirjas testamendis . "" "
179	NA	" "" Aga teie naine ? "" "
180	NA	" "" Ta pole minu naine ! "" raius Foster rögisedes mädapritsmete lennates . "
180	NA	" "" Ma ei tea , mida te teile kokku puhus , aga ma pole seda neegrit kunagi armastanud ! "
180	NA	 Jah , ma lubasin talle igasugust jama ... 
180	NA	 Mul oli vaja pulmi ainult selleks , et neid filmida . 
180	NA	 Kas te kujutate ette , kui leidlikud ja eurooplasele erutavalt rikkalikud on nende pulmakombed ? 
180	NA	 Pulmafilmi eest oleks stuudio mulle terve varanduse maksnud ! 
180	NA	 Ja võõral pole nende pulmas midagi teha , teda ei lastaks lähedalegi . 
180	NA	 Minu ainus võimalus oli üks naine võrgutada ja temaga abielluda . 
180	NA	" Ta pole sellest kunagi arusaanud — neil ei tunta fiktiivse abielu mõistet . "" "
181	NA	 Biyoke oli kükitanud ja nuttis lohutamatult . 
181	NA	 Ilmselt ta mõistis , et viibib oma armastatu seltsis viimaseid minuteid . 
182	NA	" "" Ja sau ? "" "
183	NA	" "" Tehke sellega , mis tahate . "
183	NA	" See pole kunagi minu oma olnud . "" "
184	NA	" "" Sau tuleb hävitada , "" ütles Grpowski . "
184	NA	" "" Ta võib hooletutes kätes veel palju õnnetusi põhjustada . "
184	NA	" Teie lahkel loal ma võtaksin selle vastutusrikka ülesande enda kanda . "" "
185	NA	" "" Mr. Foster "" võtsin oma julguse kokku ja ütlesin kogeledes . "
185	NA	" "" Kas te võtate tagasi oma soovi sau Briti Muuseumile edastada ? "" "
186	NA	" "" Ma lootsin , et Evans selgitab välja , kuidas on sellega võimalik elluäratatut uuesti tappa . "
186	NA	 Teate , ta on sedalaadi veidrik , see Evans . 
186	NA	" Uurib nõidusi , isegi usub neid . "" "
187	NA	" "" Ma tunnen Evansit , "" ütles Grpowski . "
187	NA	" "" Me kuulume koos ühte ühingusse...oleme mõnes mõttes kolleegid ... "
187	NA	" Kuid enne , kui alustame , ma tahaks veel midagi küsida . "" "
188	NA	 Miks te seda varem ei öelnud , tahtsin poolakalt teada , kuid mõistsin , et sel pole enam mingit tähtsust . 
189	NA	" "" Küsige , "" nõustus Foster . "
189	NA	" "" Aga tehke kähku . "" "
190	NA	" "" Ma pole teiesugustega varem rääkinud , sellest ka see huvi . "
190	NA	 Mis teile üldse oluline on ? 
190	NA	" Ma mõtlen peale pärissurma ? "" "
191	NA	" "" Ei midagi . "
191	NA	 Ma ei taha midagi , ei söö midagi , ei vaja midagi . 
191	NA	 Elul pole mingit tähtsust . 
191	NA	 Võiksin tappa . 
191	NA	 Tunnen , et miski ei hoiaks mind tagasi — inimese elul pole minu jaoks väärtust . 
191	NA	" Kuid ma pean end ikkagi selleks , kes olin "" . "
191	NA	 Ta langes raskesse köhahoogu , veel haisvat röga lendas laiali . 
192	NA	" "" Mis veel ? "" "
193	NA	" "" Ma kuulen surnute hääli . "
193	NA	 Näen neid — nad põlgavad mind , peavad reeturiks . 
193	NA	 Umbes nagu hunt vaatab kodustatud koera peale . 
193	NA	 Koerad mind , muide , ei karda ja purevad igal võimalusel , linnud samuti nokivad nagu laipa . 
193	NA	 Kui te mind kutsusite , mõtlesin algul , kas seegi pole mõni surnu . 
193	NA	 Kuid te teadsite liiga palju ... 
193	NA	" Seepärast tulingi . "" "
194	NA	" "" See valu ? "
194	NA	" Andestage , kui olen liiga pealetükkiv ... "" "
195	NA	" "" Valu ? "
195	NA	 Teie ei tea mis on valu ! 
195	NA	 Valu on ainus asi , mida ma tunnen . 
195	NA	 Meeletu , haige valu . 
195	NA	 See on see valu , kui teie keha pole enam elus ja te tunnete seda . 
195	NA	 Elusa haavad valutavad , kuni paranevad , sest tema keha on elus ja ravib haavu . 
195	NA	 Mina tunnen surmavalu — minu keha on surnud ega ravi ennast enam . 
195	NA	 Ma ei sooviks seda valu isegi oma mõrtsukale . 
195	NA	 Ja sellest valust pole pääsu — see ei saa tappa . 
195	NA	" On see kõik ? "" "
196	NA	" "" Kui lubate , siis ma nii rohkem professionaalsest huvist , üks isiklikumat laadi küsimus ... "" paistis , et Grpowski häbeneb pisut . "
196	NA	" "" Oleks tahtnud teada , et kas teie ja...ma mõtlen pärast surma...teie ja Biyoke ... ? "" "
197	NA	" "" Mõistan , "" ümises laip pisut lõbusamalt . "
197	NA	" "" Jah , me üritasime seda . "
197	NA	 Tema pealekäimisel . 
197	NA	 Minul puudub selleks igasugune vajadus , kuigi avastasin üllatuslikult , et tehniliselt on see võimalik . 
197	NA	 Ta arvas , et ehk tunnen end siis rohkem elusana ... 
197	NA	 Neil on ka mingi uskumus , et naine , kes kepib elusa surnuga , omandab ka ise surematuse . 
197	NA	" Loomulikult on see jama , "" lisas ta leebelt . "
197	NA	" "" Ehk aitab nüüd ? "" "
198	NA	" "" Aitab , "" soostus poolakas ja pöördus minu poole . "
198	NA	" "" Kui Briti võimude poolt enam takistusi ei ole , siis asuksime teele . "
198	NA	 Kui tahate , võite kaasa tulla , kuid väga lähedalt ma pealt vaadata ei soovita — te ei saaks mitu ööd magada . 
198	NA	 Kõige parem , kui võtate madam Biyoke oma hoole alla ning üritate teda pisut lohutada . 
198	NA	 Ma arvan , et leiame sobiva paiga siit umbes miili kaugusel . 
198	NA	" Mis siis ikka , hakkame aga liikuma , mister Foster ! "" "
199	NA	 Meie kummaline protsessioon liikus läbi öise Aafrika looduse , väljus tagaväravat pidi Briti territooriumilt , kulges mööda rohtlat ja seisatas palmisalus . 
199	NA	 Grpowski käskis meid sinna jääda ja nad läks Fosteriga edasi . 
199	NA	 Nagu surmamõistetu ja timukas — pikkade sammudega liipav Foster ning tema kannul sibav lühikest kasvu poolakas . 
199	NA	 Oleks Fosteri käes olnud veel vikat , näinuks ta välja täpselt nagu Surm — üleni kaltsuriidega kaetud vibalik kõhetu kuju , kelle peakotist vaatas elutu nägu . 
199	NA	 Biyoke oli tahtnud oma mehega hüvasti jätta , kuid Foster tõukas ta sõimu saatel endast eemale , naine kukkus puhmastikku ja jäi sinna haledalt nutma . 
199	NA	 Üritasin teda kohmetult lohutada . 
199	NA	" "" Ära nuta , kõik saab korda "" , ütlesin ma naise kräsupead silitades , samas taibates , kui nõmedalt see fraas kõlas . "
200	NA	 Naine nuttis ja ma tajusin korraga kogu seda vaeva ja valu , mida see tüdruk oli pidanud üle elama . 
200	NA	 Järgneda aastaid oma surnud mehele , varjata , varjuda ... 
200	NA	 Kaks varju , kaks ohvrit . 
200	NA	 Nägin neid vaimusilmas hulkumas läbi džunglite , rohtlate ja räpaste linnaagulite — otsimas surma ! 
200	NA	 You do me wrong , to take me out o' the grave ... 
200	NA	 Kes nii ütles ? 
200	NA	 Kuningas Lear , jah . 
200	NA	 Murest vaevatud naine ees ja kottides laip tema järel , nagu mõni samariitlane ja pidalitõbine keskajal . 
200	NA	 Aga Biyoke ei olnud Cordelia , Biyoke ei olnud ka samariitlane . 
200	NA	 Tol hetkel sain aru , et mitte kellelgi , mitte kunagi pole õigust kasutada võikaid üleloomulikke jõude oma armastuse huvides ! 
200	NA	 Mitte kellelgi , mitte kunagi ... 
201	NA	 Jah , kellelegi pole antud õigust võtta teise elu . 
201	NA	 Ent pole ka õigust seda tagasi anda ! 
201	NA	 Ja kuigi ma pidin au andma Biyoke vaprusele mitte Fosterit maha jätta ega põgeneda ja jagada mehega seda valusat rännakut — ma siiski vihkasin teda . 
201	NA	 Et oma upsakuses ja egoismis oli ta söandanud pöörduda nende jõudude poole . 
201	NA	 Surm on midagi loomulikku ja rahulikku kuniks jääb sinna , kuhu kuulub — mulda , tuhka ... 
201	NA	 Kuid elustada surma ? 
201	NA	 Seda ei õigusta ükski armastus . 
202	NA	 Ma ei näinud , mida Grpowski Fosteriga tegi , kuid silmasin puudevahelt kerget helendust , mis tekkis äkki ja püsis pikka aega . 
202	NA	 See oli väga kummaline helendus , mis ainult ühel kohal rippus ega valgustanud ümbritsevat . 
202	NA	 Umbes selline valgus , mis kumaks käigu suudmest , kuid ise oleks kuskil kaugel selle sügavustes . 
202	NA	 Avatud tunneli algusest paistev valgus ... 
202	NA	" Grpowski hääl kõlas väga võimsalt kui ta karjus need kolm sõna , mis mulle igaveseks meelde jäid : "" Tiamant hubur marduk . "" "
202	NA	 Ta kordas neid kolm korda väga selgelt . 
202	NA	 Siis kostis kärgatus ja plahvatus , valgus kadus ning minu ninasõõrmeisse tungis kõige võikam ja vastikuim hais , mida kunagi olen tundnud . 
203	NA	 Pimedast lähenes Grpowski kuju , kes ütles : 
204	NA	" "" Nii , see on siis tehtud . "
204	NA	 Kuidas meie daam ennast tunneb ? 
204	NA	 Nutab ? 
204	NA	 Pole midagi , läheb üle ... 
204	NA	 Mis oleks , kui läheksime mr . 
204	NA	 Stubbinsi villasse tagasi ? 
204	NA	" Ma mäletan , et sinna jäi häbematult suur kogus neid peekoniga võileibu ... "" *** "
205	NA	 Enam pole mul palju jutustada . 
205	NA	 Grpowski palus mul saua esialgu endale jätta , et see turvalisi kanaleid pidi hiljem tema kätte toimetada . 
205	NA	 Ta ei söandanud seda ise läbi tolli toimetada . 
205	NA	 Järgmisel päeval ta lahkus ja ma pole teda enam kunagi näinud . 
205	NA	 Fosteri laipa me ei leidnud . 
205	NA	 Kohal , kus poolakas oli oma menetlust läbi viinud , avastasin ma kõrbenud laigu , pisut tuhka ja tallatud rohu . 
205	NA	 Vastik raipehais püsis seal veel mitu päeva ja rohkem ma sinna tagasi ei läinud . 
205	NA	 Tuha kandis tuul rohtlasse laiali . 
205	NA	 Biyoke kadus , ka teda pole enam kunagi kohanud . 
205	NA	 Stubbinsile rääkisin kõik ära , ta hakkas ühe rohkem jooma ning ajuti kahtlesin isegi tema vaimses tervises . 
205	NA	 Mees ostis nüüd meeletutes kogustes eebenit kokku , tema kabinet täitus mustade skulptuuridega ning pärast seda , kui ta hakkas oma kirjadele Ebenezer Stubbins alla kirjutama — ristinime George asemel — koristas London ta konsulaadist ära . 
205	NA	 Olen kuulnud , et ta üritas Devonis eebenit kasvatada ning astus mingisse saientoloogide sekti . 
206	NA	 Mina aga jäin veel Aafrikasse pikaks ajaks . 
206	NA	 Ja ma ei saatnud eebensaua Grpowskile ! 
206	NA	 Võite pidada seda nooruslikuks lolluseks ... 
206	NA	 Ta kirjutas mulle mitu korda , hoiatas , veenis , anus . 
206	NA	 Aga ma ei vastanud kirjadele ega saatnud saua . 
206	NA	 Mees , kes valitses elu ja surma saladusi , valdas üleloomulikke võimed , tappis zombisid , oli saanud minult valusa tagasilöögi . 
206	NA	 Jah , ma petsin teda , kuid ka mind oli eeben enda saladuslikkusega võlunud ja võrgutanud . 
206	NA	 Tal oli mingi erakordne külgetõmbejõud . 
206	NA	 Hiljem naasin oma ammuste akadeemiliste huvide juurde ja liitusin auväärse Trinity kolledžiga . 
206	NA	 Ent minu kinnismõtteks sai Saatana Sülg — see mõistatuslik teemant . 
206	NA	 Ma nõudsin loogikat ja süsteemi , ma vajasin mingit korrastatust oma läbielamistes . 
206	NA	 See on pikk lugu — kuid ma leidsin selle . 
206	NA	 Leidsin Saatana Sülje ! 
206	NA	 Otsisin seda ligi kolmkümmend aastat , kogusin raha , ajasin jälgi . 
206	NA	 Teemant oli minu kinnisidee ja salaelu . 
206	NA	 Ja veendusin , et teemant sobib eebensaua peal oleva koletise suhu nagu valatult . 
206	NA	 See oli ligi kolmekaraadiline töötlemata kalliskivi , mille sisemuses oli eelajalooline putukas . 
206	NA	 Miks mul kalliskivi vaja oli ? 
206	NA	 Mul oli tarvis teada , veenduda . 
206	NA	 Nüüd võis Grpowski selle saada ... 
207	NA	 Ühel õhtul kaks aastat tagasi ma võtsin saua hüvastijätuks kätte . 
207	NA	" Silitasin seda , sosistasin talle midagi ja rehmasin temaga läbi õhu ning hüüdsin "" Tiamant hubur marduk ! "" "
207	NA	 Ilmselt olid need sõnad graveeritud sauale . 
207	NA	 Loomulikult ei juhtunud midagi ... 
207	NA	 Aga omal moel olin ma nüüd eebeni needusest vaba . 
207	NA	 Kui ma nii tegin , tundsin midagi . 
207	NA	 Mingit jõudu või mälu ... 
207	NA	 Ja ma teadsin korraga , et minu nooruses juhtunud lugu oli tõeline . 
207	NA	 Et kõik oligi nii olnud . 
207	NA	 Sisimas ei suutnud ma senini kõike läbielatut uskuda . 
207	NA	 See oli minu , kui filosoofi jaoks põhimõtteline küsimus . 
207	NA	 Kas nägemine ja haistmine on tunnetuseks piisavad ? 
207	NA	 Tunnetus tähendab veendumust — ja mul ei olnud seda . 
207	NA	 Seni ! 
207	NA	 Aga nüüd ma teadsin . 
208	NA	 Järgmisel hommikul eemaldasin eebenist teemandi ja saatsin saua Grpowskile . 
208	NA	 Sau saadeti mulle tagasi — Grpowski oli juba mõned aastad tagasi surnud . 
208	NA	 Seda võis arvata , ta pidi nüüdseks olema juba üle kaheksakümne . 
208	NA	" Kuid ma täitsin oma lubaduse , mis mind painas nagu eebeni ja teemandi mõistatuski . "" "
209	NA	 McMoran lõpetas jutustuse . 
209	NA	 Kell tiksus juba hilist öötundi ; me olime sõnatud ja ehmunud . 
209	NA	 Miski McMorani hääles ja rääkimismaneeris ei lasknud uskuda , et lugu oli väljamõeldud . 
210	NA	" "" Miks te siis selle loo pärast kolledžist enneaegselt lahkute ? "" päris Langdon mõne aja pärast , süüdates sõrmede vahel lühikeseks põlenud sigarist uue . "
211	NA	" "" Et oma hooletult sooritatud tegude eest vastutust kanda . "
211	NA	" Ja sau on veel minu käes . "" "
212	NA	" "" Mida te sellega öelda tahate ? "" ei saanud Hutchinson aru . "
213	NA	" "" Kui ma teemandiga eebenit viibutasin ja laususin "" Tiamant hubur marduk , "" äratasin ma ühe surnu . "
213	NA	 Ma ei tõmmanud ju sauaga üle laiba ihu , et eebenile objekti kätte näidata . 
213	NA	 Ent energiavoog , mille sauaga vabastasin , toimis . 
213	NA	 Ütlesin ju , et eebenil on pikk mälu . 
213	NA	 Ning needus jõudis oma ohvrini . 
213	NA	" Ohvrini , kelle eeben suutis identifitseerida , meheni , keda ta mäletas ... Viimasena mäletas . "" "
214	NA	" "" Foster ! "" karjatas dekaan Norton . "
214	NA	" "" Te äratasite ta jälle ? ! "" "
215	NA	 McMacon ei vastanud vaid vaatas pika pilguga tühjusesse . 
216	NA	" "" Kuulge , kuidas te seda kõike teate ? "" uuris Hutchinson õudusest kaame näoga . "
217	NA	" "" Ojaa , ma tean seda ... "" sõnas McMoran kurvalt . "
217	NA	" "" Tean , et see mees pidi kaks aastat piinlema , enne kui tal õnnestus korraldada oma väljakaevamine . "
217	NA	" Ja tean seda seepärast , et need elusad surnud on üsna üksluised . "" "
218	NA	" "" Te olete teda näinud ? "" pomises Norton . "
219	NA	" "" Ei veel mitte . "
219	NA	 Kuid ta kutsus mind . 
219	NA	" Kutsus täitma ühte vana lubadust ... "" "
220	NA	" "" Kutsus teid ? "
220	NA	" Kuidas ? "" ei saanud Langdon aru . "
221	NA	" "" Ütlesin just , et need elusad surnud on küllalt standardse mõtlemisega . "
221	NA	" Ta kirjutas mulle . "" "
222	NA	" "" Kirjutas ? ! "" "
223	NA	" "" Jah . "
223	NA	" Ja kiri algas sõnadega Mina olen Mieczislaw Grpowski ... "" "
224	NA	 September 1999 
225	NA	 1 Originaalis 'I am writ you John Gregor Foster ... ' 
