par_nr	head	sentence
1	 Lõhe müüris 	 Lõhe müüris 
2	 1. peatükk 	 1. peatükk 
3	NA	 Oli tipptund ja liinibuss rahvast puupüsti täis . 
3	NA	 Jan komposteeris pikka kasvu mehe kaenla alt kätt läbi surudes talongi ja pressis end bussi tagumisse otsa akna alla seisma . 
3	NA	 Talle meeldis vaadata , kuidas sõidutee bussi alt välja voolas ning jalakäijad koos ümberkaudsete majadega kaugenesid . 
3	NA	 Iga peatusega jäi reisijaid järjest vähemaks ja varsti hakkasid ka istekohad vabanema . 
3	NA	 Jan valis välja rahuliku olemisega vanema meesterahva ja sättis ennast tema kõrvale . 
3	NA	 Mõnda aega vaikisid mõlemad , siis pöördus mees uurival pilgul Jani poole : 
4	NA	" "" Töölt ? "" "
5	NA	" "" Töölt , "" vastas Jan väsinult . "
6	NA	" "" Ammu ? "" "
7	NA	" "" Kümme aastat. "" "
8	NA	" "" Tülpinud ? "" rohkem nentis kui küsis kõrvalistuja . "
9	NA	" "" Kohutavalt ! "" "
10	NA	" "" Aeg-ajalt peab kõike muutma , muidu läheb eluisu ära , "" ütles mees lõpuks ootamatult pika lause . "
11	NA	" "" Kõike ? "" ei saanud Jan aru . "
12	NA	" "" Kõik muutub ükskord niigi . "
12	NA	 Siis , kui sa enam ei jõua . 
12	NA	" Parem on ise muuta. "" "
13	NA	 Jan ei mõistnud päris täpselt , mida mees silmas pidas . 
13	NA	 Tal oli juba kümme aastat päevast päeva olnud naine , töö ja kodu . 
13	NA	 Kokkuvõttes oli see ju õnn ! 
13	NA	 Vähemalt oleks pidanud olema . 
13	NA	 Tülpimus tülpimuseks , aga tema ei kavatse küll päeva pealt kõike jätta ja uuesti alustada . 
14	NA	" "" Selle üle peab mõtlema , "" vaatas Jan mehele otsa ja märkas tolle silmis ebatavaliselt tarka ja kelmikat , samas metsikut ja ükskõikset pilku . "
14	NA	 Justnagu oleks mees elu käest peksa saanud ja samas oma saatuse üle naernud . 
15	NA	" "" Võib-olla ongi juba hilja , "" poetas vana mokaotsast ja tõusis , et taaruda bussi tagaakna juurde . "
15	NA	 Ka Jan tõusis , sest järgmises peatuses pidi ta väljuma . 
16	NA	" "" Näe ! "" osutas mees peaga akna suunas . "
16	NA	" "" Sa vaata , kui kiiresti kõik taganeb ! "" "
17	NA	 Buss peatus , Jan hüppas eelviimaselt astmelt üle rentsli , vaatas poolkõõrdi üle õla tagasi ja nägi vana-mehe muigel nägu . 
18	NA	" "" Poo ennast üles , kui tahad ! "" nähvas ta endamisi ja tõstis tibutava vihma eest nägu varjates jopekrae ninaotsani üles . "
19	NA	 Kuuskümmend üks sammu väravani , kaksteist tagaukseni , neliteist trepiastet ja viimased viis uksekellani . 
20	NA	" "" Kes seal on ? "" kostis seest täiesti võõras mehehääl . "
21	NA	" "" Mi-mina olen ! "
21	NA	 Jan muidugi . 
21	NA	" "" Asi võttis Jani kogelema . "
21	NA	 Oli kuulda jutupominat ja mõne hetke pärast avanes uks . 
21	NA	 Sellel seisis matsakas , karvase rinnaga , dressipükste väel keskealine mehemürakas . 
22	NA	" "" Millega saan teid aidata ? "" "
23	NA	" "" Ma , ma peaksin siin nagu elama ! "" oli Jan jahmunud . "
24	NA	" "" Huvitav küll , "" sügas mees oma karvast kõhtu , "" kus kuradi kohas siis mina viimased kümme aastat elanud olen ? "" "
25	NA	 Jan piilus ukse vahelt sisse ja tõepoolest - tapeet oli teine , mööbel oli teine ja lõhnadki olid hoopis teised . 
25	NA	 Nende peres igatahes kasse ei olnud . 
26	NA	" "" Oi , andke andeks ! "
26	NA	 Ma siis vist ikka tõesti eksisin ! 
26	NA	" Veelkord , palun vabandust ! "" "
26	NA	 Ta taganes midagi mõistmata trepini ja kuulis veel seljatagant öeldavat : 
27	NA	" "" Võtke heaks ! "" "
28	NA	" "" No on ju sama trepp ! "" "
28	NA	 Ta jõudis alla ja seisis keset õue . 
28	NA	" "" Täpselt ! "
28	NA	 Kõik on sama ! 
28	NA	" See on minu maja ! "" "
28	NA	 Igaks juhuks läks ta väravast välja ja vaatas hoone eestpoolt üle . 
29	NA	" "" Siiski , kardinad meie akende ees on teised … "" "
30	NA	 Üle tee lähenes naaber esimeselt korruselt - kena mutikene , kes igal võimalusel Janiga suhelda püüdis , mis siis , et Jan alati midagi ettekäändeks tuues käest ära libises . 
31	NA	" "" Tere , tädi Alma ! "" "
32	NA	" "" Tere , jah ! "" vastas see võõrastavalt ja seiras möödudes Jani altkulmu . "
32	NA	 Õue sisenedes sulges ta isegi värava ja kadus rutates majanurga taha . 
33	NA	" "" Tohoh ! "" ei saanud Jan enam millestki aru . "
33	NA	" "" Kas ma olen valesse aega sattunud ? "
33	NA	" Või hoopis mõnda teise dimensiooni ? "" "
33	NA	 Ta astus kiiruga üle tänava , istus kõnniteeservale maha ja hakkas käsipõsakil oma endist kodu ja selle ümbrust uurima . 
34	NA	" "" Mis kuradi jama see on ? "
34	NA	 Nii ei saa lihtsalt olla ! 
34	NA	" Ma ei maga ju ! "" "
34	NA	 Ta näpistas ennast käsivarrest , raputas pead ja lõi lõpuks lahtise käega vastu põski . 
34	NA	 Võõrad kardinad olid ja jäid tema akende ette . 
35	NA	" "" Aitab ! "" otsustas ta lõpuks ja seadis sammud lähima telefoniputka poole . "
36	NA	" "" Tsau , ema ! "" "
37	NA	" "" Tere , Jan-poiss ! "" "
38	NA	 Jan oli õnnelik , et keegi teda vähemalt äragi tundis . 
39	NA	" "" Ema , ütle , kus ma elan ? "" "
40	NA	" "" Nalja teed või ? "
40	NA	" Kui sa joodik oleksid , saaksin aru , aga … "" Ta viivitas veidi ja justkui taipas : "
41	NA	" "" Läksite tülli ? "
41	NA	 Noojah . 
41	NA	 Viskas su välja ? 
41	NA	" See nüüd küll tema moodi pole ! "" "
42	NA	" "" Ema , ütle mulle mu aadress , palun ! "
42	NA	" Või oled unustanud ? "" "
43	NA	" "" Kummeli 24-6, "" tuli vurinal . "
43	NA	 Siis lisas ta veidi solvunult : 
44	NA	" "" Mul ei ole veel skleroosi , kallis poeg . "
44	NA	" Ja kui see nüüd nali oli , siis on sul küll veidrad naljad viimasel ajal ! "" "
45	NA	" "" Ära solvu , ema ! "
45	NA	 Tegin lihtsalt pulli ! 
45	NA	 Võtsime sõpradega siin ühe õlle … 
45	NA	 Okei , pean nüüd minema . 
45	NA	 Eks ma astu läbi , kui aega saan . 
45	NA	" Tervita papsi ! "" "
46	NA	" "" Mida ? ! "" kostis ärev ja ehmunud hääl teises otsas , aga Jan oli jõudnud juba toru hargile panna . "
47	NA	" "" Millest selline reaktsioon ? "" mõtles ta endamisi ja astus pikkade sammudega tagasi bussipeatusse . "
48	NA	 Ta oli küll hakanud viimase kahe aasta jooksul rohkem viina võtma ja ega need tülidki kodus tulemata jäänud , aga välja polnud teda veel visatud . 
48	NA	 Oma treialitööga teenis ta piisavalt , et naise rahaarmastust rahuldada ja niimoodi lapsega koos lihtsalt kaduda - seda ei uskunud ta Evest iialgi . 
49	NA	 Bussi oodates jalutas ta veelkord oma majani ja tagasi . 
49	NA	 Kardinad olid endiselt võõrad . 
50	NA	" "" Ah et mina elan hoopis linna teises otsas ? "
50	NA	 No me veel vaatame seda asja ! 
50	NA	 Kui ma hulluks olen läinud , siis pole ju hullu midagi . 
50	NA	" Mõtlemine näikse korras olevat ja küll me selle mälukesegi paika paneme ! "" "
51	NA	 Talle tükkis naer peale , kui ta kujutles , et Eve kuuleb pealt tema sellist eneselohutamist . 
52	NA	 Buss oli peaaegu tühi . 
52	NA	 Ainult tagumises otsas istus üksik vanem meesterahvas ja vaatas kaugenevaid maju . 
53	NA	" "" See on ju seesama targutaja ! "" tundis Jan mehe seljatagant ära ja taarus meremehekõnnakuga läbi tühja vahekäigu . "
54	NA	" "" Tere jälle ! "" alustas ta sedapuhku ise. "" Muutuski , näe ! "" "
55	NA	" "" Misasi ? "" tegi mees võlts-mõistmatu näo . "
56	NA	" "" Kõik muutus ! "
56	NA	" Korraga ! "" "
57	NA	" "" Kuda nii ? "" "
58	NA	" "" Kuda , kuda … "
58	NA	" Jõle kähku ja jumala vaikselt. "" "
59	NA	" "" Nagu kõige suuremad asjad või ? "" muheles vanamees . "
60	NA	" "" Mismoodi ? "" "
61	NA	" "" Kähku ja vaikselt , muidugi , "" jätkas mees muhelemist . "
62	NA	 Jani hakkas tema muhelemine lõpuks häirima ja ta küsis otse : 
63	NA	" "" Olete mõni sule sappa saanud eluteadlane või ? "" "
64	NA	 Vanamees ei solvunud sugugi . 
64	NA	 Ta vaatas jällegi kaugenevaid maju ja sõnas rahulikult : 
65	NA	" "" Ma esindan lõhet inimliku igatsuse ja maailma julma vaikimise vahel. "" "
66	NA	" "" Mis mõttega te jama suust välja ajate ? "" läks Janil nüüd juba hari punaseks . "
67	NA	" "" Ängistusest ja rahutusest , kallis laps . "
67	NA	" Inimese mõte on eelkõige tema igatsus. "" "
68	NA	 Jan ei osanud enam midagi kosta . 
68	NA	 Ta vaatas samuti kaugesse punkti kokkujooksvat majaderida ja küsis nagu lepitust otsides : 
69	NA	" "" Kas see taganemine kunagi lõppeb ka ? "" ja osutas tagaaknale . "
70	NA	" "" Järgmises peatuses , "" vastas vana ja tõusis , et taas akna juurde kakerdada . "
71	NA	" "" Sinu peatuses , "" lisas ta pead pööramata . "
72	NA	 Tummana astus Jan bussist välja ja luges majanurgale naelutatud tumesiniselt tahvlikeselt : 
73	NA	" "" KUMMELI TEE ""  . "
74	NA	 Tahtmatult tõi ta esile naeruturtsatuse , surus käed sügavale taskutesse ja vaatas bussile järele nagu oleks see olnud tema viimane side reaalse eluga . 
75	NA	" "" Noo teate , poisid ! "" ühmas ta omaette . "
75	NA	" "" Nalja saab ! "" "
76	NA	 Majanumbreid loendades jõudis ta lõpuks kahekümne neljandani ja astus ärevusega kahekordse puumaja välisuksest sisse . 
76	NA	 Miskipärast kergitas ta korter kuuele kuuluva postkasti kaant , kontrollides , kas seal pole midagi sees . 
77	NA	" "" Küll inimene harjub ikka kõigega ruttu ! "" viskas Jan ise enda üle nalja . "
77	NA	" "" Siin on minu postkast , näe ! "
77	NA	 Siin on minu kodu ! 
77	NA	 Mõtet naiseni arendades jõudis ta korteri number kuus ukse taha ja tardus . 
78	NA	" "" Naine ? "
78	NA	" Minu ? "" "
79	NA	 Ehmatusega taipas ta asjade võimalikku pööret ja jäi kuulatama . 
79	NA	 Toas mängis televiisor . 
80	NA	" "" Kurat , kõht on tühi ! "" tuletas too koht ennast korinaga meelde ja Jan tõstis otsustavalt käe kellanupu juurde . "
81	 2. peatükk 	 2. peatükk 
82	NA	" "" Jan , kallis ! "" langes jumala võõras naine Janile kaela . "
82	NA	" "" Kuhu sa ometi täna nii kauaks jäid ? "
82	NA	 Koolist helistati , et õpetaja Raag unustas 6B lastevanemate koosoleku ära . 
82	NA	 See toimub nüüd nädala pärast . 
82	NA	 Pole hullu - sul oli tõepoolest viimastel päevadel palju rabelemist . 
82	NA	 Võta nüüd lahti ja tule sööma ! 
82	NA	 Ma hoidsin kana soojas . 
82	NA	" Signe läks naabri-Merikesega kinno. "" "
83	NA	 Jan ei jõudnud isegi suud lahti teha , kui tal jope seljast võeti ja sussid jalga pandi . 
84	NA	" "" Einoh , "" mõtles ta endamisi , "" ega sellisel kohtlemisel muidugi viga ei ole , aga mis kuradi koolist ta räägib ? "" "
85	NA	" "" Su ema helistas ja ütles , et sa ajasid läbi telefoni veidrat juttu . "
85	NA	 Olevat isegi kadunud isa tervitanud . 
85	NA	" Mul on tunne , et peaksid nädalavahetusel lihtsalt lebama ja puhkama. "" "
86	NA	" "" Kõht on pagana tühi ! "" arvas Jan heaks kõigepealt esmased asjad korda ajada . "
87	NA	" "" Tule , kallis , ma söödan sul kõhukese täis ! "" "
88	NA	 Huvitav , mis ta nimi võiks olla - arutles üleöö kooliõpetajaks saanud treial - ja mis aine õpetaja ma olen ? 
88	NA	 Kes on Signe ja millal isa ära jõudis surra ? 
89	NA	" "" Kuidas sul täna muidu päev läks ? "
89	NA	" Kas see võrukael Tiit ka midagi kokku keeras ? "" "
90	NA	" "" Tead , ma olen nii väsinud … "" "
91	NA	" "" Hea küll , hea küll ! "
91	NA	 Ma ei päri rohkem ! 
91	NA	 Homme pean kindlasti arsti juures ära käima . 
91	NA	" Neliteist nädalat saab täis. "" "
92	NA	 Jan jättis tahtmatult mälumise järgi ja vaatas väsinud silmadega vakstu ruudulist mustrit . 
92	NA	" "" Mm ! "" püüdis ta kuidagi reageerida ja neelas suutäie tervelt alla . "
93	NA	 Mu nii-öelda-naisel on siis nii-öelda teine laps tulemas - arutles ta endamisi edasi - ja mina olen nüüd kooliõpetaja , kes unustab ära lastevanemate koosolekuid , selle , kas isa on elus või mitte ning lõppude lõpuks astub töö käigus jumala vabalt ühest elust teise ja tagasi , unustades sealjuures ühe neist täiesti . 
93	NA	 Nüüd hakkas ta taipama . 
93	NA	 See siin on tema ise ja kõik muu on samuti päris . 
93	NA	 Ta on lihtsalt üle töötanud ja tahtis alateadvuses pageda teise ellu , lihtsama ameti peale ja üldse … Sisendus oli niivõrd tugev , et see teine elu tundub nüüd tegelikkusena ja tegelik väljamõeldisena . 
93	NA	 Amneesia ? 
93	NA	 Sellega on raskem lugu . 
93	NA	 Ta ei mäletanud isegi oma naise tegu ja nägu , rääkimata nimest . 
94	NA	" "" Kallis , "" püüdis ta ääriveeri juttu alustada , "" mul on tunne , et seekord vajan ma psühhiaatrilist ravi. "" "
95	NA	" "" Issand , "" tuli nutuvõre ümber naise suu , "" ma arvasin , et see ükskord juhtub ! "
95	NA	 Mu süda aimas ! 
95	NA	 Juba tookord , kui sa jõe ääres poole hommikuni edasi-tagasi jalutasid ja koduteed ei leidnud . 
95	NA	 Juba tookord ütlesid arstid , et sellise koormuse juures võivad taolised häired korduda . 
95	NA	 Oh , issand ! 
95	NA	 Nüüd on see siis käes ! 
95	NA	 Tule pealegi ära sealt koolist ! 
95	NA	 Küll me midagi välja mõtleme ! 
95	NA	 Kallikene ! 
95	NA	" Oh , issand , issand ! "" "
96	NA	 Jani hakkas see vanainimeselik halamine ära tüütama . 
96	NA	 Ta toppis viimase kartuli vägisi sisse ja tegi ettepaneku : 
97	NA	" "" Hommik on õhtust targem . "
97	NA	" Läheks täna ilusti tuttu ja homme on äkki kõik omal kohal ? "" "
98	NA	" "" Hea küll , kallis ! "
98	NA	 Kuidas sa ainult soovid ! 
98	NA	" Tahad ehk unerohtu ? "" "
99	NA	" "" Ei mingit rohtu ! "" oli Jan kategooriline . "
99	NA	" "" Ütle parem , mis su nimi on ? "" "
100	NA	 Naise tumepruunid silmad värvusid mustaks ja suu vajus pisut paokile . 
100	NA	 Ta neelatas suhuvalgunud sülje alla , köhatas hääle puhtaks ja lausus justkui esimesel tutvumisel : 
101	NA	" "" Agnes , Agnes Raag . "
101	NA	" Neiupõlvenimi Kasemets. "" "
102	NA	" "" Ahah , "" ei osanud Jan muud kosta , "" väga meeldiv ! "" "
102	NA	 Ta läks otsejoones esimesse ruumi ja sattus sahvrisse . 
103	NA	" "" Kus meil magamistuba on ? "" püüdis ta võimalikult rahulikult üle õla küsida . "
104	NA	 Agnes Raag , neiupõlvenimega Kasemets , tihkus juba nutta ja mees otsustas ise oma abieluvoodi üles otsida . 
104	NA	 Vaadanud elutoas ringi ja kiitnud mõttes heaks raamatute valiku riiulis , pehme mööbli vastupidava riide ja värviteleri asukoha akna suhtes , avas ta ühe kahest kõrvutiasetsevast uksest . 
104	NA	 Tavaline magamistoamööbel , volangidega kardinad ja pehme ülepõrandavaip jätsid küll hubase , aga liiga tavalise mulje . 
104	NA	 Ta võttis riidest lahti , loopides need põrandale laiali ja viskus jahedasse laia voodisse . 
105	NA	 Magada , ainult magada - oli viimane mõte ja läbi une tundis ta veel , kuidas soe alasti keha ennast tema vastu lusika-asendisse surus . 
106	NA	 Vastu hommikut , kella viie paiku , ärkas Jan koshmaarse unenäo peale üles . 
106	NA	 Ta oli istuli hüpanud ja vaatas ringi , mõistmata , kus ta on . 
106	NA	 Tavaliselt aitas sellistel puhkudel uuestiuinumine , aga seekord oli kõik liigagi reaalne . 
106	NA	 Tema kõrval lebas blond naine , kellel ta oma püstikargamisega teki poolenisti pealt ära oli tõmmanud . 
107	NA	" "" Ilus küll teine , aga mitte oma , "" pidi ta vastandlikke tundeid tunnistama . "
107	NA	" "" Kui nüüd äkki hakataksegi iga jumala päev uusi naisi jagama , mismoodi ma ennast siis nimetama pean , kui nende kõigiga magan ? "" "
108	NA	 Ta sikutas Agnesele teki peale ja läks kobamisi kööki , et suitsu teha . 
108	NA	 Naine maigutas läbi une suud ja keeras külge , nii et tagumik paljaks jäi . 
109	NA	 Janil oli ülikooli ajal - mis tal pooleli jäi - paar korda ette tulnud võõras kohas ärgata , aga pikapeale meenus alati , kus ta võõrustajaga tutvunud oli . 
109	NA	 Sedapuhku oli asi keerulisem . 
109	NA	 Ta sulges köögiukse ja pahvis pliidi alla suitsu . 
109	NA	 Evega oli tal kümneaastane poeg . 
109	NA	 Nad olid küll viimasel ajal ülepäeviti tülitsenud , aga kokkuvõttes polnud asi siiski nii hull , et peast segi keerata . 
109	NA	 Või ei eksisteerinudki Evet ja poega üldse ? 
109	NA	 Sel juhul on asjad ikka päris täbarad küll ! 
109	NA	 Hommepäev tuleb psühhiaatri juures ära käia , see on kindel . 
109	NA	 Ja muidugi töökoht üle kontrollida . 
109	NA	 Mõlemad töökohad . 
110	NA	 Keegi kobistas esikus . 
110	NA	 Köögiuks avanes ja selle vahelt piilus sisse umbes kümneaastase tüdruku padjanägu , mida kroonisid pulstis blondid juuksed ja valguse käes kissitõmbunud silmad . 
111	NA	" "" Tsau , Jan ! "" "
112	NA	" "" Tsau ! "
112	NA	" Miks sa mind Janiks kutsud ? "" oli värske issi üllatunud . "
113	NA	" "" Ise sa ju rääkisid , et see on täitsa kihvt . "
113	NA	" Kui sa ei taha , eks ma siis enam ei kutsu. "" "
114	NA	" "" Ma tegin nalja ! "
114	NA	" Lase aga käia ! "" "
115	NA	" "" Pissihäda tuli , "" lisas Signe ärkamise põhjenduse ja kadus ukse kriuksudes peldikusse . "
116	NA	 Jan kuulas öövaikuses sorinat ja imestas ikka ja jälle unenäo reaalsuse üle . 
116	NA	 Ta viskas koni pliidi alla , kustutas tule ja hiilis seinu kobades tagasi Agnes Raagi juurde . 
116	NA	 Märganud täiskuu valguses paljast tagumikku , ei saanud ta vastu panna ja hakkas seda õrnalt mudima . 
116	NA	 Kord oli neil Evega juttu olnud , mis kütuse peal mingi masin töötab ja Eve oli naljaga pooleks küsinud Janilt , et mis kütuse peal tema töötab . 
116	NA	 Jan oli siis mõttesse jäänud ja vastanud siiralt , et vist kepi kütuse peal . 
116	NA	 Kui ta Evele sama küsimuse esitas , ei osanud see midagi vastata . 
117	NA	 Praegu aga mudis ta võõrast tagumikku , mis oli väidetavalt dokumentaalselt talle vormistatud . 
117	NA	 Sügav hingamine lakkas ja läks tasapisi üle mõnumõminaks . 
118	NA	" "" Kallis , kas uks on vahepealt kinni ? "" küsis Agnes poolsosinal ja keeras ennast selili . "
119	NA	" "" Just panin . "
119	NA	 Käisin köögis suitsu tegemas ja panin enda järel kõik uksed kinni . 
119	NA	" Isegi sahvri oma. "" "
120	NA	" "" Tule siia , mu nupuke ! "" "
121	 3. peatükk 	 3. peatükk 
122	NA	" "" Sellist meil ei tööta , "" öeldi resoluutselt ja pandi toru hargile . "
123	NA	 Veider hämarolek hinges asendus õudusega . 
124	NA	 Helistanud mõnedele sõpradele , tegi Jan kindlaks , et kõik tema praeguse elu minevikus oli toimunud enam-vähem samuti , nagu ta mäletas , ainult Eve asemel olevat kogu aeg olnud Agnes ja poja asemel tütar . 
124	NA	 Ja elukoht - see oli kümme aastat olnud Kummeli teel . 
124	NA	 Kõige raskem oli kooliõpetaja-küsimus . 
124	NA	 Kunagi oli ta küll kavatsenud selleks saada ja isegi praktikal olnud , siis aga otsustanud treialiõpilaseks hakata - puhtalt materiaalsetel kaalutlustel . 
124	NA	 Kuidas saab olla sisendus nii reaalne ja ulatuslik - terve elu ? 
125	NA	 Jutustanud psühhiaatrile loo ära , veendus ta veelkord , et tema juhtumi puhul on tegemist üleloomulike jõududega . 
125	NA	 Psühhiaater ei osanud toimuva kohta mitte midagi põhjapanevat öelda . 
125	NA	 Ei esimesel vastuvõtul ega ka viiendal . 
125	NA	 Kuna ta otsustati uuringute ajaks haiglasse paigutada , nimetas ta kohtumisi arstiga ülekuulamisteks . 
125	NA	 Mida rohkem ta enda kujutletavast elust jutustas , seda enam jäi arst mõttesse ja nõudis veel . 
125	NA	 Kui ta oleks oma jutustuse paberi peale pannud , oleks juba pisifaktidest saanud paksu raamatu . 
125	NA	 Psühhiaatrit takistas järeldusi tegemast tõik , et kogu seda faktide hulka suutis Jan ilmeksimatult ülima täpsusega korrata . 
125	NA	 Isegi väga hea mäluga kirjanik poleks oma romaani kõiki faktilisi peensusi niimoodi üksühele mäletanud . 
126	NA	" "" Teie juhtum on tagasihoidlikult öeldes harukordne , "" püüdis ta asjale kuidagimoodi läheneda . "
126	NA	" "" Minu praktikas pole sellist veel ette tulnud . "
126	NA	" Konsulteerisime siin kolleegidega ja leidsime , et vajate põhjalikumat uurimist teaduslikul tasemel. "" "
127	NA	" "" Issand , mis mu eraelust siis saab ? "
127	NA	 Kuigi see pole minu oma , on see siiski elu ! 
127	NA	" Kui ma hakkan laborirotiks , jään sellestki ilma ! "" "
128	NA	" "" Teie juhtum on niivõrd ainulaadne , et sellest võib arstiteadusele ja kogu inimkonnale tervikuna kasu olla . "
128	NA	" Antud fenomeni mõistmine võib saada põhjalikuks teaduslikuks läbimurdeks ! "" "
129	NA	" "" Ma lähen ju niimoodi hulluks ! "" ahastas Jan ja mõistis korraga situatsioonikoomikat . "
129	NA	" "" Päriselt , ma mõtlen. "" "
130	NA	 Psühhiaatri ilmest käis õrnaimatava virvendusena üle naeratus ja ta pani käe Jani käele : 
131	NA	" "" Enam hullemaks ei lähe , ma luban . "
131	NA	 Pealegi ei isoleerita teid ühiskonnast ega kodust . 
131	NA	 Te pole kaugeltki ohtlik ja ravi ei vaja te ka mitte . 
131	NA	" Vähemalt arstiteadusele senituntud ravi küll mitte. "" "
132	NA	" "" Mis saab mu tööst ? "" tundis Jan huvi . "
133	NA	" "" Uuringute ajal saate keskmist palka . "
133	NA	" Väljaspool seda võite tunde anda. "" "
134	NA	" "" Aga ma ei oska ! "" kraaksatas Jan . "
135	NA	" "" Olete te midagi kuulnud näiteks Riemannist , ma mõtlen Bernhard Riemannist ? "" "
136	NA	 Eneselegi ootamatult vastas Jan soravalt : 
137	NA	" "" 19. sajandi saksa matemaatik . "
137	NA	 Tegeles kompleksmuutuja funktsioonide geomeetrilise teooriaga , milles ta kasutas Reimanni pindu . 
137	NA	 Tema oli see sell , kes esitas funktsioone trigonomeetriliste ridadena ja pani paika Riemanni integraali mõiste . 
137	NA	 Einoh , n-mõõtmeliste kõverate ruumide teooria , mis avas hiljem uue perioodi geomeetria arengus - see on kah tema jagu . 
137	NA	 Selle teooria peale ju Einstein oma relatiivsusteooria üles ehitaski . 
137	NA	" Tohib paberit ja pastakat paluda ? "" "
138	NA	" "" Aitab ehk ? "" peatas teda arst . "
138	NA	" "" Olete nüüd vist ise ka veendunud , et teil on matemaatiline haridus ? "" "
139	NA	" "" Issand , ma ei lõpetanud ju ! "" "
140	NA	" "" Minu andmetel lõpetasite küll. "" "
141	NA	" "" Mul oleks üks palve. "" "
142	NA	" "" Kuulan. "" "
143	NA	" "" Tahaksin koju . "
143	NA	 Kasvõi sellesse uude . 
143	NA	 Ma ei suuda siin enam olla . 
143	NA	 Ma lähen tõepoolest hulluks . 
143	NA	" Peaksin põhjalikult tutvuma oma niiöelda uue minevikuga , uue perega , uute töökaaslastega ja üldse. "" "
144	NA	" "" Hea küll , ma korraldan selle . "
144	NA	 Homme . 
144	NA	 Niikauaks on mul siin teie uue mineviku põhikava . 
144	NA	" Olge lahked ! "" "
144	NA	" Ta ulatas Janile õhukese toimiku. "" "
144	NA	 Ja veel . 
144	NA	 Tõde on kusagil olemas . 
144	NA	" Varem või hiljem … "" "
145	NA	" "" Hea küll , hea küll , "" tõrjus Jan ja lonkis tagasi palatisse . "
146	NA	 Tuul loopis pabereid ja lahtised uksed-aknad plaksusid tõmbusest vastu seinu ja piitasid . 
146	NA	 Seintelt oli krohvi maha kukkunud ja lagedest koorus värvi . 
146	NA	 Pikas koridoris , mis oli mehekõrguselt siniseks värvitud , oli mahajäetuse hingus , millest surus end läbi veel elada tahtmise püüe . 
146	NA	 Köögiuksele nõjatus umbes neljakümne viie aastane brünett naisterahvas , kelle näkku oli vajutatud võit õeluse , kurjuse ja kättemaksuiha üle iseendas . 
147	NA	" "" Jah , eile viidi pliit ära . "
147	NA	 Süüa pole enam nagunii . 
147	NA	" Poiss nutab , aga küll me midagi välja mõtleme ! "" "
148	NA	 Jan tundis kurgus kipitust . 
149	NA	" "" Kas laearmatuurid kadusid ammu ? "" "
150	NA	" "" Nädalapäevad tagasi. "" "
151	NA	" "" Ma olen siis nädal aega ära olnud ? "" "
152	NA	" "" Kaheksa päeva. "" "
153	NA	 Jan lõi jalaga maas vedelevaid pabereid ja tõstis siis ühe üles . 
153	NA	 Leht oli pärit tema päevikust . 
153	NA	 Ta luges : 
154	NA	" "" Täna tundsin ma sügise lõhna . "
154	NA	 Peatusin vihmast läikival munakiviteel ja sügis puhus mulle näkku . 
154	NA	" Esimest korda elus haaras mind tunne , mis oli hulga võimsam ja melanhoolsem lahkumisvalust. "" "
154	NA	 See oli kirjutatud üle kahekümne aasta tagasi , ometi valdas teda praegu sama tunne . 
155	NA	" "" Kas sa politseisse ikka teatasid ? "" küsis Jan naisterahvalt , kelle nime ta ei teadnud . "
156	NA	" "" Ei . "
156	NA	" Ükski riiklik ametkond ei võta sinu saatuselt midagi tagasi. "" "
157	NA	" "" Saatust ei ole , "" ütles Jan vaikselt , aga veendunult . "
157	NA	 Ta astus kööki ja vaatas katkikistud juhtmestikku . 
157	NA	 Kohal , kus oli asetsenud elektripliit , oli sein värvimata jäänud . 
157	NA	 Maas vedeles jahu ja kruupe - ilmselt oli kappidest alkoholi otsitud . 
158	NA	" "" Tubadesse ma vist parem ei vaata ? "" pöördus ta brüneti poole . "
159	NA	" "" Kuidas soovid , ma koristasin juba ära , "" vastas naine ja kadus susside lohisedes lähima ukse taha . "
160	NA	" "" Kas ma käin tihti niimoodi ära ? "" hõikas Jan talle järele . "
161	NA	" "" Kas sul on sedapuhku mälukaotus või ? "" hõikas naine vastu . "
162	NA	 Jan sisenes ruumi , kust hääl tuli ja tundis korraga , et siin on ta küll kunagi viibinud . 
162	NA	 Kuigi riiulile , kus pidi seisma televiisor , oli joonistunud tolmuvaba nelinurk , tundis ta toas ennast koduselt . 
162	NA	 Sektsioon ja pehme mööbel asetsesid täpselt nii , nagu tema oleks need paigutanud . 
163	NA	" "" Jah , mul on sedapuhku mälukaotus , "" lausus ta rahulikult ja istus tugitooli . "
163	NA	 Kui nad olid vähemalt viis minutit vaikinud , leidis Jan , et peab minema . 
163	NA	 Kuhu ? 
164	NA	" "" Kus ma tavaliselt ära käin ? "" püüdis ta juttu teha . "
165	NA	" "" Eks ikka seda elu otsimas , millest sa unistanud oled , "" tuli lõpuks vastus . "
166	NA	" "" Ja on selline siis olemas ? "" "
167	NA	" "" Arvestades sellega , et sa kakskümmend aastat järjekindlalt siia tagasi satud - ilmselt mitte. "" "
168	NA	" "" Kas meil lapsi ka on ? "" "
169	NA	" "" Ah , ära viitsi ! "" "
170	NA	" "" Palun ! "" tegi Jan anuva grimassi . "
171	NA	 Naine vaatas kogu selle aja kohta , kus oli asunud televiisor ja pärast minutilist pausi keeras lõpuks pead : 
172	NA	" "" Sa ei teegi vist nalja ? "" "
173	NA	" "" Ei , "" püüdis Jan veenev olla . "
173	NA	" Asi on naljast väga kaugel ! "" "
174	NA	" "" Näe ! "" ulatas naine talle sektsioonkapi riiulilt fotoalbumi . "
174	NA	" "" See siin on su esimene elu. "" "
175	NA	" "" Aga praegune ? "" "
176	NA	 Tülpinud ilmel ulatati talle veel kolm albumit . 
177	NA	 Jan süvenes vaatamisse . 
177	NA	 Luitunud pargipingil istus Eve , põlvedel umbes kolmeaastane poiss . 
177	NA	 Pulmapildid , sünnipäevad , matused . 
177	NA	 Eve siis ikkagi oli ! 
178	NA	" "" Mul on esimesest abielust poeg ? "" "
179	NA	" "" On . "
179	NA	 Peeter . 
179	NA	" Abielus , aastane tütar. "" "
180	NA	 Jõudnud kolmanda albumini , küsis Jan : 
181	NA	" "" Sinuga on meil ka poeg ? "" "
182	NA	" "" Õige . "
182	NA	" Ja enne sind oli mul neid kaks. "" "
183	NA	" "" Kus meie poeg praegu on ? "" "
184	NA	" "" Saatsin ta sinu vanemate juurde . "
184	NA	" Saab vähemalt kõhu täis. "" "
185	NA	" "" Kas mu isa on siis elus ? "" "
186	NA	" "" Miks ta surnud peaks olema ? "" "
187	NA	" "" Ma lihtsalt … "" Jan takerdus ja lõi käega : "" Äh ! "" "
188	NA	" "" Aga Agnes ? "
188	NA	" Kas sa Agnese-nimelisest oled midagi kuulnud ? "" asetas Jan albumid lauale . "
188	NA	" "" Selline blond , nutikas ja pehme ? "" "
189	NA	" "" Sul on neid nii palju olnud , et ma nimesid enam ei mäletagi. "" "
189	NA	 Naise ilme väljendas täielikku ükskõiksust . 
190	NA	 Jan võttis järjekorras teise albumi uuesti kätte , kangutas pulmapildi nurkade seest välja ja luges : 
191	NA	" "" Jan ja Kati , 10 tk. "" "
192	NA	" "" Kati ! "" pöördus ta mesimagusal häälel naise poole , tundes tillukest uhkust , et sai teda nimepidi kõnetada , ilma et oleks pidanud seda küsima . "
192	NA	 Kati võpatas ja vaatas kulme kergitades mehe poole . 
193	NA	" "" Kati ! "
193	NA	" Kas me lahku minna oleme proovinud ? "" "
194	NA	" "" Me pole ju sisuliselt kunagi abiellunudki ! "" vastas naine ja kergitas ühe suupoolega muiates kulme . "
195	NA	" "" Ahsoo ! "" "
195	NA	 Jan sügas kukalt ja mõtles , mida kuradit nüüd ette võtta . 
195	NA	 Ta ei teadnud , kuidas oli siia sattunud ja kui kauaks . 
195	NA	 Lõpuks ei olnudki see ju nii oluline ! 
195	NA	 Elus teed veel suuremaid lollusi ja mõttetusi . 
195	NA	 Näiteks hoiad kümne küünega aastaid lagunevat abielu koos , valetad iseendale oma võimekust , usud illusioone ja alahindad aja kulgemise kiirust . 
195	NA	 Kas siis ongi oluline , kuidas sa kuhugi satud . 
195	NA	 Ah , et ei saa minna sinna , kuhu sa ise tahad ? 
195	NA	 Nagunii lähed valesse kohta ! 
195	NA	 Õiget ju pole olemas . 
195	NA	 Nüüd vähemalt keegi naljavunts näitab talle , kui kutsikale , kõik kohad ette ära , kuhu pissida ei tohi - nina sisse ja jalaga tagumikku . 
196	NA	" "" Kus me elame ? "" püüdis ta võimalikult rahulikult uurida . "
197	NA	" "" Kaks korda oled sa ennast poonud , kolm korda hullu mänginud , neli korda litsid majja toonud , üks kord veene läbi lõigata ähvardanud , kaks korda suguhaigusi kinkinud ja nüüd on siis järg mälukaotuse käes ? "" "
197	NA	 Paistis , et Katile valmistas see kõik lõbu . 
198	NA	" "" Hea küll , ma vaatan aknast välja ! "" oli Jan leplik ja läks akna juurde . "
198	NA	 Kui ta kardinad eest lükkas , avanes talle pilt viie- ja üheksakordsetest majadest . 
199	NA	" "" Uau ! "
199	NA	" Los Angeles ? "" "
200	NA	 Kati oleks nagu kergelt sulama hakanud : 
201	NA	" "" Sa ei oska inglise keeles komplimentigi teha ! "" "
202	NA	" "" You are so beautiful ! "" proovis Jan . "
203	NA	" "" Huvitav , vanasti ütlesid sa ainult "" nice "" . "" Jah , Kati hakkas tõepoolest sulama . "
204	NA	" "" Mul on vist ajuvähk , "" lausus Jan. "" Viimane ots. "" "
205	NA	" "" See viimane ots on sul eluaeg olnud ! "
205	NA	" Pane parem uksele uus lukk ette , ma ostsin siin mingisuguse. "" "
206	 4. peatükk 	 4. peatükk 
207	NA	 Jan nägi unes , et oli ümbritsenud end ringikujulise kivimüüriga . 
207	NA	 Parajalt nii kõrgega , et üle vaatama ega servast kinni haarama ei ulatunud . 
207	NA	 See on kaitse kurjuse eest -- oleks talle nagu meelde tulnud . 
207	NA	 Ta kõndis ringiratast piki müüri ja tundis end väga turvaliselt . 
207	NA	 Esialgu . 
207	NA	 Siis hakkasid tulema eksistentsiaalsed küsimused . 
207	NA	 Mida teha omaenda kurjuse ja headusega ? 
207	NA	 Milleks üldse teha ? 
207	NA	 Kelle jaoks ? 
208	NA	 “ Prosniiss , dorohoi ! 
208	NA	 Tvoja ootseret staavit koofe ! ” 
209	NA	 Jan kargas voodist üles nagu oleks katapulteerunud ja vahtis hämminguga punapäist pannkooginäoga slaavi tõugu noort naist , kes käsipõsakil hajevil pilguga oma reitevahet sügas . 
210	NA	 “ Ili povtoorim ? ” 
211	NA	 “ Noo , kurat ! 
211	NA	 See oli liig ! 
211	NA	 Vene keelt purssivast ukrainlannast oligi veel puudus ! ” 
212	NA	 “ Tõ u mene jediini , tilki tõ ! ” ümises pannkook ja ajas jalad laiali . 
213	NA	 Jan pages palja tagumikuga uksest välja ja sattus silmitsi matrjoonat meenutava lihava kuuekümnendates naisterahvaga . 
214	NA	 “ Jan-sõnok ! ” 
215	NA	 Jan kattis häbeduse kätega ja taganes tagasi tuppa . 
215	NA	 Punapea tegeles masturbeerimisega ja ta silmad olid kinni . 
216	NA	 Riided -- mõtles ta palavikuliselt -- kus on riided ? 
217	NA	 “ Tshervoonnu ruutu ne shukai veetsheramõ ... ” ümises oletatav abikaasa ja ei teinud tast väljagi . 
218	NA	 Särk on tooli peal , püksid selle all . 
218	NA	 Äh , pesu pole vajagi ! 
218	NA	 Sokid paistsid voodiserva alt välja ja diplomaadikohver -- ilmselt oli see ikkagi tema oma -- seisis ukse kõrval . 
218	NA	 Jätnud kõik nööbid kinni panemata , pages ta esikusse ja avas tuttava liigutusega -- mis teda ennastki imestama pani -- snepperluku ja keeras kaks korda alumist võtit . 
218	NA	 Kaks trepiastet korraga , välisuks ja vabadus ! 
218	NA	 Kolmanda üheksakordse maja nurga taha keeranud , tõmbas ta esimest korda hinge . 
218	NA	 Asetanud diplomaadikohvri igaks juhuks jalgade vahele , otsis ta püksitaskutes suitsu ja tikku . 
218	NA	 Oli . 
218	NA	 “ Stolitshnaja. ” 
219	NA	 “ Mida kuradit ? ” ei suutnud ta ikka veel toibuda . 
219	NA	 Leidnud esimese pargi , istus ta pingile ja võttis diplomaadikohvri põlvedele . 
219	NA	 Selles oli vene pass tema nimele , paarsada rubla raha ja autojuhiload . 
219	NA	 B,C,D,E kategooria ! 
219	NA	 Siis veel miskipärast paar rulli bussipileteid ja paks võtmekimp . 
219	NA	 Passi vahel olevalt töötõendilt sai ta teada , et töötab kolmandas autobussipargis bussijuhina . 
219	NA	 Selline saatus siis sedapuhku ? 
219	NA	 Miks ka mitte ? 
219	NA	 Ja üldse ! 
219	NA	 Mida ma põgenen ? 
219	NA	 Kuhu ? 
219	NA	 Mille eest ? 
219	NA	 Praegu lähen kodumaale , saan tuttavaks mõne sõbra naisega , löön kiilu vahele , elan seitse aastat patja närides ja jätan ta tükkis lapsega maha . 
219	NA	 Ons see parem ? 
219	NA	 Ja nagunii visatakse varsti jälle mõne mulatitari kaissu .. . 
220	NA	 Jan püüdis vene keelt purssides möödakäijatelt välja uurida , kus asub bussipark number kolm ja seigelnud mõne aja linnatranspordiga , astus veendunud ilmel valvuriputkasse . 
220	NA	 Luugi eest mööda marssides tekkis tõrge . 
221	NA	 “ Proopusk ! ” 
222	NA	 Jan jäi lollil ilmel mutikesele otsa vahtima ja too -- ilmselt vana tuttav -- vangutas mõistvalt pead : 
223	NA	 “ Eeh tõ ! 
223	NA	 Opjat zabõl ! 
223	NA	 Pjaanitsa porshiivi ! 
223	NA	 Stupai , stupai ! ” 
224	NA	 Kui bussijuht , siis bussijuht .. . 
225	NA	 Jan kuulis tagantpoolt lähenevaid tuttavaid lohisevaid samme ja vaatas üle õla . 
225	NA	 Isa ! 
225	NA	 Siin ! 
226	NA	 “ Sa küsisid ju endale vaba päeva ! ” ütles isa , nagu oleksid nad alles eile lahku läinud . 
226	NA	 “ Läksid Oljaga tülli või ? ” 
227	NA	 “ Sai , jah , pisut ... ” 
228	NA	 “ Pole hullu ! 
228	NA	 Kui tahad , tule sõida minuga kaasa ! 
228	NA	 Teen õlle välja ! ” 
229	NA	 “ Liaz ” -tüüpi bussi ronides mõtles Jan , et on tüdinud korrutamast oma mälukaotusest . 
229	NA	 On vist aeg hakata harjuma . 
230	NA	 “ Kurat , sai eile pisut üle võetud , pea lõhub nagu oleks hammasrataste vahel. ” 
231	NA	 “ Sa hoia oma Oljal rohkem silma peal ! 
231	NA	 Ma saan aru , et ta sul rohkem nii hüppelauaks on , aga loll kah kui küla rääkima hakkab ... ” 
232	NA	 “ Kurat , ta on nümfomaan ! 
232	NA	 ” püüdis Jan sõna sekka öelda . 
233	NA	 Isa köhatas veidralt , nagu oleks kurku tõmmanud ja vaatas aknast välja . 
234	NA	 “ Eks nad kõik ühed litsid ole ! ” 
235	NA	 Jupp aega sõitsid nad vaikides ja Jan püüdis mõistatada , kas isa on tema Oljaga maganud või ei ole . 
235	NA	 Talle tundus miskipärast , et on . 
236	NA	 “ Ja ema ? ” küsis ta ettevaatlikult . 
237	NA	 Isa jäi tõsiseks ja oleks äärepealt peatusest mööda põrutanud . 
238	NA	 “ Puhkuse ajal käime kindlasti ära ! 
238	NA	 Viime lilli ja korrastame ka pisut. ” 
239	NA	 Janil tuli kananahk ihule . 
239	NA	 Ema on surnud ? ! 
240	NA	 “ Kurat , see aeg ka läheb nii kiiresti , et .. . 
240	NA	 Kolm aastat juba vahele jäänud ! ” ohkas isa . 
241	NA	 Jan võttis järgmises peatuses õlle ja süvenes linnaga tutvumisse . 
241	NA	 Ukraina suuruselt teine linn -- Harkov . 
241	NA	 Ehtne nõukogude suurlinn -- sadade hektarite kaupa uusi elamurajoone , trammid , trollid , metroo . 
241	NA	 Miilitsad ja joodikud igal tänavanurgal . 
242	NA	 Saabus lõpppeatus ja isa küsis Janilt : 
243	NA	 “ Täna pulli teeme ? ” 
244	NA	 “ Nagu alati ! ” oli Jan päri . 
245	NA	 Isa võttis mikrofoni , pani istumise alla ja laskis täisvõimsusega salongi käraka peeru . 
246	NA	 “ Konetshnaja ! ” ütles ta viisaka ja isegi malbe häälega mikrofoni ning tegi Janile silma : 
247	NA	 “ Hahhollidele see meeldib ! ” 
248	NA	 Einoh -- mõtles Jan -- kui nii siis nii ! 
248	NA	 Ta rüüpas õllepära ära ja pani suitsu ette . 
248	NA	 Vigurivänt see paps -- tuleb välja ! 
249	NA	 “ Kes see viimane kavaler nüüd Oljal oligi ? ” tegi ta näo , nagu oleks nime unustanud . 
250	NA	 “ Kolkat mõtled ? ” 
251	NA	 “ Ei-ei ! 
251	NA	 See teine ... ” 
252	NA	 “ Serjoga ? ” 
253	NA	 “ Ei , see imeliku nimega ... ” 
254	NA	 Isa pomises omaette kuus-seitse nime läbi ja siis lõi ta nägu särama : 
255	NA	 “ Tarass , Tarassik ! ” 
256	NA	 “ Jaa-jaa ! 
256	NA	 See sittus ka nagu tõhk ! ” tuletas Jan nagu meelde . 
256	NA	 “ Kuhu , kurat , ma sattunud olen ? ” mõtles ta järjest kasvava ärevusega . 
256	NA	 “ Aga kui ei saagi siit enam minema ? ” 
257	NA	 Bussiaknale koputas raevukalt keegi vanamammi ja vehkis rusikaga . 
257	NA	 Isa keeras aknaklaasi alla ja kabiini paiskus kordumatu folkloor . 
257	NA	 Ilmselt oli mammi igapäevane reisija ning oli asjast õieti aru saanud . 
257	NA	 Ka isa paistis temaga harjunud olevat . 
257	NA	 Lahing lõppes slaavipärase vennastumisega , mammi pisaratega , mälestustega rindepäevilt , mil ta noor ja ilus medõde oli olnud ja isa viimsete lubadustega . 
258	NA	 Kui mammi oli lahkunud , keeras isa valjuhääldaja nupu põhja ning kordas tehtut maksimumvõimsuse ja naudinguga . 
258	NA	 Jan kiikas igaks juhuks salongi . 
258	NA	 Seal istus noor valgepäine tütarlaps ja tihkus ohjeldamatult nutta . 
259	NA	 “ Isa , ” vaatas Jan manitseval pilgul vallatlevat papsi , “ sa sittusid meie hariduse täis ! ” 
260	NA	 “ Meil pole seda ju eriti palju ! ” lohutas isa kardinate vahelt salongi piiludes . 
260	NA	 “ Sa vaata , mida nemad meiega teevad ! ” 
261	NA	 Sõitnud veel ühe täisringi linnale peale , läks ta oma ukraina-kodu lähedal maha , lonkis majade vahel ja otsustas siis , et täis kõhuga sujuvad asjad paremini . 
261	NA	 Sest milleks see inimene siin ilmas ikka elab ? 
261	NA	 Nonii . 
261	NA	 Sinine värv eksisteerib selle pärast , et olla sinine , päike kasvõi sellepärast , et paista . 
261	NA	 Aga mina ? -- arutles Jan -- kas sellepärast , et olla mina ? 
261	NA	 Kui mul enam oma “ mina ” ei ole ? 
261	NA	 Siis tuleb olla lihtsalt sellepärast , et olla . 
261	NA	 Ja olla saab ainult toitu näost sisse ajades . 
261	NA	 Kõik ülejäänud on kas tulenevad või tuletatavad toimingud . 
261	NA	 Mõtetest ei viitsi ma üldse rääkida .. . 
262	NA	 Sellele arutlusele toetudes viisid ta jalad teda ise Olja kööki boršitaldriku taha . 
263	NA	 Ta helpis punast peedisuppi ja seiras altkulmu köögikappides sorivat naist . 
264	NA	 “ Jesh , jesh , milenki tõ moi ! ” poetas punapea ja pillas suhkrukoti maha . 
264	NA	 Seda tõstes ajas pliidilt põrandale panni ja panni tagasi asetades lõi pea vastu kapiust ära . 
265	NA	 “ Spatt ! ” ütles Jan , kui oli söömise lõpetanud ja pugenud mööda koridoris ringiveerevast matrjoonast , läks tuppa ja heitis voodisse . 
266	 5. peatükk 	 5. peatükk 
267	NA	 Ta ärkas autorataste klobina peale munakiviteel . 
267	NA	 Aken oli avatud ja sellest kasvas sisse kreegipuu . 
267	NA	 Jan tõstis jalad üle voodiserva põrandale ja need sattusid automaatselt pehmetesse tuttidega toasussidesse . 
268	NA	 “ Ahah , ” nentis ta ainult ja tõusis , et napsata puu otsast paar kreeki . 
268	NA	 Need olid veel pisut heledavõitu ja hapud . 
268	NA	 “ Suvi , ” konstateeris Jan ja vaatas aknast välja . 
268	NA	 “ Kõrge esimene korrus , puumaja , mäenõlv , munakivitee , ” fikseeris ta olukorda . 
268	NA	 Vastas asetseva samasuguse kahekorruselise amortiseerunud elamu seinal nägi ta tahvlikest : “ Nõlva ”  . 
268	NA	 Eestimaa . 
268	NA	 Hea seegi ! 
269	NA	 Tuba , milles ta ärkas , ei sisaldanud muud , kui riidekappi , puhvetikappi kahe rea raamatute ja kahe suure sahtliga , vanaaegset voodit ja kahte ümmarguse põhjaga tooli . 
269	NA	 Telekat ei olnud , oli ainult vanaaegse disainiga 60ndatest pärit VEF-raadio . 
269	NA	 Põrandal oli sinine kaltsuvaip ja seinas luitunud kollane tapeet , mis voodi kohalt oli mustaks kulunud . 
270	NA	 “ Poissmehekorter ? ” imestas Jan ja vaatas käsi . 
270	NA	 Sõrmust ei olnud ! “ Jeeee ! ” kraaksatas ta täiesti õnnelikult . 
270	NA	 “ Ma olen vaba ! ” 
270	NA	 Keegi koputas seina peale . 
270	NA	 Astudes ettevaatlikult mööda seina äärde tekitatud õllepudelite merest , avas ta toaukse . 
270	NA	 Ninna lõi kopituse lehka . 
270	NA	 Naaberukse vahelt piilus sassis peaga nuustikut meenutav vanamammi , jälgis teda veidi aega etteheitval pilgul ja sulgus siis sõnagi lausumata oma pimedusse tagasi . 
270	NA	 Kostis mitme luku klõbinat . 
271	NA	 “ Ahah , ” nentis Jan taas . 
271	NA	 “ Noojah. ” 
272	NA	 Naasnud tuppa , heitis ta pilgu puhvetikapi tagaseinaks olevasse mõranenud peeglisse ja istus põrandale -- ta polnud vanem kui kakskümmend . 
272	NA	 Miks ei sattunud ta oma tudengiaegsesse tuppa ? 
272	NA	 Miks pidi ta kolama mööda võõraid elusid ? 
272	NA	 Või mööda tema enda elu tundmatuid stsenaariume ? 
272	NA	 Või ehk mööda võimalikke stsenaariume ? 
272	NA	 Või mööda soovitud stsenaariume ? 
272	NA	 Või soovimata ? 
272	NA	 Või .. . 
272	NA	 Jan oli puntras . 
272	NA	 Kas teda karistati või anti hoopis võimalusi ? 
272	NA	 Või näidati võimalike eluteede mõttetust , see tähendab õpetati mitte otsima unistuste saatust , see tähendab leppima olemasolevaga ? 
272	NA	 Missugune neist siis oli see olemasolev ? 
272	NA	 Kas praegune , Eve-, Agnese-, Kati- või Olja-minevik ? 
272	NA	 Kõige enam mäletas ta Eve-minevikku . 
272	NA	 Samas aga tundus talle , et kõikides ülejäänutes oli midagi kohutavalt tõepärast . 
272	NA	 Ta oleks justkui nad lihtsalt unustanud , meelega mälu tahaplaanile surunud . 
273	NA	 Akna tagant kostus vile . 
273	NA	 Ta upitas ennast üles ja puges kreegioksa alt läbi . 
273	NA	 All kõnniteel seisis kursusekaaslane ülikoolipäevilt -- noor , nagu ta siis oli . 
274	NA	 “ Tuled ka või ? ” küsis ta pead kuklasse ajades . 
275	NA	 “ Kuhu ? ” tegi Jan unise näo pähe , nagu oleks ta magamast üles aetud . 
276	NA	 “ Lugemissaali muidugi ! ” 
277	NA	 “ Oota , viskan ürbid üle ! ” 
278	NA	 “ Okei , tee siva ! ” 
279	NA	 Jan tõmbas tooliseljalt teksad jalga , pusa selga ja otsis silmadega toas ringi . 
279	NA	 Puhvetikapil vedeles võti ja selle kõrval kile sees tudengipilet , kuhu vahele oli topitud igasugu muid pabereid . 
279	NA	 Hiljem sorteerin -- mõtles Jan ja vajutas juba linki . 
279	NA	 Jõudnud välisukseni , märkas ta tuttavat postkasti hoolikalt maalitud numbriga “ 6 ” , millest ulatus välja “ Postimees ”  . 
280	NA	 “ Kurat , “ Postimeest ” siis veel polnud ju ! 
280	NA	 Oli “ Edasi ” ! ” 
280	NA	 Ta avas välisukse ja vastasmaja seinalt luges selgesti : “ KUMMELI TEE ”  . 
280	NA	 Kursusekaaslasest ja kreegipuust polnud jälgegi . 
280	NA	 Ta otsis läbi kõik taskud , aga üliõpilaspiletit ega toavõtit ei leidnud . 
280	NA	 Aitab ! 
280	NA	 See läks juba liiale . 
280	NA	 Ta seadis sammud bussipeatusse ja otsustas ära käia valede kardinatega akna juures . 
280	NA	 Asjasse peab hakkama selgust tooma -- tegi ta otsuse . 
281	NA	 Astunud bussi , läks ta torudest haarates tagaakna juurde , pöördus ümber ja otsis silmadega kummalist vanameest . 
281	NA	 Igas peatuses vaatas üle kõik sisenejad , aga meest nende seas polnud . 
281	NA	 Ega tulnudki . 
281	NA	 Kui Jan harjunud kohas välja hüppas , tundus , justkui oleks ta silmanurgast tuttavat figuuri märganud . 
281	NA	 See sisenes esiuksest . 
281	NA	 Kuni Jan reageeris , olid bussiuksed sulgunud ja ainuke , mida ta teha võis , oli jälgida tagaaknale ilmuvat tuttavat kuju . 
281	NA	 Jan pistis jooksu , aga see peatusevahe oli nagu kiuste üks pikemaid . 
281	NA	 Jõudnud järgmise kvartali nurgani , ta loobus . 
281	NA	 Hingeldades pöördus ta tagasi ja seadis sammud vale kardinaga tuttava akna poole . 
282	NA	 Kardinad olid valed . 
282	NA	 Lootusetu tülpimusega kõmpis ta tagasi bussipeatusse ja jäi ootama . 
282	NA	 Sealt ta lõpuks tuligi -- kollane ja koorma all ägisev . 
282	NA	 Teekond teekonnas -- mõtles Jan . 
282	NA	 Ehk ongi asi bussis ? Issand , kuidas ta enne selle peale ei tulnud ? ! 
282	NA	 Tuleb lihtsalt tööle sõita ja teekonda uuesti alustada . 
282	NA	 Nii ta tegigi . 
282	NA	 Sõitis tehase väravasse , jooksis valvuriputkani , avas ukse ja seisatas jahmunult -- talle vaatas vastu Harkovi bussipargi number kolm tõre mutike , kes otsemaid kraaksatas : 
283	NA	 “ Proopusk ! ” 
284	NA	 Kõik kordus täpselt sama stsenaariumi järgi , nagu eelmisel korral ja Jan keeras otsa ringi . 
284	NA	 Väljudes ei olnud ta enam Ukrainas . 
284	NA	 Ta oli oma tehase väravas . 
284	NA	 Meeleheites jooksis ta bussipeatusse ja hüppas algava vihma käes ühelt jalalt teisele , olles kannatamatusest närvis . 
284	NA	 Väike kollane teekond suures kirevas teekonnas ilmus nurgatagant välja ning Jan soris taskutes , leidmaks talonge . 
284	NA	 Talle sattus pihku midagi suuremat ja ehmatusega tõmbas ta välja üliõpilaspileti . 
285	NA	 Psühhiaatriahaiglas ärgates tundis Jan ära tuttava palati ja isegi kaks patsienti , kes siia temast eelmisel korral maha jäid , olid samad . 
286	NA	 “ Te pole kusagil käinud , ” lausus raviarst rahulikult . 
286	NA	 “ Teie unenäod tunduvad teile lihtsalt liialt reaalsetena. ” 
287	NA	 Jan ei julenud vaielda . 
287	NA	 Ta kartis siia jäädagi . 
287	NA	 Ma olen skisofreeniasse haigestunud -- oli ta juba peaaegu kindel . 
287	NA	 Vanast peast ! 
288	NA	 “ Tõestage , et ma olen ärkvel ja ma olen nõus hakkama laborirotiks , ” ütles ta naljatlevat tooni matkides ja jäi arstile küsiva veiderdajanäoga otsa vaatama . 
289	NA	 “ Kõik teie meeled töötavad , ” ütles psühhiaater teda suurte selgete silmadega vaadeldes . 
289	NA	 “ Unes seda ei esine . 
289	NA	 Sellest piisab ? ” 
290	NA	 “ Kas ma koju saan ? ” küsis Jan . 
291	NA	 “ Kasvõi kohe , ” ei viivitanud doktor vastusega . 
292	NA	 “ Ma siis lähen ? ” 
293	NA	 “ Eks te siis minge ! 
293	NA	 Riided saate õe käest , teatan ette. ” 
294	NA	 Jan tõusis , et lahkuda . 
294	NA	 Kui ta oli juba uksel , hõikas arst järele : 
295	NA	 “ Millal olete valmis alustama ? ” 
296	NA	 “ Paari päeva pärast ehk , ” poetas Jan ja astus pikka roheliseks värvitud seintega koridori . 
296	NA	 Ta ei olnud endas sugugi kindel . 
296	NA	 Ta ei olnud enam milleski kindel . 
297	NA	 Väljas sadas peenikest uduvihma . 
297	NA	 Jan tõmbas pea õlgade vahele ja marssis kiirel sammul bussipeatusse . 
297	NA	 Jälle kollane -- tegi ta tähelepaneku , kui buss käänaku tagant välja ilmus . 
297	NA	 Kas siis muud värvi linnatransporti enam polegi ? 
297	NA	 Ta komposteeris pileti ja taarus tagaakna poole . 
297	NA	 Korraga märkas ta tuttavat figuuri . 
297	NA	 Tema ! 
297	NA	 Kiiruga istus ta vanamehe kõrvale . 
298	NA	 “ Kas teie teete seda minuga ? ” küsis ta teretamata . 
299	NA	 “ Teen ja ei tee ka. ” 
300	NA	 “ Miks ? 
300	NA	 Miks just minuga ? ” 
301	NA	 “ Ma teen seda kõigiga , aga vähesed mäletavad toimunut. ” 
302	NA	 “ Milleks ? ” püüdis Jan mehe pilku . 
303	NA	 “ Ikka müüri lõhkumiseks , ” vastas vana rahulikult . 
303	NA	 “ Sellesama ringikujulise müüri , mille sa unes ja ilmsi enda ümber ehitasid. ” 
304	NA	 “ See oli ainult unes , ” vaidles Jan . 
305	NA	 “ Ilmsi ka . 
305	NA	 Selle sees sa nüüd keerledki. ” 
306	NA	 “ Aga ma ei taha enam ! ” 
306	NA	 Jan võttis mehel varrukast kinni ja pigem anus kui nõudis : 
307	NA	 “ Lase mind tagasi , palun ! 
307	NA	 Ma muudan ise kõike , ma muutun ise ! ” 
308	NA	" “ Seda ma ju teengi -- otsin müüri sees nõrku kohti , püüan teda hajutada. "" "
308	NA	 Vanamees viipas tagaakna poole : 
309	NA	 “ Vaata ! ” 
310	NA	 Majad ja jalakäijad kaugenesid justkui kiirluubis . 
310	NA	 Jan vaatas küljeaknasse -- kõik möödus normaalkiirusel . 
310	NA	 Heitis pilgu esiaknasse -- maailm lähenes aegluubis . 
311	NA	 “ Meeltepete , ” tegi ta järelduse . 
312	NA	 “ Enesepete ? ” muigas vana . 
313	NA	 “ Noh , mis siis nüüd edasi ? ” ei jätnud Jan vanamehe varrukat rahule . 
314	NA	 “ Edasi on sinu peatus. ” 
315	NA	 Jan oli hetkega püsti , hüppas mõtlemata ja astmeid kasutamata bussist välja , maandus veidi viltu ja käis käpuli . 
315	NA	 Tõustes seletas ta silm hämaras vaid viie ja üheksakordseid maju . 
315	NA	 Valetas , raibe ! 
315	NA	 Järgmine kord võtan ta endaga kaasa ! 
315	NA	 Mingist tuttavast sisetundest juhatatuna astus ta sisse lähimasse halli majamürakasse , sõitis liftiga kolmandale korrusele ja vajutas linki . 
315	NA	 Uks oli lahti . 
315	NA	 Pikka mehekõrguselt siniseks värvitud koridori kostus muusikat . 
315	NA	 Jan võttis jope seljast , riputas selle seinakapi nupu külge , lükkas kingad harjunud kohale peegli all ja hiilis valgusetriibu poole . 
316	NA	 “ ... tulen siis kui lumi maas ... ” lauldi raadios . 
317	NA	 “ ... või kui sirel õitseb taas ... ” ümises Jan ja astus tuppa ilmel , mida esineb mitu päeva kodust ära olnud meestel . 
318	NA	 Televiisorit ei olnud ikka veel . 
318	NA	 Kati lebas lahtitõmbamata kušetil ja luges raamatut . 
319	NA	 “ Issand , nii hea ja rahulik oli elada . 
319	NA	 Tead , sa võiksid sinna tagasi minna , kust sa tulid. ” 
320	NA	 “ Ma ei saa , ” tegi Jan nutuse hääle , “ mul on müür ümber. ” 
321	NA	 “ Nonii , sedapuhku siis ära pööranud . 
321	NA	 Mis sa järgmisel korral välja mõtled ? 
321	NA	 Ükskord saab su ärajoodud fantaasianatuke ju otsa ? ” 
322	NA	 “ Ma ei ole enam ammu tilkagi võtnud , ” oli Jan solvunud . 
322	NA	 “ Igatahes selles peatuses mitte. ” 
323	NA	 “ Hahaa ! ” tegi Kati , ilma et oleks naernud . 
323	NA	 “ Lubage naerda ! 
323	NA	 See kuradi lits ei viitsi sulle enam viinagi osta ! 
323	NA	 Aga sa mine oma Siiri juurde tagasi , too vähemalt jootis sind ! ” 
324	NA	 Jan oli tupikus . 
324	NA	 Kes oli Siiri ? 
324	NA	 Ah , ons sel üldse tähtsust .. . 
324	NA	 Ta istus kušetiservale ja tegi juttu : 
325	NA	 “ Uus telku oleks vaja osta . 
325	NA	 Ja külmkapp . 
325	NA	 Ja koridori armatuurid . 
325	NA	 Ja ... ” 
326	NA	 “ Sina ei suuda endale isegi sokke jalga osta ! ” kobatati raamatu tagant . 
326	NA	 “ Vaata , et sa oma litsidega hakkama saad ! ” 
327	NA	 “ Kas me ei teeks ehk voodit lahti ? ” Jan vaatas Kati poole anuval pilgul . 
327	NA	 Lõpuks langetas naine raamatu , näitas Janile täispikka keelt ja leebus : 
328	NA	 “ Kui sa neljateistkümnendat korda tagasi tulid , mõtlesin , et aitab . 
328	NA	 Peale kolmekümne seitsmendat hakkasin juba harjuma ja kui ma sulle päris ausalt ütlen , siis praegu -- vist mõnesaja mõnekümnenda ajal -- on mul sind täitsa hea meel näha. ” 
329	NA	 “ Kui nüüd paar võileiba ka saaks ... ” püüdis Jan tekkinud olukorda maksimaalselt ära kasutada . 
330	NA	 “ Viimast korda elus ! ” koputas Kati iga sõna ajal mehele sõrmega rinnale ja kadus kööki . 
331	NA	 “ Kohvi ka ! ” hõikas Jan järele . 
332	NA	 “ Pliiti ei ole ! ” tuli otsekohe vastus . 
333	NA	 Õigus küll -- meenus Janile . 
334	NA	 “ Tee spiraaliga ! ” karjus ta uuesti . 
335	NA	 “ Tee käega ! ” tuli vastus . 
336	NA	 Kui Kati kohvi ja võileibadega tuppa jõudis , magas Jan sügavalt . 
337	NA	 “ Siga ! ” tegi naine kokkuvõtte . 
